effect_id,key,source_sheet,source_row,extraction_type,design,response_class,response_var,survival_scale,link,baseline_survival,beta_is_derived,treatment,control,species,sign,treatment_control_flag,response_flag,response_dir,notes,bmp,paper,region,species_group,analysis_class,species_include,xbar_e,xbar_c,n_e,n_c,sd_e,sd_c,se_e,se_c,lcl_e,lcl_c,ucl_e,ucl_c,df_e,df_c
md_0001,ECNPR7UT,mean_diff,1,mean_difference,categorical,abundance,nest density,,,,,2-year post-burn field,Control field,dickcissel,1,apples,0,,"nest_success was also evaluated, but I do not think in a usable way",prescribed_fire,Adams et al. 2013,southeast_us,species,obligate,TRUE,0.75,0.77,5,31,,,0.46,0.22,,,,,,
md_0002,ECNPR7UT,mean_diff,2,mean_difference,categorical,abundance,nest density,,,,,2-year post-burn field,Control field,red_winged_blackbird,1,apples,0,,"nest_success was also evaluated, but I do not think in a usable way",prescribed_fire,Adams et al. 2013,southeast_us,species,facultative,TRUE,0.92,1.06,5,31,,,0.59,0.37,,,,,,
md_0003,ECNPR7UT,mean_diff,3,mean_difference,categorical,abundance,nest density,,,,,1-year post-burn field,Control field,dickcissel,1,apples,0,,"nest_success was also evaluated, but I do not think in a usable way",prescribed_fire,Adams et al. 2013,southeast_us,species,obligate,TRUE,0.27,0.53,5,31,,,0.27,0.14,,,,,,
md_0004,ECNPR7UT,mean_diff,4,mean_difference,categorical,abundance,nest density,,,,,1-year post-burn field,Control field,red_winged_blackbird,1,apples,0,,"nest_success was also evaluated, but I do not think in a usable way",prescribed_fire,Adams et al. 2013,southeast_us,species,facultative,TRUE,2.39,1.04,5,31,,,1.84,0.35,,,,,,
md_0005,N87HY4T4,mean_diff,5,mean_difference,categorical,abundance,abundance 2014,,,,,Refugia post-harvest of neighboring field,Refugia pre-harvest of neighboring field,bobolink,1,apples,0,,Pretty cool way to test the manage_in_patches idea!,manage_in_patches,Allen et al. 2019,other,species,obligate,TRUE,9.72,0.07,5,5,,,2.32,0.07,,,,,,
md_0006,N87HY4T4,mean_diff,6,mean_difference,categorical,abundance,abundance 2015,,,,,Refugia post-harvest of neighboring field,Refugia pre-harvest of neighboring field,bobolink,1,apples,0,,Pretty cool way to test the manage_in_patches idea!,manage_in_patches,Allen et al. 2019,other,species,obligate,TRUE,3.57,0,5,5,,,2.19,0,,,,,,
md_0007,N87HY4T4,mean_diff,7,mean_difference,categorical,abundance,abundance 2016,,,,,Refugia post-harvest of neighboring field,Refugia pre-harvest of neighboring field,bobolink,1,apples,0,,Pretty cool way to test the manage_in_patches idea!,manage_in_patches,Allen et al. 2019,other,species,obligate,TRUE,6.17,0.15,5,5,,,4.92,0.15,,,,,,
md_0008,N87HY4T4,mean_diff,8,mean_difference,categorical,abundance,abundance 2014,,,,,Refugia post-harvest of neighboring field,Refugia pre-harvest of neighboring field,grasshopper_sparrow,1,apples,0,,Pretty cool way to test the manage_in_patches idea!,manage_in_patches,Allen et al. 2019,other,species,obligate,TRUE,1.61,0.08,5,5,,,0.68,0.08,,,,,,
md_0009,N87HY4T4,mean_diff,9,mean_difference,categorical,abundance,abundance 2015,,,,,Refugia post-harvest of neighboring field,Refugia pre-harvest of neighboring field,grasshopper_sparrow,1,apples,0,,Pretty cool way to test the manage_in_patches idea!,manage_in_patches,Allen et al. 2019,other,species,obligate,TRUE,7.08,0.36,5,5,,,2.36,0.36,,,,,,
md_0010,N87HY4T4,mean_diff,10,mean_difference,categorical,abundance,abundance 2016,,,,,Refugia post-harvest of neighboring field,Refugia pre-harvest of neighboring field,grasshopper_sparrow,1,apples,0,,Pretty cool way to test the manage_in_patches idea!,manage_in_patches,Allen et al. 2019,other,species,obligate,TRUE,5.3,0.6,5,5,,,1.57,0.39,,,,,,
md_0011,N87HY4T4,mean_diff,11,mean_difference,categorical,abundance,abundance 2014,,,,,Refugia post-harvest of neighboring field,Refugia pre-harvest of neighboring field,eastern_meadowlark,1,apples,0,,Pretty cool way to test the manage_in_patches idea!,manage_in_patches,Allen et al. 2019,other,species,obligate,TRUE,0.23,0.74,5,5,,,0.16,0.27,,,,,,
md_0012,N87HY4T4,mean_diff,12,mean_difference,categorical,abundance,abundance 2015,,,,,Refugia post-harvest of neighboring field,Refugia pre-harvest of neighboring field,eastern_meadowlark,1,apples,0,,Pretty cool way to test the manage_in_patches idea!,manage_in_patches,Allen et al. 2019,other,species,obligate,TRUE,1.32,0.49,5,5,,,0.81,0.33,,,,,,
md_0013,N87HY4T4,mean_diff,13,mean_difference,categorical,abundance,abundance 2016,,,,,Refugia post-harvest of neighboring field,Refugia pre-harvest of neighboring field,eastern_meadowlark,1,apples,0,,Pretty cool way to test the manage_in_patches idea!,manage_in_patches,Allen et al. 2019,other,species,obligate,TRUE,0.33,0.48,5,5,,,0.2,0.48,,,,,,
md_0014,RI9YTV8X,mean_diff,14,mean_difference,categorical,abundance,density,,,,,NWSG grass mix,CSG grass mix,dickcissel,1,apples,0,,"Looks like SD, but was no readable?",plant_nwsg,Bakker and Higgins 2009,multiple,species,obligate,TRUE,9.6,36.8,26,19,5.6,16.2,,,,,,,,
md_0015,RI9YTV8X,mean_diff,15,mean_difference,categorical,abundance,abundance,,,,,NWSG grass mix,CSG grass mix,grasshopper_sparrow,1,apples,0,,"Looks like SD, but was no readable?",plant_nwsg,Bakker and Higgins 2009,multiple,species,obligate,TRUE,53.8,26.3,26,19,16.6,13.4,,,,,,,,
md_0016,RI9YTV8X,mean_diff,16,mean_difference,categorical,abundance,density,,,,,NWSG grass mix,CSG grass mix,savannah_sparrow,1,apples,0,,"Looks like SD, but was no readable?",plant_nwsg,Bakker and Higgins 2009,multiple,species,obligate,TRUE,21.2,15.8,26,19,6.9,7.7,,,,,,,,
md_0017,RI9YTV8X,mean_diff,17,mean_difference,categorical,abundance,density,,,,,NWSG grass mix,CSG grass mix,red_winged_blackbird,1,apples,0,,"Looks like SD, but was no readable?",plant_nwsg,Bakker and Higgins 2009,multiple,species,facultative,TRUE,55.8,81.6,26,19,14.8,15.9,,,,,,,,
md_0018,RI9YTV8X,mean_diff,18,mean_difference,categorical,abundance,density,,,,,NWSG grass mix,CSG grass mix,bobolink,1,apples,0,,"Looks like SD, but was no readable?",plant_nwsg,Bakker and Higgins 2009,multiple,species,obligate,TRUE,65.4,50,26,19,8.1,13.7,,,,,,,,
md_0019,RI9YTV8X,mean_diff,19,mean_difference,categorical,abundance,density,,,,,NWSG grass mix,CSG grass mix,western_meadowlark,1,apples,0,,"Looks like SD, but was no readable?",plant_nwsg,Bakker and Higgins 2009,multiple,species,obligate,TRUE,44.2,23.7,26,19,14.2,11.1,,,,,,,,
md_0020,3NTX2A2K,mean_diff,20,mean_difference,categorical,abundance,density,,,,,Year of burn,Unburned,red_winged_blackbird,1,apples,0,,,prescribed_fire,Benson et al. 2011,other,species,facultative,TRUE,0.64,1.19,10,10,,,0.13,0.24,,,,,,
md_0021,3NTX2A2K,mean_diff,21,mean_difference,categorical,abundance,density,,,,,1-year post-burn,Unburned,red_winged_blackbird,1,apples,0,,,prescribed_fire,Benson et al. 2011,other,species,facultative,TRUE,0.24,0.92,4,9,,,0.06,0.21,,,,,,
md_0022,3NTX2A2K,mean_diff,22,mean_difference,categorical,abundance,density,,,,,Year of burn,Unburned,dickcissel,1,apples,0,,,prescribed_fire,Benson et al. 2011,other,species,obligate,TRUE,0.68,0.7,10,10,,,0.17,0.15,,,,,,
md_0023,3NTX2A2K,mean_diff,23,mean_difference,categorical,abundance,density,,,,,1-year post-burn,Unburned,dickcissel,1,apples,0,,,prescribed_fire,Benson et al. 2011,other,species,obligate,TRUE,0.58,0.75,4,9,,,0.12,0.17,,,,,,
md_0024,3NTX2A2K,mean_diff,24,mean_difference,categorical,abundance,density,,,,,Year of burn,Unburned,common_yellowthroat,1,apples,0,,,prescribed_fire,Benson et al. 2011,other,species,facultative,TRUE,0.06,0.43,10,10,,,0.02,0.11,,,,,,
md_0025,3NTX2A2K,mean_diff,25,mean_difference,categorical,abundance,density,,,,,1-year post-burn,Unburned,common_yellowthroat,1,apples,0,,,prescribed_fire,Benson et al. 2011,other,species,facultative,TRUE,0.03,0.15,4,9,,,0.03,0.07,,,,,,
md_0026,3NTX2A2K,mean_diff,26,mean_difference,categorical,abundance,density,,,,,Year of burn,Unburned,american_goldfinch,1,apples,0,,,prescribed_fire,Benson et al. 2011,other,species,facultative,TRUE,0.1,0.1,10,10,,,0.03,0.03,,,,,,
md_0027,3NTX2A2K,mean_diff,27,mean_difference,categorical,abundance,density,,,,,1-year post-burn,Unburned,american_goldfinch,1,apples,0,,,prescribed_fire,Benson et al. 2011,other,species,facultative,TRUE,0.03,0.07,4,9,,,0.03,0.04,,,,,,
md_0028,3NTX2A2K,mean_diff,28,mean_difference,categorical,abundance,density,,,,,Year of burn,Unburned,grasshopper_sparrow,1,apples,0,,,prescribed_fire,Benson et al. 2011,other,species,obligate,TRUE,0.06,0,10,10,,,0.06,0,,,,,,
md_0029,3NTX2A2K,mean_diff,29,mean_difference,categorical,abundance,density,,,,,1-year post-burn,Unburned,grasshopper_sparrow,1,apples,0,,,prescribed_fire,Benson et al. 2011,other,species,obligate,TRUE,0.06,0.02,4,9,,,0.04,0.01,,,,,,
md_0030,3NTX2A2K,mean_diff,30,mean_difference,categorical,species_richness,species_richness,,,,,Year of burn,Unburned,all_species,1,apples,0,,,prescribed_fire,Benson et al. 2011,other,aggregate,,TRUE,5.7,5.8,10,10,,,0.33,0.39,,,,,,
md_0031,3NTX2A2K,mean_diff,31,mean_difference,categorical,species_richness,species_richness,,,,,1-year post-burn,Unburned,all_species,1,apples,0,,,prescribed_fire,Benson et al. 2011,other,aggregate,,TRUE,4,5,4,9,,,0.41,0.67,,,,,,
md_0032,U3SWA47K,mean_diff,32,mean_difference,categorical,species_richness,species_richness,,,,,Riparian buffer (2 yr.),pasture,all_species,1,apples,0,,Estimated from plot; sites were measured before and after buffer plantings,stream_exclusion_and_buffers,Berges et al. 2010,other,aggregate,,TRUE,18.5,11.5,4,4,,,0.5,0.5,,,,,,
md_0033,U3SWA47K,mean_diff,33,mean_difference,categorical,species_richness,species_richness,,,,,Riparian buffer (2 yr.),crop,all_species,1,apples,0,,Estimated from plot; sites were measured before and after buffer plantings,stream_exclusion_and_buffers,Berges et al. 2010,other,aggregate,,TRUE,18.5,14.5,4,4,,,0.5,0.5,,,,,,
md_0034,U3SWA47K,mean_diff,34,mean_difference,categorical,abundance,abundance,,,,,Riparian buffer (2 yr.),pasture,all_species,1,apples,0,,Estimated from plot; sites were measured before and after buffer plantings,stream_exclusion_and_buffers,Berges et al. 2010,other,aggregate,,TRUE,43,26,4,4,,,2,2,,,,,,
md_0035,U3SWA47K,mean_diff,35,mean_difference,categorical,abundance,abundance,,,,,Riparian buffer (2 yr.),crop,all_species,1,apples,0,,Estimated from plot; sites were measured before and after buffer plantings,stream_exclusion_and_buffers,Berges et al. 2010,other,aggregate,,TRUE,43,25,4,4,,,2,1.5,,,,,,
md_0036,55UE5VCT,mean_diff,36,mean_difference,categorical,species_richness,species_richness,,,,,filter strips,non-buffered field edges,breeding_species,1,apples,0,,,stream_exclusion_and_buffers,Blank et al. 2011,other,aggregate,other,TRUE,4.6,1.9,67,15,,,,,3.9,0.8,5.3,3,,
md_0036,55UE5VCT,mean_diff,36,mean_difference,categorical,species_richness,species_richness,,,,,filter strips,non-buffered field edges,breeding_species,1,apples,0,,,edge_and_shrub_habitat,Blank et al. 2011,other,aggregate,other,TRUE,4.6,1.9,67,15,,,,,3.9,0.8,5.3,3,,
md_0037,55UE5VCT,mean_diff,38,mean_difference,categorical,species_richness,species_richness,,,,,filter strips,non-buffered field edges,wintering_species,1,apples,0,,,stream_exclusion_and_buffers,Blank et al. 2011,other,aggregate,other,TRUE,1.6,0.2,67,15,,,,,1.2,-0.2,2,0.7,,
md_0037,55UE5VCT,mean_diff,38,mean_difference,categorical,species_richness,species_richness,,,,,filter strips,non-buffered field edges,wintering_species,1,apples,0,,,provide_overwintering_habitat,Blank et al. 2011,other,aggregate,other,TRUE,1.6,0.2,67,15,,,,,1.2,-0.2,2,0.7,,
md_0037,55UE5VCT,mean_diff,38,mean_difference,categorical,species_richness,species_richness,,,,,filter strips,non-buffered field edges,wintering_species,1,apples,0,,,edge_and_shrub_habitat,Blank et al. 2011,other,aggregate,other,TRUE,1.6,0.2,67,15,,,,,1.2,-0.2,2,0.7,,
md_0038,55UE5VCT,mean_diff,41,mean_difference,categorical,abundance,density,,,,,filter strips,non-buffered field edges,breeding_species,1,apples,0,,,stream_exclusion_and_buffers,Blank et al. 2011,other,aggregate,other,TRUE,6.4,1.2,67,15,,,,,4.8,0.5,8.5,2.3,,
md_0038,55UE5VCT,mean_diff,41,mean_difference,categorical,abundance,density,,,,,filter strips,non-buffered field edges,breeding_species,1,apples,0,,,edge_and_shrub_habitat,Blank et al. 2011,other,aggregate,other,TRUE,6.4,1.2,67,15,,,,,4.8,0.5,8.5,2.3,,
md_0039,55UE5VCT,mean_diff,43,mean_difference,categorical,abundance,density,,,,,filter strips,non-buffered field edges,breeding_grassland_species,1,apples,0,,,stream_exclusion_and_buffers,Blank et al. 2011,other,guild,obligate,TRUE,1.9,0.2,67,15,,,,,1.3,-0.2,2.7,0.7,,
md_0039,55UE5VCT,mean_diff,43,mean_difference,categorical,abundance,density,,,,,filter strips,non-buffered field edges,breeding_grassland_species,1,apples,0,,,edge_and_shrub_habitat,Blank et al. 2011,other,guild,obligate,TRUE,1.9,0.2,67,15,,,,,1.3,-0.2,2.7,0.7,,
md_0040,55UE5VCT,mean_diff,45,mean_difference,categorical,abundance,density,,,,,filter strips,non-buffered field edges,breeding_shrub_scrub_species,1,apples,0,,,stream_exclusion_and_buffers,Blank et al. 2011,other,guild,shrub,FALSE,3.9,0.7,67,15,,,,,2.8,0.2,5.3,1.5,,
md_0040,55UE5VCT,mean_diff,45,mean_difference,categorical,abundance,density,,,,,filter strips,non-buffered field edges,breeding_shrub_scrub_species,1,apples,0,,,edge_and_shrub_habitat,Blank et al. 2011,other,guild,shrub,FALSE,3.9,0.7,67,15,,,,,2.8,0.2,5.3,1.5,,
md_0041,55UE5VCT,mean_diff,47,mean_difference,categorical,abundance,density,,,,,filter strips,non-buffered field edges,wintering_species,1,apples,0,,,stream_exclusion_and_buffers,Blank et al. 2011,other,aggregate,other,TRUE,3.6,0.6,67,15,,,,,1.9,-0.1,6.3,2,,
md_0041,55UE5VCT,mean_diff,47,mean_difference,categorical,abundance,density,,,,,filter strips,non-buffered field edges,wintering_species,1,apples,0,,,provide_overwintering_habitat,Blank et al. 2011,other,aggregate,other,TRUE,3.6,0.6,67,15,,,,,1.9,-0.1,6.3,2,,
md_0041,55UE5VCT,mean_diff,47,mean_difference,categorical,abundance,density,,,,,filter strips,non-buffered field edges,wintering_species,1,apples,0,,,edge_and_shrub_habitat,Blank et al. 2011,other,aggregate,other,TRUE,3.6,0.6,67,15,,,,,1.9,-0.1,6.3,2,,
md_0042,55UE5VCT,mean_diff,50,mean_difference,categorical,abundance,density,,,,,filter strips,non-buffered field edges,wintering_shrub_scrub_species,1,apples,0,,,stream_exclusion_and_buffers,Blank et al. 2011,other,guild,shrub,FALSE,2.9,0.2,67,15,,,,,1.6,-0.3,4.7,1.1,,
md_0042,55UE5VCT,mean_diff,50,mean_difference,categorical,abundance,density,,,,,filter strips,non-buffered field edges,wintering_shrub_scrub_species,1,apples,0,,,provide_overwintering_habitat,Blank et al. 2011,other,guild,shrub,FALSE,2.9,0.2,67,15,,,,,1.6,-0.3,4.7,1.1,,
md_0042,55UE5VCT,mean_diff,50,mean_difference,categorical,abundance,density,,,,,filter strips,non-buffered field edges,wintering_shrub_scrub_species,1,apples,0,,,edge_and_shrub_habitat,Blank et al. 2011,other,guild,shrub,FALSE,2.9,0.2,67,15,,,,,1.6,-0.3,4.7,1.1,,
md_0043,55UE5VCT,mean_diff,53,mean_difference,categorical,abundance,density,,,,,Warm-season grass filter strips,Cool-season grass filter strips,common_yellowthroat,1,apples,0,,"They only report these stats because there was a detectable difference for this species. For all other species, there was not a detectable difference.",plant_nwsg,Blank et al. 2011,other,species,facultative,TRUE,0.9,0.3,45,22,,,,,0.5,0,1.4,0.8,,
md_0044,55UE5VCT,mean_diff,54,mean_difference,categorical,abundance,density,,,,,narrow filter strips (<30),medium filter strips (30-60 m),breeding_species,-1,apples,0,,,stream_exclusion_and_buffers,Blank et al. 2011,other,aggregate,other,TRUE,11.2,7.6,35,14,,,,,6.5,2,15.8,13.2,,
md_0044,55UE5VCT,mean_diff,54,mean_difference,categorical,abundance,density,,,,,narrow filter strips (<30),medium filter strips (30-60 m),breeding_species,-1,apples,0,,,edge_and_shrub_habitat,Blank et al. 2011,other,aggregate,other,TRUE,11.2,7.6,35,14,,,,,6.5,2,15.8,13.2,,
md_0045,55UE5VCT,mean_diff,56,mean_difference,categorical,abundance,density,,,,,narrow filter strips (<30),wide filter strips (>60 m),breeding_species,-1,apples,0,,,stream_exclusion_and_buffers,Blank et al. 2011,other,aggregate,other,TRUE,11.2,5.6,35,18,,,,,6.5,0.5,15.8,10.6,,
md_0045,55UE5VCT,mean_diff,56,mean_difference,categorical,abundance,density,,,,,narrow filter strips (<30),wide filter strips (>60 m),breeding_species,-1,apples,0,,,edge_and_shrub_habitat,Blank et al. 2011,other,aggregate,other,TRUE,11.2,5.6,35,18,,,,,6.5,0.5,15.8,10.6,,
md_0046,55UE5VCT,mean_diff,58,mean_difference,categorical,abundance,density,,,,,medium filter strips (30-60 m),wide filter strips (>60 m),breeding_species,-1,oranges,0,,,stream_exclusion_and_buffers,Blank et al. 2011,other,aggregate,other,TRUE,7.6,5.6,14,18,,,,,2,0.5,13.2,10.6,,
md_0046,55UE5VCT,mean_diff,58,mean_difference,categorical,abundance,density,,,,,medium filter strips (30-60 m),wide filter strips (>60 m),breeding_species,-1,oranges,0,,,edge_and_shrub_habitat,Blank et al. 2011,other,aggregate,other,TRUE,7.6,5.6,14,18,,,,,2,0.5,13.2,10.6,,
md_0047,55UE5VCT,mean_diff,60,mean_difference,categorical,abundance,density,,,,,narrow filter strips (<30),medium filter strips (30-60 m),breeding_grassland_species,-1,apples,0,,,stream_exclusion_and_buffers,Blank et al. 2011,other,guild,obligate,TRUE,1.8,2.4,35,14,,,,,0.9,1,3.1,4.8,,
md_0047,55UE5VCT,mean_diff,60,mean_difference,categorical,abundance,density,,,,,narrow filter strips (<30),medium filter strips (30-60 m),breeding_grassland_species,-1,apples,0,,,edge_and_shrub_habitat,Blank et al. 2011,other,guild,obligate,TRUE,1.8,2.4,35,14,,,,,0.9,1,3.1,4.8,,
md_0048,55UE5VCT,mean_diff,62,mean_difference,categorical,abundance,density,,,,,narrow filter strips (<30),wide filter strips (>60 m),breeding_grassland_species,-1,apples,0,,,stream_exclusion_and_buffers,Blank et al. 2011,other,guild,obligate,TRUE,1.8,2,35,18,,,,,0.9,0.9,3.1,3.6,,
md_0048,55UE5VCT,mean_diff,62,mean_difference,categorical,abundance,density,,,,,narrow filter strips (<30),wide filter strips (>60 m),breeding_grassland_species,-1,apples,0,,,edge_and_shrub_habitat,Blank et al. 2011,other,guild,obligate,TRUE,1.8,2,35,18,,,,,0.9,0.9,3.1,3.6,,
md_0049,55UE5VCT,mean_diff,64,mean_difference,categorical,abundance,density,,,,,medium filter strips (30-60 m),wide filter strips (>60 m),breeding_grassland_species,-1,oranges,0,,,stream_exclusion_and_buffers,Blank et al. 2011,other,guild,obligate,TRUE,2.4,2,14,18,,,,,1,0.9,4.8,3.6,,
md_0049,55UE5VCT,mean_diff,64,mean_difference,categorical,abundance,density,,,,,medium filter strips (30-60 m),wide filter strips (>60 m),breeding_grassland_species,-1,oranges,0,,,edge_and_shrub_habitat,Blank et al. 2011,other,guild,obligate,TRUE,2.4,2,14,18,,,,,1,0.9,4.8,3.6,,
md_0050,55UE5VCT,mean_diff,66,mean_difference,categorical,abundance,density,,,,,narrow filter strips (<30),medium filter strips (30-60 m),breeding_shrub_scrub_species,-1,apples,0,,,stream_exclusion_and_buffers,Blank et al. 2011,other,guild,shrub,FALSE,5.9,4,35,14,,,,,3.5,1.9,9.7,7.7,,
md_0050,55UE5VCT,mean_diff,66,mean_difference,categorical,abundance,density,,,,,narrow filter strips (<30),medium filter strips (30-60 m),breeding_shrub_scrub_species,-1,apples,0,,,edge_and_shrub_habitat,Blank et al. 2011,other,guild,shrub,FALSE,5.9,4,35,14,,,,,3.5,1.9,9.7,7.7,,
md_0051,55UE5VCT,mean_diff,68,mean_difference,categorical,abundance,density,,,,,narrow filter strips (<30),wide filter strips (>60 m),breeding_shrub_scrub_species,-1,apples,0,,,stream_exclusion_and_buffers,Blank et al. 2011,other,guild,shrub,FALSE,5.9,2,35,18,,,,,3.5,0.9,9.7,3.8,,
md_0051,55UE5VCT,mean_diff,68,mean_difference,categorical,abundance,density,,,,,narrow filter strips (<30),wide filter strips (>60 m),breeding_shrub_scrub_species,-1,apples,0,,,edge_and_shrub_habitat,Blank et al. 2011,other,guild,shrub,FALSE,5.9,2,35,18,,,,,3.5,0.9,9.7,3.8,,
md_0052,55UE5VCT,mean_diff,70,mean_difference,categorical,abundance,density,,,,,medium filter strips (30-60 m),wide filter strips (>60 m),breeding_shrub_scrub_species,-1,oranges,0,,,stream_exclusion_and_buffers,Blank et al. 2011,other,guild,shrub,FALSE,4,2,14,18,,,,,1.9,0.9,7.7,3.8,,
md_0052,55UE5VCT,mean_diff,70,mean_difference,categorical,abundance,density,,,,,medium filter strips (30-60 m),wide filter strips (>60 m),breeding_shrub_scrub_species,-1,oranges,0,,,edge_and_shrub_habitat,Blank et al. 2011,other,guild,shrub,FALSE,4,2,14,18,,,,,1.9,0.9,7.7,3.8,,
md_0053,55UE5VCT,mean_diff,72,mean_difference,categorical,species_richness,species_richness,,,,,narrow filter strips (<30),medium filter strips (30-60 m),breeding_species,-1,apples,0,,,stream_exclusion_and_buffers,Blank et al. 2011,other,aggregate,other,TRUE,4.5,4.4,35,14,,,,,2.4,2.1,6.5,6.8,,
md_0053,55UE5VCT,mean_diff,72,mean_difference,categorical,species_richness,species_richness,,,,,narrow filter strips (<30),medium filter strips (30-60 m),breeding_species,-1,apples,0,,,edge_and_shrub_habitat,Blank et al. 2011,other,aggregate,other,TRUE,4.5,4.4,35,14,,,,,2.4,2.1,6.5,6.8,,
md_0054,55UE5VCT,mean_diff,74,mean_difference,categorical,species_richness,species_richness,,,,,narrow filter strips (<30),wide filter strips (>60 m),breeding_species,-1,apples,0,,,stream_exclusion_and_buffers,Blank et al. 2011,other,aggregate,other,TRUE,4.5,3.2,35,18,,,,,2.4,0.9,6.5,5.5,,
md_0054,55UE5VCT,mean_diff,74,mean_difference,categorical,species_richness,species_richness,,,,,narrow filter strips (<30),wide filter strips (>60 m),breeding_species,-1,apples,0,,,edge_and_shrub_habitat,Blank et al. 2011,other,aggregate,other,TRUE,4.5,3.2,35,18,,,,,2.4,0.9,6.5,5.5,,
md_0055,55UE5VCT,mean_diff,76,mean_difference,categorical,species_richness,species_richness,,,,,medium filter strips (30-60 m),wide filter strips (>60 m),breeding_species,-1,oranges,0,,,stream_exclusion_and_buffers,Blank et al. 2011,other,aggregate,other,TRUE,4.4,3.2,14,18,,,,,2.1,0.9,6.8,5.5,,
md_0055,55UE5VCT,mean_diff,76,mean_difference,categorical,species_richness,species_richness,,,,,medium filter strips (30-60 m),wide filter strips (>60 m),breeding_species,-1,oranges,0,,,edge_and_shrub_habitat,Blank et al. 2011,other,aggregate,other,TRUE,4.4,3.2,14,18,,,,,2.1,0.9,6.8,5.5,,
md_0056,55UE5VCT,mean_diff,78,mean_difference,categorical,abundance,density,,,,,narrow filter strips (<30),medium filter strips (30-60 m),wintering_species,-1,apples,0,,,stream_exclusion_and_buffers,Blank et al. 2011,other,aggregate,other,TRUE,4.9,1.3,25,8,,,,,2.4,-0.01,9.2,4.5,,
md_0056,55UE5VCT,mean_diff,78,mean_difference,categorical,abundance,density,,,,,narrow filter strips (<30),medium filter strips (30-60 m),wintering_species,-1,apples,0,,,provide_overwintering_habitat,Blank et al. 2011,other,aggregate,other,TRUE,4.9,1.3,25,8,,,,,2.4,-0.01,9.2,4.5,,
md_0057,55UE5VCT,mean_diff,80,mean_difference,categorical,abundance,density,,,,,narrow filter strips (<30),wide filter strips (>60 m),wintering_species,-1,apples,0,,,stream_exclusion_and_buffers,Blank et al. 2011,other,aggregate,other,TRUE,4.9,9.1,25,7,,,,,2.4,3,9.2,24.5,,
md_0057,55UE5VCT,mean_diff,80,mean_difference,categorical,abundance,density,,,,,narrow filter strips (<30),wide filter strips (>60 m),wintering_species,-1,apples,0,,,provide_overwintering_habitat,Blank et al. 2011,other,aggregate,other,TRUE,4.9,9.1,25,7,,,,,2.4,3,9.2,24.5,,
md_0058,55UE5VCT,mean_diff,82,mean_difference,categorical,abundance,density,,,,,medium filter strips (30-60 m),wide filter strips (>60 m),wintering_species,-1,oranges,0,,,stream_exclusion_and_buffers,Blank et al. 2011,other,aggregate,other,TRUE,1.3,9.1,8,7,,,,,-0.01,3,4.5,24.5,,
md_0058,55UE5VCT,mean_diff,82,mean_difference,categorical,abundance,density,,,,,medium filter strips (30-60 m),wide filter strips (>60 m),wintering_species,-1,oranges,0,,,provide_overwintering_habitat,Blank et al. 2011,other,aggregate,other,TRUE,1.3,9.1,8,7,,,,,-0.01,3,4.5,24.5,,
md_0059,55UE5VCT,mean_diff,84,mean_difference,categorical,abundance,density,,,,,narrow filter strips (<30),medium filter strips (30-60 m),wintering_shrub_scrub_species,-1,apples,0,,,stream_exclusion_and_buffers,Blank et al. 2011,other,guild,shrub,FALSE,3.4,1.1,25,8,,,,,1.6,-0.01,6.4,3.9,,
md_0059,55UE5VCT,mean_diff,84,mean_difference,categorical,abundance,density,,,,,narrow filter strips (<30),medium filter strips (30-60 m),wintering_shrub_scrub_species,-1,apples,0,,,provide_overwintering_habitat,Blank et al. 2011,other,guild,shrub,FALSE,3.4,1.1,25,8,,,,,1.6,-0.01,6.4,3.9,,
md_0060,55UE5VCT,mean_diff,86,mean_difference,categorical,abundance,density,,,,,narrow filter strips (<30),wide filter strips (>60 m),wintering_shrub_scrub_species,-1,apples,0,,,stream_exclusion_and_buffers,Blank et al. 2011,other,guild,shrub,FALSE,3.4,3.8,25,7,,,,,1.6,1,6.4,10.3,,
md_0060,55UE5VCT,mean_diff,86,mean_difference,categorical,abundance,density,,,,,narrow filter strips (<30),wide filter strips (>60 m),wintering_shrub_scrub_species,-1,apples,0,,,provide_overwintering_habitat,Blank et al. 2011,other,guild,shrub,FALSE,3.4,3.8,25,7,,,,,1.6,1,6.4,10.3,,
md_0061,55UE5VCT,mean_diff,88,mean_difference,categorical,abundance,density,,,,,medium filter strips (30-60 m),wide filter strips (>60 m),wintering_shrub_scrub_species,-1,oranges,0,,,stream_exclusion_and_buffers,Blank et al. 2011,other,guild,shrub,FALSE,1.1,3.8,8,7,,,,,-0.01,1,3.9,10.3,,
md_0061,55UE5VCT,mean_diff,88,mean_difference,categorical,abundance,density,,,,,medium filter strips (30-60 m),wide filter strips (>60 m),wintering_shrub_scrub_species,-1,oranges,0,,,provide_overwintering_habitat,Blank et al. 2011,other,guild,shrub,FALSE,1.1,3.8,8,7,,,,,-0.01,1,3.9,10.3,,
md_0062,55UE5VCT,mean_diff,90,mean_difference,categorical,species_richness,species_richness,,,,,narrow filter strips (<30),medium filter strips (30-60 m),wintering_species,-1,apples,0,,,stream_exclusion_and_buffers,Blank et al. 2011,other,aggregate,other,TRUE,1.5,0.8,25,8,,,,,1,0,2,1.6,,
md_0062,55UE5VCT,mean_diff,90,mean_difference,categorical,species_richness,species_richness,,,,,narrow filter strips (<30),medium filter strips (30-60 m),wintering_species,-1,apples,0,,,provide_overwintering_habitat,Blank et al. 2011,other,aggregate,other,TRUE,1.5,0.8,25,8,,,,,1,0,2,1.6,,
md_0063,55UE5VCT,mean_diff,92,mean_difference,categorical,species_richness,species_richness,,,,,narrow filter strips (<30),wide filter strips (>60 m),wintering_species,-1,apples,0,,,stream_exclusion_and_buffers,Blank et al. 2011,other,aggregate,other,TRUE,1.5,2.8,25,7,,,,,1,1.9,2,3.7,,
md_0063,55UE5VCT,mean_diff,92,mean_difference,categorical,species_richness,species_richness,,,,,narrow filter strips (<30),wide filter strips (>60 m),wintering_species,-1,apples,0,,,provide_overwintering_habitat,Blank et al. 2011,other,aggregate,other,TRUE,1.5,2.8,25,7,,,,,1,1.9,2,3.7,,
md_0064,55UE5VCT,mean_diff,94,mean_difference,categorical,species_richness,species_richness,,,,,medium filter strips (30-60 m),wide filter strips (>60 m),wintering_species,-1,oranges,0,,,stream_exclusion_and_buffers,Blank et al. 2011,other,aggregate,other,TRUE,0.8,2.8,8,7,,,,,0,1.9,0.16,3.7,,
md_0064,55UE5VCT,mean_diff,94,mean_difference,categorical,species_richness,species_richness,,,,,medium filter strips (30-60 m),wide filter strips (>60 m),wintering_species,-1,oranges,0,,,provide_overwintering_habitat,Blank et al. 2011,other,aggregate,other,TRUE,0.8,2.8,8,7,,,,,0,1.9,0.16,3.7,,
md_0065,7SS4IEI5,mean_diff,96,mean_difference,categorical,abundance,abundance,,,,,unmowed buffers,mowed buffers,wintering_species,1,apples,0,,"For the delay_hay treatment, the treatment and control should be switched",provide_overwintering_habitat,Blank et al. 2011b,other,aggregate,other,TRUE,11,0.3,13,13,,,3.1,0.2,,,,,,
md_0065,7SS4IEI5,mean_diff,96,mean_difference,categorical,abundance,abundance,,,,,unmowed buffers,mowed buffers,wintering_species,1,apples,0,,"For the delay_hay treatment, the treatment and control should be switched",stream_exclusion_and_buffers,Blank et al. 2011b,other,aggregate,other,TRUE,11,0.3,13,13,,,3.1,0.2,,,,,,
md_0066,7SS4IEI5,mean_diff,98,mean_difference,categorical,species_richness,species_richness,,,,,unmowed buffers,mowed buffers,wintering_species,1,apples,0,,"For the delay_hay treatment, the treatment and control should be switched",provide_overwintering_habitat,Blank et al. 2011b,other,aggregate,other,TRUE,3.3,0.5,13,13,,,0.8,0.3,,,,,,
md_0066,7SS4IEI5,mean_diff,98,mean_difference,categorical,species_richness,species_richness,,,,,unmowed buffers,mowed buffers,wintering_species,1,apples,0,,"For the delay_hay treatment, the treatment and control should be switched",stream_exclusion_and_buffers,Blank et al. 2011b,other,aggregate,other,TRUE,3.3,0.5,13,13,,,0.8,0.3,,,,,,
md_0067,7SS4IEI5,mean_diff,100,mean_difference,categorical,abundance,winter density (birds/10 ha),,,,,unmowed buffers,mowed buffers,american_kestrel,1,apples,0,,"For the delay_hay treatment, the treatment and control should be switched",provide_overwintering_habitat,Blank et al. 2011b,other,species,facultative,TRUE,0.1,0,13,13,0.5,0,,,,,,,,
md_0067,7SS4IEI5,mean_diff,100,mean_difference,categorical,abundance,winter density (birds/10 ha),,,,,unmowed buffers,mowed buffers,american_kestrel,1,apples,0,,"For the delay_hay treatment, the treatment and control should be switched",stream_exclusion_and_buffers,Blank et al. 2011b,other,species,facultative,TRUE,0.1,0,13,13,0.5,0,,,,,,,,
md_0068,7SS4IEI5,mean_diff,102,mean_difference,categorical,abundance,winter density (birds/10 ha),,,,,unmowed buffers,mowed buffers,eastern_bluebird,1,apples,0,,"For the delay_hay treatment, the treatment and control should be switched",provide_overwintering_habitat,Blank et al. 2011b,other,species,facultative,TRUE,0.1,0,13,13,4,0,,,,,,,,
md_0068,7SS4IEI5,mean_diff,102,mean_difference,categorical,abundance,winter density (birds/10 ha),,,,,unmowed buffers,mowed buffers,eastern_bluebird,1,apples,0,,"For the delay_hay treatment, the treatment and control should be switched",stream_exclusion_and_buffers,Blank et al. 2011b,other,species,facultative,TRUE,0.1,0,13,13,4,0,,,,,,,,
md_0069,7SS4IEI5,mean_diff,104,mean_difference,categorical,abundance,winter density (birds/10 ha),,,,,unmowed buffers,mowed buffers,field_sparrow,1,apples,0,,"For the delay_hay treatment, the treatment and control should be switched",provide_overwintering_habitat,Blank et al. 2011b,other,species,facultative,TRUE,11.3,0,13,13,34.7,0,,,,,,,,
md_0069,7SS4IEI5,mean_diff,104,mean_difference,categorical,abundance,winter density (birds/10 ha),,,,,unmowed buffers,mowed buffers,field_sparrow,1,apples,0,,"For the delay_hay treatment, the treatment and control should be switched",stream_exclusion_and_buffers,Blank et al. 2011b,other,species,facultative,TRUE,11.3,0,13,13,34.7,0,,,,,,,,
md_0070,7SS4IEI5,mean_diff,106,mean_difference,categorical,abundance,winter density (birds/10 ha),,,,,unmowed buffers,mowed buffers,savannah_sparrow,1,apples,0,,"For the delay_hay treatment, the treatment and control should be switched",provide_overwintering_habitat,Blank et al. 2011b,other,species,obligate,TRUE,7.2,0.6,13,13,16.2,2.1,,,,,,,,
md_0070,7SS4IEI5,mean_diff,106,mean_difference,categorical,abundance,winter density (birds/10 ha),,,,,unmowed buffers,mowed buffers,savannah_sparrow,1,apples,0,,"For the delay_hay treatment, the treatment and control should be switched",stream_exclusion_and_buffers,Blank et al. 2011b,other,species,obligate,TRUE,7.2,0.6,13,13,16.2,2.1,,,,,,,,
md_0071,7SS4IEI5,mean_diff,108,mean_difference,categorical,abundance,winter density (birds/10 ha),,,,,unmowed buffers,mowed buffers,song_sparrow,1,apples,0,,"For the delay_hay treatment, the treatment and control should be switched",provide_overwintering_habitat,Blank et al. 2011b,other,species,facultative,TRUE,70.1,2.1,13,13,60.1,5.3,,,,,,,,
md_0071,7SS4IEI5,mean_diff,108,mean_difference,categorical,abundance,winter density (birds/10 ha),,,,,unmowed buffers,mowed buffers,song_sparrow,1,apples,0,,"For the delay_hay treatment, the treatment and control should be switched",stream_exclusion_and_buffers,Blank et al. 2011b,other,species,facultative,TRUE,70.1,2.1,13,13,60.1,5.3,,,,,,,,
md_0072,7SS4IEI5,mean_diff,110,mean_difference,categorical,abundance,winter density (birds/10 ha),,,,,unmowed buffers,mowed buffers,swamp_sparrow,1,apples,0,,"For the delay_hay treatment, the treatment and control should be switched",provide_overwintering_habitat,Blank et al. 2011b,other,species,facultative,TRUE,5.5,0,13,13,13.3,0,,,,,,,,
md_0072,7SS4IEI5,mean_diff,110,mean_difference,categorical,abundance,winter density (birds/10 ha),,,,,unmowed buffers,mowed buffers,swamp_sparrow,1,apples,0,,"For the delay_hay treatment, the treatment and control should be switched",stream_exclusion_and_buffers,Blank et al. 2011b,other,species,facultative,TRUE,5.5,0,13,13,13.3,0,,,,,,,,
md_0073,7SS4IEI5,mean_diff,112,mean_difference,categorical,abundance,winter density (birds/10 ha),,,,,unmowed buffers,mowed buffers,white_throated_sparrow,1,apples,0,,"For the delay_hay treatment, the treatment and control should be switched",provide_overwintering_habitat,Blank et al. 2011b,other,species,shrub,FALSE,15.9,1.6,13,13,51,5.7,,,,,,,,
md_0073,7SS4IEI5,mean_diff,112,mean_difference,categorical,abundance,winter density (birds/10 ha),,,,,unmowed buffers,mowed buffers,white_throated_sparrow,1,apples,0,,"For the delay_hay treatment, the treatment and control should be switched",stream_exclusion_and_buffers,Blank et al. 2011b,other,species,shrub,FALSE,15.9,1.6,13,13,51,5.7,,,,,,,,
md_0074,7SS4IEI5,mean_diff,114,mean_difference,categorical,abundance,winter density (birds/10 ha),,,,,unmowed buffers,mowed buffers,dark_eyed_junco,1,apples,0,,"For the delay_hay treatment, the treatment and control should be switched",provide_overwintering_habitat,Blank et al. 2011b,other,species,facultative,TRUE,3.4,0.7,13,13,12.2,2.4,,,,,,,,
md_0074,7SS4IEI5,mean_diff,114,mean_difference,categorical,abundance,winter density (birds/10 ha),,,,,unmowed buffers,mowed buffers,dark_eyed_junco,1,apples,0,,"For the delay_hay treatment, the treatment and control should be switched",stream_exclusion_and_buffers,Blank et al. 2011b,other,species,facultative,TRUE,3.4,0.7,13,13,12.2,2.4,,,,,,,,
md_0075,IF3VCNWP,mean_diff,116,mean_difference,categorical,abundance,abundance - 96-97,,,,,Ungrazed,Grazed,montezuma_quail,1,apples,0,,,provide_overwintering_habitat,Bock and Bock 1999,other,species,obligate,TRUE,0.33,0,7,7,,,0.33,0,,,,,,
md_0076,IF3VCNWP,mean_diff,117,mean_difference,categorical,abundance,abundance - 97-98,,,,,Ungrazed,Grazed,montezuma_quail,1,apples,0,,,provide_overwintering_habitat,Bock and Bock 1999,other,species,obligate,TRUE,0,0,7,7,,,0,0,,,,,,
md_0077,IF3VCNWP,mean_diff,118,mean_difference,categorical,abundance,abundance - 96-97,,,,,Ungrazed,Grazed,scaled_quail,1,apples,0,,,provide_overwintering_habitat,Bock and Bock 1999,other,species,facultative,TRUE,0.24,0,7,7,,,0.24,0,,,,,,
md_0078,IF3VCNWP,mean_diff,119,mean_difference,categorical,abundance,abundance - 97-98,,,,,Ungrazed,Grazed,scaled_quail,1,apples,0,,,provide_overwintering_habitat,Bock and Bock 1999,other,species,facultative,TRUE,0.18,0.21,7,7,,,0.18,0.21,,,,,,
md_0079,IF3VCNWP,mean_diff,120,mean_difference,categorical,abundance,abundance - 96-97,,,,,Ungrazed,Grazed,gambels_quail,1,apples,0,,,provide_overwintering_habitat,Bock and Bock 1999,other,species,shrub,FALSE,0,0.24,7,7,,,0,0.24,,,,,,
md_0080,IF3VCNWP,mean_diff,121,mean_difference,categorical,abundance,abundance - 97-98,,,,,Ungrazed,Grazed,gambels_quail,1,apples,0,,,provide_overwintering_habitat,Bock and Bock 1999,other,species,shrub,FALSE,0,0.14,7,7,,,0,0.09,,,,,,
md_0081,IF3VCNWP,mean_diff,122,mean_difference,categorical,abundance,abundance - 96-97,,,,,Ungrazed,Grazed,mourning_dove,1,apples,0,,,provide_overwintering_habitat,Bock and Bock 1999,other,species,facultative,TRUE,0.29,0.24,7,7,,,0.24,0.16,,,,,,
md_0082,IF3VCNWP,mean_diff,123,mean_difference,categorical,abundance,abundance - 97-98,,,,,Ungrazed,Grazed,mourning_dove,1,apples,0,,,provide_overwintering_habitat,Bock and Bock 1999,other,species,facultative,TRUE,1.36,1.86,7,7,,,0.48,0.74,,,,,,
md_0083,IF3VCNWP,mean_diff,124,mean_difference,categorical,abundance,abundance - 96-97,,,,,Ungrazed,Grazed,horned_lark,1,apples,0,,,provide_overwintering_habitat,Bock and Bock 1999,other,species,obligate,TRUE,2.05,2.38,7,7,,,1.2,1.6,,,,,,
md_0084,IF3VCNWP,mean_diff,125,mean_difference,categorical,abundance,abundance - 97-98,,,,,Ungrazed,Grazed,horned_lark,1,apples,0,,,provide_overwintering_habitat,Bock and Bock 1999,other,species,obligate,TRUE,2.25,3.43,7,7,,,2.13,1.98,,,,,,
md_0085,IF3VCNWP,mean_diff,126,mean_difference,categorical,abundance,abundance - 96-97,,,,,Ungrazed,Grazed,spotted_towhee,1,apples,0,,,provide_overwintering_habitat,Bock and Bock 1999,other,species,shrub,FALSE,0.05,0,7,7,,,0.05,0,,,,,,
md_0086,IF3VCNWP,mean_diff,127,mean_difference,categorical,abundance,abundance - 97-98,,,,,Ungrazed,Grazed,spotted_towhee,1,apples,0,,,provide_overwintering_habitat,Bock and Bock 1999,other,species,shrub,FALSE,0,0,7,7,,,0,0,,,,,,
md_0087,IF3VCNWP,mean_diff,128,mean_difference,categorical,abundance,abundance - 96-97,,,,,Ungrazed,Grazed,canyon_towhee,1,apples,0,,,provide_overwintering_habitat,Bock and Bock 1999,other,species,facultative,TRUE,0.52,0.14,7,7,,,0.23,0.1,,,,,,
md_0088,IF3VCNWP,mean_diff,129,mean_difference,categorical,abundance,abundance - 97-98,,,,,Ungrazed,Grazed,canyon_towhee,1,apples,0,,,provide_overwintering_habitat,Bock and Bock 1999,other,species,facultative,TRUE,0.5,0.21,7,7,,,0.26,0.1,,,,,,
md_0089,IF3VCNWP,mean_diff,130,mean_difference,categorical,abundance,abundance - 96-97,,,,,Ungrazed,Grazed,cassins_sparrow,1,apples,0,,,provide_overwintering_habitat,Bock and Bock 1999,other,species,obligate,TRUE,0.1,0,7,7,,,0.1,0,,,,,,
md_0090,IF3VCNWP,mean_diff,131,mean_difference,categorical,abundance,abundance - 97-98,,,,,Ungrazed,Grazed,cassins_sparrow,1,apples,0,,,provide_overwintering_habitat,Bock and Bock 1999,other,species,obligate,TRUE,0.96,0,7,7,,,0.45,0,,,,,,
md_0091,IF3VCNWP,mean_diff,132,mean_difference,categorical,abundance,abundance - 96-97,,,,,Ungrazed,Grazed,rufous_crowned_sparrow,1,apples,0,,,provide_overwintering_habitat,Bock and Bock 1999,other,species,facultative,TRUE,0.95,0.1,7,7,,,0.11,0.1,,,,,,
md_0092,IF3VCNWP,mean_diff,133,mean_difference,categorical,abundance,abundance - 97-98,,,,,Ungrazed,Grazed,rufous_crowned_sparrow,1,apples,0,,,provide_overwintering_habitat,Bock and Bock 1999,other,species,facultative,TRUE,1.04,0.07,7,7,,,0.32,0.07,,,,,,
md_0093,IF3VCNWP,mean_diff,134,mean_difference,categorical,abundance,abundance - 96-97,,,,,Ungrazed,Grazed,chipping_sparrow,1,apples,0,,,provide_overwintering_habitat,Bock and Bock 1999,other,species,facultative,TRUE,1.67,0.52,7,7,,,1.03,0.36,,,,,,
md_0094,IF3VCNWP,mean_diff,135,mean_difference,categorical,abundance,abundance - 97-98,,,,,Ungrazed,Grazed,chipping_sparrow,1,apples,0,,,provide_overwintering_habitat,Bock and Bock 1999,other,species,facultative,TRUE,5.71,6,7,7,,,1.66,2.8,,,,,,
md_0095,IF3VCNWP,mean_diff,136,mean_difference,categorical,abundance,abundance - 96-97,,,,,Ungrazed,Grazed,brewers_sparrow,1,apples,0,,,provide_overwintering_habitat,Bock and Bock 1999,other,species,facultative,TRUE,0,0,7,7,,,0,0,,,,,,
md_0096,IF3VCNWP,mean_diff,137,mean_difference,categorical,abundance,abundance - 97-98,,,,,Ungrazed,Grazed,brewers_sparrow,1,apples,0,,,provide_overwintering_habitat,Bock and Bock 1999,other,species,facultative,TRUE,0.18,0.43,7,7,,,0.18,0.43,,,,,,
md_0097,IF3VCNWP,mean_diff,138,mean_difference,categorical,abundance,abundance - 96-97,,,,,Ungrazed,Grazed,vesper_sparrow,1,apples,0,,,provide_overwintering_habitat,Bock and Bock 1999,other,species,obligate,TRUE,1.76,0,7,7,,,0.64,0,,,,,,
md_0098,IF3VCNWP,mean_diff,139,mean_difference,categorical,abundance,abundance - 97-98,,,,,Ungrazed,Grazed,vesper_sparrow,1,apples,0,,,provide_overwintering_habitat,Bock and Bock 1999,other,species,obligate,TRUE,8.96,2.89,7,7,,,2.67,1.61,,,,,,
md_0099,IF3VCNWP,mean_diff,140,mean_difference,categorical,abundance,abundance - 96-97,,,,,Ungrazed,Grazed,lark_sparrow,1,apples,0,,,provide_overwintering_habitat,Bock and Bock 1999,other,species,facultative,TRUE,0,0,7,7,,,0,0,,,,,,
md_0100,IF3VCNWP,mean_diff,141,mean_difference,categorical,abundance,abundance - 97-98,,,,,Ungrazed,Grazed,lark_sparrow,1,apples,0,,,provide_overwintering_habitat,Bock and Bock 1999,other,species,facultative,TRUE,0,0.07,7,7,,,0,0.07,,,,,,
md_0101,IF3VCNWP,mean_diff,142,mean_difference,categorical,abundance,abundance - 96-97,,,,,Ungrazed,Grazed,lark_bunting,1,apples,0,,,provide_overwintering_habitat,Bock and Bock 1999,other,species,obligate,TRUE,0,0,7,7,,,0,0,,,,,,
md_0102,IF3VCNWP,mean_diff,143,mean_difference,categorical,abundance,abundance - 97-98,,,,,Ungrazed,Grazed,lark_bunting,1,apples,0,,,provide_overwintering_habitat,Bock and Bock 1999,other,species,obligate,TRUE,0.39,0.21,7,7,,,0.39,0.21,,,,,,
md_0103,IF3VCNWP,mean_diff,144,mean_difference,categorical,abundance,abundance - 96-97,,,,,Ungrazed,Grazed,grasshopper_sparrow,1,apples,0,,,provide_overwintering_habitat,Bock and Bock 1999,other,species,obligate,TRUE,0.1,0,7,7,,,0.1,0,,,,,,
md_0104,IF3VCNWP,mean_diff,145,mean_difference,categorical,abundance,abundance - 97-98,,,,,Ungrazed,Grazed,grasshopper_sparrow,1,apples,0,,,provide_overwintering_habitat,Bock and Bock 1999,other,species,obligate,TRUE,1.96,0,7,7,,,0.47,0,,,,,,
md_0105,IF3VCNWP,mean_diff,146,mean_difference,categorical,abundance,abundance - 96-97,,,,,Ungrazed,Grazed,dark_eyed_junco,1,apples,0,,,provide_overwintering_habitat,Bock and Bock 1999,other,species,facultative,TRUE,1.14,0,7,7,,,0.48,0,,,,,,
md_0106,IF3VCNWP,mean_diff,147,mean_difference,categorical,abundance,abundance - 97-98,,,,,Ungrazed,Grazed,dark_eyed_junco,1,apples,0,,,provide_overwintering_habitat,Bock and Bock 1999,other,species,facultative,TRUE,0.18,0.25,7,7,,,0.18,0.21,,,,,,
md_0107,IF3VCNWP,mean_diff,148,mean_difference,categorical,abundance,abundance - 96-97,,,,,Ungrazed,Grazed,chestnut_collared_longspur,1,apples,0,,,provide_overwintering_habitat,Bock and Bock 1999,other,species,obligate,TRUE,0,0,7,7,,,0,0,,,,,,
md_0108,IF3VCNWP,mean_diff,149,mean_difference,categorical,abundance,abundance - 97-98,,,,,Ungrazed,Grazed,chestnut_collared_longspur,1,apples,0,,,provide_overwintering_habitat,Bock and Bock 1999,other,species,obligate,TRUE,1.79,0,7,7,,,1.79,0,,,,,,
md_0109,IF3VCNWP,mean_diff,150,mean_difference,categorical,abundance,abundance - 96-97,,,,,Ungrazed,Grazed,eastern_meadowlark,1,apples,0,,,provide_overwintering_habitat,Bock and Bock 1999,other,species,obligate,TRUE,1.19,0.05,7,7,,,0.66,0.05,,,,,,
md_0110,IF3VCNWP,mean_diff,151,mean_difference,categorical,abundance,abundance - 97-98,,,,,Ungrazed,Grazed,eastern_meadowlark,1,apples,0,,,provide_overwintering_habitat,Bock and Bock 1999,other,species,obligate,TRUE,1.14,0.39,7,7,,,0.6,0.24,,,,,,
md_0111,IF3VCNWP,mean_diff,152,mean_difference,categorical,abundance,abundance - 96-97,,,,,Ungrazed,Grazed,house_finch,1,apples,0,,,provide_overwintering_habitat,Bock and Bock 1999,other,species,facultative,TRUE,0.19,0,7,7,,,0.19,0,,,,,,
md_0112,IF3VCNWP,mean_diff,153,mean_difference,categorical,abundance,abundance - 97-98,,,,,Ungrazed,Grazed,house_finch,1,apples,0,,,provide_overwintering_habitat,Bock and Bock 1999,other,species,facultative,TRUE,0,0,7,7,,,0,0,,,,,,
md_0113,IF3VCNWP,mean_diff,154,mean_difference,categorical,abundance,abundance - 96-97,,,,,Ungrazed,Grazed,northern_harrier,1,apples,0,,,provide_overwintering_habitat,Bock and Bock 1999,other,species,obligate,TRUE,0.1,0,7,7,,,0.06,0,,,,,,
md_0114,IF3VCNWP,mean_diff,155,mean_difference,categorical,abundance,abundance - 97-98,,,,,Ungrazed,Grazed,northern_harrier,1,apples,0,,,provide_overwintering_habitat,Bock and Bock 1999,other,species,obligate,TRUE,0.07,0,7,7,,,0.05,0,,,,,,
md_0115,IF3VCNWP,mean_diff,156,mean_difference,categorical,abundance,abundance - 96-97,,,,,Ungrazed,Grazed,red_tailed_hawk,1,apples,0,,,provide_overwintering_habitat,Bock and Bock 1999,other,species,facultative,TRUE,0.1,0.05,7,7,,,0.1,0.05,,,,,,
md_0116,IF3VCNWP,mean_diff,157,mean_difference,categorical,abundance,abundance - 97-98,,,,,Ungrazed,Grazed,red_tailed_hawk,1,apples,0,,,provide_overwintering_habitat,Bock and Bock 1999,other,species,facultative,TRUE,0.07,0.11,7,7,,,0.05,0.07,,,,,,
md_0117,IF3VCNWP,mean_diff,158,mean_difference,categorical,abundance,abundance - 96-97,,,,,Ungrazed,Grazed,american_kestrel,1,apples,0,,,provide_overwintering_habitat,Bock and Bock 1999,other,species,facultative,TRUE,0.1,0.1,7,7,,,0.06,0.06,,,,,,
md_0118,IF3VCNWP,mean_diff,159,mean_difference,categorical,abundance,abundance - 97-98,,,,,Ungrazed,Grazed,american_kestrel,1,apples,0,,,provide_overwintering_habitat,Bock and Bock 1999,other,species,facultative,TRUE,0.21,0.18,7,7,,,0.1,0.07,,,,,,
md_0119,IF3VCNWP,mean_diff,160,mean_difference,categorical,abundance,abundance - 96-97,,,,,Ungrazed,Grazed,greater_roadrunner,1,apples,0,,,provide_overwintering_habitat,Bock and Bock 1999,other,species,shrub,FALSE,0,0.1,7,7,,,0,0.06,,,,,,
md_0120,IF3VCNWP,mean_diff,161,mean_difference,categorical,abundance,abundance - 97-98,,,,,Ungrazed,Grazed,greater_roadrunner,1,apples,0,,,provide_overwintering_habitat,Bock and Bock 1999,other,species,shrub,FALSE,0.04,0,7,7,,,0.04,0,,,,,,
md_0121,IF3VCNWP,mean_diff,162,mean_difference,categorical,abundance,abundance - 96-97,,,,,Ungrazed,Grazed,red_naped_sapsucker,1,apples,0,,,provide_overwintering_habitat,Bock and Bock 1999,other,species,woodland,FALSE,0.1,0.29,7,7,,,0.1,0.11,,,,,,
md_0122,IF3VCNWP,mean_diff,163,mean_difference,categorical,abundance,abundance - 97-98,,,,,Ungrazed,Grazed,red_naped_sapsucker,1,apples,0,,,provide_overwintering_habitat,Bock and Bock 1999,other,species,woodland,FALSE,0,0.07,7,7,,,0,0.07,,,,,,
md_0123,IF3VCNWP,mean_diff,164,mean_difference,categorical,abundance,abundance - 96-97,,,,,Ungrazed,Grazed,ladder_backed_woodpecker,1,apples,0,,,provide_overwintering_habitat,Bock and Bock 1999,other,species,shrub,FALSE,0.1,0.05,7,7,,,0.06,0.05,,,,,,
md_0124,IF3VCNWP,mean_diff,165,mean_difference,categorical,abundance,abundance - 97-98,,,,,Ungrazed,Grazed,ladder_backed_woodpecker,1,apples,0,,,provide_overwintering_habitat,Bock and Bock 1999,other,species,shrub,FALSE,0.07,0.07,7,7,,,0.05,0.05,,,,,,
md_0125,IF3VCNWP,mean_diff,166,mean_difference,categorical,abundance,abundance - 96-97,,,,,Ungrazed,Grazed,northern_flicker,1,apples,0,,,provide_overwintering_habitat,Bock and Bock 1999,other,species,forest,FALSE,0.29,0.19,7,7,,,0.2,0.14,,,,,,
md_0126,IF3VCNWP,mean_diff,167,mean_difference,categorical,abundance,abundance - 97-98,,,,,Ungrazed,Grazed,northern_flicker,1,apples,0,,,provide_overwintering_habitat,Bock and Bock 1999,other,species,forest,FALSE,0.29,0.25,7,7,,,0.12,0.13,,,,,,
md_0127,IF3VCNWP,mean_diff,168,mean_difference,categorical,abundance,abundance - 96-97,,,,,Ungrazed,Grazed,says_phoebe,1,apples,0,,,provide_overwintering_habitat,Bock and Bock 1999,other,species,facultative,TRUE,0.24,0.38,7,7,,,0.14,0.14,,,,,,
md_0128,IF3VCNWP,mean_diff,169,mean_difference,categorical,abundance,abundance - 97-98,,,,,Ungrazed,Grazed,says_phoebe,1,apples,0,,,provide_overwintering_habitat,Bock and Bock 1999,other,species,facultative,TRUE,0.04,0.14,7,7,,,0.04,0.09,,,,,,
md_0129,IF3VCNWP,mean_diff,170,mean_difference,categorical,abundance,abundance - 96-97,,,,,Ungrazed,Grazed,loggerhead_shrike,1,apples,0,,,provide_overwintering_habitat,Bock and Bock 1999,other,species,facultative,TRUE,0.1,0.05,7,7,,,0.06,0.05,,,,,,
md_0130,IF3VCNWP,mean_diff,171,mean_difference,categorical,abundance,abundance - 97-98,,,,,Ungrazed,Grazed,loggerhead_shrike,1,apples,0,,,provide_overwintering_habitat,Bock and Bock 1999,other,species,facultative,TRUE,0.43,0.21,7,7,,,0.11,0.14,,,,,,
md_0131,IF3VCNWP,mean_diff,172,mean_difference,categorical,abundance,abundance - 96-97,,,,,Ungrazed,Grazed,mexican_jay,1,apples,0,,,provide_overwintering_habitat,Bock and Bock 1999,other,species,forest,FALSE,2.62,0.62,7,7,,,0.73,0.28,,,,,,
md_0132,IF3VCNWP,mean_diff,173,mean_difference,categorical,abundance,abundance - 97-98,,,,,Ungrazed,Grazed,mexican_jay,1,apples,0,,,provide_overwintering_habitat,Bock and Bock 1999,other,species,forest,FALSE,1.5,0.96,7,7,,,0.63,0.54,,,,,,
md_0133,IF3VCNWP,mean_diff,174,mean_difference,categorical,abundance,abundance - 96-97,,,,,Ungrazed,Grazed,chihuahuan_raven,1,apples,0,,,provide_overwintering_habitat,Bock and Bock 1999,other,species,facultative,TRUE,0.14,0.1,7,7,,,0.1,0.06,,,,,,
md_0134,IF3VCNWP,mean_diff,175,mean_difference,categorical,abundance,abundance - 97-98,,,,,Ungrazed,Grazed,chihuahuan_raven,1,apples,0,,,provide_overwintering_habitat,Bock and Bock 1999,other,species,facultative,TRUE,0.29,0.39,7,7,,,0.16,0.16,,,,,,
md_0135,IF3VCNWP,mean_diff,176,mean_difference,categorical,abundance,abundance - 96-97,,,,,Ungrazed,Grazed,bridled_titmouse,1,apples,0,,,provide_overwintering_habitat,Bock and Bock 1999,other,species,facultative,TRUE,0.14,0.33,7,7,,,0.14,0.22,,,,,,
md_0136,IF3VCNWP,mean_diff,177,mean_difference,categorical,abundance,abundance - 97-98,,,,,Ungrazed,Grazed,bridled_titmouse,1,apples,0,,,provide_overwintering_habitat,Bock and Bock 1999,other,species,facultative,TRUE,0.07,0,7,7,,,0.07,0,,,,,,
md_0137,IF3VCNWP,mean_diff,178,mean_difference,categorical,abundance,abundance - 96-97,,,,,Ungrazed,Grazed,verdin,1,apples,0,,,provide_overwintering_habitat,Bock and Bock 1999,other,species,shrub,FALSE,0.1,0.1,7,7,,,0.1,0.1,,,,,,
md_0138,IF3VCNWP,mean_diff,179,mean_difference,categorical,abundance,abundance - 97-98,,,,,Ungrazed,Grazed,verdin,1,apples,0,,,provide_overwintering_habitat,Bock and Bock 1999,other,species,shrub,FALSE,0,0,7,7,,,0,0,,,,,,
md_0139,IF3VCNWP,mean_diff,180,mean_difference,categorical,abundance,abundance - 96-97,,,,,Ungrazed,Grazed,bushtit,1,apples,0,,,provide_overwintering_habitat,Bock and Bock 1999,other,species,forest,FALSE,0.62,0.48,7,7,,,0.62,0.48,,,,,,
md_0140,IF3VCNWP,mean_diff,181,mean_difference,categorical,abundance,abundance - 97-98,,,,,Ungrazed,Grazed,bushtit,1,apples,0,,,provide_overwintering_habitat,Bock and Bock 1999,other,species,forest,FALSE,0.18,0,7,7,,,0.18,0,,,,,,
md_0141,IF3VCNWP,mean_diff,182,mean_difference,categorical,abundance,abundance - 96-97,,,,,Ungrazed,Grazed,cactus_wren,1,apples,0,,,provide_overwintering_habitat,Bock and Bock 1999,other,species,shrub,FALSE,0.29,0.1,7,7,,,0.2,0.1,,,,,,
md_0142,IF3VCNWP,mean_diff,183,mean_difference,categorical,abundance,abundance - 97-98,,,,,Ungrazed,Grazed,cactus_wren,1,apples,0,,,provide_overwintering_habitat,Bock and Bock 1999,other,species,shrub,FALSE,0.04,0.25,7,7,,,0.04,0.16,,,,,,
md_0143,IF3VCNWP,mean_diff,184,mean_difference,categorical,abundance,abundance - 96-97,,,,,Ungrazed,Grazed,bewicks_wren,1,apples,0,,,provide_overwintering_habitat,Bock and Bock 1999,other,species,shrub,FALSE,0.19,0.05,7,7,,,0.12,0.05,,,,,,
md_0144,IF3VCNWP,mean_diff,185,mean_difference,categorical,abundance,abundance - 97-98,,,,,Ungrazed,Grazed,bewicks_wren,1,apples,0,,,provide_overwintering_habitat,Bock and Bock 1999,other,species,shrub,FALSE,0.93,0.64,7,7,,,0.34,0.2,,,,,,
md_0145,IF3VCNWP,mean_diff,186,mean_difference,categorical,abundance,abundance - 96-97,,,,,Ungrazed,Grazed,ruby_crowned_kinglet,1,apples,0,,,provide_overwintering_habitat,Bock and Bock 1999,other,species,shrub,FALSE,0.1,0.14,7,7,,,0.06,0.07,,,,,,
md_0146,IF3VCNWP,mean_diff,187,mean_difference,categorical,abundance,abundance - 97-98,,,,,Ungrazed,Grazed,ruby_crowned_kinglet,1,apples,0,,,provide_overwintering_habitat,Bock and Bock 1999,other,species,shrub,FALSE,0.07,0.11,7,7,,,0.05,0.05,,,,,,
md_0147,IF3VCNWP,mean_diff,188,mean_difference,categorical,abundance,abundance - 96-97,,,,,Ungrazed,Grazed,eastern_bluebird,1,apples,0,,,provide_overwintering_habitat,Bock and Bock 1999,other,species,facultative,TRUE,0.1,0.14,7,7,,,0.06,0.14,,,,,,
md_0148,IF3VCNWP,mean_diff,189,mean_difference,categorical,abundance,abundance - 97-98,,,,,Ungrazed,Grazed,eastern_bluebird,1,apples,0,,,provide_overwintering_habitat,Bock and Bock 1999,other,species,facultative,TRUE,0,0,7,7,,,0,0,,,,,,
md_0149,IF3VCNWP,mean_diff,190,mean_difference,categorical,abundance,abundance - 96-97,,,,,Ungrazed,Grazed,western_bluebird,1,apples,0,,,provide_overwintering_habitat,Bock and Bock 1999,other,species,facultative,TRUE,0.05,0.29,7,7,,,0.05,0.18,,,,,,
md_0150,IF3VCNWP,mean_diff,191,mean_difference,categorical,abundance,abundance - 97-98,,,,,Ungrazed,Grazed,western_bluebird,1,apples,0,,,provide_overwintering_habitat,Bock and Bock 1999,other,species,facultative,TRUE,0,0.07,7,7,,,0,0.07,,,,,,
md_0151,IF3VCNWP,mean_diff,192,mean_difference,categorical,abundance,abundance - 96-97,,,,,Ungrazed,Grazed,mountain_bluebird,1,apples,0,,,provide_overwintering_habitat,Bock and Bock 1999,other,species,facultative,TRUE,0,0.33,7,7,,,0,0.19,,,,,,
md_0152,IF3VCNWP,mean_diff,193,mean_difference,categorical,abundance,abundance - 97-98,,,,,Ungrazed,Grazed,mountain_bluebird,1,apples,0,,,provide_overwintering_habitat,Bock and Bock 1999,other,species,facultative,TRUE,0,0,7,7,,,0,0,,,,,,
md_0153,IF3VCNWP,mean_diff,194,mean_difference,categorical,abundance,abundance - 96-97,,,,,Ungrazed,Grazed,northern_mockingbird,1,apples,0,,,provide_overwintering_habitat,Bock and Bock 1999,other,species,facultative,TRUE,0.14,0.14,7,7,,,0.14,0.14,,,,,,
md_0154,IF3VCNWP,mean_diff,195,mean_difference,categorical,abundance,abundance - 97-98,,,,,Ungrazed,Grazed,northern_mockingbird,1,apples,0,,,provide_overwintering_habitat,Bock and Bock 1999,other,species,facultative,TRUE,0.07,0.21,7,7,,,0.05,0.18,,,,,,
md_0155,IF3VCNWP,mean_diff,196,mean_difference,categorical,abundance,abundance - 96-97,,,,,Ungrazed,Grazed,curve_billed_thrasher,1,apples,0,,,provide_overwintering_habitat,Bock and Bock 1999,other,species,shrub,FALSE,0.05,0.1,7,7,,,0.05,0.1,,,,,,
md_0156,IF3VCNWP,mean_diff,197,mean_difference,categorical,abundance,abundance - 97-98,,,,,Ungrazed,Grazed,curve_billed_thrasher,1,apples,0,,,provide_overwintering_habitat,Bock and Bock 1999,other,species,shrub,FALSE,0,0.07,7,7,,,0,0.07,,,,,,
md_0157,IF3VCNWP,mean_diff,198,mean_difference,categorical,abundance,abundance - 96-97,,,,,Ungrazed,Grazed,cedar_waxwing,1,apples,0,,,provide_overwintering_habitat,Bock and Bock 1999,other,species,shrub,FALSE,0.48,0,7,7,,,0.48,0,,,,,,
md_0158,IF3VCNWP,mean_diff,199,mean_difference,categorical,abundance,abundance - 97-98,,,,,Ungrazed,Grazed,cedar_waxwing,1,apples,0,,,provide_overwintering_habitat,Bock and Bock 1999,other,species,shrub,FALSE,0,0,7,7,,,0,0,,,,,,
md_0159,IF3VCNWP,mean_diff,200,mean_difference,categorical,abundance,abundance - 96-97,,,,,Ungrazed,Grazed,phainopepla,1,apples,0,,,provide_overwintering_habitat,Bock and Bock 1999,other,species,shrub,FALSE,0.47,0.48,7,7,,,0.23,0.27,,,,,,
md_0160,IF3VCNWP,mean_diff,201,mean_difference,categorical,abundance,abundance - 97-98,,,,,Ungrazed,Grazed,phainopepla,1,apples,0,,,provide_overwintering_habitat,Bock and Bock 1999,other,species,shrub,FALSE,0.11,0.14,7,7,,,0.11,0.11,,,,,,
md_0161,5N6IA9AX,mean_diff,202,mean_difference,categorical,nest_success,percent nest survival,period_survival,identity,,,Native cottonwood stands,Non-native saltcedar stands,aberts_towhee,1,apples,0,,Table 1,remove_non_native_shrubs,Brand and Noon 2011,other,species,shrub,FALSE,29,30,45,36,,,8,9,,,,,,
md_0162,5N6IA9AX,mean_diff,203,mean_difference,categorical,nest_success,percent nest survival,period_survival,identity,,,Native cottonwood stands,Non-native saltcedar stands,yellow_breasted_chat,1,apples,0,,Table 1,remove_non_native_shrubs,Brand and Noon 2011,other,species,shrub,FALSE,43,39,71,25,,,7,11,,,,,,
md_0163,5N6IA9AX,mean_diff,204,mean_difference,categorical,nest_success,percent nest survival,period_survival,identity,,,Native cottonwood stands,Non-native saltcedar stands,bells_vireo,1,apples,0,,Table 1,remove_non_native_shrubs,Brand and Noon 2011,other,species,shrub,FALSE,34,9,15,11,,,13,8,,,,,,
md_0164,5N6IA9AX,mean_diff,205,mean_difference,categorical,nest_success,percent nest survival,period_survival,identity,,,Native mesquite stands,Non-native saltcedar stands,aberts_towhee,1,apples,0,,Table 1,remove_non_native_shrubs,Brand and Noon 2011,other,species,shrub,FALSE,30,30,66,36,,,6,9,,,,,,
md_0165,5N6IA9AX,mean_diff,206,mean_difference,categorical,nest_success,percent nest survival,period_survival,identity,,,Native mesquite stands,Non-native saltcedar stands,yellow_breasted_chat,1,apples,0,,Table 1,remove_non_native_shrubs,Brand and Noon 2011,other,species,shrub,FALSE,41,39,58,25,,,7,11,,,,,,
md_0166,5N6IA9AX,mean_diff,207,mean_difference,categorical,nest_success,percent nest survival,period_survival,identity,,,Native mesquite stands,Non-native saltcedar stands,bells_vireo,1,apples,0,,Table 1,remove_non_native_shrubs,Brand and Noon 2011,other,species,shrub,FALSE,12,9,60,11,,,4,8,,,,,,
md_0167,VEK3WELY,mean_diff,208,mean_difference,categorical,abundance,nest density (nests/ha),,,,,Burned fields (year of burn),Burned fields (3-years post-burn),bobolink,1,apples,0,,At one point Amy asked to remove the year-of-burn ... should we?,prescribed_fire,Byers et al. 2017,other,species,obligate,TRUE,0.07,0.19,9,4,,,0.05,0.08,,,,,,
md_0168,VEK3WELY,mean_diff,209,mean_difference,categorical,abundance,nest density (nests/ha),,,,,Burned fields (year of burn),Burned fields (3-years post-burn),eastern_meadowlark,1,apples,0,,At one point Amy asked to remove the year-of-burn ... should we?,prescribed_fire,Byers et al. 2017,other,species,obligate,TRUE,0.03,0.22,9,4,,,0.02,0.08,,,,,,
md_0169,VEK3WELY,mean_diff,210,mean_difference,categorical,abundance,nest density (nests/ha),,,,,Burned fields (year of burn),Burned fields (3-years post-burn),grasshopper_sparrow,1,apples,0,,At one point Amy asked to remove the year-of-burn ... should we?,prescribed_fire,Byers et al. 2017,other,species,obligate,TRUE,0.25,0.06,9,4,,,0.13,0.06,,,,,,
md_0170,VEK3WELY,mean_diff,211,mean_difference,categorical,abundance,nest density (nests/ha),,,,,Burned fields (year of burn),Burned fields (3-years post-burn),henslows_sparrow,1,apples,0,,At one point Amy asked to remove the year-of-burn ... should we?,prescribed_fire,Byers et al. 2017,other,species,obligate,TRUE,0,0.06,9,4,,,0,0.06,,,,,,
md_0171,VEK3WELY,mean_diff,212,mean_difference,categorical,abundance,nest density (nests/ha),,,,,Burned fields (1-year post-burn),Burned fields (3-years post-burn),bobolink,1,apples,0,,At one point Amy asked to remove the year-of-burn ... should we?,prescribed_fire,Byers et al. 2017,other,species,obligate,TRUE,0.32,0.19,7,4,,,0.15,0.08,,,,,,
md_0172,VEK3WELY,mean_diff,213,mean_difference,categorical,abundance,nest density (nests/ha),,,,,Burned fields (1-year post-burn),Burned fields (3-years post-burn),eastern_meadowlark,1,apples,0,,,prescribed_fire,Byers et al. 2017,other,species,obligate,TRUE,0.19,0.22,7,4,,,0.06,0.08,,,,,,
md_0173,VEK3WELY,mean_diff,214,mean_difference,categorical,abundance,nest density (nests/ha),,,,,Burned fields (1-year post-burn),Burned fields (3-years post-burn),grasshopper_sparrow,1,apples,0,,,prescribed_fire,Byers et al. 2017,other,species,obligate,TRUE,0.16,0.06,7,4,,,0.06,0.06,,,,,,
md_0174,VEK3WELY,mean_diff,215,mean_difference,categorical,abundance,nest density (nests/ha),,,,,Burned fields (1-year post-burn),Burned fields (3-years post-burn),henslows_sparrow,1,apples,0,,,prescribed_fire,Byers et al. 2017,other,species,obligate,TRUE,0.27,0.06,7,4,,,0.12,0.06,,,,,,
md_0175,VEK3WELY,mean_diff,216,mean_difference,categorical,abundance,nest density (nests/ha),,,,,Burned fields (2-year post-burn),Burned fields (3-years post-burn),bobolink,1,apples,0,,,prescribed_fire,Byers et al. 2017,other,species,obligate,TRUE,0.4,0.19,8,4,,,0.22,0.08,,,,,,
md_0176,VEK3WELY,mean_diff,217,mean_difference,categorical,abundance,nest density (nests/ha),,,,,Burned fields (2-year post-burn),Burned fields (3-years post-burn),eastern_meadowlark,1,apples,0,,,prescribed_fire,Byers et al. 2017,other,species,obligate,TRUE,0.25,0.22,8,4,,,0.12,0.08,,,,,,
md_0177,VEK3WELY,mean_diff,218,mean_difference,categorical,abundance,nest density (nests/ha),,,,,Burned fields (2-year post-burn),Burned fields (3-years post-burn),grasshopper_sparrow,1,apples,0,,,prescribed_fire,Byers et al. 2017,other,species,obligate,TRUE,0.05,0.06,8,4,,,0.03,0.06,,,,,,
md_0178,VEK3WELY,mean_diff,219,mean_difference,categorical,abundance,nest density (nests/ha),,,,,Burned fields (2-year post-burn),Burned fields (3-years post-burn),henslows_sparrow,1,apples,0,,,prescribed_fire,Byers et al. 2017,other,species,obligate,TRUE,0.05,0.06,8,4,,,0.02,0.06,,,,,,
md_0179,DY9N6UPD,mean_diff,220,mean_difference,categorical,nest_success,dsr,daily_survival,logit,,,Patch burn (current year),traditional management (annual burning followed by early-intensive grazing),dickcissel,1,apples,0,,What does traditional management mean in this context?,manage_in_patches,Churchwell et al. 2008,great_plains,species,obligate,TRUE,0.914,0.926,27,110,,,0.021,0.008,,,,,,
md_0180,DY9N6UPD,mean_diff,221,mean_difference,categorical,nest_success,dsr,daily_survival,logit,,,Patch burn (1-yr post-burn),traditional management (annual burning followed by early-intensive grazing),dickcissel,1,apples,0,,What does traditional management mean in this context?,manage_in_patches,Churchwell et al. 2008,great_plains,species,obligate,TRUE,0.937,0.926,63,110,,,0.01,0.008,,,,,,
md_0181,DY9N6UPD,mean_diff,222,mean_difference,categorical,nest_success,dsr,daily_survival,logit,,,Patch burn (2-yr post-burn),traditional management (annual burning followed by early-intensive grazing),dickcissel,1,apples,0,,What does traditional management mean in this context?,manage_in_patches,Churchwell et al. 2008,great_plains,species,obligate,TRUE,0.945,0.926,90,110,,,0.008,0.008,,,,,,
md_0182,DY9N6UPD,mean_diff,223,mean_difference,categorical,abundance,nests/ha,,,,,Patch burn (current year),traditional management (annual burning followed by early-intensive grazing),dickcissel,1,apples,0,,What does traditional management mean in this context?,manage_in_patches,Churchwell et al. 2008,great_plains,species,obligate,TRUE,0.41,2,2,2,,,0.16,0.33,,,,,,
md_0183,DY9N6UPD,mean_diff,224,mean_difference,categorical,abundance,nests/ha,,,,,Patch burn (1-yr post-burn),traditional management (annual burning followed by early-intensive grazing),dickcissel,1,apples,0,,What does traditional management mean in this context?,manage_in_patches,Churchwell et al. 2008,great_plains,species,obligate,TRUE,1.03,2,2,2,,,0.26,0.33,,,,,,
md_0184,DY9N6UPD,mean_diff,225,mean_difference,categorical,abundance,nests/ha,,,,,Patch burn (2-yr post-burn),traditional management (annual burning followed by early-intensive grazing),dickcissel,1,apples,0,,What does traditional management mean in this context?,manage_in_patches,Churchwell et al. 2008,great_plains,species,obligate,TRUE,1.64,2,2,2,,,0.32,0.33,,,,,,
md_0185,ILUKKWJA,mean_diff,226,mean_difference,categorical,abundance,density (birds/0.2 ha),,,,,no field margin,narrow field margin,red_winged_blackbird,-1,apples,0,,Sample size is actually lower than this. They included year in their sample size.,stream_exclusion_and_buffers,Conover et al. 2009,southeast_us,species,facultative,TRUE,0.119,1.686,42,51,,,0.061,0.345,,,,,,
md_0186,ILUKKWJA,mean_diff,227,mean_difference,categorical,abundance,density (birds/0.2 ha),,,,,no field margin,wide-bordered field margin,red_winged_blackbird,-1,apples,0,,Sample size is actually lower than this. They included year in their sample size.,stream_exclusion_and_buffers,Conover et al. 2009,southeast_us,species,facultative,TRUE,0.119,4.278,42,18,,,0.061,0.925,,,,,,
md_0187,ILUKKWJA,mean_diff,228,mean_difference,categorical,abundance,density (birds/0.2 ha),,,,,narrow field margin,wide-bordered field margin,red_winged_blackbird,-1,apples,0,,Sample size is actually lower than this. They included year in their sample size.,stream_exclusion_and_buffers,Conover et al. 2009,southeast_us,species,facultative,TRUE,1.686,4.278,51,18,,,0.345,0.925,,,,,,
md_0188,ILUKKWJA,mean_diff,229,mean_difference,categorical,abundance,density (birds/0.2 ha),,,,,no field margin,narrow field margin,dickcissel,-1,apples,0,,Sample size is actually lower than this. They included year in their sample size.,stream_exclusion_and_buffers,Conover et al. 2009,southeast_us,species,obligate,TRUE,0,0.137,42,51,,,0,0.069,,,,,,
md_0189,ILUKKWJA,mean_diff,230,mean_difference,categorical,abundance,density (birds/0.2 ha),,,,,no field margin,wide-bordered field margin,dickcissel,-1,apples,0,,Sample size is actually lower than this. They included year in their sample size.,stream_exclusion_and_buffers,Conover et al. 2009,southeast_us,species,obligate,TRUE,0,2,42,18,,,0,0.763,,,,,,
md_0190,ILUKKWJA,mean_diff,231,mean_difference,categorical,abundance,density (birds/0.2 ha),,,,,narrow field margin,wide-bordered field margin,dickcissel,-1,apples,0,,Sample size is actually lower than this. They included year in their sample size.,stream_exclusion_and_buffers,Conover et al. 2009,southeast_us,species,obligate,TRUE,0.137,2,51,18,,,0.069,0.763,,,,,,
md_0191,ILUKKWJA,mean_diff,232,mean_difference,categorical,abundance,density (birds/0.2 ha),,,,,no field margin,narrow field margin,northern_cardinal,-1,apples,0,,Sample size is actually lower than this. They included year in their sample size.,stream_exclusion_and_buffers,Conover et al. 2009,southeast_us,species,facultative,TRUE,0.143,0.569,42,51,,,0.087,0.132,,,,,,
md_0192,ILUKKWJA,mean_diff,233,mean_difference,categorical,abundance,density (birds/0.2 ha),,,,,no field margin,wide-bordered field margin,northern_cardinal,-1,apples,0,,Sample size is actually lower than this. They included year in their sample size.,stream_exclusion_and_buffers,Conover et al. 2009,southeast_us,species,facultative,TRUE,0.143,0.167,42,18,,,0.087,0.121,,,,,,
md_0193,ILUKKWJA,mean_diff,234,mean_difference,categorical,abundance,density (birds/0.2 ha),,,,,narrow field margin,wide-bordered field margin,northern_cardinal,-1,apples,0,,Sample size is actually lower than this. They included year in their sample size.,stream_exclusion_and_buffers,Conover et al. 2009,southeast_us,species,facultative,TRUE,0.569,0.167,51,18,,,0.132,0.121,,,,,,
md_0194,ILUKKWJA,mean_diff,235,mean_difference,categorical,abundance,density (birds/0.2 ha),,,,,no field margin,narrow field margin,indigo_bunting,-1,apples,0,,Sample size is actually lower than this. They included year in their sample size.,stream_exclusion_and_buffers,Conover et al. 2009,southeast_us,species,facultative,TRUE,0.048,0.392,42,51,,,0.033,0.119,,,,,,
md_0195,ILUKKWJA,mean_diff,236,mean_difference,categorical,abundance,density (birds/0.2 ha),,,,,no field margin,wide-bordered field margin,indigo_bunting,-1,apples,0,,Sample size is actually lower than this. They included year in their sample size.,stream_exclusion_and_buffers,Conover et al. 2009,southeast_us,species,facultative,TRUE,0.048,0.278,42,18,,,0.033,0.135,,,,,,
md_0196,ILUKKWJA,mean_diff,237,mean_difference,categorical,abundance,density (birds/0.2 ha),,,,,narrow field margin,wide-bordered field margin,indigo_bunting,-1,apples,0,,Sample size is actually lower than this. They included year in their sample size.,stream_exclusion_and_buffers,Conover et al. 2009,southeast_us,species,facultative,TRUE,0.392,0.278,51,18,,,0.119,0.135,,,,,,
md_0197,ILUKKWJA,mean_diff,238,mean_difference,categorical,abundance,density (birds/0.2 ha),,,,,no field margin,narrow field margin,mourning_dove,-1,apples,0,,Sample size is actually lower than this. They included year in their sample size.,stream_exclusion_and_buffers,Conover et al. 2009,southeast_us,species,facultative,TRUE,0.143,0.157,42,51,,,0.073,0.071,,,,,,
md_0198,ILUKKWJA,mean_diff,239,mean_difference,categorical,abundance,density (birds/0.2 ha),,,,,no field margin,wide-bordered field margin,mourning_dove,-1,apples,0,,Sample size is actually lower than this. They included year in their sample size.,stream_exclusion_and_buffers,Conover et al. 2009,southeast_us,species,facultative,TRUE,0.143,0.111,42,18,,,0.073,0.076,,,,,,
md_0199,ILUKKWJA,mean_diff,240,mean_difference,categorical,abundance,density (birds/0.2 ha),,,,,narrow field margin,wide-bordered field margin,mourning_dove,-1,apples,0,,Sample size is actually lower than this. They included year in their sample size.,stream_exclusion_and_buffers,Conover et al. 2009,southeast_us,species,facultative,TRUE,0.157,0.111,51,18,,,0.071,0.076,,,,,,
md_0200,ILUKKWJA,mean_diff,241,mean_difference,categorical,abundance,density (birds/0.2 ha),,,,,no field margin,narrow field margin,common_grackle,-1,apples,0,,Sample size is actually lower than this. They included year in their sample size.,stream_exclusion_and_buffers,Conover et al. 2009,southeast_us,species,facultative,TRUE,0.024,0.078,42,51,,,0.024,0.055,,,,,,
md_0201,ILUKKWJA,mean_diff,242,mean_difference,categorical,abundance,density (birds/0.2 ha),,,,,no field margin,wide-bordered field margin,common_grackle,-1,apples,0,,Sample size is actually lower than this. They included year in their sample size.,stream_exclusion_and_buffers,Conover et al. 2009,southeast_us,species,facultative,TRUE,0.024,0.111,42,18,,,0.024,0.076,,,,,,
md_0202,ILUKKWJA,mean_diff,243,mean_difference,categorical,abundance,density (birds/0.2 ha),,,,,narrow field margin,wide-bordered field margin,common_grackle,-1,apples,0,,Sample size is actually lower than this. They included year in their sample size.,stream_exclusion_and_buffers,Conover et al. 2009,southeast_us,species,facultative,TRUE,0.078,0.111,51,18,,,0.055,0.076,,,,,,
md_0203,ILUKKWJA,mean_diff,244,mean_difference,categorical,abundance,density (birds/0.2 ha),,,,,no field margin,narrow field margin,yellow_billed_cuckoo,-1,apples,0,,Sample size is actually lower than this. They included year in their sample size.,stream_exclusion_and_buffers,Conover et al. 2009,southeast_us,species,shrub,FALSE,0,0.059,42,51,,,0,0.044,,,,,,
md_0204,ILUKKWJA,mean_diff,245,mean_difference,categorical,abundance,density (birds/0.2 ha),,,,,no field margin,wide-bordered field margin,yellow_billed_cuckoo,-1,apples,0,,Sample size is actually lower than this. They included year in their sample size.,stream_exclusion_and_buffers,Conover et al. 2009,southeast_us,species,shrub,FALSE,0,0.056,42,18,,,0,0.056,,,,,,
md_0205,ILUKKWJA,mean_diff,246,mean_difference,categorical,abundance,density (birds/0.2 ha),,,,,narrow field margin,wide-bordered field margin,yellow_billed_cuckoo,-1,apples,0,,Sample size is actually lower than this. They included year in their sample size.,stream_exclusion_and_buffers,Conover et al. 2009,southeast_us,species,shrub,FALSE,0.059,0.056,51,18,,,0.044,0.056,,,,,,
md_0206,ILUKKWJA,mean_diff,247,mean_difference,categorical,abundance,density (birds/0.2 ha),,,,,no field margin,narrow field margin,brown_headed_cowbird,-1,apples,0,,Sample size is actually lower than this. They included year in their sample size.,stream_exclusion_and_buffers,Conover et al. 2009,southeast_us,species,facultative,TRUE,0,0.078,42,51,,,0,0.047,,,,,,
md_0207,ILUKKWJA,mean_diff,248,mean_difference,categorical,abundance,density (birds/0.2 ha),,,,,no field margin,wide-bordered field margin,brown_headed_cowbird,-1,apples,0,,Sample size is actually lower than this. They included year in their sample size.,stream_exclusion_and_buffers,Conover et al. 2009,southeast_us,species,facultative,TRUE,0,0,42,18,,,0,0,,,,,,
md_0208,ILUKKWJA,mean_diff,249,mean_difference,categorical,abundance,density (birds/0.2 ha),,,,,narrow field margin,wide-bordered field margin,brown_headed_cowbird,-1,apples,0,,Sample size is actually lower than this. They included year in their sample size.,stream_exclusion_and_buffers,Conover et al. 2009,southeast_us,species,facultative,TRUE,0.078,0,51,18,,,0.047,0,,,,,,
md_0209,ILUKKWJA,mean_diff,250,mean_difference,categorical,abundance,density (birds/0.2 ha),,,,,no field margin,narrow field margin,ruby_throated_hummingbird,-1,apples,0,,Sample size is actually lower than this. They included year in their sample size.,stream_exclusion_and_buffers,Conover et al. 2009,southeast_us,species,woodland,FALSE,0,0.039,42,51,,,0,0.039,,,,,,
md_0210,ILUKKWJA,mean_diff,251,mean_difference,categorical,abundance,density (birds/0.2 ha),,,,,no field margin,wide-bordered field margin,ruby_throated_hummingbird,-1,apples,0,,Sample size is actually lower than this. They included year in their sample size.,stream_exclusion_and_buffers,Conover et al. 2009,southeast_us,species,woodland,FALSE,0,0.056,42,18,,,0,0.056,,,,,,
md_0211,ILUKKWJA,mean_diff,252,mean_difference,categorical,abundance,density (birds/0.2 ha),,,,,narrow field margin,wide-bordered field margin,ruby_throated_hummingbird,-1,apples,0,,Sample size is actually lower than this. They included year in their sample size.,stream_exclusion_and_buffers,Conover et al. 2009,southeast_us,species,woodland,FALSE,0.039,0.056,51,18,,,0.039,0.056,,,,,,
md_0212,ILUKKWJA,mean_diff,253,mean_difference,categorical,abundance,density (birds/0.2 ha),,,,,no field margin,narrow field margin,eastern_meadowlark,-1,apples,0,,Sample size is actually lower than this. They included year in their sample size.,stream_exclusion_and_buffers,Conover et al. 2009,southeast_us,species,obligate,TRUE,0,0.039,42,51,,,0,0.028,,,,,,
md_0213,ILUKKWJA,mean_diff,254,mean_difference,categorical,abundance,density (birds/0.2 ha),,,,,no field margin,wide-bordered field margin,eastern_meadowlark,-1,apples,0,,Sample size is actually lower than this. They included year in their sample size.,stream_exclusion_and_buffers,Conover et al. 2009,southeast_us,species,obligate,TRUE,0,0.056,42,18,,,0,0.056,,,,,,
md_0214,ILUKKWJA,mean_diff,255,mean_difference,categorical,abundance,density (birds/0.2 ha),,,,,narrow field margin,wide-bordered field margin,eastern_meadowlark,-1,apples,0,,Sample size is actually lower than this. They included year in their sample size.,stream_exclusion_and_buffers,Conover et al. 2009,southeast_us,species,obligate,TRUE,0.039,0.056,51,18,,,0.028,0.056,,,,,,
md_0215,ILUKKWJA,mean_diff,256,mean_difference,categorical,abundance,density (birds/0.2 ha),,,,,no field margin,narrow field margin,northern_bobwhite,-1,apples,0,,Sample size is actually lower than this. They included year in their sample size.,stream_exclusion_and_buffers,Conover et al. 2009,southeast_us,species,facultative,TRUE,0,0.02,42,51,,,0,0.02,,,,,,
md_0216,ILUKKWJA,mean_diff,257,mean_difference,categorical,abundance,density (birds/0.2 ha),,,,,no field margin,wide-bordered field margin,northern_bobwhite,-1,apples,0,,Sample size is actually lower than this. They included year in their sample size.,stream_exclusion_and_buffers,Conover et al. 2009,southeast_us,species,facultative,TRUE,0,0.056,42,18,,,0,0.056,,,,,,
md_0217,ILUKKWJA,mean_diff,258,mean_difference,categorical,abundance,density (birds/0.2 ha),,,,,narrow field margin,wide-bordered field margin,northern_bobwhite,-1,apples,0,,Sample size is actually lower than this. They included year in their sample size.,stream_exclusion_and_buffers,Conover et al. 2009,southeast_us,species,facultative,TRUE,0.02,0.056,51,18,,,0.02,0.056,,,,,,
md_0218,ILUKKWJA,mean_diff,259,mean_difference,categorical,abundance,density (birds/0.2 ha),,,,,no field margin,narrow field margin,northern_mockingbird,-1,apples,0,,Sample size is actually lower than this. They included year in their sample size.,stream_exclusion_and_buffers,Conover et al. 2009,southeast_us,species,facultative,TRUE,0,0.039,42,51,,,0,0.028,,,,,,
md_0219,ILUKKWJA,mean_diff,260,mean_difference,categorical,abundance,density (birds/0.2 ha),,,,,no field margin,wide-bordered field margin,northern_mockingbird,-1,apples,0,,Sample size is actually lower than this. They included year in their sample size.,stream_exclusion_and_buffers,Conover et al. 2009,southeast_us,species,facultative,TRUE,0,0,42,18,,,0,0,,,,,,
md_0220,ILUKKWJA,mean_diff,261,mean_difference,categorical,abundance,density (birds/0.2 ha),,,,,narrow field margin,wide-bordered field margin,northern_mockingbird,-1,apples,0,,Sample size is actually lower than this. They included year in their sample size.,stream_exclusion_and_buffers,Conover et al. 2009,southeast_us,species,facultative,TRUE,0.039,0,51,18,,,0.028,0,,,,,,
md_0221,ILUKKWJA,mean_diff,262,mean_difference,categorical,abundance,density (birds/0.2 ha),,,,,no field margin,narrow field margin,red_tailed_hawk,-1,apples,0,,Sample size is actually lower than this. They included year in their sample size.,stream_exclusion_and_buffers,Conover et al. 2009,southeast_us,species,facultative,TRUE,0,0.02,42,51,,,0,0.02,,,,,,
md_0222,ILUKKWJA,mean_diff,263,mean_difference,categorical,abundance,density (birds/0.2 ha),,,,,no field margin,wide-bordered field margin,red_tailed_hawk,-1,apples,0,,Sample size is actually lower than this. They included year in their sample size.,stream_exclusion_and_buffers,Conover et al. 2009,southeast_us,species,facultative,TRUE,0,0,42,18,,,0,0,,,,,,
md_0223,ILUKKWJA,mean_diff,264,mean_difference,categorical,abundance,density (birds/0.2 ha),,,,,narrow field margin,wide-bordered field margin,red_tailed_hawk,-1,apples,0,,Sample size is actually lower than this. They included year in their sample size.,stream_exclusion_and_buffers,Conover et al. 2009,southeast_us,species,facultative,TRUE,0.02,0,51,18,,,0.02,0,,,,,,
md_0224,ILUKKWJA,mean_diff,265,mean_difference,categorical,abundance,density (birds/0.2 ha),,,,,no field margin,narrow field margin,wild_turkey,-1,apples,0,,Sample size is actually lower than this. They included year in their sample size.,stream_exclusion_and_buffers,Conover et al. 2009,southeast_us,species,facultative,TRUE,0,0.02,42,51,,,0,0.02,,,,,,
md_0225,ILUKKWJA,mean_diff,266,mean_difference,categorical,abundance,density (birds/0.2 ha),,,,,no field margin,wide-bordered field margin,wild_turkey,-1,apples,0,,Sample size is actually lower than this. They included year in their sample size.,stream_exclusion_and_buffers,Conover et al. 2009,southeast_us,species,facultative,TRUE,0,0,42,18,,,0,0,,,,,,
md_0226,ILUKKWJA,mean_diff,267,mean_difference,categorical,abundance,density (birds/0.2 ha),,,,,narrow field margin,wide-bordered field margin,wild_turkey,-1,apples,0,,Sample size is actually lower than this. They included year in their sample size.,stream_exclusion_and_buffers,Conover et al. 2009,southeast_us,species,facultative,TRUE,0.02,0,51,18,,,0.02,0,,,,,,
md_0227,ILUKKWJA,mean_diff,268,mean_difference,categorical,abundance,density (birds/0.2 ha),,,,,no field margin,narrow field margin,killdeer,-1,apples,0,,Sample size is actually lower than this. They included year in their sample size.,stream_exclusion_and_buffers,Conover et al. 2009,southeast_us,species,facultative,TRUE,0,0.02,42,51,,,0,0.02,,,,,,
md_0228,ILUKKWJA,mean_diff,269,mean_difference,categorical,abundance,density (birds/0.2 ha),,,,,no field margin,wide-bordered field margin,killdeer,-1,apples,0,,Sample size is actually lower than this. They included year in their sample size.,stream_exclusion_and_buffers,Conover et al. 2009,southeast_us,species,facultative,TRUE,0,0,42,18,,,0,0,,,,,,
md_0229,ILUKKWJA,mean_diff,270,mean_difference,categorical,abundance,density (birds/0.2 ha),,,,,narrow field margin,wide-bordered field margin,killdeer,-1,apples,0,,Sample size is actually lower than this. They included year in their sample size.,stream_exclusion_and_buffers,Conover et al. 2009,southeast_us,species,facultative,TRUE,0.02,0,51,18,,,0.02,0,,,,,,
md_0230,ILUKKWJA,mean_diff,271,mean_difference,categorical,abundance,density (birds/0.2 ha),,,,,no field margin,narrow field margin,great_crested_flycatcher,-1,apples,0,,Sample size is actually lower than this. They included year in their sample size.,stream_exclusion_and_buffers,Conover et al. 2009,southeast_us,species,shrub,FALSE,0,0.02,42,51,,,0,0.02,,,,,,
md_0231,ILUKKWJA,mean_diff,272,mean_difference,categorical,abundance,density (birds/0.2 ha),,,,,no field margin,wide-bordered field margin,great_crested_flycatcher,-1,apples,0,,Sample size is actually lower than this. They included year in their sample size.,stream_exclusion_and_buffers,Conover et al. 2009,southeast_us,species,shrub,FALSE,0,0,42,18,,,0,0,,,,,,
md_0232,ILUKKWJA,mean_diff,273,mean_difference,categorical,abundance,density (birds/0.2 ha),,,,,narrow field margin,wide-bordered field margin,great_crested_flycatcher,-1,apples,0,,Sample size is actually lower than this. They included year in their sample size.,stream_exclusion_and_buffers,Conover et al. 2009,southeast_us,species,shrub,FALSE,0.02,0,51,18,,,0.02,0,,,,,,
md_0233,ILUKKWJA,mean_diff,274,mean_difference,categorical,abundance,density (birds/0.2 ha),,,,,no field margin,narrow field margin,horned_lark,-1,apples,0,,Sample size is actually lower than this. They included year in their sample size.,stream_exclusion_and_buffers,Conover et al. 2009,southeast_us,species,obligate,TRUE,0,0.02,42,51,,,0,0.02,,,,,,
md_0234,ILUKKWJA,mean_diff,275,mean_difference,categorical,abundance,density (birds/0.2 ha),,,,,no field margin,wide-bordered field margin,horned_lark,-1,apples,0,,Sample size is actually lower than this. They included year in their sample size.,stream_exclusion_and_buffers,Conover et al. 2009,southeast_us,species,obligate,TRUE,0,0,42,18,,,0,0,,,,,,
md_0235,ILUKKWJA,mean_diff,276,mean_difference,categorical,abundance,density (birds/0.2 ha),,,,,narrow field margin,wide-bordered field margin,horned_lark,-1,apples,0,,Sample size is actually lower than this. They included year in their sample size.,stream_exclusion_and_buffers,Conover et al. 2009,southeast_us,species,obligate,TRUE,0.02,0,51,18,,,0.02,0,,,,,,
md_0236,ILUKKWJA,mean_diff,277,mean_difference,categorical,abundance,density (birds/0.2 ha),,,,,no field margin,narrow field margin,brown_thrasher,-1,apples,0,,Sample size is actually lower than this. They included year in their sample size.,stream_exclusion_and_buffers,Conover et al. 2009,southeast_us,species,shrub,FALSE,0,0.02,42,51,,,0,0.02,,,,,,
md_0237,ILUKKWJA,mean_diff,278,mean_difference,categorical,abundance,density (birds/0.2 ha),,,,,no field margin,wide-bordered field margin,brown_thrasher,-1,apples,0,,Sample size is actually lower than this. They included year in their sample size.,stream_exclusion_and_buffers,Conover et al. 2009,southeast_us,species,shrub,FALSE,0,0,42,18,,,0,0,,,,,,
md_0238,ILUKKWJA,mean_diff,279,mean_difference,categorical,abundance,density (birds/0.2 ha),,,,,narrow field margin,wide-bordered field margin,brown_thrasher,-1,apples,0,,Sample size is actually lower than this. They included year in their sample size.,stream_exclusion_and_buffers,Conover et al. 2009,southeast_us,species,shrub,FALSE,0.02,0,51,18,,,0.02,0,,,,,,
md_0239,ILUKKWJA,mean_diff,280,mean_difference,categorical,abundance,density (birds/0.2 ha),,,,,no field margin,narrow field margin,blue_grosbeak,-1,apples,0,,Sample size is actually lower than this. They included year in their sample size.,stream_exclusion_and_buffers,Conover et al. 2009,southeast_us,species,facultative,TRUE,0,0,42,51,,,0,0,,,,,,
md_0240,ILUKKWJA,mean_diff,281,mean_difference,categorical,abundance,density (birds/0.2 ha),,,,,no field margin,wide-bordered field margin,blue_grosbeak,-1,apples,0,,Sample size is actually lower than this. They included year in their sample size.,stream_exclusion_and_buffers,Conover et al. 2009,southeast_us,species,facultative,TRUE,0,0.056,42,18,,,0,0.056,,,,,,
md_0241,ILUKKWJA,mean_diff,282,mean_difference,categorical,abundance,density (birds/0.2 ha),,,,,narrow field margin,wide-bordered field margin,blue_grosbeak,-1,apples,0,,Sample size is actually lower than this. They included year in their sample size.,stream_exclusion_and_buffers,Conover et al. 2009,southeast_us,species,facultative,TRUE,0,0.056,51,18,,,0,0.056,,,,,,
md_0242,ILUKKWJA,mean_diff,283,mean_difference,categorical,abundance,density (birds/0.2 ha),,,,,no field margin,narrow field margin,painted_bunting,-1,apples,0,,Sample size is actually lower than this. They included year in their sample size.,stream_exclusion_and_buffers,Conover et al. 2009,southeast_us,species,facultative,TRUE,0,0.02,42,51,,,0,0.02,,,,,,
md_0243,ILUKKWJA,mean_diff,284,mean_difference,categorical,abundance,density (birds/0.2 ha),,,,,no field margin,wide-bordered field margin,painted_bunting,-1,apples,0,,Sample size is actually lower than this. They included year in their sample size.,stream_exclusion_and_buffers,Conover et al. 2009,southeast_us,species,facultative,TRUE,0,0,42,18,,,0,0,,,,,,
md_0244,ILUKKWJA,mean_diff,285,mean_difference,categorical,abundance,density (birds/0.2 ha),,,,,narrow field margin,wide-bordered field margin,painted_bunting,-1,apples,0,,Sample size is actually lower than this. They included year in their sample size.,stream_exclusion_and_buffers,Conover et al. 2009,southeast_us,species,facultative,TRUE,0.02,0,51,18,,,0.02,0,,,,,,
md_0245,ILUKKWJA,mean_diff,286,mean_difference,categorical,abundance,density (birds/0.2 ha),,,,,no field margin,narrow field margin,eastern_towhee,-1,apples,0,,Sample size is actually lower than this. They included year in their sample size.,stream_exclusion_and_buffers,Conover et al. 2009,southeast_us,species,shrub,FALSE,0,0,42,51,,,0,0,,,,,,
md_0246,ILUKKWJA,mean_diff,287,mean_difference,categorical,abundance,density (birds/0.2 ha),,,,,no field margin,wide-bordered field margin,eastern_towhee,-1,apples,0,,Sample size is actually lower than this. They included year in their sample size.,stream_exclusion_and_buffers,Conover et al. 2009,southeast_us,species,shrub,FALSE,0,0.056,42,18,,,0,0.056,,,,,,
md_0247,ILUKKWJA,mean_diff,288,mean_difference,categorical,abundance,density (birds/0.2 ha),,,,,narrow field margin,wide-bordered field margin,eastern_towhee,-1,apples,0,,Sample size is actually lower than this. They included year in their sample size.,stream_exclusion_and_buffers,Conover et al. 2009,southeast_us,species,shrub,FALSE,0,0.056,51,18,,,0,0.056,,,,,,
md_0248,ILUKKWJA,mean_diff,289,mean_difference,categorical,abundance,density (birds/0.2 ha),,,,,no field margin,narrow field margin,orchard_oriole,-1,apples,0,,Sample size is actually lower than this. They included year in their sample size.,stream_exclusion_and_buffers,Conover et al. 2009,southeast_us,species,facultative,TRUE,0,0.02,42,51,,,0,0.02,,,,,,
md_0249,ILUKKWJA,mean_diff,290,mean_difference,categorical,abundance,density (birds/0.2 ha),,,,,no field margin,wide-bordered field margin,orchard_oriole,-1,apples,0,,Sample size is actually lower than this. They included year in their sample size.,stream_exclusion_and_buffers,Conover et al. 2009,southeast_us,species,facultative,TRUE,0,0,42,18,,,0,0,,,,,,
md_0250,ILUKKWJA,mean_diff,291,mean_difference,categorical,abundance,density (birds/0.2 ha),,,,,narrow field margin,wide-bordered field margin,orchard_oriole,-1,apples,0,,Sample size is actually lower than this. They included year in their sample size.,stream_exclusion_and_buffers,Conover et al. 2009,southeast_us,species,facultative,TRUE,0.02,0,51,18,,,0.02,0,,,,,,
md_0251,ZFUENEQI,mean_diff,292,mean_difference,categorical,abundance,nest density (nests/100 ha),,,,,Riparian forest buffer adjacent to wooded vegetation,Riparian forest buffer adjacent to non-wooded vegetation,red_winged_blackbird,,oranges,0,,Does not test the bmp,edge_and_shrub_habitat,Conover et al. 2011,southeast_us,species,facultative,TRUE,64.81,103.17,27,23,,,,,23.61,43.03,106.01,163.31,,
md_0252,ZFUENEQI,mean_diff,293,mean_difference,categorical,abundance,nest density (nests/100 ha),,,,,Riparian forest buffer adjacent to wooded vegetation,Riparian forest buffer adjacent to non-wooded vegetation,dickcissel,,oranges,0,,Does not test the bmp,edge_and_shrub_habitat,Conover et al. 2011,southeast_us,species,obligate,TRUE,37.04,65.22,27,23,,,,,2.8999999999999986,32.82,71.18,97.62,,
md_0253,47D2B23I,mean_diff,294,mean_difference,categorical,species_richness,species_richness,,,,,Diverse strips (2005),monotypic filter strips (2005),all_species,1,oranges,0,,Estimated from plot; Review whether this is an appropriate nwsg test,plant_nwsg,Conover et al. 2014,southeast_us,aggregate,,TRUE,2.45,2.3,20,20,,,0.1,0.25,,,,,,
md_0254,47D2B23I,mean_diff,295,mean_difference,categorical,species_richness,species_richness,,,,,Diverse strips (2006),monotypic filter strips (2006),all_species,1,oranges,0,,Estimated from plot,plant_nwsg,Conover et al. 2014,southeast_us,aggregate,,TRUE,1.7,1.25,20,20,,,0.075,0.1,,,,,,
md_0255,47D2B23I,mean_diff,296,mean_difference,categorical,species_richness,species_richness,,,,,Diverse strips (2007),monotypic filter strips (2007),all_species,1,oranges,0,,Estimated from plot,plant_nwsg,Conover et al. 2014,southeast_us,aggregate,,TRUE,1.75,1.7,20,20,,,0.075,0.1,,,,,,
md_0256,47D2B23I,mean_diff,297,mean_difference,categorical,species_richness,species_richness,,,,,Riparian buffer strips (2005),monotypic filter strips (2005),all_species,1,apples,0,,Estimated from plot,stream_exclusion_and_buffers,Conover et al. 2014,southeast_us,aggregate,,TRUE,1.8,2.3,20,20,,,0.1,0.25,,,,,,
md_0257,47D2B23I,mean_diff,298,mean_difference,categorical,species_richness,species_richness,,,,,Riparian buffer strips (2006),monotypic filter strips (2006),all_species,1,apples,0,,Estimated from plot,stream_exclusion_and_buffers,Conover et al. 2014,southeast_us,aggregate,,TRUE,1.25,1.25,20,20,,,0.1,0.1,,,,,,
md_0258,47D2B23I,mean_diff,299,mean_difference,categorical,species_richness,species_richness,,,,,Riparian buffer strips (2007),monotypic filter strips (2007),all_species,1,apples,0,,Estimated from plot,stream_exclusion_and_buffers,Conover et al. 2014,southeast_us,aggregate,,TRUE,1.4,1.7,20,20,,,0.1,0.1,,,,,,
md_0259,47D2B23I,mean_diff,300,mean_difference,categorical,abundance,abundance,,,,,Diverse strips (2005),monotypic filter strips (2005),all_species,1,oranges,0,,Estimated from plot,plant_nwsg,Conover et al. 2014,southeast_us,aggregate,,TRUE,9.75,4.75,20,20,,,1,0.75,,,,,,
md_0260,47D2B23I,mean_diff,301,mean_difference,categorical,abundance,abundance,,,,,Diverse strips (2006),monotypic filter strips (2006),all_species,1,oranges,0,,Estimated from plot,plant_nwsg,Conover et al. 2014,southeast_us,aggregate,,TRUE,4.5,4,20,20,,,0.25,0.25,,,,,,
md_0261,47D2B23I,mean_diff,302,mean_difference,categorical,abundance,abundance,,,,,Diverse strips (2007),monotypic filter strips (2007),all_species,1,oranges,0,,Estimated from plot,plant_nwsg,Conover et al. 2014,southeast_us,aggregate,,TRUE,7.5,4.5,20,20,,,0.75,0.5,,,,,,
md_0262,47D2B23I,mean_diff,303,mean_difference,categorical,abundance,abundance,,,,,Riparian buffer strips (2005),monotypic filter strips (2005),all_species,1,apples,0,,Estimated from plot,stream_exclusion_and_buffers,Conover et al. 2014,southeast_us,aggregate,,TRUE,4.5,4.75,20,20,,,0.5,0.75,,,,,,
md_0263,47D2B23I,mean_diff,304,mean_difference,categorical,abundance,abundance,,,,,Riparian buffer strips (2006),monotypic filter strips (2006),all_species,1,apples,0,,Estimated from plot,stream_exclusion_and_buffers,Conover et al. 2014,southeast_us,aggregate,,TRUE,2.75,4,20,20,,,0.25,0.25,,,,,,
md_0264,47D2B23I,mean_diff,305,mean_difference,categorical,abundance,abundance,,,,,Riparian buffer strips (2007),monotypic filter strips (2007),all_species,1,apples,0,,Estimated from plot,stream_exclusion_and_buffers,Conover et al. 2014,southeast_us,aggregate,,TRUE,3.5,4.5,20,20,,,0.75,0.5,,,,,,
md_0265,KXCFYIJV,mean_diff,306,mean_difference,categorical,species_richness,species_richness,,,,,Patch-burn treatment,traditional management (entire pastures annually burned),all_species,1,apples,0,,Depends on what traditional management refers to,manage_in_patches,Coppedge et al. 2008,great_plains,aggregate,,TRUE,9.36,9.33,2,2,,,0.28,0.32,,,,,,
md_0266,KXCFYIJV,mean_diff,307,mean_difference,categorical,species_richness,species_richness,,,,,Patch-burn treatment,traditional management (entire pastures annually burned),grassland_obligates,1,apples,0,,,manage_in_patches,Coppedge et al. 2008,great_plains,guild,obligate,TRUE,4.47,4.11,2,2,,,0.11,0.1,,,,,,
md_0267,KXCFYIJV,mean_diff,308,mean_difference,categorical,abundance,abundance,,,,,Patch-burn treatment,traditional management (entire pastures annually burned),all_species,1,apples,0,,,manage_in_patches,Coppedge et al. 2008,great_plains,aggregate,,TRUE,8.13,7.52,2,2,,,0.28,0.27,,,,,,
md_0268,KXCFYIJV,mean_diff,309,mean_difference,categorical,abundance,abundance,,,,,Patch-burn treatment,traditional management (entire pastures annually burned),grassland_obligates,1,apples,0,,,manage_in_patches,Coppedge et al. 2008,great_plains,guild,obligate,TRUE,6.96,6.45,2,2,,,0.27,0.2,,,,,,
md_0269,LNNCH8TG,mean_diff,310,mean_difference,categorical,nest_success,eggs per nest,period_survival,,,,native field,planted field,spragues_pipit,1,apples,1,,Treatment is defined here as the native field,plant_nwsg,Davis 2018,great_plains,species,obligate,TRUE,4.5,4.7,113,76,,,0.01,0.01,,,,,,
md_0270,LNNCH8TG,mean_diff,311,mean_difference,categorical,nest_success,fledglings per nest,period_survival,,,,native field,planted field,spragues_pipit,1,apples,1,,Treatment is defined here as the native field; unsure if number fledged is all nests or only successful nests,plant_nwsg,Davis 2018,great_plains,species,obligate,TRUE,1.2,0.9,113,76,,,0.01,0.02,,,,,,
md_0271,HZBZKNRR,mean_diff,312,mean_difference,categorical,abundance,abundance,,,,,native planted grassland (Saskatchewan),non-native planted grassland (Saskatchewan),savannah_sparrow,1,apples,0,,,plant_nwsg,Davis et al. 2013,great_plains,species,obligate,TRUE,5.5,5,120,120,,,0.22,0.18,,,,,,
md_0272,HZBZKNRR,mean_diff,313,mean_difference,categorical,abundance,abundance,,,,,native planted grassland (Alberta),non-native planted grassland (Alberta),savannah_sparrow,1,apples,0,,,plant_nwsg,Davis et al. 2013,great_plains,species,obligate,TRUE,2.1,3.6,96,96,,,0.15,0.19,,,,,,
md_0273,HZBZKNRR,mean_diff,314,mean_difference,categorical,abundance,abundance,,,,,native planted grassland (Saskatchewan),non-native planted grassland (Saskatchewan),bobolink,1,apples,0,,,plant_nwsg,Davis et al. 2013,great_plains,species,obligate,TRUE,0.04,0.5,120,120,,,0.02,0.08,,,,,,
md_0274,HZBZKNRR,mean_diff,315,mean_difference,categorical,abundance,abundance,,,,,native planted grassland (Saskatchewan),non-native planted grassland (Saskatchewan),western_meadowlark,1,apples,0,,,plant_nwsg,Davis et al. 2013,great_plains,species,obligate,TRUE,0.3,0.2,120,120,,,0.04,0.04,,,,,,
md_0275,HZBZKNRR,mean_diff,316,mean_difference,categorical,abundance,abundance,,,,,native planted grassland (Alberta),non-native planted grassland (Alberta),western_meadowlark,1,apples,0,,,plant_nwsg,Davis et al. 2013,great_plains,species,obligate,TRUE,0.4,0.2,96,96,,,0.07,0.04,,,,,,
md_0276,SQ8ICKWV,mean_diff,317,mean_difference,categorical,abundance,abundance,,,,,native pasture,planted pasture,savannah_sparrow,1,apples,0,,,plant_nwsg,Davis et al. 2016,great_plains,species,obligate,TRUE,7.8,4.7,14,15,,,,,4.7,2.5,10.8,6.9,,
md_0277,SQ8ICKWV,mean_diff,318,mean_difference,categorical,abundance,abundance,,,,,native pasture,planted pasture,grasshopper_sparrow,1,apples,0,,,plant_nwsg,Davis et al. 2016,great_plains,species,obligate,TRUE,0.6,1.5,14,15,,,,,0.1,0.4,1,2.7,,
md_0278,SQ8ICKWV,mean_diff,319,mean_difference,categorical,abundance,abundance,,,,,native pasture,hay,savannah_sparrow,1,apples,0,,"Saskatchewan, Canada",plant_nwsg,Davis et al. 2016,great_plains,species,obligate,TRUE,7.8,8.4,14,14,,,,,4.7,5.9,10.8,10.9,,
md_0279,SQ8ICKWV,mean_diff,320,mean_difference,categorical,abundance,abundance,,,,,native pasture,hay,grasshopper_sparrow,1,apples,0,,"Saskatchewan, Canada",plant_nwsg,Davis et al. 2016,great_plains,species,obligate,TRUE,0.6,1.7,14,14,,,,,0.1,0.1,1,3.3,,
md_0280,SQ8ICKWV,mean_diff,321,mean_difference,categorical,nest_success,number of young fledged per nest,period_survival,log,,,native pasture,planted pasture,savannah_sparrow,1,apples,1,,,plant_nwsg,Davis et al. 2016,great_plains,species,obligate,TRUE,1.3,0.6,61,20,,,0.2,0.2,,,,,,
md_0281,SQ8ICKWV,mean_diff,322,mean_difference,categorical,nest_success,number of young fledged per nest,period_survival,log,,,native pasture,hay,savannah_sparrow,1,apples,1,,,plant_nwsg,Davis et al. 2016,great_plains,species,obligate,TRUE,1.3,1,61,24,,,0.2,0.3,,,,,,
md_0282,C8RH4NET,mean_diff,323,mean_difference,categorical,abundance,abundance,,,,,Pulse-grazed,Traditional (season-long) grazed,mccowns_longspur,1,apples,0,,,rotational_grazing,Davis et al. 2020,great_plains,species,obligate,TRUE,-0.214,-1.781,18,51,,,,,-0.729,-3.822,0.291,-0.262,,
md_0283,C8RH4NET,mean_diff,324,mean_difference,categorical,abundance,abundance,,,,,Pulse-grazed,Traditional (season-long) grazed,horned_lark,1,apples,0,,,rotational_grazing,Davis et al. 2020,great_plains,species,obligate,TRUE,0.099,0.922,18,51,,,,,-0.034,0.669,0.233,1.164,,
md_0284,C8RH4NET,mean_diff,325,mean_difference,categorical,abundance,abundance,,,,,Pulse-grazed,Traditional (season-long) grazed,lark_bunting,1,apples,0,,,rotational_grazing,Davis et al. 2020,great_plains,species,obligate,TRUE,0.11,1.355,18,51,,,,,-0.009,1.164,0.228,1.543,,
md_0285,C8RH4NET,mean_diff,326,mean_difference,categorical,abundance,abundance,,,,,Pulse-grazed,Traditional (season-long) grazed,western_meadowlark,1,apples,0,,,rotational_grazing,Davis et al. 2020,great_plains,species,obligate,TRUE,-0.048,-0.275,18,51,,,,,-0.19,-0.553,0.093,0.006,,
md_0286,C8RH4NET,mean_diff,327,mean_difference,categorical,abundance,abundance,,,,,Pulse-grazed,Traditional (season-long) grazed,grasshopper_sparrow,1,apples,0,,,rotational_grazing,Davis et al. 2020,great_plains,species,obligate,TRUE,-0.023,-0.768,18,51,,,,,-0.218,-1.357,0.1,-0.164,,
md_0287,YXR6499E,mean_diff,328,mean_difference,categorical,abundance,abundance,,,,,Native grassland,Exotic grassland,horned_lark,1,apples,0,,Maximum number of singing males per point count,plant_nwsg,Davis et al. 2020b,great_plains,species,obligate,TRUE,1.1,2.3,192,185,,,0.2,0.3,,,,,,
md_0288,YXR6499E,mean_diff,329,mean_difference,categorical,abundance,abundance,,,,,Native grassland,Exotic grassland,spragues_pipit,1,apples,0,,Maximum number of singing males per point count,plant_nwsg,Davis et al. 2020b,great_plains,species,obligate,TRUE,1,0,192,185,,,0.1,0,,,,,,
md_0289,YXR6499E,mean_diff,330,mean_difference,categorical,abundance,abundance,,,,,Native grassland,Exotic grassland,chestnut_collared_longspur,1,apples,0,,Maximum number of singing males per point count,plant_nwsg,Davis et al. 2020b,great_plains,species,obligate,TRUE,1.1,0.4,192,185,,,0.2,0.2,,,,,,
md_0290,YXR6499E,mean_diff,331,mean_difference,categorical,abundance,abundance,,,,,Native grassland,Exotic grassland,vesper_sparrow,1,apples,0,,Maximum number of singing males per point count,plant_nwsg,Davis et al. 2020b,great_plains,species,obligate,TRUE,1.6,2.3,192,185,,,0.2,0.2,,,,,,
md_0291,YXR6499E,mean_diff,332,mean_difference,categorical,abundance,abundance,,,,,Native grassland,Exotic grassland,savannah_sparrow,1,apples,0,,Maximum number of singing males per point count,plant_nwsg,Davis et al. 2020b,great_plains,species,obligate,TRUE,3.4,3.4,192,185,,,0.1,0.2,,,,,,
md_0292,YXR6499E,mean_diff,333,mean_difference,categorical,abundance,abundance,,,,,Native grassland,Exotic grassland,bairds_sparrow,1,apples,0,,Maximum number of singing males per point count,plant_nwsg,Davis et al. 2020b,great_plains,species,obligate,TRUE,1.9,0.2,192,185,,,0.2,0.1,,,,,,
md_0293,YXR6499E,mean_diff,334,mean_difference,categorical,abundance,abundance,,,,,Native grassland,Exotic grassland,western_meadowlark,1,apples,0,,Maximum number of singing males per point count,plant_nwsg,Davis et al. 2020b,great_plains,species,obligate,TRUE,0.3,0.3,192,185,,,0.1,0.1,,,,,,
md_0294,YXR6499E,mean_diff,335,mean_difference,categorical,abundance,abundance,,,,,Native grassland,Exotic grassland,brown_headed_cowbird,1,apples,1,,Maximum number of singing males per point count,plant_nwsg,Davis et al. 2020b,great_plains,species,facultative,TRUE,0.1,0.3,192,185,,,0,0.1,,,,,,
md_0295,926Z83RQ,mean_diff,336,mean_difference,categorical,abundance,abundance,,,,,farms with woody features,farms without woody features,all_species,1,apples,1,,"653 study sites total contributed to the prediction, but this was based on a projection from proportion of LWF, so I divided it in half",edge_and_shrub_habitat,de Zwaan et al. 2024,other,aggregate,,TRUE,8.7,7.557,327,326,,,1.6,2.531,,,,,,
md_0296,IAAZA5MM,mean_diff,337,mean_difference,categorical,nest_success,dsr,daily_survival,,,,late hay,early hay,savannah_sparrow,1,apples,0,,"Chose Philopatric, sample size is not provide by treatment, so this is assuming an even number of nests per treatment; Unsure of link term, but it is likely logit",delay_hay,Denny et al. 2021,other,species,obligate,TRUE,0.96,0.929,35,35,,,,,0.954,0.899,0.966,0.96,,
md_0297,IAAZA5MM,mean_diff,338,mean_difference,categorical,nest_success,nest_success,period_survival,,,,late hay,early hay,savannah_sparrow,1,apples,0,,"Chose Philopatric, sample size is not provide by treatment, so this is assuming an even number of nests per treatment; Unsure of link term, but it is likely logit",delay_hay,Denny et al. 2021,other,species,obligate,TRUE,0.377,0.169,35,35,,,,,0.323,0.078,0.436,0.292,,
md_0298,IAAZA5MM,mean_diff,339,mean_difference,categorical,nest_success,dsr,daily_survival,,,,late hay,early hay,bobolink,1,apples,0,,"Chose Philopatric, sample size is not provide by treatment, so this is assuming an even number of nests per treatment; Unsure of link term, but it is likely logit",delay_hay,Denny et al. 2021,other,species,obligate,TRUE,0.967,0.94,29,28,,,,,0.957,0.904,0.975,0.963,,
md_0299,IAAZA5MM,mean_diff,340,mean_difference,categorical,nest_success,nest_success,period_survival,,,,late hay,early hay,bobolink,1,apples,0,,"Chose Philopatric, sample size is not provide by treatment, so this is assuming an even number of nests per treatment; Unsure of link term, but it is likely logit",delay_hay,Denny et al. 2021,other,species,obligate,TRUE,0.432,0.216,29,28,,,,,0.333,0.08,0.531,0.39,,
md_0300,YD99BG64,mean_diff,341,mean_difference,categorical,abundance,density,,,,,patch-burn graze,graze-and-burn,dickcissel,1,apples,0,,"More ""manage in patches"" than it is a test of prescribed_fire; Four pastures, but between 3 and 9 transects per treatment",manage_in_patches,Duchardt et al. 2016,other,species,obligate,TRUE,1.048,0.941,4,4,,,0.132,0.141,,,,,,
md_0301,YD99BG64,mean_diff,342,mean_difference,categorical,abundance,density,,,,,patch-burn graze,graze-and-burn,grasshopper_sparrow,1,apples,0,,"Four pastures, but between 3 and 9 transects per treatment",manage_in_patches,Duchardt et al. 2016,other,species,obligate,TRUE,1.21,1.004,4,4,,,0.07,0.132,,,,,,
md_0302,YD99BG64,mean_diff,343,mean_difference,categorical,abundance,density,,,,,patch-burn graze,graze-and-burn,bobolink,1,apples,0,,"Four pastures, but between 3 and 9 transects per treatment",manage_in_patches,Duchardt et al. 2016,other,species,obligate,TRUE,0.936,0.722,4,4,,,0.102,0.15,,,,,,
md_0303,YD99BG64,mean_diff,344,mean_difference,categorical,abundance,density,,,,,patch-burn graze,graze-and-burn,eastern_meadowlark,1,apples,0,,"Four pastures, but between 3 and 9 transects per treatment",manage_in_patches,Duchardt et al. 2016,other,species,obligate,TRUE,0.909,0.661,4,4,,,0.102,0.062,,,,,,
md_0304,YD99BG64,mean_diff,345,mean_difference,categorical,abundance,density,,,,,patch-burn graze,graze-and-burn,red_winged_blackbird,1,apples,0,,"Four pastures, but between 3 and 9 transects per treatment",manage_in_patches,Duchardt et al. 2016,other,species,facultative,TRUE,0.625,0.775,4,4,,,0.127,0.117,,,,,,
md_0305,YD99BG64,mean_diff,346,mean_difference,categorical,abundance,density,,,,,patch-burn graze,graze-and-burn,common_yellowthroat,1,apples,0,,"Four pastures, but between 3 and 9 transects per treatment",manage_in_patches,Duchardt et al. 2016,other,species,facultative,TRUE,0.176,0.256,4,4,,,0.043,0.066,,,,,,
md_0306,YD99BG64,mean_diff,347,mean_difference,categorical,abundance,density,,,,,patch-burn graze,graze-and-burn,northern_bobwhite,1,apples,0,,"Four pastures, but between 3 and 9 transects per treatment",manage_in_patches,Duchardt et al. 2016,other,species,facultative,TRUE,0.038,0.073,4,4,,,0.027,0.049,,,,,,
md_0307,YD99BG64,mean_diff,348,mean_difference,categorical,abundance,density,,,,,patch-burn graze,graze-and-burn,eastern_bluebird,1,apples,0,,"Four pastures, but between 3 and 9 transects per treatment",manage_in_patches,Duchardt et al. 2016,other,species,facultative,TRUE,0.028,0.045,4,4,,,0.016,0.018,,,,,,
md_0308,YD99BG64,mean_diff,349,mean_difference,categorical,abundance,density,,,,,patch-burn graze,graze-and-burn,loggerhead_shrike,1,apples,0,,"Four pastures, but between 3 and 9 transects per treatment",manage_in_patches,Duchardt et al. 2016,other,species,facultative,TRUE,0,0.079,4,4,,,0,0.028,,,,,,
md_0309,DS5EPZ93,mean_diff,350,mean_difference,categorical,abundance,crowing counts (male count),,,,,Old NWSG field (planted 10-13 years prior),Old CSG fields (planted 10-13 years prior),ring_necked_pheasant,1,apples,0,,Crowing counts of males,plant_nwsg,Eggebo et al. 2003,great_plains,species,facultative,TRUE,7.5,13.9,8,12,,,2.3,3.1,,,,,,
md_0310,DS5EPZ93,mean_diff,351,mean_difference,categorical,abundance,crowing counts (male count),,,,,New NWSG field (planted 1-3 years prior),New CSG fields (planted 1-3 years prior),ring_necked_pheasant,1,apples,0,,Crowing counts of males,plant_nwsg,Eggebo et al. 2003,great_plains,species,facultative,TRUE,4.9,5.3,13,8,,,1,0.8,,,,,,
md_0311,N8CXRDSX,mean_diff,352,mean_difference,categorical,species_richness,species_richness - 2007,,,,,buffered,non-buffered,wintering_species,1,apples,0,,Should this also be edge and shrub (buffered)?,provide_overwintering_habitat,Evans et al. 2014,southeast_us,aggregate,other,TRUE,5.687,5.571,112,110,,,0.34,0.346,,,,,,
md_0311,N8CXRDSX,mean_diff,352,mean_difference,categorical,species_richness,species_richness - 2007,,,,,buffered,non-buffered,wintering_species,1,apples,0,,Should this also be edge and shrub (buffered)?,plant_nwsg,Evans et al. 2014,southeast_us,aggregate,other,TRUE,5.687,5.571,112,110,,,0.34,0.346,,,,,,
md_0311,N8CXRDSX,mean_diff,352,mean_difference,categorical,species_richness,species_richness - 2007,,,,,buffered,non-buffered,wintering_species,1,apples,0,,Should this also be edge and shrub (buffered)?,edge_and_shrub_habitat,Evans et al. 2014,southeast_us,aggregate,other,TRUE,5.687,5.571,112,110,,,0.34,0.346,,,,,,
md_0312,N8CXRDSX,mean_diff,355,mean_difference,categorical,species_richness,species_richness - 2008,,,,,buffered,non-buffered,wintering_species,1,apples,0,,,provide_overwintering_habitat,Evans et al. 2014,southeast_us,aggregate,other,TRUE,5.338,4.142,112,110,,,0.397,0.397,,,,,,
md_0312,N8CXRDSX,mean_diff,355,mean_difference,categorical,species_richness,species_richness - 2008,,,,,buffered,non-buffered,wintering_species,1,apples,0,,,plant_nwsg,Evans et al. 2014,southeast_us,aggregate,other,TRUE,5.338,4.142,112,110,,,0.397,0.397,,,,,,
md_0312,N8CXRDSX,mean_diff,355,mean_difference,categorical,species_richness,species_richness - 2008,,,,,buffered,non-buffered,wintering_species,1,apples,0,,,edge_and_shrub_habitat,Evans et al. 2014,southeast_us,aggregate,other,TRUE,5.338,4.142,112,110,,,0.397,0.397,,,,,,
md_0313,VAP55SP2,mean_diff,358,mean_difference,categorical,species_richness,species_richness,,,,,Native prairie,restored grassland (CSG and WSG mix),all_species,1,apples,0,,Is this control adequate for a plant nwsg test?; Treatment is defined here as the native prairie,plant_nwsg,Fletcher and Koford 2002,other,aggregate,,TRUE,6.7,6.5,10,10,,,0.29,0.3,,,,,,
md_0314,VAP55SP2,mean_diff,359,mean_difference,categorical,abundance,density (male/ha),,,,,Native prairie,restored grassland (CSG and WSG mix),sedge_wren,1,apples,0,,Treatment is defined here as the native prairie,plant_nwsg,Fletcher and Koford 2002,other,species,obligate,TRUE,0.79,0.6,10,10,,,,,0.54,0.4,1.15,0.91,,
md_0315,VAP55SP2,mean_diff,360,mean_difference,categorical,abundance,density (male/ha),,,,,Native prairie,restored grassland (CSG and WSG mix),common_yellowthroat,1,apples,0,,Treatment is defined here as the native prairie,plant_nwsg,Fletcher and Koford 2002,other,species,facultative,TRUE,2.68,1.04,10,10,,,,,1.41,0.55,5.08,1.96,,
md_0316,VAP55SP2,mean_diff,361,mean_difference,categorical,abundance,density (male/ha),,,,,Native prairie,restored grassland (CSG and WSG mix),savannah_sparrow,1,apples,0,,Treatment is defined here as the native prairie,plant_nwsg,Fletcher and Koford 2002,other,species,obligate,TRUE,0.07,0.67,10,10,,,,,0.03,0.38,0.17,1.17,,
md_0317,VAP55SP2,mean_diff,362,mean_difference,categorical,abundance,density (male/ha),,,,,Native prairie,restored grassland (CSG and WSG mix),grasshopper_sparrow,1,apples,0,,Treatment is defined here as the native prairie,plant_nwsg,Fletcher and Koford 2002,other,species,obligate,TRUE,0.08,0.32,10,10,,,,,0.05,0.21,0.15,0.5,,
md_0318,VAP55SP2,mean_diff,363,mean_difference,categorical,abundance,density (male/ha),,,,,Native prairie,restored grassland (CSG and WSG mix),dickcissel,1,apples,0,,Treatment is defined here as the native prairie,plant_nwsg,Fletcher and Koford 2002,other,species,obligate,TRUE,0.38,0.29,10,10,,,,,0.28,0.21,0.52,0.4,,
md_0319,VAP55SP2,mean_diff,364,mean_difference,categorical,abundance,density (male/ha),,,,,Native prairie,restored grassland (CSG and WSG mix),bobolink,1,apples,0,,Treatment is defined here as the native prairie,plant_nwsg,Fletcher and Koford 2002,other,species,obligate,TRUE,1.62,1.46,10,10,,,,,1.08,0.97,2.44,2.21,,
md_0320,VAP55SP2,mean_diff,365,mean_difference,categorical,abundance,density (male/ha),,,,,Native prairie,restored grassland (CSG and WSG mix),red_winged_blackbird,1,apples,0,,Treatment is defined here as the native prairie,plant_nwsg,Fletcher and Koford 2002,other,species,facultative,TRUE,0.68,0.97,10,10,,,,,0.54,0.77,0.87,1.23,,
md_0321,VAP55SP2,mean_diff,366,mean_difference,categorical,abundance,density (male/ha),,,,,Native prairie,restored grassland (CSG and WSG mix),american_goldfinch,1,apples,0,,Treatment is defined here as the native prairie,plant_nwsg,Fletcher and Koford 2002,other,species,facultative,TRUE,0.2,0.07,10,10,,,,,0.09,0.02,0.47,0.21,,
md_0322,DDEKX9E9,mean_diff,367,mean_difference,categorical,nest_success,successful nests (%),period_survival,,,,nest box,natural nest,eastern_screech_owl,1,apples,0,,,install_nest_boxes,Gehlbach 1994,great_plains,species,woodland,FALSE,67.8,81.1,5,5,21.2,12.4,,,,,,,,
md_0323,KHQAUEP3,mean_diff,368,mean_difference,categorical,abundance,density,,,,,Organic farm,Conventional,all_species,1,apples,0,,,eliminate_pesticides,Genghini et al. 2006,europe,aggregate,,TRUE,2.77,1.75,15,26,2.26,1.39,,,,,,,,
md_0324,KHQAUEP3,mean_diff,369,mean_difference,categorical,species_richness,shannon diversity,,,,,Organic farm,Conventional,all_species,1,apples,0,,Alpha diversity expressed as shannon diversity,eliminate_pesticides,Genghini et al. 2006,europe,aggregate,,TRUE,0.68,0.4,15,26,0.23,0.24,,,,,,,,
md_0325,LU5JZP88,mean_diff,370,mean_difference,categorical,species_richness,species_richness,,,,,NWSG,CSG,all_species,1,apples,0,,Treatment is defined as NWSG; sample size is the minimum across years (three more were added),plant_nwsg,Giuliano and Daves 2002,other,aggregate,,TRUE,11.1,7.1,21,21,,,0.9,0.7,,,,,,
md_0326,LU5JZP88,mean_diff,371,mean_difference,categorical,nest_success,fledge_rate (number fledged/number eggs),period_survival,identity,,,NWSG,CSG,all_species,1,apples,1,,Treatment is defined as NWSG; sample size is the number of nests; Review: Two-way randomized block analysis of variance,plant_nwsg,Giuliano and Daves 2002,other,aggregate,,TRUE,0.7,0.48,70,98,,,0.1,0.1,,,,,,
md_0327,LU5JZP88,mean_diff,372,mean_difference,categorical,nest_success,depredation_rate,period_survival,identity,,,NWSG,CSG,all_species,-1,apples,0,,May want to choose either fledge rate *or* depredation rate; Treatment is defined as NWSG; sample size is the number of nests; Review: Two-way randomized block analysis of variance,plant_nwsg,Giuliano and Daves 2002,other,aggregate,,TRUE,0.31,0.35,70,98,,,0.1,0.1,,,,,,
md_0328,LU5JZP88,mean_diff,373,mean_difference,categorical,abundance,abundance,,,,,NWSG,CSG,all_species,1,apples,0,,Treatment is defined as NWSG; sample size is the minimum across years (three more were added),plant_nwsg,Giuliano and Daves 2002,other,aggregate,,TRUE,11.6,7.1,21,21,,,1.4,0.8,,,,,,
md_0329,LU5JZP88,mean_diff,374,mean_difference,categorical,abundance,abundance,,,,,NWSG,CSG,bobolink,1,apples,0,,Treatment is defined as NWSG; sample size is the minimum across years (three more were added),plant_nwsg,Giuliano and Daves 2002,other,species,obligate,TRUE,0.19,0.04,21,21,,,0.15,0.03,,,,,,
md_0330,LU5JZP88,mean_diff,375,mean_difference,categorical,abundance,abundance,,,,,NWSG,CSG,savannah_sparrow,1,apples,0,,Treatment is defined as NWSG; sample size is the minimum across years (three more were added),plant_nwsg,Giuliano and Daves 2002,other,species,obligate,TRUE,1.06,0.61,21,21,,,0.04,0.13,,,,,,
md_0331,LU5JZP88,mean_diff,376,mean_difference,categorical,abundance,abundance,,,,,NWSG,CSG,grasshopper_sparrow,1,apples,0,,Treatment is defined as NWSG; sample size is the minimum across years (three more were added),plant_nwsg,Giuliano and Daves 2002,other,species,obligate,TRUE,0.56,0.46,21,21,,,0.18,0.33,,,,,,
md_0332,LU5JZP88,mean_diff,377,mean_difference,categorical,abundance,abundance,,,,,NWSG,CSG,song_sparrow,1,apples,0,,Treatment is defined as NWSG; sample size is the minimum across years (three more were added),plant_nwsg,Giuliano and Daves 2002,other,species,facultative,TRUE,0.96,0.17,21,21,,,0.27,0.26,,,,,,
md_0333,LU5JZP88,mean_diff,378,mean_difference,categorical,abundance,abundance,,,,,NWSG,CSG,field_sparrow,1,apples,0,,Treatment is defined as NWSG; sample size is the minimum across years (three more were added),plant_nwsg,Giuliano and Daves 2002,other,species,facultative,TRUE,0.72,0.18,21,21,,,0.26,0.08,,,,,,
md_0334,LU5JZP88,mean_diff,379,mean_difference,categorical,abundance,abundance,,,,,NWSG,CSG,eastern_meadowlark,1,apples,0,,Treatment is defined as NWSG; sample size is the minimum across years (three more were added),plant_nwsg,Giuliano and Daves 2002,other,species,obligate,TRUE,0.31,0.2,21,21,,,0.11,0.06,,,,,,
md_0335,LU5JZP88,mean_diff,380,mean_difference,categorical,abundance,abundance,,,,,NWSG,CSG,red_winged_blackbird,1,apples,0,,Treatment is defined as NWSG; sample size is the minimum across years (three more were added),plant_nwsg,Giuliano and Daves 2002,other,species,facultative,TRUE,1.86,2.68,21,21,,,0.4,0.56,,,,,,
md_0336,LU5JZP88,mean_diff,381,mean_difference,categorical,abundance,abundance,,,,,NWSG,CSG,american_goldfinch,1,apples,0,,Treatment is defined as NWSG; sample size is the minimum across years (three more were added),plant_nwsg,Giuliano and Daves 2002,other,species,facultative,TRUE,0.31,0.05,21,21,,,0.18,0.04,,,,,,
md_0337,LU5JZP88,mean_diff,382,mean_difference,categorical,abundance,abundance,,,,,NWSG,CSG,common_yellowthroat,1,apples,0,,Treatment is defined as NWSG; sample size is the minimum across years (three more were added),plant_nwsg,Giuliano and Daves 2002,other,species,facultative,TRUE,0.29,0.06,21,21,,,0.12,0.04,,,,,,
md_0338,9VXKLDSA,mean_diff,383,mean_difference,categorical,species_richness,species_richness,,,,,pre-restoration,post-restoration,all_species,-1,apples,0,,,plant_nwsg,Gowdy et al. 2022,great_plains,aggregate,,TRUE,3.42,1.87,23,15,,,0.08,0.15,,,,,,
md_0339,9VXKLDSA,mean_diff,384,mean_difference,categorical,abundance,relative abundance,,,,,pre-restoration,post-restoration,all_species,-1,apples,0,,,plant_nwsg,Gowdy et al. 2022,great_plains,aggregate,,TRUE,9.36,3.08,23,15,,,0.13,0.12,,,,,,
md_0340,JFJNVKAK,mean_diff,385,mean_difference,categorical,abundance,density,,,,,Patch-burn grazed fields,Grazed fields,northern_bobwhite,1,apples,0,,Might want to think on whether this is a straightforward test of prescribed_fire,prescribed_fire,Grahmann et al. 2018,great_plains,species,facultative,TRUE,2.9,2.6,2,2,,,0.5,0.6,,,,,,
md_0341,M8T4QVJ5,mean_diff,386,mean_difference,categorical,nest_success,nest survival probability,period_survival,identity,,,Late mowed fields,Early mowed fields,whinchat,1,apples,0,,"Unsure of link term, but it is likely logit",delay_hay,Grueebler et al. 2012,europe,species,obligate,TRUE,0.701,0.085,18,34,,,0.03,0.004,,,,,,
md_0342,3J65GCSW,mean_diff,387,mean_difference,categorical,abundance,abundance,,,,,Moderate intensity grazing,High intensity grazing,western_meadowlark,1,apples,0,,Estimates represent betas,reduce_grazing_intensity,Harrison et al. 2010,other,species,obligate,TRUE,-1.63,-0.14,2,3,,,0.63,0.32,,,,,,
md_0343,9HH6YMIM,mean_diff,388,mean_difference,categorical,abundance,density (birds/count/100 ha),,,,,WSG non-wooded riparian filter strips,CSG non-wooded riparian filter strips,ring_necked_pheasant,1,apples,0,,,plant_nwsg,Henningsen and Best 2005,other,species,facultative,TRUE,5.6,9.4,6,14,,,2.3,3.8,,,,,,
md_0344,9HH6YMIM,mean_diff,389,mean_difference,categorical,abundance,density (birds/count/100 ha),,,,,WSG non-wooded riparian filter strips,CSG non-wooded riparian filter strips,barn_swallow,1,apples,0,,,plant_nwsg,Henningsen and Best 2005,other,species,facultative,TRUE,39.3,64.7,6,14,,,8.9,19.2,,,,,,
md_0345,9HH6YMIM,mean_diff,390,mean_difference,categorical,abundance,density (birds/count/100 ha),,,,,WSG non-wooded riparian filter strips,CSG non-wooded riparian filter strips,cliff_swallow,1,apples,0,,,plant_nwsg,Henningsen and Best 2005,other,species,facultative,TRUE,49.7,6.4,6,14,,,22.8,2.6,,,,,,
md_0346,9HH6YMIM,mean_diff,391,mean_difference,categorical,abundance,density (birds/count/100 ha),,,,,WSG non-wooded riparian filter strips,CSG non-wooded riparian filter strips,sedge_wren,1,apples,0,,,plant_nwsg,Henningsen and Best 2005,other,species,obligate,TRUE,10.6,17.5,6,14,,,5,6.2,,,,,,
md_0347,9HH6YMIM,mean_diff,392,mean_difference,categorical,abundance,density (birds/count/100 ha),,,,,WSG non-wooded riparian filter strips,CSG non-wooded riparian filter strips,common_yellowthroat,1,apples,0,,,plant_nwsg,Henningsen and Best 2005,other,species,facultative,TRUE,112.2,94,6,14,,,21.3,18.6,,,,,,
md_0348,9HH6YMIM,mean_diff,393,mean_difference,categorical,abundance,density (birds/count/100 ha) - 2001,,,,,WSG non-wooded riparian filter strips,CSG non-wooded riparian filter strips,eastern_meadowlark,1,apples,0,,,plant_nwsg,Henningsen and Best 2005,other,species,obligate,TRUE,2.2,1.4,6,14,,,1.5,1,,,,,,
md_0349,9HH6YMIM,mean_diff,394,mean_difference,categorical,abundance,density (birds/count/100 ha) - 2002,,,,,WSG non-wooded riparian filter strips,CSG non-wooded riparian filter strips,eastern_meadowlark,1,apples,0,,,plant_nwsg,Henningsen and Best 2005,other,species,obligate,TRUE,4.8,6.7,6,14,,,3.7,2.4,,,,,,
md_0350,9HH6YMIM,mean_diff,395,mean_difference,categorical,abundance,density (birds/count/100 ha),,,,,WSG non-wooded riparian filter strips,CSG non-wooded riparian filter strips,red_winged_blackbird,1,apples,0,,,plant_nwsg,Henningsen and Best 2005,other,species,facultative,TRUE,428,592.3,6,14,,,57,39.6,,,,,,
md_0351,9HH6YMIM,mean_diff,396,mean_difference,categorical,abundance,density (birds/count/100 ha),,,,,WSG non-wooded riparian filter strips,CSG non-wooded riparian filter strips,indigo_bunting,1,apples,0,,,plant_nwsg,Henningsen and Best 2005,other,species,facultative,TRUE,1.9,3.6,6,14,,,1.4,1.9,,,,,,
md_0352,9HH6YMIM,mean_diff,397,mean_difference,categorical,abundance,density (birds/count/100 ha),,,,,WSG non-wooded riparian filter strips,CSG non-wooded riparian filter strips,dickcissel,1,apples,0,,,plant_nwsg,Henningsen and Best 2005,other,species,obligate,TRUE,103.3,76.7,6,14,,,21,16.5,,,,,,
md_0353,9HH6YMIM,mean_diff,398,mean_difference,categorical,abundance,density (birds/count/100 ha),,,,,WSG non-wooded riparian filter strips,CSG non-wooded riparian filter strips,american_goldfinch,1,apples,0,,,plant_nwsg,Henningsen and Best 2005,other,species,facultative,TRUE,3.6,6.5,6,14,,,2.1,2.2,,,,,,
md_0354,9HH6YMIM,mean_diff,399,mean_difference,categorical,abundance,density (birds/count/100 ha),,,,,WSG non-wooded riparian filter strips,CSG non-wooded riparian filter strips,song_sparrow,1,apples,0,,,plant_nwsg,Henningsen and Best 2005,other,species,facultative,TRUE,93.5,63,6,14,,,14.5,11.4,,,,,,
md_0355,9HH6YMIM,mean_diff,400,mean_difference,categorical,species_richness,species_richness,,,,,WSG non-wooded riparian filter strips,CSG non-wooded riparian filter strips,all_species,1,apples,0,,,plant_nwsg,Henningsen and Best 2005,other,aggregate,,TRUE,8.6,7.3,6,14,,,0.4,0.3,,,,,,
md_0356,9HH6YMIM,mean_diff,401,mean_difference,categorical,abundance,density (birds/count/100 ha),,,,,WSG wooded riparian filter strips,CSG wooded riparian filter strips,ring_necked_pheasant,1,apples,0,,,plant_nwsg,Henningsen and Best 2005,other,species,facultative,TRUE,5.2,0.9,7,6,,,3,0.9,,,,,,
md_0357,9HH6YMIM,mean_diff,402,mean_difference,categorical,abundance,density (birds/count/100 ha),,,,,WSG wooded riparian filter strips,CSG wooded riparian filter strips,barn_swallow,1,apples,0,,,plant_nwsg,Henningsen and Best 2005,other,species,facultative,TRUE,35,24.4,7,6,,,12.4,9.7,,,,,,
md_0358,9HH6YMIM,mean_diff,403,mean_difference,categorical,abundance,density (birds/count/100 ha),,,,,WSG wooded riparian filter strips,CSG wooded riparian filter strips,cliff_swallow,1,apples,0,,,plant_nwsg,Henningsen and Best 2005,other,species,facultative,TRUE,6.9,0.7,7,6,,,4.3,0.7,,,,,,
md_0359,9HH6YMIM,mean_diff,404,mean_difference,categorical,abundance,density (birds/count/100 ha),,,,,WSG wooded riparian filter strips,CSG wooded riparian filter strips,sedge_wren,1,apples,0,,,plant_nwsg,Henningsen and Best 2005,other,species,obligate,TRUE,4.1,1.3,7,6,,,2.6,0.9,,,,,,
md_0360,9HH6YMIM,mean_diff,405,mean_difference,categorical,abundance,density (birds/count/100 ha),,,,,WSG wooded riparian filter strips,CSG wooded riparian filter strips,common_yellowthroat,1,apples,0,,,plant_nwsg,Henningsen and Best 2005,other,species,facultative,TRUE,30.6,17.7,7,6,,,9.2,4.8,,,,,,
md_0361,9HH6YMIM,mean_diff,406,mean_difference,categorical,abundance,density (birds/count/100 ha) - 2001,,,,,WSG wooded riparian filter strips,CSG wooded riparian filter strips,eastern_meadowlark,1,apples,0,,,plant_nwsg,Henningsen and Best 2005,other,species,obligate,TRUE,0,0,7,6,,,0,0,,,,,,
md_0362,9HH6YMIM,mean_diff,407,mean_difference,categorical,abundance,density (birds/count/100 ha) - 2002,,,,,WSG wooded riparian filter strips,CSG wooded riparian filter strips,eastern_meadowlark,1,apples,0,,,plant_nwsg,Henningsen and Best 2005,other,species,obligate,TRUE,1.4,4.1,7,6,,,3.4,3.7,,,,,,
md_0363,9HH6YMIM,mean_diff,408,mean_difference,categorical,abundance,density (birds/count/100 ha),,,,,WSG wooded riparian filter strips,CSG wooded riparian filter strips,red_winged_blackbird,1,apples,0,,,plant_nwsg,Henningsen and Best 2005,other,species,facultative,TRUE,65.7,27.6,7,6,,,14.5,8.4,,,,,,
md_0364,9HH6YMIM,mean_diff,409,mean_difference,categorical,abundance,density (birds/count/100 ha),,,,,WSG wooded riparian filter strips,CSG wooded riparian filter strips,indigo_bunting,1,apples,0,,,plant_nwsg,Henningsen and Best 2005,other,species,facultative,TRUE,9.5,4.7,7,6,,,4,2.3,,,,,,
md_0365,9HH6YMIM,mean_diff,410,mean_difference,categorical,abundance,density (birds/count/100 ha),,,,,WSG wooded riparian filter strips,CSG wooded riparian filter strips,dickcissel,1,apples,0,,,plant_nwsg,Henningsen and Best 2005,other,species,obligate,TRUE,8,10.6,7,6,,,3.8,3.8,,,,,,
md_0366,9HH6YMIM,mean_diff,411,mean_difference,categorical,abundance,density (birds/count/100 ha),,,,,WSG wooded riparian filter strips,CSG wooded riparian filter strips,american_goldfinch,1,apples,0,,,plant_nwsg,Henningsen and Best 2005,other,species,facultative,TRUE,5.6,3.2,7,6,,,3.4,3.2,,,,,,
md_0367,9HH6YMIM,mean_diff,412,mean_difference,categorical,abundance,density (birds/count/100 ha),,,,,WSG wooded riparian filter strips,CSG wooded riparian filter strips,song_sparrow,1,apples,0,,,plant_nwsg,Henningsen and Best 2005,other,species,facultative,TRUE,43.4,18.1,7,6,,,10.2,4.5,,,,,,
md_0368,9HH6YMIM,mean_diff,413,mean_difference,categorical,species_richness,species_richness,,,,,WSG wooded riparian filter strips,CSG wooded riparian filter strips,all_species,1,apples,0,,,plant_nwsg,Henningsen and Best 2005,other,aggregate,,TRUE,6.4,5.8,7,6,,,0.5,0.9,,,,,,
md_0369,9HH6YMIM,mean_diff,414,mean_difference,categorical,abundance,density (birds/count/100 ha),,,,,CSG wooded riparian filter strips,CSG non-wooded riparian filter strips,ring_necked_pheasant,1,apples,0,,,edge_and_shrub_habitat,Henningsen and Best 2005,other,species,facultative,TRUE,0.9,9.4,6,14,,,0.9,3.8,,,,,,
md_0370,9HH6YMIM,mean_diff,415,mean_difference,categorical,abundance,density (birds/count/100 ha),,,,,CSG wooded riparian filter strips,CSG non-wooded riparian filter strips,barn_swallow,1,apples,0,,,edge_and_shrub_habitat,Henningsen and Best 2005,other,species,facultative,TRUE,24.4,64.7,6,14,,,9.7,19.2,,,,,,
md_0371,9HH6YMIM,mean_diff,416,mean_difference,categorical,abundance,density (birds/count/100 ha),,,,,CSG wooded riparian filter strips,CSG non-wooded riparian filter strips,cliff_swallow,1,apples,0,,,edge_and_shrub_habitat,Henningsen and Best 2005,other,species,facultative,TRUE,0.7,6.4,6,14,,,0.7,2.6,,,,,,
md_0372,9HH6YMIM,mean_diff,417,mean_difference,categorical,abundance,density (birds/count/100 ha),,,,,CSG wooded riparian filter strips,CSG non-wooded riparian filter strips,sedge_wren,1,apples,0,,,edge_and_shrub_habitat,Henningsen and Best 2005,other,species,obligate,TRUE,1.3,17.5,6,14,,,0.9,6.2,,,,,,
md_0373,9HH6YMIM,mean_diff,418,mean_difference,categorical,abundance,density (birds/count/100 ha),,,,,CSG wooded riparian filter strips,CSG non-wooded riparian filter strips,common_yellowthroat,1,apples,0,,,edge_and_shrub_habitat,Henningsen and Best 2005,other,species,facultative,TRUE,17.7,94,6,14,,,4.8,18.6,,,,,,
md_0374,9HH6YMIM,mean_diff,419,mean_difference,categorical,abundance,density (birds/count/100 ha) - 2001,,,,,CSG wooded riparian filter strips,CSG non-wooded riparian filter strips,eastern_meadowlark,1,apples,0,,,edge_and_shrub_habitat,Henningsen and Best 2005,other,species,obligate,TRUE,0,1.4,6,14,,,0,1,,,,,,
md_0375,9HH6YMIM,mean_diff,420,mean_difference,categorical,abundance,density (birds/count/100 ha) - 2002,,,,,CSG wooded riparian filter strips,CSG non-wooded riparian filter strips,eastern_meadowlark,1,apples,0,,,edge_and_shrub_habitat,Henningsen and Best 2005,other,species,obligate,TRUE,4.1,6.7,6,14,,,3.7,2.4,,,,,,
md_0376,9HH6YMIM,mean_diff,421,mean_difference,categorical,abundance,density (birds/count/100 ha),,,,,CSG wooded riparian filter strips,CSG non-wooded riparian filter strips,red_winged_blackbird,1,apples,0,,,edge_and_shrub_habitat,Henningsen and Best 2005,other,species,facultative,TRUE,27.6,592.3,6,14,,,8.4,39.6,,,,,,
md_0377,9HH6YMIM,mean_diff,422,mean_difference,categorical,abundance,density (birds/count/100 ha),,,,,CSG wooded riparian filter strips,CSG non-wooded riparian filter strips,indigo_bunting,1,apples,0,,,edge_and_shrub_habitat,Henningsen and Best 2005,other,species,facultative,TRUE,4.7,3.6,6,14,,,2.3,1.9,,,,,,
md_0378,9HH6YMIM,mean_diff,423,mean_difference,categorical,abundance,density (birds/count/100 ha),,,,,CSG wooded riparian filter strips,CSG non-wooded riparian filter strips,dickcissel,1,apples,0,,,edge_and_shrub_habitat,Henningsen and Best 2005,other,species,obligate,TRUE,10.6,76.7,6,14,,,3.8,16.5,,,,,,
md_0379,9HH6YMIM,mean_diff,424,mean_difference,categorical,abundance,density (birds/count/100 ha),,,,,CSG wooded riparian filter strips,CSG non-wooded riparian filter strips,american_goldfinch,1,apples,0,,,edge_and_shrub_habitat,Henningsen and Best 2005,other,species,facultative,TRUE,3.2,6.5,6,14,,,3.2,2.2,,,,,,
md_0380,9HH6YMIM,mean_diff,425,mean_difference,categorical,abundance,density (birds/count/100 ha),,,,,CSG wooded riparian filter strips,CSG non-wooded riparian filter strips,song_sparrow,1,apples,0,,,edge_and_shrub_habitat,Henningsen and Best 2005,other,species,facultative,TRUE,18.1,63,6,14,,,4.5,11.4,,,,,,
md_0381,9HH6YMIM,mean_diff,426,mean_difference,categorical,species_richness,species_richness,,,,,CSG wooded riparian filter strips,CSG non-wooded riparian filter strips,all_species,1,apples,0,,,edge_and_shrub_habitat,Henningsen and Best 2005,other,aggregate,,TRUE,5.8,7.3,6,14,,,0.9,0.3,,,,,,
md_0382,9HH6YMIM,mean_diff,427,mean_difference,categorical,abundance,density (birds/count/100 ha),,,,,WSG wooded riparian filter strips,WSG non-wooded riparian filter strips,ring_necked_pheasant,1,apples,0,,"Because the comparison is wooded WSG vs. non-wooded CSG, I included plant_nwsg and edge_and_shrub as the bmp",plant_nwsg,Henningsen and Best 2005,other,species,facultative,TRUE,5.2,5.6,7,6,,,3,2.3,,,,,,
md_0382,9HH6YMIM,mean_diff,427,mean_difference,categorical,abundance,density (birds/count/100 ha),,,,,WSG wooded riparian filter strips,WSG non-wooded riparian filter strips,ring_necked_pheasant,1,apples,0,,"Because the comparison is wooded WSG vs. non-wooded CSG, I included plant_nwsg and edge_and_shrub as the bmp",edge_and_shrub_habitat,Henningsen and Best 2005,other,species,facultative,TRUE,5.2,5.6,7,6,,,3,2.3,,,,,,
md_0383,9HH6YMIM,mean_diff,429,mean_difference,categorical,abundance,density (birds/count/100 ha),,,,,WSG wooded riparian filter strips,WSG non-wooded riparian filter strips,barn_swallow,1,apples,0,,,plant_nwsg,Henningsen and Best 2005,other,species,facultative,TRUE,35,39.3,7,6,,,12.4,8.9,,,,,,
md_0383,9HH6YMIM,mean_diff,429,mean_difference,categorical,abundance,density (birds/count/100 ha),,,,,WSG wooded riparian filter strips,WSG non-wooded riparian filter strips,barn_swallow,1,apples,0,,,edge_and_shrub_habitat,Henningsen and Best 2005,other,species,facultative,TRUE,35,39.3,7,6,,,12.4,8.9,,,,,,
md_0384,9HH6YMIM,mean_diff,431,mean_difference,categorical,abundance,density (birds/count/100 ha),,,,,WSG wooded riparian filter strips,WSG non-wooded riparian filter strips,cliff_swallow,1,apples,0,,,plant_nwsg,Henningsen and Best 2005,other,species,facultative,TRUE,6.9,49.7,7,6,,,4.3,22.8,,,,,,
md_0384,9HH6YMIM,mean_diff,431,mean_difference,categorical,abundance,density (birds/count/100 ha),,,,,WSG wooded riparian filter strips,WSG non-wooded riparian filter strips,cliff_swallow,1,apples,0,,,edge_and_shrub_habitat,Henningsen and Best 2005,other,species,facultative,TRUE,6.9,49.7,7,6,,,4.3,22.8,,,,,,
md_0385,9HH6YMIM,mean_diff,433,mean_difference,categorical,abundance,density (birds/count/100 ha),,,,,WSG wooded riparian filter strips,WSG non-wooded riparian filter strips,sedge_wren,1,apples,0,,,plant_nwsg,Henningsen and Best 2005,other,species,obligate,TRUE,4.1,10.6,7,6,,,2.6,5,,,,,,
md_0385,9HH6YMIM,mean_diff,433,mean_difference,categorical,abundance,density (birds/count/100 ha),,,,,WSG wooded riparian filter strips,WSG non-wooded riparian filter strips,sedge_wren,1,apples,0,,,edge_and_shrub_habitat,Henningsen and Best 2005,other,species,obligate,TRUE,4.1,10.6,7,6,,,2.6,5,,,,,,
md_0386,9HH6YMIM,mean_diff,435,mean_difference,categorical,abundance,density (birds/count/100 ha),,,,,WSG wooded riparian filter strips,WSG non-wooded riparian filter strips,common_yellowthroat,1,apples,0,,,plant_nwsg,Henningsen and Best 2005,other,species,facultative,TRUE,30.6,112.2,7,6,,,9.2,21.3,,,,,,
md_0386,9HH6YMIM,mean_diff,435,mean_difference,categorical,abundance,density (birds/count/100 ha),,,,,WSG wooded riparian filter strips,WSG non-wooded riparian filter strips,common_yellowthroat,1,apples,0,,,edge_and_shrub_habitat,Henningsen and Best 2005,other,species,facultative,TRUE,30.6,112.2,7,6,,,9.2,21.3,,,,,,
md_0387,9HH6YMIM,mean_diff,437,mean_difference,categorical,abundance,density (birds/count/100 ha) - 2001,,,,,WSG wooded riparian filter strips,WSG non-wooded riparian filter strips,eastern_meadowlark,1,apples,0,,,plant_nwsg,Henningsen and Best 2005,other,species,obligate,TRUE,0,2.2,7,6,,,0,1.5,,,,,,
md_0387,9HH6YMIM,mean_diff,437,mean_difference,categorical,abundance,density (birds/count/100 ha) - 2001,,,,,WSG wooded riparian filter strips,WSG non-wooded riparian filter strips,eastern_meadowlark,1,apples,0,,,edge_and_shrub_habitat,Henningsen and Best 2005,other,species,obligate,TRUE,0,2.2,7,6,,,0,1.5,,,,,,
md_0388,9HH6YMIM,mean_diff,439,mean_difference,categorical,abundance,density (birds/count/100 ha) - 2002,,,,,WSG wooded riparian filter strips,WSG non-wooded riparian filter strips,eastern_meadowlark,1,apples,0,,,plant_nwsg,Henningsen and Best 2005,other,species,obligate,TRUE,1.4,4.8,7,6,,,3.4,3.7,,,,,,
md_0388,9HH6YMIM,mean_diff,439,mean_difference,categorical,abundance,density (birds/count/100 ha) - 2002,,,,,WSG wooded riparian filter strips,WSG non-wooded riparian filter strips,eastern_meadowlark,1,apples,0,,,edge_and_shrub_habitat,Henningsen and Best 2005,other,species,obligate,TRUE,1.4,4.8,7,6,,,3.4,3.7,,,,,,
md_0389,9HH6YMIM,mean_diff,441,mean_difference,categorical,abundance,density (birds/count/100 ha),,,,,WSG wooded riparian filter strips,WSG non-wooded riparian filter strips,red_winged_blackbird,1,apples,0,,,plant_nwsg,Henningsen and Best 2005,other,species,facultative,TRUE,65.7,428,7,6,,,14.5,57,,,,,,
md_0389,9HH6YMIM,mean_diff,441,mean_difference,categorical,abundance,density (birds/count/100 ha),,,,,WSG wooded riparian filter strips,WSG non-wooded riparian filter strips,red_winged_blackbird,1,apples,0,,,edge_and_shrub_habitat,Henningsen and Best 2005,other,species,facultative,TRUE,65.7,428,7,6,,,14.5,57,,,,,,
md_0390,9HH6YMIM,mean_diff,443,mean_difference,categorical,abundance,density (birds/count/100 ha),,,,,WSG wooded riparian filter strips,WSG non-wooded riparian filter strips,indigo_bunting,1,apples,0,,,plant_nwsg,Henningsen and Best 2005,other,species,facultative,TRUE,9.5,1.9,7,6,,,4,1.4,,,,,,
md_0390,9HH6YMIM,mean_diff,443,mean_difference,categorical,abundance,density (birds/count/100 ha),,,,,WSG wooded riparian filter strips,WSG non-wooded riparian filter strips,indigo_bunting,1,apples,0,,,edge_and_shrub_habitat,Henningsen and Best 2005,other,species,facultative,TRUE,9.5,1.9,7,6,,,4,1.4,,,,,,
md_0391,9HH6YMIM,mean_diff,445,mean_difference,categorical,abundance,density (birds/count/100 ha),,,,,WSG wooded riparian filter strips,WSG non-wooded riparian filter strips,dickcissel,1,apples,0,,,plant_nwsg,Henningsen and Best 2005,other,species,obligate,TRUE,8,103.3,7,6,,,3.8,21,,,,,,
md_0391,9HH6YMIM,mean_diff,445,mean_difference,categorical,abundance,density (birds/count/100 ha),,,,,WSG wooded riparian filter strips,WSG non-wooded riparian filter strips,dickcissel,1,apples,0,,,edge_and_shrub_habitat,Henningsen and Best 2005,other,species,obligate,TRUE,8,103.3,7,6,,,3.8,21,,,,,,
md_0392,9HH6YMIM,mean_diff,447,mean_difference,categorical,abundance,density (birds/count/100 ha),,,,,WSG wooded riparian filter strips,WSG non-wooded riparian filter strips,american_goldfinch,1,apples,0,,,plant_nwsg,Henningsen and Best 2005,other,species,facultative,TRUE,5.6,3.6,7,6,,,3.4,2.1,,,,,,
md_0392,9HH6YMIM,mean_diff,447,mean_difference,categorical,abundance,density (birds/count/100 ha),,,,,WSG wooded riparian filter strips,WSG non-wooded riparian filter strips,american_goldfinch,1,apples,0,,,edge_and_shrub_habitat,Henningsen and Best 2005,other,species,facultative,TRUE,5.6,3.6,7,6,,,3.4,2.1,,,,,,
md_0393,9HH6YMIM,mean_diff,449,mean_difference,categorical,abundance,density (birds/count/100 ha),,,,,WSG wooded riparian filter strips,WSG non-wooded riparian filter strips,song_sparrow,1,apples,0,,,plant_nwsg,Henningsen and Best 2005,other,species,facultative,TRUE,43.4,93.5,7,6,,,10.2,14.5,,,,,,
md_0393,9HH6YMIM,mean_diff,449,mean_difference,categorical,abundance,density (birds/count/100 ha),,,,,WSG wooded riparian filter strips,WSG non-wooded riparian filter strips,song_sparrow,1,apples,0,,,edge_and_shrub_habitat,Henningsen and Best 2005,other,species,facultative,TRUE,43.4,93.5,7,6,,,10.2,14.5,,,,,,
md_0394,9HH6YMIM,mean_diff,451,mean_difference,categorical,species_richness,species_richness,,,,,WSG wooded riparian filter strips,WSG non-wooded riparian filter strips,all_species,1,apples,0,,,plant_nwsg,Henningsen and Best 2005,other,aggregate,,TRUE,6.4,8.6,7,6,,,0.5,0.4,,,,,,
md_0394,9HH6YMIM,mean_diff,451,mean_difference,categorical,species_richness,species_richness,,,,,WSG wooded riparian filter strips,WSG non-wooded riparian filter strips,all_species,1,apples,0,,,edge_and_shrub_habitat,Henningsen and Best 2005,other,aggregate,,TRUE,6.4,8.6,7,6,,,0.5,0.4,,,,,,
md_0395,9HH6YMIM,mean_diff,453,mean_difference,categorical,abundance,nest density (nests/100 ha),,,,,WSG non-wooded riparian filter strips,CSG non-wooded riparian filter strips,ring_necked_pheasant,1,apples,0,,,plant_nwsg,Henningsen and Best 2005,other,species,facultative,TRUE,0,2.8,4,11,,,0,7,,,,,,
md_0396,9HH6YMIM,mean_diff,454,mean_difference,categorical,abundance,nest density (nests/100 ha),,,,,WSG non-wooded riparian filter strips,CSG non-wooded riparian filter strips,common_yellowthroat,1,apples,0,,,plant_nwsg,Henningsen and Best 2005,other,species,facultative,TRUE,34.2,10.2,4,11,,,18.1,10.9,,,,,,
md_0397,9HH6YMIM,mean_diff,455,mean_difference,categorical,abundance,nest density (nests/100 ha),,,,,WSG non-wooded riparian filter strips,CSG non-wooded riparian filter strips,red_winged_blackbird,1,apples,0,,,plant_nwsg,Henningsen and Best 2005,other,species,facultative,TRUE,1141.9,835.8,4,11,,,248.9,150.1,,,,,,
md_0398,9HH6YMIM,mean_diff,456,mean_difference,categorical,abundance,nest density (nests/100 ha),,,,,WSG non-wooded riparian filter strips,CSG non-wooded riparian filter strips,dickcissel,1,apples,0,,,plant_nwsg,Henningsen and Best 2005,other,species,obligate,TRUE,153.8,68.5,4,11,,,38.1,23,,,,,,
md_0399,9HH6YMIM,mean_diff,457,mean_difference,categorical,abundance,nest density (nests/100 ha),,,,,WSG non-wooded riparian filter strips,CSG non-wooded riparian filter strips,song_sparrow,1,apples,0,,,plant_nwsg,Henningsen and Best 2005,other,species,facultative,TRUE,6.4,26.6,4,11,,,20.3,12.2,,,,,,
md_0400,9HH6YMIM,mean_diff,458,mean_difference,categorical,abundance,nest density (nests/100 ha),,,,,WSG wooded riparian filter strips,CSG wooded riparian filter strips,ring_necked_pheasant,1,apples,0,,,plant_nwsg,Henningsen and Best 2005,other,species,facultative,TRUE,18.7,15.8,5,4,,,10.4,11.7,,,,,,
md_0401,9HH6YMIM,mean_diff,459,mean_difference,categorical,abundance,nest density (nests/100 ha),,,,,WSG wooded riparian filter strips,CSG wooded riparian filter strips,common_yellowthroat,1,apples,0,,,plant_nwsg,Henningsen and Best 2005,other,species,facultative,TRUE,35,34.4,5,4,,,16.2,18.1,,,,,,
md_0402,9HH6YMIM,mean_diff,460,mean_difference,categorical,abundance,nest density (nests/100 ha),,,,,WSG wooded riparian filter strips,CSG wooded riparian filter strips,red_winged_blackbird,1,apples,0,,,plant_nwsg,Henningsen and Best 2005,other,species,facultative,TRUE,181.6,154.7,5,4,,,222.6,248.9,,,,,,
md_0403,9HH6YMIM,mean_diff,461,mean_difference,categorical,abundance,nest density (nests/100 ha),,,,,WSG wooded riparian filter strips,CSG wooded riparian filter strips,dickcissel,1,apples,0,,,plant_nwsg,Henningsen and Best 2005,other,species,obligate,TRUE,0,0,5,4,,,0,0,,,,,,
md_0404,9HH6YMIM,mean_diff,462,mean_difference,categorical,abundance,nest density (nests/100 ha),,,,,WSG wooded riparian filter strips,CSG wooded riparian filter strips,song_sparrow,1,apples,0,,,plant_nwsg,Henningsen and Best 2005,other,species,facultative,TRUE,45.6,18.6,5,4,,,18.1,20.3,,,,,,
md_0405,9HH6YMIM,mean_diff,463,mean_difference,categorical,abundance,nest density (nests/100 ha),,,,,CSG wooded riparian filter strips,CSG non-wooded riparian filter strips,ring_necked_pheasant,1,apples,0,,,edge_and_shrub_habitat,Henningsen and Best 2005,other,species,facultative,TRUE,15.8,2.8,4,11,,,11.7,7,,,,,,
md_0406,9HH6YMIM,mean_diff,464,mean_difference,categorical,abundance,nest density (nests/100 ha),,,,,CSG wooded riparian filter strips,CSG non-wooded riparian filter strips,common_yellowthroat,1,apples,0,,,edge_and_shrub_habitat,Henningsen and Best 2005,other,species,facultative,TRUE,34.4,20.2,4,11,,,18.1,10.9,,,,,,
md_0407,9HH6YMIM,mean_diff,465,mean_difference,categorical,abundance,nest density (nests/100 ha),,,,,CSG wooded riparian filter strips,CSG non-wooded riparian filter strips,red_winged_blackbird,1,apples,0,,,edge_and_shrub_habitat,Henningsen and Best 2005,other,species,facultative,TRUE,154.7,834.8,4,11,,,248.9,150.1,,,,,,
md_0408,9HH6YMIM,mean_diff,466,mean_difference,categorical,abundance,nest density (nests/100 ha),,,,,CSG wooded riparian filter strips,CSG non-wooded riparian filter strips,dickcissel,1,apples,0,,,edge_and_shrub_habitat,Henningsen and Best 2005,other,species,obligate,TRUE,0,68.5,4,11,,,0,23,,,,,,
md_0409,9HH6YMIM,mean_diff,467,mean_difference,categorical,abundance,nest density (nests/100 ha),,,,,CSG wooded riparian filter strips,CSG non-wooded riparian filter strips,song_sparrow,1,apples,0,,,edge_and_shrub_habitat,Henningsen and Best 2005,other,species,facultative,TRUE,18.6,26.6,4,11,,,10.3,12.2,,,,,,
md_0410,9HH6YMIM,mean_diff,468,mean_difference,categorical,abundance,nest density (nests/100 ha),,,,,WSG wooded riparian filter strips,WSG non-wooded riparian filter strips,ring_necked_pheasant,1,apples,0,,,edge_and_shrub_habitat,Henningsen and Best 2005,other,species,facultative,TRUE,18.7,0,5,4,,,10.4,0,,,,,,
md_0411,9HH6YMIM,mean_diff,469,mean_difference,categorical,abundance,nest density (nests/100 ha),,,,,WSG wooded riparian filter strips,WSG non-wooded riparian filter strips,common_yellowthroat,1,apples,0,,,edge_and_shrub_habitat,Henningsen and Best 2005,other,species,facultative,TRUE,35,34.2,5,4,,,16.2,18.1,,,,,,
md_0412,9HH6YMIM,mean_diff,470,mean_difference,categorical,abundance,nest density (nests/100 ha),,,,,WSG wooded riparian filter strips,WSG non-wooded riparian filter strips,red_winged_blackbird,1,apples,0,,,edge_and_shrub_habitat,Henningsen and Best 2005,other,species,facultative,TRUE,181.6,1141.9,5,4,,,222.6,248.9,,,,,,
md_0413,9HH6YMIM,mean_diff,471,mean_difference,categorical,abundance,nest density (nests/100 ha),,,,,WSG wooded riparian filter strips,WSG non-wooded riparian filter strips,dickcissel,1,apples,0,,,edge_and_shrub_habitat,Henningsen and Best 2005,other,species,obligate,TRUE,0,153.8,5,4,,,0,38.1,,,,,,
md_0414,9HH6YMIM,mean_diff,472,mean_difference,categorical,abundance,nest density (nests/100 ha),,,,,WSG wooded riparian filter strips,WSG non-wooded riparian filter strips,song_sparrow,1,apples,0,,,edge_and_shrub_habitat,Henningsen and Best 2005,other,species,facultative,TRUE,45.6,6.4,5,4,,,18.1,20.3,,,,,,
md_0415,6L2Y9PFL,mean_diff,473,mean_difference,categorical,abundance,detection frequency,,,,,Sites burned that year,Sites not burned that year,grasshopper_sparrow,1,apples,1,,At one point Amy asked to remove the year-of-burn ... should we?,prescribed_fire,Herakovich et al. 2021,other,species,obligate,TRUE,0.38,0.1,12,6,0.27,0.18,,,,,,,,
md_0416,6L2Y9PFL,mean_diff,474,mean_difference,categorical,abundance,detection frequency,,,,,Sites burned that year,Sites not burned that year,dickcissel,1,apples,1,,,prescribed_fire,Herakovich et al. 2021,other,species,obligate,TRUE,0.98,0.93,12,6,0.03,0.09,,,,,,,,
md_0417,QI6DHMSY,mean_diff,475,mean_difference,categorical,abundance,density (birds/ha),,,,,Patch-burn-graze sites,Traditional sites (summer-long grazing only),brown_headed_cowbird,1,apples,1,,"Review what is meant by traditional -- if traditional is burn, but not patch burn, this may be manage in patches",prescribed_fire,Holcomb et al. 2014,great_plains,species,facultative,TRUE,0.09,0.28,3,2,,,0.02,0.05,,,,,,
md_0418,QI6DHMSY,mean_diff,476,mean_difference,categorical,abundance,density (birds/ha),,,,,Patch-burn-graze sites,Traditional sites (summer-long grazing only),cassins_sparrow,1,apples,0,,,prescribed_fire,Holcomb et al. 2014,great_plains,species,obligate,TRUE,1.63,1.02,3,2,,,0.4,0.3,,,,,,
md_0419,QI6DHMSY,mean_diff,477,mean_difference,categorical,abundance,density (birds/ha),,,,,Patch-burn-graze sites,Traditional sites (summer-long grazing only),dickcissel,1,apples,0,,,prescribed_fire,Holcomb et al. 2014,great_plains,species,obligate,TRUE,0.63,1.08,3,2,,,0.18,0.39,,,,,,
md_0420,QI6DHMSY,mean_diff,478,mean_difference,categorical,abundance,density (birds/ha),,,,,Patch-burn-graze sites,Traditional sites (summer-long grazing only),eastern_meadowlark,1,apples,0,,,prescribed_fire,Holcomb et al. 2014,great_plains,species,obligate,TRUE,0.04,0.13,3,2,,,0.02,0.05,,,,,,
md_0421,QI6DHMSY,mean_diff,479,mean_difference,categorical,abundance,density (birds/ha),,,,,Patch-burn-graze sites,Traditional sites (summer-long grazing only),field_sparrow,1,apples,0,,,prescribed_fire,Holcomb et al. 2014,great_plains,species,facultative,TRUE,1.54,1.49,3,2,,,0.41,0.45,,,,,,
md_0422,QI6DHMSY,mean_diff,480,mean_difference,categorical,abundance,density (birds/ha),,,,,Patch-burn-graze sites,Traditional sites (summer-long grazing only),grasshopper_sparrow,1,apples,0,,,prescribed_fire,Holcomb et al. 2014,great_plains,species,obligate,TRUE,0.13,0.53,3,2,,,0.05,0.13,,,,,,
md_0423,QI6DHMSY,mean_diff,481,mean_difference,categorical,abundance,density (birds/ha),,,,,Patch-burn-graze sites,Traditional sites (summer-long grazing only),lark_sparrow,1,apples,0,,,prescribed_fire,Holcomb et al. 2014,great_plains,species,facultative,TRUE,3.55,0.7,3,2,,,1.02,0.38,,,,,,
md_0424,QI6DHMSY,mean_diff,482,mean_difference,categorical,abundance,density (birds/ha),,,,,Patch-burn-graze sites,Traditional sites (summer-long grazing only),mourning_dove,1,apples,0,,,prescribed_fire,Holcomb et al. 2014,great_plains,species,facultative,TRUE,0.08,0.06,3,2,,,0.02,0.01,,,,,,
md_0425,QI6DHMSY,mean_diff,483,mean_difference,categorical,abundance,density (birds/ha),,,,,Patch-burn-graze sites,Traditional sites (summer-long grazing only),northern_bobwhite,1,apples,0,,,prescribed_fire,Holcomb et al. 2014,great_plains,species,facultative,TRUE,0.31,0.24,3,2,,,0.07,0.07,,,,,,
md_0426,QI6DHMSY,mean_diff,484,mean_difference,categorical,abundance,density (birds/ha),,,,,Patch-burn-graze sites,Traditional sites (summer-long grazing only),northern_mockingbird,1,apples,0,,,prescribed_fire,Holcomb et al. 2014,great_plains,species,facultative,TRUE,0.04,0.01,3,2,,,0.02,0.01,,,,,,
md_0427,QI6DHMSY,mean_diff,485,mean_difference,categorical,abundance,density (birds/ha),,,,,Patch-burn-graze sites,Traditional sites (summer-long grazing only),western_meadowlark,1,apples,0,,,prescribed_fire,Holcomb et al. 2014,great_plains,species,obligate,TRUE,0.38,0.36,3,2,,,0.1,0.11,,,,,,
md_0428,QI6DHMSY,mean_diff,486,mean_difference,categorical,nest_success,nest_success,daily_survival,logistic_exposure,,,Patch-burn-graze sites,Traditional sites (summer-long grazing only),cassins_sparrow,1,apples,0,,,prescribed_fire,Holcomb et al. 2014,great_plains,species,obligate,TRUE,50.9,57.6,38,5,,,4,5,,,,,,
md_0429,QI6DHMSY,mean_diff,487,mean_difference,categorical,nest_success,nest_success,daily_survival,logistic_exposure,,,Patch-burn-graze sites,Traditional sites (summer-long grazing only),field_sparrow,1,apples,0,,,prescribed_fire,Holcomb et al. 2014,great_plains,species,facultative,TRUE,17.6,21.8,44,20,,,7,4,,,,,,
md_0430,QI6DHMSY,mean_diff,488,mean_difference,categorical,nest_success,nest_success,daily_survival,logistic_exposure,,,Patch-burn-graze sites,Traditional sites (summer-long grazing only),lark_sparrow,1,apples,0,,,prescribed_fire,Holcomb et al. 2014,great_plains,species,facultative,TRUE,14.3,12.4,96,8,,,6,8,,,,,,
md_0431,XDNK38QY,mean_diff,489,mean_difference,categorical,species_richness,species_richness,,,,,sites with nest boxes,sites without nest boxes,all_species,1,apples,0,,Treatment is defined here as sites with nest boxes,install_nest_boxes,Jedlicka et al. 2011,other,aggregate,,TRUE,4.23,3.67,6,6,,,0.39,0.16,,,,,,
md_0432,XDNK38QY,mean_diff,490,mean_difference,categorical,species_richness,species_richness,,,,,sites with nest boxes,sites without nest boxes,insectivores,1,apples,0,,Treatment is defined here as sites with nest boxes,install_nest_boxes,Jedlicka et al. 2011,other,guild,other,TRUE,2.01,1.21,6,6,,,0.07,0.25,,,,,,
md_0433,XDNK38QY,mean_diff,491,mean_difference,categorical,abundance,abundance,,,,,sites with nest boxes,sites without nest boxes,all_species,1,apples,0,,Might depend on who the nest boxes are for; Treatment is defined here as sites with nest boxes,install_nest_boxes,Jedlicka et al. 2011,other,aggregate,,TRUE,3.71,2.09,6,6,,,0.43,0.33,,,,,,
md_0434,XDNK38QY,mean_diff,492,mean_difference,categorical,abundance,abundance,,,,,sites with nest boxes,sites without nest boxes,omnivores,1,apples,0,,Treatment is defined here as sites with nest boxes,install_nest_boxes,Jedlicka et al. 2011,other,guild,other,TRUE,0.14,0.18,6,6,,,0.09,0.02,,,,,,
md_0435,XDNK38QY,mean_diff,493,mean_difference,categorical,abundance,abundance,,,,,sites with nest boxes,sites without nest boxes,granivores,1,apples,0,,Treatment is defined here as sites with nest boxes,install_nest_boxes,Jedlicka et al. 2011,other,guild,other,TRUE,1.2,1.23,6,6,,,0.31,0.11,,,,,,
md_0436,9YXV6ME8,mean_diff,494,mean_difference,categorical,species_richness,species_richness,,,,,NWSG field,CSG field,wintering_species,1,apples,0,,,plant_nwsg,Johnson et al. 2019,southeast_us,aggregate,other,TRUE,5.62,2.78,20,21,,,0.33,0.35,,,,,,
md_0436,9YXV6ME8,mean_diff,494,mean_difference,categorical,species_richness,species_richness,,,,,NWSG field,CSG field,wintering_species,1,apples,0,,,provide_overwintering_habitat,Johnson et al. 2019,southeast_us,aggregate,other,TRUE,5.62,2.78,20,21,,,0.33,0.35,,,,,,
md_0437,2DXYTUJ6,mean_diff,496,mean_difference,categorical,species_richness,species_richness,,,,,Short duration grazing system,Long duration grazing system,all_species,1,apples,0,,,rotational_grazing,Kempema et al. 2023,great_plains,aggregate,,TRUE,36.3,52.7,4,4,,,2.8,4,,,,,,
md_0438,6RIJF37M,mean_diff,497,mean_difference,categorical,nest_success,nest_success (%),period_survival,,,,Nests in unmown large patches (surrounded by mowed),nests in small unmown patches (surrounded by mown),black_tailed_godwit,1,oranges,0,,,manage_in_patches,Kentie et al. 2015,europe,species,facultative,TRUE,32,21,58,58,,,,,20,12,46,34,,
md_0439,9WTCPMT2,mean_diff,498,mean_difference,categorical,abundance,density - 2004,,,,,wildlife openings,silvaculture openings,common_yellowthroat,1,oranges,0,,Not sure if this is an adequate edge_and_shrub test (more about the surroundings than the edge),edge_and_shrub_habitat,King et al. 2009,other,species,facultative,TRUE,0.9,0.92,21,15,,,0.13,0.17,,,,,,
md_0440,9WTCPMT2,mean_diff,499,mean_difference,categorical,abundance,density - 2005,,,,,wildlife openings,silvaculture openings,common_yellowthroat,1,oranges,0,,,edge_and_shrub_habitat,King et al. 2009,other,species,facultative,TRUE,1.07,0.88,21,15,,,0.06,0.08,,,,,,
md_0441,65GGK69H,mean_diff,500,mean_difference,categorical,species_richness,species_richness,,,,,Organic farm,Conventional farm,all_species,1,apples,0,,,eliminate_pesticides,Kirk and Lindsay 2017,great_plains,aggregate,,TRUE,8.4,7.6,10,10,,,,,6.6,5.9,10.8,9.7,,
md_0442,65GGK69H,mean_diff,501,mean_difference,categorical,species_richness,species_richness,,,,,Organic farm,Conventional farm,grassland_species,1,apples,0,,,eliminate_pesticides,Kirk and Lindsay 2017,great_plains,guild,facultative,TRUE,3.3,3.4,10,10,,,,,2.7,2.7,3.9,4,,
md_0443,65GGK69H,mean_diff,502,mean_difference,categorical,species_richness,species_richness,,,,,Organic farm,Conventional farm,insectivores,1,apples,0,,,eliminate_pesticides,Kirk and Lindsay 2017,great_plains,guild,other,TRUE,2.9,2.4,10,10,,,,,1.9,1.6,4.3,3.7,,
md_0444,65GGK69H,mean_diff,503,mean_difference,categorical,species_richness,species_richness,,,,,Organic farm,Conventional farm,omnivores,1,apples,0,,,eliminate_pesticides,Kirk and Lindsay 2017,great_plains,guild,other,TRUE,5.2,5,10,10,,,,,3.9,3.7,6.8,6.6,,
md_0445,65GGK69H,mean_diff,504,mean_difference,categorical,abundance,abundance,,,,,Organic farm,Conventional farm,all_species,1,apples,0,,,eliminate_pesticides,Kirk and Lindsay 2017,great_plains,aggregate,,TRUE,3,2.8,10,10,,,,,2.7,2.6,3.3,3.1,,
md_0446,65GGK69H,mean_diff,505,mean_difference,categorical,abundance,abundance,,,,,Organic farm,Conventional farm,grassland_species,1,apples,0,,,eliminate_pesticides,Kirk and Lindsay 2017,great_plains,guild,facultative,TRUE,10.8,10.4,10,10,,,,,8.7,8.4,13.3,12.9,,
md_0447,65GGK69H,mean_diff,506,mean_difference,categorical,abundance,abundance,,,,,Organic farm,Conventional farm,insectivores,1,apples,0,,,eliminate_pesticides,Kirk and Lindsay 2017,great_plains,guild,other,TRUE,6.7,5.4,10,10,,,,,4.2,3.4,10.5,8.6,,
md_0448,65GGK69H,mean_diff,507,mean_difference,categorical,abundance,abundance,,,,,Organic farm,Conventional farm,omnivores,1,apples,0,,,eliminate_pesticides,Kirk and Lindsay 2017,great_plains,guild,other,TRUE,14.6,14,10,10,,,,,12.1,11.6,17.5,16.8,,
md_0449,4KV5TD3V,mean_diff,508,mean_difference,categorical,nest_success,number of fledglings,period_survival,,,,nest boxes,natural cavities,boreal_owl,1,apples,1,,Number of fledglings isn't really nest success; Not sure if this is a strong case for the install_nest_boxes bmp; Treatment is defined here as nest boxes,install_nest_boxes,Korpimaki 1984,europe,species,woodland,FALSE,2.88,2.47,231,30,,,2.17,1.85,,,,,,
md_0450,H9PA8BNU,mean_diff,509,mean_difference,categorical,abundance,nest density - 2005,,,,,Organic farm,Conventional farm,northern_lapwing,1,apples,0,,,eliminate_pesticides,Kragten and de Snoo 2007,europe,species,obligate,TRUE,11.9,6,80,45,16.1,7.6,,,,,,,,
md_0451,H9PA8BNU,mean_diff,510,mean_difference,categorical,abundance,nest density - 2006,,,,,Organic farm,Conventional farm,northern_lapwing,1,apples,0,,,eliminate_pesticides,Kragten and de Snoo 2007,europe,species,obligate,TRUE,11,6.3,71,46,14.8,8.3,,,,,,,,
md_0452,H9PA8BNU,mean_diff,511,mean_difference,categorical,nest_success,successful nests per 100 ha - 2005,period_survival,,,,Organic farm,Conventional farm,northern_lapwing,1,apples,1,,Response isn't really nest success (perhaps productivity instead),eliminate_pesticides,Kragten and de Snoo 2007,europe,species,obligate,TRUE,3.3,2.8,80,45,,,1,0.8,,,,,,
md_0453,H9PA8BNU,mean_diff,512,mean_difference,categorical,nest_success,successful nests per 100 ha - 2006,period_survival,,,,Organic farm,Conventional farm,northern_lapwing,1,apples,1,,Response isn't really nest success (perhaps productivity instead),eliminate_pesticides,Kragten and de Snoo 2007,europe,species,obligate,TRUE,2.6,1.7,71,46,,,0.8,0.5,,,,,,
md_0454,H9PA8BNU,mean_diff,513,mean_difference,categorical,nest_success,successful nests per breeding pair - 2005,period_survival,,,,Organic farm,Conventional farm,northern_lapwing,1,apples,1,,Response isn't really nest success (perhaps productivity instead),eliminate_pesticides,Kragten and de Snoo 2007,europe,species,obligate,TRUE,0.26,0.35,80,45,,,,,0.098,0.141,0.5,0.673,,
md_0455,7DEL2BXP,mean_diff,514,mean_difference,categorical,abundance,density (birds/ha),,,,,Herbicide-only treated sites,Untreated (with invasive shrubs),eastern_meadowlark,1,apples,0,,,remove_non_native_shrubs,Lautenbach et al. 2020,other,species,obligate,TRUE,0.15,0.04,28,28,,,0.09,0.03,0.05,0.01,0.47,0.17,,
md_0456,7DEL2BXP,mean_diff,515,mean_difference,categorical,abundance,density (birds/ha),,,,,Herbicide-only treated sites,Untreated (with invasive shrubs),eastern_towhee,1,apples,0,,,remove_non_native_shrubs,Lautenbach et al. 2020,other,species,shrub,FALSE,0.12,0.27,28,28,,,0.04,0.08,0.06,0.15,0.25,0.49,,
md_0457,7DEL2BXP,mean_diff,516,mean_difference,categorical,abundance,density (birds/ha),,,,,Herbicide-only treated sites,Untreated (with invasive shrubs),field_sparrow,1,apples,0,,,remove_non_native_shrubs,Lautenbach et al. 2020,other,species,facultative,TRUE,3.74,5.2,28,28,,,2.42,3.34,1.05,1.48,13.32,18.33,,
md_0458,7DEL2BXP,mean_diff,517,mean_difference,categorical,abundance,density (birds/ha),,,,,Herbicide-only treated sites,Untreated (with invasive shrubs),gray_catbird,1,apples,0,,,remove_non_native_shrubs,Lautenbach et al. 2020,other,species,forest,FALSE,0.16,0.5,28,28,,,0.1,0.29,0.05,0.16,0.57,1.57,,
md_0459,7DEL2BXP,mean_diff,518,mean_difference,categorical,abundance,density (birds/ha),,,,,Herbicide-only treated sites,Untreated (with invasive shrubs),grasshopper_sparrow,1,apples,0,,,remove_non_native_shrubs,Lautenbach et al. 2020,other,species,obligate,TRUE,0.33,0.04,28,28,,,0.09,0.03,0.19,0.01,0.58,0.17,,
md_0460,7DEL2BXP,mean_diff,519,mean_difference,categorical,abundance,density (birds/ha),,,,,Herbicide-only treated sites,Untreated (with invasive shrubs),henslows_sparrow,1,apples,0,,,remove_non_native_shrubs,Lautenbach et al. 2020,other,species,obligate,TRUE,2.35,0.92,28,28,,,0.35,0.19,1.76,0.61,3.15,1.39,,
md_0461,7DEL2BXP,mean_diff,520,mean_difference,categorical,abundance,density (birds/ha),,,,,Herbicide-only treated sites,Untreated (with invasive shrubs),prairie_warbler,1,apples,0,,,remove_non_native_shrubs,Lautenbach et al. 2020,other,species,shrub,FALSE,0.05,0.14,28,28,,,0.01,0.03,0.03,0.09,0.09,0.2,,
md_0462,7DEL2BXP,mean_diff,521,mean_difference,categorical,abundance,density (birds/ha),,,,,Herbicide-only treated sites,Untreated (with invasive shrubs),willow_flycatcher,1,apples,0,,,remove_non_native_shrubs,Lautenbach et al. 2020,other,species,facultative,TRUE,0.22,0.23,28,28,,,0.04,0.04,0.16,0.16,0.32,0.33,,
md_0463,7DEL2BXP,mean_diff,522,mean_difference,categorical,abundance,density (birds/ha),,,,,Herbicide-only treated sites,Untreated (with invasive shrubs),yellow_breasted_chat,1,apples,0,,,remove_non_native_shrubs,Lautenbach et al. 2020,other,species,shrub,FALSE,0.07,0.11,28,28,,,0.02,0.02,0.04,0.08,0.11,0.17,,
md_0464,7DEL2BXP,mean_diff,523,mean_difference,categorical,abundance,density (birds/ha),,,,,Herbicide-only treated sites,Untreated (with invasive shrubs),yellow_warbler,1,apples,0,,,remove_non_native_shrubs,Lautenbach et al. 2020,other,species,facultative,TRUE,0.32,0.39,28,28,,,0.08,0.09,0.2,0.25,0.5,0.59,,
md_0465,7DEL2BXP,mean_diff,524,mean_difference,categorical,abundance,density (birds/ha),,,,,Herbicide and shredded sites,Untreated (with invasive shrubs),common_yellowthroat,1,apples,0,,,remove_non_native_shrubs,Lautenbach et al. 2020,other,species,facultative,TRUE,2.95,2.21,28,28,,,3.42,2.54,0.3,0.23,28.6,21.03,,
md_0466,7DEL2BXP,mean_diff,525,mean_difference,categorical,abundance,density (birds/ha),,,,,Herbicide and shredded sites,Untreated (with invasive shrubs),eastern_meadowlark,1,apples,0,,,remove_non_native_shrubs,Lautenbach et al. 2020,other,species,obligate,TRUE,0.3,0.04,28,28,,,0.17,0.03,0.1,0.01,0.92,0.17,,
md_0467,7DEL2BXP,mean_diff,526,mean_difference,categorical,abundance,density (birds/ha),,,,,Herbicide and shredded sites,Untreated (with invasive shrubs),eastern_towhee,1,apples,0,,,remove_non_native_shrubs,Lautenbach et al. 2020,other,species,shrub,FALSE,0.16,0.27,28,28,,,0.05,0.08,0.09,0.15,0.3,0.49,,
md_0468,7DEL2BXP,mean_diff,527,mean_difference,categorical,abundance,density (birds/ha),,,,,Herbicide and shredded sites,Untreated (with invasive shrubs),field_sparrow,1,apples,0,,,remove_non_native_shrubs,Lautenbach et al. 2020,other,species,facultative,TRUE,5.53,5.2,28,28,,,3.45,3.34,1.63,1.48,18.8,18.33,,
md_0469,7DEL2BXP,mean_diff,528,mean_difference,categorical,abundance,density (birds/ha),,,,,Herbicide and shredded sites,Untreated (with invasive shrubs),gray_catbird,1,apples,0,,,remove_non_native_shrubs,Lautenbach et al. 2020,other,species,forest,FALSE,0.16,0.5,28,28,,,0.1,0.29,0.05,0.16,0.53,1.57,,
md_0470,7DEL2BXP,mean_diff,529,mean_difference,categorical,abundance,density (birds/ha),,,,,Herbicide and shredded sites,Untreated (with invasive shrubs),grasshopper_sparrow,1,apples,0,,,remove_non_native_shrubs,Lautenbach et al. 2020,other,species,obligate,TRUE,0.46,0.04,28,28,,,0.12,0.03,0.28,0.01,0.75,0.17,,
md_0471,7DEL2BXP,mean_diff,530,mean_difference,categorical,abundance,density (birds/ha),,,,,Herbicide and shredded sites,Untreated (with invasive shrubs),henslows_sparrow,1,apples,0,,,remove_non_native_shrubs,Lautenbach et al. 2020,other,species,obligate,TRUE,2.78,0.92,28,28,,,0.38,0.19,2.12,0.61,3.63,1.39,,
md_0472,7DEL2BXP,mean_diff,531,mean_difference,categorical,abundance,density (birds/ha),,,,,Herbicide and shredded sites,Untreated (with invasive shrubs),prairie_warbler,1,apples,0,,,remove_non_native_shrubs,Lautenbach et al. 2020,other,species,shrub,FALSE,0.03,0.14,28,28,,,0.01,0.03,0.02,0.09,0.06,0.2,,
md_0473,7DEL2BXP,mean_diff,532,mean_difference,categorical,abundance,density (birds/ha),,,,,Herbicide and shredded sites,Untreated (with invasive shrubs),willow_flycatcher,1,apples,0,,,remove_non_native_shrubs,Lautenbach et al. 2020,other,species,facultative,TRUE,0.18,0.23,28,28,,,0.04,0.04,0.12,0.16,0.27,0.33,,
md_0474,7DEL2BXP,mean_diff,533,mean_difference,categorical,abundance,density (birds/ha),,,,,Herbicide and shredded sites,Untreated (with invasive shrubs),yellow_breasted_chat,1,apples,0,,,remove_non_native_shrubs,Lautenbach et al. 2020,other,species,shrub,FALSE,0.07,0.11,28,28,,,0.02,0.02,0.04,0.08,0.11,0.17,,
md_0475,7DEL2BXP,mean_diff,534,mean_difference,categorical,abundance,density (birds/ha),,,,,Herbicide and shredded sites,Untreated (with invasive shrubs),yellow_warbler,1,apples,0,,,remove_non_native_shrubs,Lautenbach et al. 2020,other,species,facultative,TRUE,0.22,0.39,28,28,,,0.06,0.09,0.13,0.25,0.39,0.59,,
md_0476,7DEL2BXP,mean_diff,535,mean_difference,categorical,abundance,density (birds/ha),,,,,Herbicide-only treated sites,Untreated (with invasive shrubs),common_yellowthroat,1,apples,0,,,remove_non_native_shrubs,Lautenbach et al. 2020,other,species,facultative,TRUE,2.87,2.21,28,28,,,3.35,2.54,0.29,0.23,28.21,21.03,,
md_0477,8IQ6TE6A,mean_diff,536,mean_difference,categorical,abundance,abundance,,,,,NWSG restored sites,Exotic sites,dickcissel,1,apples,0,,,plant_nwsg,Lituma et al. 2012,great_plains,species,obligate,TRUE,0.323,0.181,8,8,,,0.082,0.067,,,,,,
md_0478,8IQ6TE6A,mean_diff,537,mean_difference,categorical,nest_success,Daily nest survival,daily_survival,,,,NWSG restored sites,Exotic sites,dickcissel,1,apples,0,,,plant_nwsg,Lituma et al. 2012,great_plains,species,obligate,TRUE,0.895,0.93,63,23,,,0.013,0.017,,,,,,
md_0479,GE3868HZ,mean_diff,538,mean_difference,categorical,abundance,breeding pairs/ha,,,,,Native NSWG prairie,CSG plots,chestnut_collared_longspur,1,apples,0,,Treatment is defined here as the NWSG prairie,plant_nwsg,Lloyd and Martin 2005,great_plains,species,obligate,TRUE,1.8,1.2,3,3,,,,,1.7,0.6,1.9,1.8,,
md_0480,GE3868HZ,mean_diff,539,mean_difference,categorical,nest_success,clutch size,period_survival,,,,Native NSWG prairie,CSG,chestnut_collared_longspur,1,apples,1,,Response not really nest success; Treatment is defined here as the NWSG prairie,plant_nwsg,Lloyd and Martin 2005,great_plains,species,obligate,TRUE,4,4,116,98,,,,,3.8,3.8,4.1,4.1,,
md_0481,J6EY9D55,mean_diff,540,mean_difference,categorical,species_richness,species per field,,,,,Organic farm,Conventional farm,all_species,1,apples,0,,Sample size estimated based on the degrees of freedom in their anova for summer fields,eliminate_pesticides,Lokemoen and Beiser 1997,great_plains,aggregate,,TRUE,1.6,0.9,45,45,,,0.18,0.18,,,,,,
md_0482,J6EY9D55,mean_diff,541,mean_difference,categorical,abundance,nest density,,,,,Organic farm,Conventional farm,all_species,1,apples,0,,Sample size estimated based on the degrees of freedom in their anova for summer fields,eliminate_pesticides,Lokemoen and Beiser 1997,great_plains,aggregate,,TRUE,1,0.5,45,45,,,0.02,0.02,,,,,,
md_0483,K2FW7NWY,mean_diff,542,mean_difference,categorical,abundance,number of singing males - 1993,,,,,Time since fire (<1 year),More than 80 years since fire,bairds_sparrow,1,apples,0,,At one point Amy asked to remove the year-of-burn ... should we? Sample size is number of point counts,prescribed_fire,Madden et al. 1999,great_plains,species,obligate,TRUE,0,0,10,32,,,0,0,,,,,,
md_0484,K2FW7NWY,mean_diff,543,mean_difference,categorical,abundance,number of singing males - 1993,,,,,Time since fire (<1 year),More than 80 years since fire,brown_headed_cowbird,1,apples,0,,Sample size is number of point counts,prescribed_fire,Madden et al. 1999,great_plains,species,facultative,TRUE,0.27,0.03,10,32,,,0.2,0.02,,,,,,
md_0485,K2FW7NWY,mean_diff,544,mean_difference,categorical,abundance,number of singing males - 1993,,,,,Time since fire (<1 year),More than 80 years since fire,bobolink,1,apples,0,,Sample size is number of point counts,prescribed_fire,Madden et al. 1999,great_plains,species,obligate,TRUE,0,0.04,10,32,,,0,0.04,,,,,,
md_0486,K2FW7NWY,mean_diff,545,mean_difference,categorical,abundance,number of singing males - 1993,,,,,Time since fire (<1 year),More than 80 years since fire,clay_colored_sparrow,1,apples,0,,Sample size is number of point counts,prescribed_fire,Madden et al. 1999,great_plains,species,facultative,TRUE,0.33,0.57,10,32,,,0.12,0.08,,,,,,
md_0487,K2FW7NWY,mean_diff,546,mean_difference,categorical,abundance,number of singing males - 1993,,,,,Time since fire (<1 year),More than 80 years since fire,common_yellowthroat,1,apples,0,,Sample size is number of point counts,prescribed_fire,Madden et al. 1999,great_plains,species,facultative,TRUE,0,0.24,10,32,,,0,0.04,,,,,,
md_0488,K2FW7NWY,mean_diff,547,mean_difference,categorical,abundance,number of singing males - 1993,,,,,Time since fire (<1 year),More than 80 years since fire,grasshopper_sparrow,1,apples,0,,Sample size is number of point counts,prescribed_fire,Madden et al. 1999,great_plains,species,obligate,TRUE,0,0,10,32,,,0,0,,,,,,
md_0489,K2FW7NWY,mean_diff,548,mean_difference,categorical,abundance,number of singing males - 1993,,,,,Time since fire (<1 year),More than 80 years since fire,savannah_sparrow,1,apples,0,,Sample size is number of point counts,prescribed_fire,Madden et al. 1999,great_plains,species,obligate,TRUE,0.17,0.25,10,32,,,0.07,0.06,,,,,,
md_0490,K2FW7NWY,mean_diff,549,mean_difference,categorical,abundance,number of singing males - 1993,,,,,Time since fire (<1 year),More than 80 years since fire,spragues_pipit,1,apples,0,,Sample size is number of point counts,prescribed_fire,Madden et al. 1999,great_plains,species,obligate,TRUE,0,0,10,32,,,0,0,,,,,,
md_0491,K2FW7NWY,mean_diff,550,mean_difference,categorical,abundance,number of singing males - 1993,,,,,Time since fire (<1 year),More than 80 years since fire,western_meadowlark,1,apples,0,,Sample size is number of point counts,prescribed_fire,Madden et al. 1999,great_plains,species,obligate,TRUE,0,0,10,32,,,0,0,,,,,,
md_0492,K2FW7NWY,mean_diff,551,mean_difference,categorical,abundance,number of singing males - 1993,,,,,Time since fire (<1 year),More than 80 years since fire,all_species,1,apples,0,,Sample size is number of point counts,prescribed_fire,Madden et al. 1999,great_plains,aggregate,,TRUE,0.97,1.22,10,32,,,0.29,0.14,,,,,,
md_0493,K2FW7NWY,mean_diff,552,mean_difference,categorical,species_richness,species_richness - 1993,,,,,Time since fire (<1 year),More than 80 years since fire,all_species,1,apples,0,,Sample size is number of point counts,prescribed_fire,Madden et al. 1999,great_plains,aggregate,,TRUE,2.1,2.25,10,32,,,0.31,0.2,,,,,,
md_0494,K2FW7NWY,mean_diff,553,mean_difference,categorical,abundance,number of singing males - 1993,,,,,Time since fire (1 year),More than 80 years since fire,bairds_sparrow,1,apples,0,,Sample size is number of point counts,prescribed_fire,Madden et al. 1999,great_plains,species,obligate,TRUE,0.13,0,42,32,,,0.03,0,,,,,,
md_0495,K2FW7NWY,mean_diff,554,mean_difference,categorical,abundance,number of singing males - 1993,,,,,Time since fire (1 year),More than 80 years since fire,brown_headed_cowbird,1,apples,0,,Sample size is number of point counts,prescribed_fire,Madden et al. 1999,great_plains,species,facultative,TRUE,0.14,0.03,42,32,,,0.04,0.02,,,,,,
md_0496,K2FW7NWY,mean_diff,555,mean_difference,categorical,abundance,number of singing males - 1993,,,,,Time since fire (1 year),More than 80 years since fire,bobolink,1,apples,0,,Sample size is number of point counts,prescribed_fire,Madden et al. 1999,great_plains,species,obligate,TRUE,0.48,0.04,42,32,,,0.06,0.04,,,,,,
md_0497,K2FW7NWY,mean_diff,556,mean_difference,categorical,abundance,number of singing males - 1993,,,,,Time since fire (1 year),More than 80 years since fire,clay_colored_sparrow,1,apples,0,,Sample size is number of point counts,prescribed_fire,Madden et al. 1999,great_plains,species,facultative,TRUE,0.25,0.57,42,32,,,0.06,0.08,,,,,,
md_0498,K2FW7NWY,mean_diff,557,mean_difference,categorical,abundance,number of singing males - 1993,,,,,Time since fire (1 year),More than 80 years since fire,common_yellowthroat,1,apples,0,,Sample size is number of point counts,prescribed_fire,Madden et al. 1999,great_plains,species,facultative,TRUE,0.02,0.24,42,32,,,0.01,0.04,,,,,,
md_0499,K2FW7NWY,mean_diff,558,mean_difference,categorical,abundance,number of singing males - 1993,,,,,Time since fire (1 year),More than 80 years since fire,grasshopper_sparrow,1,apples,0,,Sample size is number of point counts,prescribed_fire,Madden et al. 1999,great_plains,species,obligate,TRUE,0.17,0,42,32,,,0.04,0,,,,,,
md_0500,K2FW7NWY,mean_diff,559,mean_difference,categorical,abundance,number of singing males - 1993,,,,,Time since fire (1 year),More than 80 years since fire,savannah_sparrow,1,apples,0,,Sample size is number of point counts,prescribed_fire,Madden et al. 1999,great_plains,species,obligate,TRUE,0.32,0.25,42,32,,,0.05,0.06,,,,,,
md_0501,K2FW7NWY,mean_diff,560,mean_difference,categorical,abundance,number of singing males - 1993,,,,,Time since fire (1 year),More than 80 years since fire,spragues_pipit,1,apples,0,,Sample size is number of point counts,prescribed_fire,Madden et al. 1999,great_plains,species,obligate,TRUE,0.08,0,42,32,,,0.03,0,,,,,,
md_0502,K2FW7NWY,mean_diff,561,mean_difference,categorical,abundance,number of singing males - 1993,,,,,Time since fire (1 year),More than 80 years since fire,western_meadowlark,1,apples,0,,Sample size is number of point counts,prescribed_fire,Madden et al. 1999,great_plains,species,obligate,TRUE,0.09,0,42,32,,,0.03,0,,,,,,
md_0503,K2FW7NWY,mean_diff,562,mean_difference,categorical,abundance,number of singing males - 1993,,,,,Time since fire (1 year),More than 80 years since fire,all_species,1,apples,0,,Sample size is number of point counts,prescribed_fire,Madden et al. 1999,great_plains,aggregate,,TRUE,1.82,1.22,42,32,,,0.12,0.14,,,,,,
md_0504,K2FW7NWY,mean_diff,563,mean_difference,categorical,species_richness,species_richness- 1993,,,,,Time since fire (1 year),More than 80 years since fire,all_species,1,apples,0,,Sample size is number of point counts,prescribed_fire,Madden et al. 1999,great_plains,aggregate,,TRUE,3.55,2.25,42,32,,,0.19,0.2,,,,,,
md_0505,K2FW7NWY,mean_diff,564,mean_difference,categorical,abundance,number of singing males - 1993,,,,,Time since fire (3 years),More than 80 years since fire,bairds_sparrow,1,apples,0,,Sample size is number of point counts,prescribed_fire,Madden et al. 1999,great_plains,species,obligate,TRUE,0.13,0,23,32,,,0.06,0,,,,,,
md_0506,K2FW7NWY,mean_diff,565,mean_difference,categorical,abundance,number of singing males - 1993,,,,,Time since fire (3 years),More than 80 years since fire,brown_headed_cowbird,1,apples,0,,Sample size is number of point counts,prescribed_fire,Madden et al. 1999,great_plains,species,facultative,TRUE,0.08,0.03,23,32,,,0.03,0.02,,,,,,
md_0507,K2FW7NWY,mean_diff,566,mean_difference,categorical,abundance,number of singing males - 1993,,,,,Time since fire (3 years),More than 80 years since fire,bobolink,1,apples,0,,Sample size is number of point counts,prescribed_fire,Madden et al. 1999,great_plains,species,obligate,TRUE,0.07,0.04,23,32,,,0.03,0.04,,,,,,
md_0508,K2FW7NWY,mean_diff,567,mean_difference,categorical,abundance,number of singing males - 1993,,,,,Time since fire (3 years),More than 80 years since fire,clay_colored_sparrow,1,apples,0,,Sample size is number of point counts,prescribed_fire,Madden et al. 1999,great_plains,species,facultative,TRUE,0.34,0.57,23,32,,,0.07,0.08,,,,,,
md_0509,K2FW7NWY,mean_diff,568,mean_difference,categorical,abundance,number of singing males - 1993,,,,,Time since fire (3 years),More than 80 years since fire,common_yellowthroat,1,apples,0,,Sample size is number of point counts,prescribed_fire,Madden et al. 1999,great_plains,species,facultative,TRUE,0,0.24,23,32,,,0,0.04,,,,,,
md_0510,K2FW7NWY,mean_diff,569,mean_difference,categorical,abundance,number of singing males - 1993,,,,,Time since fire (3 years),More than 80 years since fire,grasshopper_sparrow,1,apples,0,,Sample size is number of point counts,prescribed_fire,Madden et al. 1999,great_plains,species,obligate,TRUE,0.3,0,23,32,,,0.08,0,,,,,,
md_0511,K2FW7NWY,mean_diff,570,mean_difference,categorical,abundance,number of singing males - 1993,,,,,Time since fire (3 years),More than 80 years since fire,savannah_sparrow,1,apples,0,,Sample size is number of point counts,prescribed_fire,Madden et al. 1999,great_plains,species,obligate,TRUE,0.57,0.25,23,32,,,0.09,0.06,,,,,,
md_0512,K2FW7NWY,mean_diff,571,mean_difference,categorical,abundance,number of singing males - 1993,,,,,Time since fire (3 years),More than 80 years since fire,spragues_pipit,1,apples,0,,Sample size is number of point counts,prescribed_fire,Madden et al. 1999,great_plains,species,obligate,TRUE,0.1,0,23,32,,,0.04,0,,,,,,
md_0513,K2FW7NWY,mean_diff,572,mean_difference,categorical,abundance,number of singing males - 1993,,,,,Time since fire (3 years),More than 80 years since fire,western_meadowlark,1,apples,0,,Sample size is number of point counts,prescribed_fire,Madden et al. 1999,great_plains,species,obligate,TRUE,0.1,0,23,32,,,0.04,0,,,,,,
md_0514,K2FW7NWY,mean_diff,573,mean_difference,categorical,abundance,number of singing males - 1993,,,,,Time since fire (3 years),More than 80 years since fire,all_species,1,apples,0,,Sample size is number of point counts,prescribed_fire,Madden et al. 1999,great_plains,aggregate,,TRUE,1.73,1.22,23,32,,,0.16,0.14,,,,,,
md_0515,K2FW7NWY,mean_diff,574,mean_difference,categorical,species_richness,species_richness - 1993,,,,,Time since fire (3 years),More than 80 years since fire,all_species,1,apples,0,,Sample size is number of point counts,prescribed_fire,Madden et al. 1999,great_plains,aggregate,,TRUE,3.04,2.25,23,32,,,0.26,0.2,,,,,,
md_0516,K2FW7NWY,mean_diff,575,mean_difference,categorical,abundance,number of singing males - 1993,,,,,Time since fire (5 years),More than 80 years since fire,bairds_sparrow,1,apples,0,,Sample size is number of point counts,prescribed_fire,Madden et al. 1999,great_plains,species,obligate,TRUE,0.11,0,34,32,,,0.04,0,,,,,,
md_0517,K2FW7NWY,mean_diff,576,mean_difference,categorical,abundance,number of singing males - 1993,,,,,Time since fire (5 years),More than 80 years since fire,brown_headed_cowbird,1,apples,0,,Sample size is number of point counts,prescribed_fire,Madden et al. 1999,great_plains,species,facultative,TRUE,0.1,0.03,34,32,,,0.05,0.02,,,,,,
md_0518,K2FW7NWY,mean_diff,577,mean_difference,categorical,abundance,number of singing males - 1993,,,,,Time since fire (5 years),More than 80 years since fire,bobolink,1,apples,0,,Sample size is number of point counts,prescribed_fire,Madden et al. 1999,great_plains,species,obligate,TRUE,0.05,0.04,34,32,,,0.02,0.04,,,,,,
md_0519,K2FW7NWY,mean_diff,578,mean_difference,categorical,abundance,number of singing males - 1993,,,,,Time since fire (5 years),More than 80 years since fire,clay_colored_sparrow,1,apples,0,,Sample size is number of point counts,prescribed_fire,Madden et al. 1999,great_plains,species,facultative,TRUE,0.53,0.57,34,32,,,0.09,0.08,,,,,,
md_0520,K2FW7NWY,mean_diff,579,mean_difference,categorical,abundance,number of singing males - 1993,,,,,Time since fire (5 years),More than 80 years since fire,common_yellowthroat,1,apples,0,,Sample size is number of point counts,prescribed_fire,Madden et al. 1999,great_plains,species,facultative,TRUE,0.05,0.24,34,32,,,0.02,0.04,,,,,,
md_0521,K2FW7NWY,mean_diff,580,mean_difference,categorical,abundance,number of singing males - 1993,,,,,Time since fire (5 years),More than 80 years since fire,grasshopper_sparrow,1,apples,0,,Sample size is number of point counts,prescribed_fire,Madden et al. 1999,great_plains,species,obligate,TRUE,0.06,0,34,32,,,0.02,0,,,,,,
md_0522,K2FW7NWY,mean_diff,581,mean_difference,categorical,abundance,number of singing males - 1993,,,,,Time since fire (5 years),More than 80 years since fire,savannah_sparrow,1,apples,0,,Sample size is number of point counts,prescribed_fire,Madden et al. 1999,great_plains,species,obligate,TRUE,0.32,0.25,34,32,,,0.06,0.06,,,,,,
md_0523,K2FW7NWY,mean_diff,582,mean_difference,categorical,abundance,number of singing males - 1993,,,,,Time since fire (5 years),More than 80 years since fire,spragues_pipit,1,apples,0,,Sample size is number of point counts,prescribed_fire,Madden et al. 1999,great_plains,species,obligate,TRUE,0.02,0,34,32,,,0.01,0,,,,,,
md_0524,K2FW7NWY,mean_diff,583,mean_difference,categorical,abundance,number of singing males - 1993,,,,,Time since fire (5 years),More than 80 years since fire,western_meadowlark,1,apples,0,,Sample size is number of point counts,prescribed_fire,Madden et al. 1999,great_plains,species,obligate,TRUE,0.07,0,34,32,,,0.02,0,,,,,,
md_0525,K2FW7NWY,mean_diff,584,mean_difference,categorical,abundance,number of singing males - 1993,,,,,Time since fire (5 years),More than 80 years since fire,all_species,1,apples,0,,Sample size is number of point counts,prescribed_fire,Madden et al. 1999,great_plains,aggregate,,TRUE,1.35,1.22,34,32,,,0.14,0.14,,,,,,
md_0526,K2FW7NWY,mean_diff,585,mean_difference,categorical,species_richness,species_richness - 1993,,,,,Time since fire (5 years),More than 80 years since fire,all_species,1,apples,0,,Sample size is number of point counts,prescribed_fire,Madden et al. 1999,great_plains,aggregate,,TRUE,2.59,2.25,34,32,,,0.2,0.2,,,,,,
md_0527,K2FW7NWY,mean_diff,586,mean_difference,categorical,abundance,number of singing males - 1993,,,,,Time since fire (6 years),More than 80 years since fire,bairds_sparrow,1,apples,0,,Sample size is number of point counts,prescribed_fire,Madden et al. 1999,great_plains,species,obligate,TRUE,0,0,11,32,,,0,0,,,,,,
md_0528,K2FW7NWY,mean_diff,587,mean_difference,categorical,abundance,number of singing males - 1993,,,,,Time since fire (6 years),More than 80 years since fire,brown_headed_cowbird,1,apples,0,,Sample size is number of point counts,prescribed_fire,Madden et al. 1999,great_plains,species,facultative,TRUE,0,0.03,11,32,,,0,0.02,,,,,,
md_0529,K2FW7NWY,mean_diff,588,mean_difference,categorical,abundance,number of singing males - 1993,,,,,Time since fire (6 years),More than 80 years since fire,bobolink,1,apples,0,,Sample size is number of point counts,prescribed_fire,Madden et al. 1999,great_plains,species,obligate,TRUE,0.06,0.04,11,32,,,0.04,0.04,,,,,,
md_0530,K2FW7NWY,mean_diff,589,mean_difference,categorical,abundance,number of singing males - 1993,,,,,Time since fire (6 years),More than 80 years since fire,clay_colored_sparrow,1,apples,0,,Sample size is number of point counts,prescribed_fire,Madden et al. 1999,great_plains,species,facultative,TRUE,0.61,0.57,11,32,,,0.12,0.08,,,,,,
md_0531,K2FW7NWY,mean_diff,590,mean_difference,categorical,abundance,number of singing males - 1993,,,,,Time since fire (6 years),More than 80 years since fire,common_yellowthroat,1,apples,0,,Sample size is number of point counts,prescribed_fire,Madden et al. 1999,great_plains,species,facultative,TRUE,0.03,0.24,11,32,,,0.03,0.04,,,,,,
md_0532,K2FW7NWY,mean_diff,591,mean_difference,categorical,abundance,number of singing males - 1993,,,,,Time since fire (6 years),More than 80 years since fire,grasshopper_sparrow,1,apples,0,,Sample size is number of point counts,prescribed_fire,Madden et al. 1999,great_plains,species,obligate,TRUE,0.03,0,11,32,,,0.03,0,,,,,,
md_0533,K2FW7NWY,mean_diff,592,mean_difference,categorical,abundance,number of singing males - 1993,,,,,Time since fire (6 years),More than 80 years since fire,savannah_sparrow,1,apples,0,,Sample size is number of point counts,prescribed_fire,Madden et al. 1999,great_plains,species,obligate,TRUE,0.79,0.25,11,32,,,0.09,0.06,,,,,,
md_0534,K2FW7NWY,mean_diff,593,mean_difference,categorical,abundance,number of singing males - 1993,,,,,Time since fire (6 years),More than 80 years since fire,spragues_pipit,1,apples,0,,Sample size is number of point counts,prescribed_fire,Madden et al. 1999,great_plains,species,obligate,TRUE,0.03,0,11,32,,,0.03,0,,,,,,
md_0535,K2FW7NWY,mean_diff,594,mean_difference,categorical,abundance,number of singing males - 1993,,,,,Time since fire (6 years),More than 80 years since fire,western_meadowlark,1,apples,0,,Sample size is number of point counts,prescribed_fire,Madden et al. 1999,great_plains,species,obligate,TRUE,0,0,11,32,,,0,0,,,,,,
md_0536,K2FW7NWY,mean_diff,595,mean_difference,categorical,abundance,number of singing males - 1993,,,,,Time since fire (6 years),More than 80 years since fire,all_species,1,apples,0,,Sample size is number of point counts,prescribed_fire,Madden et al. 1999,great_plains,aggregate,,TRUE,1.61,1.22,11,32,,,0.15,0.14,,,,,,
md_0537,K2FW7NWY,mean_diff,596,mean_difference,categorical,species_richness,species_richness - 1993,,,,,Time since fire (6 years),More than 80 years since fire,all_species,1,apples,0,,Sample size is number of point counts,prescribed_fire,Madden et al. 1999,great_plains,aggregate,,TRUE,2.55,2.25,11,32,,,0.25,0.2,,,,,,
md_0538,K2FW7NWY,mean_diff,597,mean_difference,categorical,abundance,number of singing males - 1993,,,,,Time since fire (7 years),More than 80 years since fire,bairds_sparrow,1,apples,0,,Sample size is number of point counts,prescribed_fire,Madden et al. 1999,great_plains,species,obligate,TRUE,0,0,5,32,,,0,0,,,,,,
md_0539,K2FW7NWY,mean_diff,598,mean_difference,categorical,abundance,number of singing males - 1993,,,,,Time since fire (7 years),More than 80 years since fire,brown_headed_cowbird,1,apples,0,,Sample size is number of point counts,prescribed_fire,Madden et al. 1999,great_plains,species,facultative,TRUE,0,0.03,5,32,,,0,0.02,,,,,,
md_0540,K2FW7NWY,mean_diff,599,mean_difference,categorical,abundance,number of singing males - 1993,,,,,Time since fire (7 years),More than 80 years since fire,bobolink,1,apples,0,,Sample size is number of point counts,prescribed_fire,Madden et al. 1999,great_plains,species,obligate,TRUE,0.13,0.04,5,32,,,0.13,0.04,,,,,,
md_0541,K2FW7NWY,mean_diff,600,mean_difference,categorical,abundance,number of singing males - 1993,,,,,Time since fire (7 years),More than 80 years since fire,clay_colored_sparrow,1,apples,0,,Sample size is number of point counts,prescribed_fire,Madden et al. 1999,great_plains,species,facultative,TRUE,0.27,0.57,5,32,,,0.12,0.08,,,,,,
md_0542,K2FW7NWY,mean_diff,601,mean_difference,categorical,abundance,number of singing males - 1993,,,,,Time since fire (7 years),More than 80 years since fire,common_yellowthroat,1,apples,0,,Sample size is number of point counts,prescribed_fire,Madden et al. 1999,great_plains,species,facultative,TRUE,0.2,0.24,5,32,,,0.13,0.04,,,,,,
md_0543,K2FW7NWY,mean_diff,602,mean_difference,categorical,abundance,number of singing males - 1993,,,,,Time since fire (7 years),More than 80 years since fire,grasshopper_sparrow,1,apples,0,,Sample size is number of point counts,prescribed_fire,Madden et al. 1999,great_plains,species,obligate,TRUE,0.07,0,5,32,,,0.07,0,,,,,,
md_0544,K2FW7NWY,mean_diff,603,mean_difference,categorical,abundance,number of singing males - 1993,,,,,Time since fire (7 years),More than 80 years since fire,savannah_sparrow,1,apples,0,,Sample size is number of point counts,prescribed_fire,Madden et al. 1999,great_plains,species,obligate,TRUE,0.73,0.25,5,32,,,0.12,0.06,,,,,,
md_0545,K2FW7NWY,mean_diff,604,mean_difference,categorical,abundance,number of singing males - 1993,,,,,Time since fire (7 years),More than 80 years since fire,spragues_pipit,1,apples,0,,Sample size is number of point counts,prescribed_fire,Madden et al. 1999,great_plains,species,obligate,TRUE,0.2,0,5,32,,,0.13,0,,,,,,
md_0546,K2FW7NWY,mean_diff,605,mean_difference,categorical,abundance,number of singing males - 1993,,,,,Time since fire (7 years),More than 80 years since fire,western_meadowlark,1,apples,0,,Sample size is number of point counts,prescribed_fire,Madden et al. 1999,great_plains,species,obligate,TRUE,0,0,5,32,,,0,0,,,,,,
md_0547,K2FW7NWY,mean_diff,606,mean_difference,categorical,abundance,number of singing males - 1993,,,,,Time since fire (7 years),More than 80 years since fire,all_species,1,apples,0,,Sample size is number of point counts,prescribed_fire,Madden et al. 1999,great_plains,aggregate,,TRUE,1.67,1.22,5,32,,,0.21,0.14,,,,,,
md_0548,K2FW7NWY,mean_diff,607,mean_difference,categorical,species_richness,species_richness - 1993,,,,,Time since fire (7 years),More than 80 years since fire,all_species,1,apples,0,,Sample size is number of point counts,prescribed_fire,Madden et al. 1999,great_plains,aggregate,,TRUE,3,2.25,5,32,,,0.32,0.2,,,,,,
md_0549,K2FW7NWY,mean_diff,608,mean_difference,categorical,abundance,number of singing males - 1994,,,,,Time since fire (<1 year),More than 80 years since fire,bairds_sparrow,1,apples,0,,At one point Amy asked to remove the year-of-burn ... should we? Sample size is number of point counts,prescribed_fire,Madden et al. 1999,great_plains,species,obligate,TRUE,0.3,0,20,30,,,0.1,0,,,,,,
md_0550,K2FW7NWY,mean_diff,609,mean_difference,categorical,abundance,number of singing males - 1994,,,,,Time since fire (<1 year),More than 80 years since fire,brown_headed_cowbird,1,apples,0,,Sample size is number of point counts,prescribed_fire,Madden et al. 1999,great_plains,species,facultative,TRUE,0.08,0.02,20,30,,,0.05,0.01,,,,,,
md_0551,K2FW7NWY,mean_diff,610,mean_difference,categorical,abundance,number of singing males - 1994,,,,,Time since fire (<1 year),More than 80 years since fire,bobolink,1,apples,0,,Sample size is number of point counts,prescribed_fire,Madden et al. 1999,great_plains,species,obligate,TRUE,0.52,0,20,30,,,0.09,0,,,,,,
md_0552,K2FW7NWY,mean_diff,611,mean_difference,categorical,abundance,number of singing males - 1994,,,,,Time since fire (<1 year),More than 80 years since fire,clay_colored_sparrow,1,apples,0,,Sample size is number of point counts,prescribed_fire,Madden et al. 1999,great_plains,species,facultative,TRUE,0.68,2.25,20,30,,,0.14,0.15,,,,,,
md_0553,K2FW7NWY,mean_diff,612,mean_difference,categorical,abundance,number of singing males - 1994,,,,,Time since fire (<1 year),More than 80 years since fire,common_yellowthroat,1,apples,0,,Sample size is number of point counts,prescribed_fire,Madden et al. 1999,great_plains,species,facultative,TRUE,0.02,0.39,20,30,,,0.02,0.06,,,,,,
md_0554,K2FW7NWY,mean_diff,613,mean_difference,categorical,abundance,number of singing males - 1994,,,,,Time since fire (<1 year),More than 80 years since fire,grasshopper_sparrow,1,apples,0,,Sample size is number of point counts,prescribed_fire,Madden et al. 1999,great_plains,species,obligate,TRUE,0.2,0,20,30,,,0.06,0,,,,,,
md_0555,K2FW7NWY,mean_diff,614,mean_difference,categorical,abundance,number of singing males - 1994,,,,,Time since fire (<1 year),More than 80 years since fire,lecontes_sparrow,1,apples,0,,Sample size is number of point counts,prescribed_fire,Madden et al. 1999,great_plains,species,obligate,TRUE,0,0,20,30,,,0,0,,,,,,
md_0556,K2FW7NWY,mean_diff,615,mean_difference,categorical,abundance,number of singing males - 1994,,,,,Time since fire (<1 year),More than 80 years since fire,savannah_sparrow,1,apples,0,,Sample size is number of point counts,prescribed_fire,Madden et al. 1999,great_plains,species,obligate,TRUE,0.93,0.91,20,30,,,0.16,0.1,,,,,,
md_0557,K2FW7NWY,mean_diff,616,mean_difference,categorical,abundance,number of singing males - 1994,,,,,Time since fire (<1 year),More than 80 years since fire,spragues_pipit,1,apples,0,,Sample size is number of point counts,prescribed_fire,Madden et al. 1999,great_plains,species,obligate,TRUE,0.02,0,20,30,,,0.02,0,,,,,,
md_0558,K2FW7NWY,mean_diff,617,mean_difference,categorical,abundance,number of singing males - 1994,,,,,Time since fire (<1 year),More than 80 years since fire,western_meadowlark,1,apples,0,,Sample size is number of point counts,prescribed_fire,Madden et al. 1999,great_plains,species,obligate,TRUE,0.07,0,20,30,,,0.04,0,,,,,,
md_0559,K2FW7NWY,mean_diff,618,mean_difference,categorical,abundance,number of singing males - 1994,,,,,Time since fire (<1 year),More than 80 years since fire,all_species,1,apples,0,,Sample size is number of point counts,prescribed_fire,Madden et al. 1999,great_plains,aggregate,,TRUE,2.93,3.71,20,30,,,0.28,0.22,,,,,,
md_0560,K2FW7NWY,mean_diff,619,mean_difference,categorical,species_richness,species_richness - 1994,,,,,Time since fire (<1 year),More than 80 years since fire,all_species,1,apples,0,,Sample size is number of point counts,prescribed_fire,Madden et al. 1999,great_plains,aggregate,,TRUE,4.1,3.03,20,30,,,23,0.18,,,,,,
md_0561,K2FW7NWY,mean_diff,620,mean_difference,categorical,abundance,number of singing males - 1994,,,,,Time since fire (2 year),More than 80 years since fire,bairds_sparrow,1,apples,0,,Sample size is number of point counts,prescribed_fire,Madden et al. 1999,great_plains,species,obligate,TRUE,0.37,0,60,30,,,0.06,0,,,,,,
md_0562,K2FW7NWY,mean_diff,621,mean_difference,categorical,abundance,number of singing males - 1994,,,,,Time since fire (2 year),More than 80 years since fire,brown_headed_cowbird,1,apples,0,,Sample size is number of point counts,prescribed_fire,Madden et al. 1999,great_plains,species,facultative,TRUE,0.09,0.02,60,30,,,0.02,0.01,,,,,,
md_0563,K2FW7NWY,mean_diff,622,mean_difference,categorical,abundance,number of singing males - 1994,,,,,Time since fire (2 year),More than 80 years since fire,bobolink,1,apples,0,,Sample size is number of point counts,prescribed_fire,Madden et al. 1999,great_plains,species,obligate,TRUE,0.41,0,60,30,,,0.06,0,,,,,,
md_0564,K2FW7NWY,mean_diff,623,mean_difference,categorical,abundance,number of singing males - 1994,,,,,Time since fire (2 year),More than 80 years since fire,clay_colored_sparrow,1,apples,0,,Sample size is number of point counts,prescribed_fire,Madden et al. 1999,great_plains,species,facultative,TRUE,0.86,2.25,60,30,,,0.08,0.15,,,,,,
md_0565,K2FW7NWY,mean_diff,624,mean_difference,categorical,abundance,number of singing males - 1994,,,,,Time since fire (2 year),More than 80 years since fire,common_yellowthroat,1,apples,0,,Sample size is number of point counts,prescribed_fire,Madden et al. 1999,great_plains,species,facultative,TRUE,0.03,0.39,60,30,,,0.02,0.06,,,,,,
md_0566,K2FW7NWY,mean_diff,625,mean_difference,categorical,abundance,number of singing males - 1994,,,,,Time since fire (2 year),More than 80 years since fire,grasshopper_sparrow,1,apples,0,,Sample size is number of point counts,prescribed_fire,Madden et al. 1999,great_plains,species,obligate,TRUE,0.44,0,60,30,,,0.06,0,,,,,,
md_0567,K2FW7NWY,mean_diff,626,mean_difference,categorical,abundance,number of singing males - 1994,,,,,Time since fire (2 year),More than 80 years since fire,lecontes_sparrow,1,apples,0,,Sample size is number of point counts,prescribed_fire,Madden et al. 1999,great_plains,species,obligate,TRUE,0.1,0,60,30,,,0.03,0,,,,,,
md_0568,K2FW7NWY,mean_diff,627,mean_difference,categorical,abundance,number of singing males - 1994,,,,,Time since fire (2 year),More than 80 years since fire,savannah_sparrow,1,apples,0,,Sample size is number of point counts,prescribed_fire,Madden et al. 1999,great_plains,species,obligate,TRUE,0.99,0.91,60,30,,,0.08,0.1,,,,,,
md_0569,K2FW7NWY,mean_diff,628,mean_difference,categorical,abundance,number of singing males - 1994,,,,,Time since fire (2 year),More than 80 years since fire,spragues_pipit,1,apples,0,,Sample size is number of point counts,prescribed_fire,Madden et al. 1999,great_plains,species,obligate,TRUE,0.1,0,60,30,,,0.03,0,,,,,,
md_0570,K2FW7NWY,mean_diff,629,mean_difference,categorical,abundance,number of singing males - 1994,,,,,Time since fire (2 year),More than 80 years since fire,western_meadowlark,1,apples,0,,Sample size is number of point counts,prescribed_fire,Madden et al. 1999,great_plains,species,obligate,TRUE,0.11,0,60,30,,,0.02,0,,,,,,
md_0571,K2FW7NWY,mean_diff,630,mean_difference,categorical,abundance,number of singing males - 1994,,,,,Time since fire (2 year),More than 80 years since fire,all_species,1,apples,0,,Sample size is number of point counts,prescribed_fire,Madden et al. 1999,great_plains,aggregate,,TRUE,3.61,3.71,60,30,,,0.17,0.22,,,,,,
md_0572,K2FW7NWY,mean_diff,631,mean_difference,categorical,species_richness,species_richness - 1994,,,,,Time since fire (2 year),More than 80 years since fire,all_species,1,apples,0,,Sample size is number of point counts,prescribed_fire,Madden et al. 1999,great_plains,aggregate,,TRUE,4.98,3.03,60,30,,,0.21,0.18,,,,,,
md_0573,K2FW7NWY,mean_diff,632,mean_difference,categorical,abundance,number of singing males - 1994,,,,,Time since fire (6 years),More than 80 years since fire,bairds_sparrow,1,apples,0,,Sample size is number of point counts,prescribed_fire,Madden et al. 1999,great_plains,species,obligate,TRUE,0.09,0,25,30,,,0.04,0,,,,,,
md_0574,K2FW7NWY,mean_diff,633,mean_difference,categorical,abundance,number of singing males - 1994,,,,,Time since fire (6 years),More than 80 years since fire,brown_headed_cowbird,1,apples,0,,Sample size is number of point counts,prescribed_fire,Madden et al. 1999,great_plains,species,facultative,TRUE,0.21,0.02,25,30,,,0.07,0.01,,,,,,
md_0575,K2FW7NWY,mean_diff,634,mean_difference,categorical,abundance,number of singing males - 1994,,,,,Time since fire (6 years),More than 80 years since fire,bobolink,1,apples,0,,Sample size is number of point counts,prescribed_fire,Madden et al. 1999,great_plains,species,obligate,TRUE,0.16,0,25,30,,,0.06,0,,,,,,
md_0576,K2FW7NWY,mean_diff,635,mean_difference,categorical,abundance,number of singing males - 1994,,,,,Time since fire (6 years),More than 80 years since fire,clay_colored_sparrow,1,apples,0,,Sample size is number of point counts,prescribed_fire,Madden et al. 1999,great_plains,species,facultative,TRUE,1.53,2.25,25,30,,,0.17,0.15,,,,,,
md_0577,K2FW7NWY,mean_diff,636,mean_difference,categorical,abundance,number of singing males - 1994,,,,,Time since fire (6 years),More than 80 years since fire,common_yellowthroat,1,apples,0,,Sample size is number of point counts,prescribed_fire,Madden et al. 1999,great_plains,species,facultative,TRUE,0.08,0.39,25,30,,,0.04,0.06,,,,,,
md_0578,K2FW7NWY,mean_diff,637,mean_difference,categorical,abundance,number of singing males - 1994,,,,,Time since fire (6 years),More than 80 years since fire,grasshopper_sparrow,1,apples,0,,Sample size is number of point counts,prescribed_fire,Madden et al. 1999,great_plains,species,obligate,TRUE,0.29,0,25,30,,,0.06,0,,,,,,
md_0579,K2FW7NWY,mean_diff,638,mean_difference,categorical,abundance,number of singing males - 1994,,,,,Time since fire (6 years),More than 80 years since fire,lecontes_sparrow,1,apples,0,,Sample size is number of point counts,prescribed_fire,Madden et al. 1999,great_plains,species,obligate,TRUE,0.05,0,25,30,,,0.03,0,,,,,,
md_0580,K2FW7NWY,mean_diff,639,mean_difference,categorical,abundance,number of singing males - 1994,,,,,Time since fire (6 years),More than 80 years since fire,savannah_sparrow,1,apples,0,,Sample size is number of point counts,prescribed_fire,Madden et al. 1999,great_plains,species,obligate,TRUE,1.27,0.91,25,30,,,0.13,0.1,,,,,,
md_0581,K2FW7NWY,mean_diff,640,mean_difference,categorical,abundance,number of singing males - 1994,,,,,Time since fire (6 years),More than 80 years since fire,spragues_pipit,1,apples,0,,Sample size is number of point counts,prescribed_fire,Madden et al. 1999,great_plains,species,obligate,TRUE,0.01,0,25,30,,,0.01,0,,,,,,
md_0582,K2FW7NWY,mean_diff,641,mean_difference,categorical,abundance,number of singing males - 1994,,,,,Time since fire (6 years),More than 80 years since fire,western_meadowlark,1,apples,0,,Sample size is number of point counts,prescribed_fire,Madden et al. 1999,great_plains,species,obligate,TRUE,0.11,0,25,30,,,0.04,0,,,,,,
md_0583,K2FW7NWY,mean_diff,642,mean_difference,categorical,abundance,number of singing males - 1994,,,,,Time since fire (6 years),More than 80 years since fire,all_species,1,apples,0,,Sample size is number of point counts,prescribed_fire,Madden et al. 1999,great_plains,aggregate,,TRUE,4.01,3.71,25,30,,,0.24,0.22,,,,,,
md_0584,K2FW7NWY,mean_diff,643,mean_difference,categorical,species_richness,species_richness - 1994,,,,,Time since fire (6 years),More than 80 years since fire,all_species,1,apples,0,,Sample size is number of point counts,prescribed_fire,Madden et al. 1999,great_plains,aggregate,,TRUE,4.48,3.03,25,30,,,0.81,0.18,,,,,,
md_0585,K2FW7NWY,mean_diff,644,mean_difference,categorical,abundance,number of singing males - 1994,,,,,Time since fire (7 years),More than 80 years since fire,bairds_sparrow,1,apples,0,,Sample size is number of point counts,prescribed_fire,Madden et al. 1999,great_plains,species,obligate,TRUE,0.06,0,6,30,,,0.06,0,,,,,,
md_0586,K2FW7NWY,mean_diff,645,mean_difference,categorical,abundance,number of singing males - 1994,,,,,Time since fire (7 years),More than 80 years since fire,brown_headed_cowbird,1,apples,0,,Sample size is number of point counts,prescribed_fire,Madden et al. 1999,great_plains,species,facultative,TRUE,0,0.02,6,30,,,0,0.01,,,,,,
md_0587,K2FW7NWY,mean_diff,646,mean_difference,categorical,abundance,number of singing males - 1994,,,,,Time since fire (7 years),More than 80 years since fire,bobolink,1,apples,0,,Sample size is number of point counts,prescribed_fire,Madden et al. 1999,great_plains,species,obligate,TRUE,0.06,0,6,30,,,0.06,0,,,,,,
md_0588,K2FW7NWY,mean_diff,647,mean_difference,categorical,abundance,number of singing males - 1994,,,,,Time since fire (7 years),More than 80 years since fire,clay_colored_sparrow,1,apples,0,,Sample size is number of point counts,prescribed_fire,Madden et al. 1999,great_plains,species,facultative,TRUE,1.5,2.25,6,30,,,0.17,0.15,,,,,,
md_0589,K2FW7NWY,mean_diff,648,mean_difference,categorical,abundance,number of singing males - 1994,,,,,Time since fire (7 years),More than 80 years since fire,common_yellowthroat,1,apples,0,,Sample size is number of point counts,prescribed_fire,Madden et al. 1999,great_plains,species,facultative,TRUE,0.22,0.39,6,30,,,0.14,0.06,,,,,,
md_0590,K2FW7NWY,mean_diff,649,mean_difference,categorical,abundance,number of singing males - 1994,,,,,Time since fire (7 years),More than 80 years since fire,grasshopper_sparrow,1,apples,0,,Sample size is number of point counts,prescribed_fire,Madden et al. 1999,great_plains,species,obligate,TRUE,0.5,0,6,30,,,0.11,0,,,,,,
md_0591,K2FW7NWY,mean_diff,650,mean_difference,categorical,abundance,number of singing males - 1994,,,,,Time since fire (7 years),More than 80 years since fire,lecontes_sparrow,1,apples,0,,Sample size is number of point counts,prescribed_fire,Madden et al. 1999,great_plains,species,obligate,TRUE,0,0,6,30,,,0,0,,,,,,
md_0592,K2FW7NWY,mean_diff,651,mean_difference,categorical,abundance,number of singing males - 1994,,,,,Time since fire (7 years),More than 80 years since fire,savannah_sparrow,1,apples,0,,Sample size is number of point counts,prescribed_fire,Madden et al. 1999,great_plains,species,obligate,TRUE,1.61,0.91,6,30,,,0.38,0.1,,,,,,
md_0593,K2FW7NWY,mean_diff,652,mean_difference,categorical,abundance,number of singing males - 1994,,,,,Time since fire (7 years),More than 80 years since fire,spragues_pipit,1,apples,0,,Sample size is number of point counts,prescribed_fire,Madden et al. 1999,great_plains,species,obligate,TRUE,0.06,0,6,30,,,0.06,0,,,,,,
md_0594,K2FW7NWY,mean_diff,653,mean_difference,categorical,abundance,number of singing males - 1994,,,,,Time since fire (7 years),More than 80 years since fire,western_meadowlark,1,apples,0,,Sample size is number of point counts,prescribed_fire,Madden et al. 1999,great_plains,species,obligate,TRUE,0,0,6,30,,,0,0,,,,,,
md_0595,K2FW7NWY,mean_diff,654,mean_difference,categorical,abundance,number of singing males - 1994,,,,,Time since fire (7 years),More than 80 years since fire,all_species,1,apples,0,,Sample size is number of point counts,prescribed_fire,Madden et al. 1999,great_plains,aggregate,,TRUE,4,3.71,6,30,,,0.56,0.22,,,,,,
md_0596,K2FW7NWY,mean_diff,655,mean_difference,categorical,species_richness,species_richness - 1994,,,,,Time since fire (7 years),More than 80 years since fire,all_species,1,apples,0,,Sample size is number of point counts,prescribed_fire,Madden et al. 1999,great_plains,aggregate,,TRUE,3.67,3.03,6,30,,,0.49,0.18,,,,,,
md_0597,K2FW7NWY,mean_diff,656,mean_difference,categorical,abundance,number of singing males - 1994,,,,,Time since fire (8 years),More than 80 years since fire,bairds_sparrow,1,apples,0,,Sample size is number of point counts,prescribed_fire,Madden et al. 1999,great_plains,species,obligate,TRUE,0.07,0,9,30,,,0.05,0,,,,,,
md_0598,K2FW7NWY,mean_diff,657,mean_difference,categorical,abundance,number of singing males - 1994,,,,,Time since fire (8 years),More than 80 years since fire,brown_headed_cowbird,1,apples,0,,Sample size is number of point counts,prescribed_fire,Madden et al. 1999,great_plains,species,facultative,TRUE,0,0.02,9,30,,,0,0.01,,,,,,
md_0599,K2FW7NWY,mean_diff,658,mean_difference,categorical,abundance,number of singing males - 1994,,,,,Time since fire (8 years),More than 80 years since fire,bobolink,1,apples,0,,Sample size is number of point counts,prescribed_fire,Madden et al. 1999,great_plains,species,obligate,TRUE,0.15,0,9,30,,,0.11,0,,,,,,
md_0600,K2FW7NWY,mean_diff,659,mean_difference,categorical,abundance,number of singing males - 1994,,,,,Time since fire (8 years),More than 80 years since fire,clay_colored_sparrow,1,apples,0,,Sample size is number of point counts,prescribed_fire,Madden et al. 1999,great_plains,species,facultative,TRUE,1.22,2.25,9,30,,,0.33,0.15,,,,,,
md_0601,K2FW7NWY,mean_diff,660,mean_difference,categorical,abundance,number of singing males - 1994,,,,,Time since fire (8 years),More than 80 years since fire,common_yellowthroat,1,apples,0,,Sample size is number of point counts,prescribed_fire,Madden et al. 1999,great_plains,species,facultative,TRUE,0.22,0.39,9,30,,,0.08,0.06,,,,,,
md_0602,K2FW7NWY,mean_diff,661,mean_difference,categorical,abundance,number of singing males - 1994,,,,,Time since fire (8 years),More than 80 years since fire,grasshopper_sparrow,1,apples,0,,Sample size is number of point counts,prescribed_fire,Madden et al. 1999,great_plains,species,obligate,TRUE,0,0,9,30,,,0,0,,,,,,
md_0603,K2FW7NWY,mean_diff,662,mean_difference,categorical,abundance,number of singing males - 1994,,,,,Time since fire (8 years),More than 80 years since fire,lecontes_sparrow,1,apples,0,,Sample size is number of point counts,prescribed_fire,Madden et al. 1999,great_plains,species,obligate,TRUE,0,0,9,30,,,0,0,,,,,,
md_0604,K2FW7NWY,mean_diff,663,mean_difference,categorical,abundance,number of singing males - 1994,,,,,Time since fire (8 years),More than 80 years since fire,savannah_sparrow,1,apples,0,,Sample size is number of point counts,prescribed_fire,Madden et al. 1999,great_plains,species,obligate,TRUE,1.52,0.91,9,30,,,0.19,0.1,,,,,,
md_0605,K2FW7NWY,mean_diff,664,mean_difference,categorical,abundance,number of singing males - 1994,,,,,Time since fire (8 years),More than 80 years since fire,spragues_pipit,1,apples,0,,Sample size is number of point counts,prescribed_fire,Madden et al. 1999,great_plains,species,obligate,TRUE,0,0,9,30,,,0,0,,,,,,
md_0606,K2FW7NWY,mean_diff,665,mean_difference,categorical,abundance,number of singing males - 1994,,,,,Time since fire (8 years),More than 80 years since fire,western_meadowlark,1,apples,0,,Sample size is number of point counts,prescribed_fire,Madden et al. 1999,great_plains,species,obligate,TRUE,0,0,9,30,,,0,0,,,,,,
md_0607,K2FW7NWY,mean_diff,666,mean_difference,categorical,abundance,number of singing males - 1994,,,,,Time since fire (8 years),More than 80 years since fire,all_species,1,apples,0,,Sample size is number of point counts,prescribed_fire,Madden et al. 1999,great_plains,aggregate,,TRUE,3.26,3.71,9,30,,,0.32,0.22,,,,,,
md_0608,K2FW7NWY,mean_diff,667,mean_difference,categorical,species_richness,species_richness - 1994,,,,,Time since fire (8 years),More than 80 years since fire,all_species,1,apples,0,,Sample size is number of point counts,prescribed_fire,Madden et al. 1999,great_plains,aggregate,,TRUE,3.22,3.03,9,30,,,0.28,0.18,,,,,,
md_0609,IWGJXSTQ,mean_diff,668,mean_difference,categorical,species_richness,species_richness,,,,,Near-pristine site,Invaded site,all_species,1,apples,0,,This is actually the comparison of the two betas,remove_non_native_shrubs,Mangachena and Geerts 2019,other,aggregate,,TRUE,0.754,0.455,5,5,,,0.241,0.367,,,,,,
md_0610,IWGJXSTQ,mean_diff,669,mean_difference,categorical,abundance,abundance,,,,,Near-pristine site,Invaded site,all_species,1,apples,0,,This is actually the comparison of the two betas,remove_non_native_shrubs,Mangachena and Geerts 2019,other,aggregate,,TRUE,0.823,0.5,5,5,,,0.165,0.256,,,,,,
md_0611,4RK5Q255,mean_diff,670,mean_difference,categorical,abundance,abundance,,,,,Sites with kestrel nest boxes,sites without kestrel nest boxes,eurasian_skylark,1,apples,1,,"Sample size is questionable. Here, we defined it by the number of samples in high density kestrel sites",install_nest_boxes,Martínez-Padilla and Fargallo 2008,europe,species,facultative,TRUE,1.72,5.26,6,6,0.7,0.66,,,,,,,,
md_0612,BQ6ZPH37,mean_diff,671,mean_difference,categorical,abundance,density (birds/ha) - 2006,,,,,Native sites,Lonicera sites,american_robin,1,apples,0,,,remove_non_native_shrubs,McCusker et al. 2010,other,species,facultative,TRUE,0.75,2.63,18,20,,,0.29,0.65,,,,,,
md_0613,BQ6ZPH37,mean_diff,672,mean_difference,categorical,abundance,density (birds/ha) - 2006,,,,,Native sites,Lonicera sites,brown_headed_cowbird,1,apples,0,,,remove_non_native_shrubs,McCusker et al. 2010,other,species,facultative,TRUE,3.23,2.39,18,20,,,0.65,0.32,,,,,,
md_0614,BQ6ZPH37,mean_diff,673,mean_difference,categorical,abundance,density (birds/ha) - 2006,,,,,Native sites,Lonicera sites,carolina_wren,1,apples,0,,,remove_non_native_shrubs,McCusker et al. 2010,other,species,shrub,FALSE,0.15,0.3,18,20,,,0.09,0.1,,,,,,
md_0615,BQ6ZPH37,mean_diff,674,mean_difference,categorical,abundance,density (birds/ha) - 2006,,,,,Native sites,Lonicera sites,common_yellowthroat,1,apples,0,,,remove_non_native_shrubs,McCusker et al. 2010,other,species,facultative,TRUE,0.26,0.48,18,20,,,0.12,0.08,,,,,,
md_0616,BQ6ZPH37,mean_diff,675,mean_difference,categorical,abundance,density (birds/ha) - 2006,,,,,Native sites,Lonicera sites,eastern_towhee,1,apples,0,,,remove_non_native_shrubs,McCusker et al. 2010,other,species,shrub,FALSE,1.73,0.8,18,20,,,0.48,0.26,,,,,,
md_0617,BQ6ZPH37,mean_diff,676,mean_difference,categorical,abundance,density (birds/ha) - 2006,,,,,Native sites,Lonicera sites,gray_catbird,1,apples,0,,,remove_non_native_shrubs,McCusker et al. 2010,other,species,forest,FALSE,0.4,3.47,18,20,,,0.28,0.82,,,,,,
md_0618,BQ6ZPH37,mean_diff,677,mean_difference,categorical,abundance,density (birds/ha) - 2006,,,,,Native sites,Lonicera sites,great_crested_flycatcher,1,apples,0,,,remove_non_native_shrubs,McCusker et al. 2010,other,species,shrub,FALSE,0.47,0.43,18,20,,,0.14,0.15,,,,,,
md_0619,BQ6ZPH37,mean_diff,678,mean_difference,categorical,abundance,density (birds/ha) - 2006,,,,,Native sites,Lonicera sites,house_wren,1,apples,0,,,remove_non_native_shrubs,McCusker et al. 2010,other,species,facultative,TRUE,0.63,1.02,18,20,,,0.3,0.36,,,,,,
md_0620,BQ6ZPH37,mean_diff,679,mean_difference,categorical,abundance,density (birds/ha) - 2006,,,,,Native sites,Lonicera sites,indigo_bunting,1,apples,0,,,remove_non_native_shrubs,McCusker et al. 2010,other,species,facultative,TRUE,2.23,2.74,18,20,,,0.44,0.41,,,,,,
md_0621,BQ6ZPH37,mean_diff,680,mean_difference,categorical,abundance,density (birds/ha) - 2006,,,,,Native sites,Lonicera sites,northern_cardinal,1,apples,0,,,remove_non_native_shrubs,McCusker et al. 2010,other,species,facultative,TRUE,1.49,2.58,18,20,,,0.35,0.35,,,,,,
md_0622,BQ6ZPH37,mean_diff,681,mean_difference,categorical,abundance,density (birds/ha) - 2007,,,,,Native sites,Lonicera sites,american_robin,1,apples,0,,,remove_non_native_shrubs,McCusker et al. 2010,other,species,facultative,TRUE,0.38,2.48,18,20,,,0.17,1.49,,,,,,
md_0623,BQ6ZPH37,mean_diff,682,mean_difference,categorical,abundance,density (birds/ha) - 2007,,,,,Native sites,Lonicera sites,brown_headed_cowbird,1,apples,0,,,remove_non_native_shrubs,McCusker et al. 2010,other,species,facultative,TRUE,1.58,3.05,18,20,,,0.31,0.84,,,,,,
md_0624,BQ6ZPH37,mean_diff,683,mean_difference,categorical,abundance,density (birds/ha) - 2007,,,,,Native sites,Lonicera sites,carolina_wren,1,apples,0,,,remove_non_native_shrubs,McCusker et al. 2010,other,species,shrub,FALSE,0.15,0.41,18,20,,,0.07,0.11,,,,,,
md_0625,BQ6ZPH37,mean_diff,684,mean_difference,categorical,abundance,density (birds/ha) - 2007,,,,,Native sites,Lonicera sites,common_yellowthroat,1,apples,0,,,remove_non_native_shrubs,McCusker et al. 2010,other,species,facultative,TRUE,0.2,0.23,18,20,,,0.09,0.11,,,,,,
md_0626,BQ6ZPH37,mean_diff,685,mean_difference,categorical,abundance,density (birds/ha) - 2007,,,,,Native sites,Lonicera sites,eastern_towhee,1,apples,0,,,remove_non_native_shrubs,McCusker et al. 2010,other,species,shrub,FALSE,1.29,0.89,18,20,,,0.27,0.21,,,,,,
md_0627,BQ6ZPH37,mean_diff,686,mean_difference,categorical,abundance,density (birds/ha) - 2007,,,,,Native sites,Lonicera sites,gray_catbird,1,apples,0,,,remove_non_native_shrubs,McCusker et al. 2010,other,species,forest,FALSE,0.88,4,18,20,,,0.6,1.1,,,,,,
md_0628,BQ6ZPH37,mean_diff,687,mean_difference,categorical,abundance,density (birds/ha) - 2007,,,,,Native sites,Lonicera sites,great_crested_flycatcher,1,apples,0,,,remove_non_native_shrubs,McCusker et al. 2010,other,species,shrub,FALSE,0.48,0.33,18,20,,,0.12,0.14,,,,,,
md_0629,BQ6ZPH37,mean_diff,688,mean_difference,categorical,abundance,density (birds/ha) - 2007,,,,,Native sites,Lonicera sites,house_wren,1,apples,0,,,remove_non_native_shrubs,McCusker et al. 2010,other,species,facultative,TRUE,0.86,1.94,18,20,,,0.42,0.59,,,,,,
md_0630,BQ6ZPH37,mean_diff,689,mean_difference,categorical,abundance,density (birds/ha) - 2007,,,,,Native sites,Lonicera sites,indigo_bunting,1,apples,0,,,remove_non_native_shrubs,McCusker et al. 2010,other,species,facultative,TRUE,2.98,2.53,18,20,,,0.38,0.44,,,,,,
md_0631,BQ6ZPH37,mean_diff,690,mean_difference,categorical,abundance,density (birds/ha) - 2007,,,,,Native sites,Lonicera sites,northern_cardinal,1,apples,0,,,remove_non_native_shrubs,McCusker et al. 2010,other,species,facultative,TRUE,2.97,4.15,18,20,,,0.55,0.48,,,,,,
md_0632,BQ6ZPH37,mean_diff,691,mean_difference,categorical,abundance,density (birds/ha) - 2006-2007,,,,,Native sites,Lonicera sites,american_goldfinch,1,apples,0,,,remove_non_native_shrubs,McCusker et al. 2010,other,species,facultative,TRUE,0.12,1.2,18,20,,,0.08,0.75,,,,,,
md_0632,BQ6ZPH37,mean_diff,691,mean_difference,categorical,abundance,density (birds/ha) - 2006-2007,,,,,Native sites,Lonicera sites,american_goldfinch,1,apples,0,,,provide_overwintering_habitat,McCusker et al. 2010,other,species,facultative,TRUE,0.12,1.2,18,20,,,0.08,0.75,,,,,,
md_0633,BQ6ZPH37,mean_diff,693,mean_difference,categorical,abundance,density (birds/ha) - 2006-2007,,,,,Native sites,Lonicera sites,american_robin,1,apples,0,,,remove_non_native_shrubs,McCusker et al. 2010,other,species,facultative,TRUE,0.21,1.24,18,20,,,0.14,0.99,,,,,,
md_0633,BQ6ZPH37,mean_diff,693,mean_difference,categorical,abundance,density (birds/ha) - 2006-2007,,,,,Native sites,Lonicera sites,american_robin,1,apples,0,,,provide_overwintering_habitat,McCusker et al. 2010,other,species,facultative,TRUE,0.21,1.24,18,20,,,0.14,0.99,,,,,,
md_0634,BQ6ZPH37,mean_diff,695,mean_difference,categorical,abundance,density (birds/ha) - 2006-2007,,,,,Native sites,Lonicera sites,carolina_wren,1,apples,0,,,remove_non_native_shrubs,McCusker et al. 2010,other,species,shrub,FALSE,0.11,0.13,18,20,,,0.07,0.07,,,,,,
md_0634,BQ6ZPH37,mean_diff,695,mean_difference,categorical,abundance,density (birds/ha) - 2006-2007,,,,,Native sites,Lonicera sites,carolina_wren,1,apples,0,,,provide_overwintering_habitat,McCusker et al. 2010,other,species,shrub,FALSE,0.11,0.13,18,20,,,0.07,0.07,,,,,,
md_0635,BQ6ZPH37,mean_diff,697,mean_difference,categorical,abundance,density (birds/ha) - 2006-2007,,,,,Native sites,Lonicera sites,northern_cardinal,1,apples,0,,,remove_non_native_shrubs,McCusker et al. 2010,other,species,facultative,TRUE,1.17,2.45,18,20,,,0.4,0.57,,,,,,
md_0635,BQ6ZPH37,mean_diff,697,mean_difference,categorical,abundance,density (birds/ha) - 2006-2007,,,,,Native sites,Lonicera sites,northern_cardinal,1,apples,0,,,provide_overwintering_habitat,McCusker et al. 2010,other,species,facultative,TRUE,1.17,2.45,18,20,,,0.4,0.57,,,,,,
md_0636,BQ6ZPH37,mean_diff,699,mean_difference,categorical,abundance,density (birds/ha) - 2006-2007,,,,,Native sites,Lonicera sites,american_goldfinch,1,apples,0,,,remove_non_native_shrubs,McCusker et al. 2010,other,species,facultative,TRUE,0.39,0.49,18,20,,,0.25,0.16,,,,,,
md_0636,BQ6ZPH37,mean_diff,699,mean_difference,categorical,abundance,density (birds/ha) - 2006-2007,,,,,Native sites,Lonicera sites,american_goldfinch,1,apples,0,,,provide_overwintering_habitat,McCusker et al. 2010,other,species,facultative,TRUE,0.39,0.49,18,20,,,0.25,0.16,,,,,,
md_0637,BQ6ZPH37,mean_diff,701,mean_difference,categorical,abundance,density (birds/ha) - 2006-2007,,,,,Native sites,Lonicera sites,american_robin,1,apples,0,,,remove_non_native_shrubs,McCusker et al. 2010,other,species,facultative,TRUE,0.03,0.75,18,20,,,0.05,0.46,,,,,,
md_0637,BQ6ZPH37,mean_diff,701,mean_difference,categorical,abundance,density (birds/ha) - 2006-2007,,,,,Native sites,Lonicera sites,american_robin,1,apples,0,,,provide_overwintering_habitat,McCusker et al. 2010,other,species,facultative,TRUE,0.03,0.75,18,20,,,0.05,0.46,,,,,,
md_0638,BQ6ZPH37,mean_diff,703,mean_difference,categorical,abundance,density (birds/ha) - 2006-2007,,,,,Native sites,Lonicera sites,carolina_wren,1,apples,0,,,remove_non_native_shrubs,McCusker et al. 2010,other,species,shrub,FALSE,0.02,0.11,18,20,,,0.02,0.05,,,,,,
md_0638,BQ6ZPH37,mean_diff,703,mean_difference,categorical,abundance,density (birds/ha) - 2006-2007,,,,,Native sites,Lonicera sites,carolina_wren,1,apples,0,,,provide_overwintering_habitat,McCusker et al. 2010,other,species,shrub,FALSE,0.02,0.11,18,20,,,0.02,0.05,,,,,,
md_0639,BQ6ZPH37,mean_diff,705,mean_difference,categorical,abundance,density (birds/ha) - 2006-2007,,,,,Native sites,Lonicera sites,northern_cardinal,1,apples,0,,,remove_non_native_shrubs,McCusker et al. 2010,other,species,facultative,TRUE,1.42,1.96,18,20,,,0.55,0.47,,,,,,
md_0639,BQ6ZPH37,mean_diff,705,mean_difference,categorical,abundance,density (birds/ha) - 2006-2007,,,,,Native sites,Lonicera sites,northern_cardinal,1,apples,0,,,provide_overwintering_habitat,McCusker et al. 2010,other,species,facultative,TRUE,1.42,1.96,18,20,,,0.55,0.47,,,,,,
md_0640,L3NEIUFB,mean_diff,707,mean_difference,categorical,nest_success,eggs per nest,period_survival,,,,Grazed mixed native pasture,grazed mixed exotic pasture,dickcissel,1,apples,1,,"We were not able to find the sample size per treatment ... we know that there were 208 nests and know something about the density distribution of nests, so maybe we can infer?",plant_nwsg,Monroe et al. 2016,southeast_us,species,obligate,TRUE,4.52,4.37,42,,0.74,0.9,,,,,,,,
md_0641,L3NEIUFB,mean_diff,708,mean_difference,categorical,nest_success,fledglings per successful nest,period_survival,,,,Grazed mixed native pasture,grazed mixed exotic pasture,dickcissel,1,apples,1,,"We were not able to find the sample size per treatment ... we know that there were 208 nests and know something about the density distribution of nests, so maybe we can infer?",plant_nwsg,Monroe et al. 2016,southeast_us,species,obligate,TRUE,3.22,4.2,42,43,0.83,0.84,,,,,,,,
md_0642,5EM6FIBL,mean_diff,709,mean_difference,categorical,abundance,territory density (territories/40 ha),,,,,Grazed NWSG fields,grazed CSG fields,eastern_meadowlark,1,apples,0,,Treatment is defined here as the grazed NWSG field,plant_nwsg,Moorman et al. 2017,southeast_us,species,obligate,TRUE,1.98,7.4,24,24,3.31,4.92,,,,,,,,
md_0643,5EM6FIBL,mean_diff,710,mean_difference,categorical,abundance,territory density (territories/40 ha),,,,,Grazed NWSG fields,grazed CSG fields,grasshopper_sparrow,1,apples,0,,Treatment is defined here as the grazed NWSG field,plant_nwsg,Moorman et al. 2017,southeast_us,species,obligate,TRUE,6.59,11.56,24,24,11.36,11.14,,,,,,,,
md_0644,5EM6FIBL,mean_diff,711,mean_difference,categorical,abundance,territory density (territories/40 ha),,,,,Grazed NWSG fields,grazed CSG fields,field_sparrow,1,apples,0,,Treatment is defined here as the grazed NWSG field,plant_nwsg,Moorman et al. 2017,southeast_us,species,facultative,TRUE,2.6,1.43,24,24,3.46,1.79,,,,,,,,
md_0645,5EM6FIBL,mean_diff,712,mean_difference,categorical,abundance,territory density (territories/40 ha),,,,,Grazed NWSG fields,grazed CSG fields,indigo_bunting,1,apples,0,,Treatment is defined here as the grazed NWSG field,plant_nwsg,Moorman et al. 2017,southeast_us,species,facultative,TRUE,13.2,5.79,24,24,5.51,6.21,,,,,,,,
md_0646,5EM6FIBL,mean_diff,713,mean_difference,categorical,abundance,territory density (territories/40 ha),,,,,Hayed NWSG fields,hayed CSG fields,eastern_meadowlark,1,apples,0,,Treatment is defined here as the hayed NWSG field,plant_nwsg,Moorman et al. 2017,southeast_us,species,obligate,TRUE,2.48,3.51,32,32,3.73,4.92,,,,,,,,
md_0647,5EM6FIBL,mean_diff,714,mean_difference,categorical,abundance,territory density (territories/40 ha),,,,,Hayed NWSG fields,hayed CSG fields,grasshopper_sparrow,1,apples,0,,Treatment is defined here as the hayed NWSG field,plant_nwsg,Moorman et al. 2017,southeast_us,species,obligate,TRUE,8.14,11.42,32,32,10.38,10.94,,,,,,,,
md_0648,5EM6FIBL,mean_diff,715,mean_difference,categorical,abundance,territory density (territories/40 ha),,,,,Hayed NWSG fields,hayed CSG fields,field_sparrow,1,apples,0,,Treatment is defined here as the hayed NWSG field,plant_nwsg,Moorman et al. 2017,southeast_us,species,facultative,TRUE,8.29,1.31,32,32,6.78,1.82,,,,,,,,
md_0649,5EM6FIBL,mean_diff,716,mean_difference,categorical,abundance,territory density (territories/40 ha),,,,,Hayed NWSG fields,hayed CSG fields,indigo_bunting,1,apples,0,,Treatment is defined here as the hayed NWSG field,plant_nwsg,Moorman et al. 2017,southeast_us,species,facultative,TRUE,21.98,2.22,32,32,23.98,3.63,,,,,,,,
md_0650,IXNBX5LG,mean_diff,717,mean_difference,categorical,nest_success,dsr,daily_survival,logistic_exposure,,,Late hayed field,early hayed field,bobolink,1,apples,0,,Check sample sizes,delay_hay,Perlut et al. 2006,other,species,obligate,TRUE,97.184,88.796,131,39,,,,,84.482,58.778000000000006,99.584,97.544,,
md_0651,IXNBX5LG,mean_diff,718,mean_difference,categorical,nest_success,dsr,daily_survival,logistic_exposure,,,Late hayed field,early hayed field,savannah_sparrow,1,apples,0,,Check sample sizes,delay_hay,Perlut et al. 2006,other,species,obligate,TRUE,96.645,90.294,131,248,,,,,89.155,75.434,98.742,95.926,,
md_0652,IXNBX5LG,mean_diff,719,mean_difference,categorical,nest_success,number of offspring fledged per female,period_survival,,,,Late hayed field,early hayed field,bobolink,1,apples,1,,Not really a nest_success metric (productivity); Sample size estimated based on the number of nests with a clutch completion date as provided in figure 1; number of nests/year and number of eggs/year are also provided,delay_hay,Perlut et al. 2006,other,species,obligate,TRUE,2.79,0.05,127,25,,,0.18,0.05,,,,,,
md_0653,IXNBX5LG,mean_diff,720,mean_difference,categorical,nest_success,number of offspring fledged per female,period_survival,,,,Late hayed field,early hayed field,savannah_sparrow,1,apples,1,,Sample size estimated based on the number of nests with a clutch completion date as provided in figure 1; number of nests/year and number of eggs/year are also provided,delay_hay,Perlut et al. 2006,other,species,obligate,TRUE,3.29,1.28,110,168,,,0.3,0.16,,,,,,
md_0654,S9JEF6KQ,mean_diff,721,mean_difference,categorical,abundance,abundance,,,,,Late-hayed field (2015),Continuously grazed pasture (2015),bobolink,1,oranges,0,,Comparison is not appropriate for the bmp,delay_hay,Pintaric et al. 2019,other,species,obligate,TRUE,8.52,5.17,6,10,2.43,1.73,,,,,,,,
md_0655,S9JEF6KQ,mean_diff,722,mean_difference,categorical,abundance,abundance,,,,,Late-hayed field (2016),Continuously grazed pasture (2016),bobolink,1,oranges,0,,,delay_hay,Pintaric et al. 2019,other,species,obligate,TRUE,10.56,3.36,6,8,2.82,1.64,,,,,,,,
md_0656,S9JEF6KQ,mean_diff,723,mean_difference,categorical,nest_success,dsr,daily_survival,,,,Late-hayed field,Continuously grazed pasture,bobolink,1,oranges,0,,,delay_hay,Pintaric et al. 2019,other,species,obligate,TRUE,0.978,0.939,29,58,,,0.008,0.01,,,,,,
md_0657,9KZCR9YH,mean_diff,724,mean_difference,categorical,species_richness,species_richness,,,,,Rotational grazing,Continuous grazing,all_species,1,apples,0,,Rotationally grazed fields were rested for 20 days - 6 months,rotational_grazing,Pirez and Aldabe 2023,south_america,aggregate,,TRUE,21.52,18.72,48,32,,,,,20.31,17.26,23.05,20.27,,
md_0658,L2QEJV7P,mean_diff,725,mean_difference,categorical,species_richness,species_richness,,,,,NWSG plot,CSG plot,all_species,1,apples,1,,Treatment is defined here as the NWSG plot,plant_nwsg,Port and Schottler 2017,other,aggregate,,TRUE,9.7,7.14,2,2,,,0.33,0.17,,,,,,
md_0659,B34SZBUU,mean_diff,726,mean_difference,categorical,abundance,abundance,,,,,Annual burn frequency,20-year burn frequency,upland_sandpiper,1,apples,0,,I'm not sure whether this is a test of prescribed_fire ... but maybe; Estimate represents a beta coefficient; Sample size is number of sites,prescribed_fire,Powell 2006,great_plains,species,obligate,TRUE,0.00482,-0.03639,5,6,,,0.06963,0.06507,,,,,,
md_0660,B34SZBUU,mean_diff,727,mean_difference,categorical,abundance,abundance,,,,,Annual burn frequency,20-year burn frequency,bells_vireo,1,apples,0,,Estimate represents a beta coefficient; Sample size is number of sites,prescribed_fire,Powell 2006,great_plains,species,shrub,FALSE,-0.22364,0.04682,5,7,,,0.06564,0.06117,,,,,,
md_0661,B34SZBUU,mean_diff,728,mean_difference,categorical,abundance,abundance,,,,,Annual burn frequency,20-year burn frequency,grasshopper_sparrow,1,apples,0,,Estimate represents a beta coefficient; Sample size is number of sites,prescribed_fire,Powell 2006,great_plains,species,obligate,TRUE,0.09331,-0.13041,5,7,,,0.06915,0.06462,,,,,,
md_0662,B34SZBUU,mean_diff,729,mean_difference,categorical,abundance,abundance,,,,,Annual burn frequency,20-year burn frequency,henslows_sparrow,1,apples,0,,Estimate represents a beta coefficient; Sample size is number of sites,prescribed_fire,Powell 2006,great_plains,species,obligate,TRUE,0.03478,-0.07804,5,7,,,0.0798,0.07153,,,,,,
md_0663,B34SZBUU,mean_diff,730,mean_difference,categorical,abundance,abundance,,,,,Annual burn frequency,20-year burn frequency,dickcissel,1,apples,0,,Estimate represents a beta coefficient; Sample size is number of sites,prescribed_fire,Powell 2006,great_plains,species,obligate,TRUE,0.12835,-0.07613,5,7,,,0.05374,0.04604,,,,,,
md_0664,B34SZBUU,mean_diff,731,mean_difference,categorical,abundance,abundance,,,,,Annual burn frequency,20-year burn frequency,eastern_meadowlark,1,apples,0,,Estimate represents a beta coefficient; Sample size is number of sites,prescribed_fire,Powell 2006,great_plains,species,obligate,TRUE,0.11237,-0.04558,5,7,,,0.05586,0.0522,,,,,,
md_0665,B34SZBUU,mean_diff,732,mean_difference,categorical,abundance,abundance,,,,,Annual burn frequency,20-year burn frequency,brown_headed_cowbird,1,apples,0,,Estimate represents a beta coefficient; Sample size is number of sites,prescribed_fire,Powell 2006,great_plains,species,facultative,TRUE,-0.04652,0.03838,5,7,,,0.0732,0.06841,,,,,,
md_0666,B34SZBUU,mean_diff,733,mean_difference,categorical,abundance,abundance,,,,,4-year burn frequency,20-year burn frequency,upland_sandpiper,1,apples,0,,Estimate represents a beta coefficient; Sample size is number of sites,prescribed_fire,Powell 2006,great_plains,species,obligate,TRUE,0.03156,-0.03639,5,7,,,0.0829,0.06507,,,,,,
md_0667,B34SZBUU,mean_diff,734,mean_difference,categorical,abundance,abundance,,,,,4-year burn frequency,20-year burn frequency,bells_vireo,1,apples,0,,Estimate represents a beta coefficient; Sample size is number of sites,prescribed_fire,Powell 2006,great_plains,species,shrub,FALSE,0.17683,0.04682,5,7,,,0.07586,0.06117,,,,,,
md_0668,B34SZBUU,mean_diff,735,mean_difference,categorical,abundance,abundance,,,,,4-year burn frequency,20-year burn frequency,grasshopper_sparrow,1,apples,0,,Estimate represents a beta coefficient; Sample size is number of sites,prescribed_fire,Powell 2006,great_plains,species,obligate,TRUE,0.0371,-0.13041,5,7,,,0.08232,0.06462,,,,,,
md_0669,B34SZBUU,mean_diff,736,mean_difference,categorical,abundance,abundance,,,,,4-year burn frequency,20-year burn frequency,henslows_sparrow,1,apples,0,,Estimate represents a beta coefficient; Sample size is number of sites,prescribed_fire,Powell 2006,great_plains,species,obligate,TRUE,0.04326,-0.07804,5,7,,,0.08583,0.07153,,,,,,
md_0670,B34SZBUU,mean_diff,737,mean_difference,categorical,abundance,abundance,,,,,4-year burn frequency,20-year burn frequency,dickcissel,1,apples,0,,Estimate represents a beta coefficient; Sample size is number of sites,prescribed_fire,Powell 2006,great_plains,species,obligate,TRUE,-0.05222,-0.07613,5,7,,,0.06042,0.04604,,,,,,
md_0671,B34SZBUU,mean_diff,738,mean_difference,categorical,abundance,abundance,,,,,4-year burn frequency,20-year burn frequency,eastern_meadowlark,1,apples,0,,Estimate represents a beta coefficient; Sample size is number of sites,prescribed_fire,Powell 2006,great_plains,species,obligate,TRUE,-0.06679,-0.04558,5,7,,,0.06651,0.0522,,,,,,
md_0672,B34SZBUU,mean_diff,739,mean_difference,categorical,abundance,abundance,,,,,4-year burn frequency,20-year burn frequency,brown_headed_cowbird,1,apples,0,,Estimate represents a beta coefficient; Sample size is number of sites,prescribed_fire,Powell 2006,great_plains,species,facultative,TRUE,0.00814,0.03838,5,7,,,0.08715,0.06841,,,,,,
md_0673,ABXAGBLU,mean_diff,740,mean_difference,categorical,nest_success,daily mortality rate,daily_survival,identity,,,Nest box,Natural cavity,ash_throated_flycatcher,-1,apples,0,,"Unsure of link term, only details in text are ""based on Mayfield's methods (1961, 1975)",install_nest_boxes,Purcell et al. 1997,other,species,facultative,TRUE,0.0134,0.017,33,52,0.004,0.0044,,,,,,,,
md_0674,ABXAGBLU,mean_diff,741,mean_difference,categorical,nest_success,daily mortality rate,daily_survival,identity,,,Nest box,Natural cavity,oak_titmouse,-1,apples,0,,"Unsure of link term, only details in text are ""based on Mayfield's methods (1961, 1975)",install_nest_boxes,Purcell et al. 1997,other,species,woodland,FALSE,0.0117,0.0124,111,171,0.0017,0.0019,,,,,,,,
md_0675,ABXAGBLU,mean_diff,742,mean_difference,categorical,nest_success,daily mortality rate,daily_survival,identity,,,Nest box,Natural cavity,house_wren,-1,apples,0,,"Unsure of link term, only details in text are ""based on Mayfield's methods (1961, 1975)",install_nest_boxes,Purcell et al. 1997,other,species,facultative,TRUE,0.005,0.0126,36,47,0.002,0.0035,,,,,,,,
md_0676,ABXAGBLU,mean_diff,743,mean_difference,categorical,nest_success,daily mortality rate,daily_survival,identity,,,Nest box,Natural cavity,western_bluebird,-1,apples,0,,"Unsure of link term, only details in text are ""based on Mayfield's methods (1961, 1975)",install_nest_boxes,Purcell et al. 1997,other,species,facultative,TRUE,0.0133,0.0297,47,39,0.003,0.0071,,,,,,,,
md_0677,86IBQ28G,mean_diff,744,mean_difference,categorical,abundance,density (birds/ha) - 2004,,,,,Burned CRP field,Unburned CRP field,dickcissel,1,apples,0,,,prescribed_fire,Rahmig et al. 2009,great_plains,species,obligate,TRUE,1.5,2.43,4,4,0.58,1.31,,,,,,,,
md_0678,86IBQ28G,mean_diff,745,mean_difference,categorical,abundance,density (birds/ha) - 2004,,,,,Burned CRP field,Unburned CRP field,grasshopper_sparrow,1,apples,0,,,prescribed_fire,Rahmig et al. 2009,great_plains,species,obligate,TRUE,0.12,0.32,4,4,0.15,0.63,,,,,,,,
md_0679,86IBQ28G,mean_diff,746,mean_difference,categorical,abundance,density (birds/ha) - 2004,,,,,Burned CRP field,Unburned CRP field,eastern_meadowlark,1,apples,0,,,prescribed_fire,Rahmig et al. 2009,great_plains,species,obligate,TRUE,0.08,0.12,4,4,0.09,0.15,,,,,,,,
md_0680,86IBQ28G,mean_diff,747,mean_difference,categorical,abundance,density (birds/ha) - 2004,,,,,Burned CRP field,Unburned CRP field,brown_headed_cowbird,1,apples,0,,,prescribed_fire,Rahmig et al. 2009,great_plains,species,facultative,TRUE,0.14,0.32,4,4,0.12,0.27,,,,,,,,
md_0681,86IBQ28G,mean_diff,748,mean_difference,categorical,abundance,density (birds/ha) - 2004,,,,,Burned CRP field,Unburned CRP field,red_winged_blackbird,1,apples,0,,,prescribed_fire,Rahmig et al. 2009,great_plains,species,facultative,TRUE,0.02,0,4,4,0.04,0,,,,,,,,
md_0682,86IBQ28G,mean_diff,749,mean_difference,categorical,abundance,density (birds/ha) - 2004,,,,,Burned CRP field,Unburned CRP field,henslows_sparrow,1,apples,0,,,prescribed_fire,Rahmig et al. 2009,great_plains,species,obligate,TRUE,0,0,4,4,0,0,,,,,,,,
md_0683,86IBQ28G,mean_diff,750,mean_difference,categorical,abundance,density (birds/ha) - 2004,,,,,Burned CRP field,Unburned CRP field,common_nighthawk,1,apples,0,,,prescribed_fire,Rahmig et al. 2009,great_plains,species,facultative,TRUE,0,0,4,4,0,0,,,,,,,,
md_0684,86IBQ28G,mean_diff,751,mean_difference,categorical,abundance,density (birds/ha) - 2004,,,,,Burned CRP field,Unburned CRP field,mourning_dove,1,apples,0,,,prescribed_fire,Rahmig et al. 2009,great_plains,species,facultative,TRUE,0.02,0.06,4,4,0.04,0.12,,,,,,,,
md_0685,86IBQ28G,mean_diff,752,mean_difference,categorical,abundance,density (birds/ha) - 2004,,,,,Burned CRP field,Unburned CRP field,upland_sandpiper,1,apples,0,,,prescribed_fire,Rahmig et al. 2009,great_plains,species,obligate,TRUE,0,0,4,4,0,0,,,,,,,,
md_0686,86IBQ28G,mean_diff,753,mean_difference,categorical,abundance,density (birds/ha) - 2005,,,,,Burned CRP field,Unburned CRP field,dickcissel,1,apples,0,,,prescribed_fire,Rahmig et al. 2009,great_plains,species,obligate,TRUE,2,3.07,4,4,0.99,2.15,,,,,,,,
md_0687,86IBQ28G,mean_diff,754,mean_difference,categorical,abundance,density (birds/ha) - 2005,,,,,Burned CRP field,Unburned CRP field,grasshopper_sparrow,1,apples,0,,,prescribed_fire,Rahmig et al. 2009,great_plains,species,obligate,TRUE,0.14,0.13,4,4,0.28,0.19,,,,,,,,
md_0688,86IBQ28G,mean_diff,755,mean_difference,categorical,abundance,density (birds/ha) - 2005,,,,,Burned CRP field,Unburned CRP field,eastern_meadowlark,1,apples,0,,,prescribed_fire,Rahmig et al. 2009,great_plains,species,obligate,TRUE,0.16,0.48,4,4,0.21,0.38,,,,,,,,
md_0689,86IBQ28G,mean_diff,756,mean_difference,categorical,abundance,density (birds/ha) - 2005,,,,,Burned CRP field,Unburned CRP field,brown_headed_cowbird,1,apples,0,,,prescribed_fire,Rahmig et al. 2009,great_plains,species,facultative,TRUE,0.1,0.86,4,4,0.2,0.63,,,,,,,,
md_0690,86IBQ28G,mean_diff,757,mean_difference,categorical,abundance,density (birds/ha) - 2005,,,,,Burned CRP field,Unburned CRP field,red_winged_blackbird,1,apples,0,,,prescribed_fire,Rahmig et al. 2009,great_plains,species,facultative,TRUE,0.24,0.06,4,4,0.38,0.05,,,,,,,,
md_0691,86IBQ28G,mean_diff,758,mean_difference,categorical,abundance,density (birds/ha) - 2005,,,,,Burned CRP field,Unburned CRP field,henslows_sparrow,1,apples,0,,,prescribed_fire,Rahmig et al. 2009,great_plains,species,obligate,TRUE,0,0.13,4,4,0,0.24,,,,,,,,
md_0692,86IBQ28G,mean_diff,759,mean_difference,categorical,abundance,density (birds/ha) - 2005,,,,,Burned CRP field,Unburned CRP field,mourning_dove,1,apples,0,,,prescribed_fire,Rahmig et al. 2009,great_plains,species,facultative,TRUE,0.06,0.21,4,4,0.12,0.4,,,,,,,,
md_0693,86IBQ28G,mean_diff,760,mean_difference,categorical,abundance,density (birds/ha) - 2005,,,,,Burned CRP field,Unburned CRP field,northern_bobwhite,1,apples,0,,,prescribed_fire,Rahmig et al. 2009,great_plains,species,facultative,TRUE,0,0.06,4,4,0,0.08,,,,,,,,
md_0694,86IBQ28G,mean_diff,761,mean_difference,categorical,abundance,density (birds/ha) - 2005,,,,,Burned CRP field,Unburned CRP field,upland_sandpiper,1,apples,0,,,prescribed_fire,Rahmig et al. 2009,great_plains,species,obligate,TRUE,0,0,4,4,0,0,,,,,,,,
md_0695,86IBQ28G,mean_diff,762,mean_difference,categorical,abundance,density (birds/ha) - 2005,,,,,Burned CRP field,Unburned CRP field,lark_sparrow,1,apples,0,,,prescribed_fire,Rahmig et al. 2009,great_plains,species,facultative,TRUE,0.08,0,4,4,0.01,0,,,,,,,,
md_0696,86IBQ28G,mean_diff,763,mean_difference,categorical,abundance,density (birds/ha) - 2004,,,,,Burned native hayfield,Unburned hayfield,dickcissel,1,apples,0,,,prescribed_fire,Rahmig et al. 2009,great_plains,species,obligate,TRUE,1.08,1.04,5,5,0.49,0.83,,,,,,,,
md_0697,86IBQ28G,mean_diff,764,mean_difference,categorical,abundance,density (birds/ha) - 2004,,,,,Burned native hayfield,Unburned hayfield,grasshopper_sparrow,1,apples,0,,,prescribed_fire,Rahmig et al. 2009,great_plains,species,obligate,TRUE,0.47,0.4,5,5,0.3,0.26,,,,,,,,
md_0698,86IBQ28G,mean_diff,765,mean_difference,categorical,abundance,density (birds/ha) - 2004,,,,,Burned native hayfield,Unburned hayfield,eastern_meadowlark,1,apples,0,,,prescribed_fire,Rahmig et al. 2009,great_plains,species,obligate,TRUE,0.29,0.43,5,5,0.18,0.17,,,,,,,,
md_0699,86IBQ28G,mean_diff,766,mean_difference,categorical,abundance,density (birds/ha) - 2004,,,,,Burned native hayfield,Unburned hayfield,brown_headed_cowbird,1,apples,0,,,prescribed_fire,Rahmig et al. 2009,great_plains,species,facultative,TRUE,0.03,0.02,5,5,0.07,0.04,,,,,,,,
md_0700,86IBQ28G,mean_diff,767,mean_difference,categorical,abundance,density (birds/ha) - 2004,,,,,Burned native hayfield,Unburned hayfield,red_winged_blackbird,1,apples,0,,,prescribed_fire,Rahmig et al. 2009,great_plains,species,facultative,TRUE,0.11,0.13,5,5,0.16,0.28,,,,,,,,
md_0701,86IBQ28G,mean_diff,768,mean_difference,categorical,abundance,density (birds/ha) - 2004,,,,,Burned native hayfield,Unburned hayfield,henslows_sparrow,1,apples,0,,,prescribed_fire,Rahmig et al. 2009,great_plains,species,obligate,TRUE,0.05,0.06,5,5,0.11,0.14,,,,,,,,
md_0702,86IBQ28G,mean_diff,769,mean_difference,categorical,abundance,density (birds/ha) - 2004,,,,,Burned native hayfield,Unburned hayfield,common_nighthawk,1,apples,0,,,prescribed_fire,Rahmig et al. 2009,great_plains,species,facultative,TRUE,0,0,5,5,0,0,,,,,,,,
md_0703,86IBQ28G,mean_diff,770,mean_difference,categorical,abundance,density (birds/ha) - 2004,,,,,Burned native hayfield,Unburned hayfield,mourning_dove,1,apples,0,,,prescribed_fire,Rahmig et al. 2009,great_plains,species,facultative,TRUE,0,0.02,5,5,0,0.04,,,,,,,,
md_0704,86IBQ28G,mean_diff,771,mean_difference,categorical,abundance,density (birds/ha) - 2004,,,,,Burned native hayfield,Unburned hayfield,upland_sandpiper,1,apples,0,,,prescribed_fire,Rahmig et al. 2009,great_plains,species,obligate,TRUE,0,0,5,5,0,0,,,,,,,,
md_0705,86IBQ28G,mean_diff,772,mean_difference,categorical,abundance,density (birds/ha) - 2005,,,,,Burned native hayfield,Unburned hayfield,dickcissel,1,apples,0,,,prescribed_fire,Rahmig et al. 2009,great_plains,species,obligate,TRUE,1.01,1.33,5,5,0.5,0.86,,,,,,,,
md_0706,86IBQ28G,mean_diff,773,mean_difference,categorical,abundance,density (birds/ha) - 2005,,,,,Burned native hayfield,Unburned hayfield,grasshopper_sparrow,1,apples,0,,,prescribed_fire,Rahmig et al. 2009,great_plains,species,obligate,TRUE,1.03,1.08,5,5,0.93,0.7,,,,,,,,
md_0707,86IBQ28G,mean_diff,774,mean_difference,categorical,abundance,density (birds/ha) - 2005,,,,,Burned native hayfield,Unburned hayfield,eastern_meadowlark,1,apples,0,,,prescribed_fire,Rahmig et al. 2009,great_plains,species,obligate,TRUE,0.62,0.74,5,5,0.31,0.44,,,,,,,,
md_0708,86IBQ28G,mean_diff,775,mean_difference,categorical,abundance,density (birds/ha) - 2005,,,,,Burned native hayfield,Unburned hayfield,brown_headed_cowbird,1,apples,0,,,prescribed_fire,Rahmig et al. 2009,great_plains,species,facultative,TRUE,0.13,0.15,5,5,0.16,0.22,,,,,,,,
md_0709,86IBQ28G,mean_diff,776,mean_difference,categorical,abundance,density (birds/ha) - 2005,,,,,Burned native hayfield,Unburned hayfield,red_winged_blackbird,1,apples,0,,,prescribed_fire,Rahmig et al. 2009,great_plains,species,facultative,TRUE,0.19,0.05,5,5,0.23,0.07,,,,,,,,
md_0710,86IBQ28G,mean_diff,777,mean_difference,categorical,abundance,density (birds/ha) - 2005,,,,,Burned native hayfield,Unburned hayfield,henslows_sparrow,1,apples,0,,,prescribed_fire,Rahmig et al. 2009,great_plains,species,obligate,TRUE,0.02,0.11,5,5,0.04,0.15,,,,,,,,
md_0711,86IBQ28G,mean_diff,778,mean_difference,categorical,abundance,density (birds/ha) - 2005,,,,,Burned native hayfield,Unburned hayfield,mourning_dove,1,apples,0,,,prescribed_fire,Rahmig et al. 2009,great_plains,species,facultative,TRUE,0.03,0,5,5,0.04,0,,,,,,,,
md_0712,86IBQ28G,mean_diff,779,mean_difference,categorical,abundance,density (birds/ha) - 2005,,,,,Burned native hayfield,Unburned hayfield,northern_bobwhite,1,apples,0,,,prescribed_fire,Rahmig et al. 2009,great_plains,species,facultative,TRUE,0,0.08,5,5,0,0.1,,,,,,,,
md_0713,86IBQ28G,mean_diff,780,mean_difference,categorical,abundance,density (birds/ha) - 2005,,,,,Burned native hayfield,Unburned hayfield,upland_sandpiper,1,apples,0,,,prescribed_fire,Rahmig et al. 2009,great_plains,species,obligate,TRUE,0.02,0.08,5,5,0.04,0.16,,,,,,,,
md_0714,86IBQ28G,mean_diff,781,mean_difference,categorical,abundance,density (birds/ha) - 2005,,,,,Burned native hayfield,Unburned hayfield,lark_sparrow,1,apples,0,,,prescribed_fire,Rahmig et al. 2009,great_plains,species,facultative,TRUE,0,0,5,5,0,0,,,,,,,,
md_0715,86IBQ28G,mean_diff,782,mean_difference,categorical,abundance,density (birds/ha) - 2004,,,,,Burned season-long grazed pasture,Unburned season-long grazed pasture,dickcissel,1,apples,0,,,prescribed_fire,Rahmig et al. 2009,great_plains,species,obligate,TRUE,1,0.74,6,6,0.75,0.53,,,,,,,,
md_0716,86IBQ28G,mean_diff,783,mean_difference,categorical,abundance,density (birds/ha) - 2004,,,,,Burned season-long grazed pasture,Unburned season-long grazed pasture,grasshopper_sparrow,1,apples,0,,,prescribed_fire,Rahmig et al. 2009,great_plains,species,obligate,TRUE,0.63,0.86,6,6,0.37,0.73,,,,,,,,
md_0717,86IBQ28G,mean_diff,784,mean_difference,categorical,abundance,density (birds/ha) - 2004,,,,,Burned season-long grazed pasture,Unburned season-long grazed pasture,eastern_meadowlark,1,apples,0,,,prescribed_fire,Rahmig et al. 2009,great_plains,species,obligate,TRUE,0.25,0.44,6,6,0.08,0.34,,,,,,,,
md_0718,86IBQ28G,mean_diff,785,mean_difference,categorical,abundance,density (birds/ha) - 2004,,,,,Burned season-long grazed pasture,Unburned season-long grazed pasture,brown_headed_cowbird,1,apples,0,,,prescribed_fire,Rahmig et al. 2009,great_plains,species,facultative,TRUE,0.21,0.15,6,6,0.2,0.14,,,,,,,,
md_0719,86IBQ28G,mean_diff,786,mean_difference,categorical,abundance,density (birds/ha) - 2004,,,,,Burned season-long grazed pasture,Unburned season-long grazed pasture,red_winged_blackbird,1,apples,0,,,prescribed_fire,Rahmig et al. 2009,great_plains,species,facultative,TRUE,0.04,0.01,6,6,0.1,0.03,,,,,,,,
md_0720,86IBQ28G,mean_diff,787,mean_difference,categorical,abundance,density (birds/ha) - 2004,,,,,Burned season-long grazed pasture,Unburned season-long grazed pasture,henslows_sparrow,1,apples,0,,,prescribed_fire,Rahmig et al. 2009,great_plains,species,obligate,TRUE,0.01,0.09,6,6,0.03,0.23,,,,,,,,
md_0721,86IBQ28G,mean_diff,788,mean_difference,categorical,abundance,density (birds/ha) - 2004,,,,,Burned season-long grazed pasture,Unburned season-long grazed pasture,common_nighthawk,1,apples,0,,,prescribed_fire,Rahmig et al. 2009,great_plains,species,facultative,TRUE,0.01,0.03,6,6,0.03,0.06,,,,,,,,
md_0722,86IBQ28G,mean_diff,789,mean_difference,categorical,abundance,density (birds/ha) - 2004,,,,,Burned season-long grazed pasture,Unburned season-long grazed pasture,mourning_dove,1,apples,0,,,prescribed_fire,Rahmig et al. 2009,great_plains,species,facultative,TRUE,0,0.01,6,6,0,0.03,,,,,,,,
md_0723,86IBQ28G,mean_diff,790,mean_difference,categorical,abundance,density (birds/ha) - 2004,,,,,Burned season-long grazed pasture,Unburned season-long grazed pasture,upland_sandpiper,1,apples,0,,,prescribed_fire,Rahmig et al. 2009,great_plains,species,obligate,TRUE,0.01,0.07,6,6,0.03,0.09,,,,,,,,
md_0724,86IBQ28G,mean_diff,791,mean_difference,categorical,abundance,density (birds/ha) - 2005,,,,,Burned season-long grazed pasture,Unburned season-long grazed pasture,dickcissel,1,apples,0,,,prescribed_fire,Rahmig et al. 2009,great_plains,species,obligate,TRUE,1.57,1.16,6,6,0.86,0.33,,,,,,,,
md_0725,86IBQ28G,mean_diff,792,mean_difference,categorical,abundance,density (birds/ha) - 2005,,,,,Burned season-long grazed pasture,Unburned season-long grazed pasture,grasshopper_sparrow,1,apples,0,,,prescribed_fire,Rahmig et al. 2009,great_plains,species,obligate,TRUE,0.84,1.11,6,6,0.73,0.63,,,,,,,,
md_0726,86IBQ28G,mean_diff,793,mean_difference,categorical,abundance,density (birds/ha) - 2005,,,,,Burned season-long grazed pasture,Unburned season-long grazed pasture,eastern_meadowlark,1,apples,0,,,prescribed_fire,Rahmig et al. 2009,great_plains,species,obligate,TRUE,0.51,0.46,6,6,0.2,0.23,,,,,,,,
md_0727,86IBQ28G,mean_diff,794,mean_difference,categorical,abundance,density (birds/ha) - 2005,,,,,Burned season-long grazed pasture,Unburned season-long grazed pasture,brown_headed_cowbird,1,apples,0,,,prescribed_fire,Rahmig et al. 2009,great_plains,species,facultative,TRUE,0.29,0.15,6,6,0.36,0.26,,,,,,,,
md_0728,86IBQ28G,mean_diff,795,mean_difference,categorical,abundance,density (birds/ha) - 2005,,,,,Burned season-long grazed pasture,Unburned season-long grazed pasture,red_winged_blackbird,1,apples,0,,,prescribed_fire,Rahmig et al. 2009,great_plains,species,facultative,TRUE,0.12,0.01,6,6,0.19,0.03,,,,,,,,
md_0729,86IBQ28G,mean_diff,796,mean_difference,categorical,abundance,density (birds/ha) - 2005,,,,,Burned season-long grazed pasture,Unburned season-long grazed pasture,henslows_sparrow,1,apples,0,,,prescribed_fire,Rahmig et al. 2009,great_plains,species,obligate,TRUE,0,0.29,6,6,0,0.56,,,,,,,,
md_0730,86IBQ28G,mean_diff,797,mean_difference,categorical,abundance,density (birds/ha) - 2005,,,,,Burned season-long grazed pasture,Unburned season-long grazed pasture,mourning_dove,1,apples,0,,,prescribed_fire,Rahmig et al. 2009,great_plains,species,facultative,TRUE,0,0,6,6,0,0,,,,,,,,
md_0731,86IBQ28G,mean_diff,798,mean_difference,categorical,abundance,density (birds/ha) - 2005,,,,,Burned season-long grazed pasture,Unburned season-long grazed pasture,northern_bobwhite,1,apples,0,,,prescribed_fire,Rahmig et al. 2009,great_plains,species,facultative,TRUE,0,0.03,6,6,0,0.04,,,,,,,,
md_0732,86IBQ28G,mean_diff,799,mean_difference,categorical,abundance,density (birds/ha) - 2005,,,,,Burned season-long grazed pasture,Unburned season-long grazed pasture,upland_sandpiper,1,apples,0,,,prescribed_fire,Rahmig et al. 2009,great_plains,species,obligate,TRUE,0.04,0,6,6,0.04,0,,,,,,,,
md_0733,86IBQ28G,mean_diff,800,mean_difference,categorical,abundance,density (birds/ha) - 2005,,,,,Burned season-long grazed pasture,Unburned season-long grazed pasture,lark_sparrow,1,apples,0,,,prescribed_fire,Rahmig et al. 2009,great_plains,species,facultative,TRUE,0.01,0,6,6,0.03,0,,,,,,,,
md_0734,86IBQ28G,mean_diff,801,mean_difference,categorical,abundance,density (birds/ha) - 2004,,,,,Burned season-long grazed pasture,Burned intensive-early season grazed pasture (1.25 cattle/ha),dickcissel,-1,apples,0,,,reduce_grazing_intensity,Rahmig et al. 2009,great_plains,species,obligate,TRUE,1,1.07,6,6,0.75,0.69,,,,,,,,
md_0735,86IBQ28G,mean_diff,802,mean_difference,categorical,abundance,density (birds/ha) - 2004,,,,,Burned season-long grazed pasture,Burned intensive-early season grazed pasture (1.25 cattle/ha),grasshopper_sparrow,-1,apples,0,,,reduce_grazing_intensity,Rahmig et al. 2009,great_plains,species,obligate,TRUE,0.63,0.88,6,6,0.37,0.33,,,,,,,,
md_0736,86IBQ28G,mean_diff,803,mean_difference,categorical,abundance,density (birds/ha) - 2004,,,,,Burned season-long grazed pasture,Burned intensive-early season grazed pasture (1.25 cattle/ha),eastern_meadowlark,-1,apples,0,,,reduce_grazing_intensity,Rahmig et al. 2009,great_plains,species,obligate,TRUE,0.25,0.3,6,6,0.08,0.19,,,,,,,,
md_0737,86IBQ28G,mean_diff,804,mean_difference,categorical,abundance,density (birds/ha) - 2004,,,,,Burned season-long grazed pasture,Burned intensive-early season grazed pasture (1.25 cattle/ha),brown_headed_cowbird,-1,apples,0,,,reduce_grazing_intensity,Rahmig et al. 2009,great_plains,species,facultative,TRUE,0.21,0.2,6,6,0.2,0.33,,,,,,,,
md_0738,86IBQ28G,mean_diff,805,mean_difference,categorical,abundance,density (birds/ha) - 2004,,,,,Burned season-long grazed pasture,Burned intensive-early season grazed pasture (1.25 cattle/ha),red_winged_blackbird,-1,apples,0,,,reduce_grazing_intensity,Rahmig et al. 2009,great_plains,species,facultative,TRUE,0.04,0.03,6,6,0.1,0.04,,,,,,,,
md_0739,86IBQ28G,mean_diff,806,mean_difference,categorical,abundance,density (birds/ha) - 2004,,,,,Burned season-long grazed pasture,Burned intensive-early season grazed pasture (1.25 cattle/ha),henslows_sparrow,-1,apples,0,,,reduce_grazing_intensity,Rahmig et al. 2009,great_plains,species,obligate,TRUE,0.01,0,6,6,0.03,0,,,,,,,,
md_0740,86IBQ28G,mean_diff,807,mean_difference,categorical,abundance,density (birds/ha) - 2004,,,,,Burned season-long grazed pasture,Burned intensive-early season grazed pasture (1.25 cattle/ha),common_nighthawk,-1,apples,0,,,reduce_grazing_intensity,Rahmig et al. 2009,great_plains,species,facultative,TRUE,0.01,0.07,6,6,0.03,0.09,,,,,,,,
md_0741,86IBQ28G,mean_diff,808,mean_difference,categorical,abundance,density (birds/ha) - 2004,,,,,Burned season-long grazed pasture,Burned intensive-early season grazed pasture (1.25 cattle/ha),mourning_dove,-1,apples,0,,,reduce_grazing_intensity,Rahmig et al. 2009,great_plains,species,facultative,TRUE,0,0.01,6,6,0,0.03,,,,,,,,
md_0742,86IBQ28G,mean_diff,809,mean_difference,categorical,abundance,density (birds/ha) - 2004,,,,,Burned season-long grazed pasture,Burned intensive-early season grazed pasture (1.25 cattle/ha),upland_sandpiper,-1,apples,0,,,reduce_grazing_intensity,Rahmig et al. 2009,great_plains,species,obligate,TRUE,0.01,0.01,6,6,0.03,0.04,,,,,,,,
md_0743,86IBQ28G,mean_diff,810,mean_difference,categorical,abundance,density (birds/ha) - 2005,,,,,Burned season-long grazed pasture,Burned intensive-early season grazed pasture (1.25 cattle/ha),dickcissel,-1,apples,0,,,reduce_grazing_intensity,Rahmig et al. 2009,great_plains,species,obligate,TRUE,1.57,1.28,6,6,0.86,0.94,,,,,,,,
md_0744,86IBQ28G,mean_diff,811,mean_difference,categorical,abundance,density (birds/ha) - 2005,,,,,Burned season-long grazed pasture,Burned intensive-early season grazed pasture (1.25 cattle/ha),grasshopper_sparrow,-1,apples,0,,,reduce_grazing_intensity,Rahmig et al. 2009,great_plains,species,obligate,TRUE,0.84,1.36,6,6,0.73,0.55,,,,,,,,
md_0745,86IBQ28G,mean_diff,812,mean_difference,categorical,abundance,density (birds/ha) - 2005,,,,,Burned season-long grazed pasture,Burned intensive-early season grazed pasture (1.25 cattle/ha),eastern_meadowlark,-1,apples,0,,,reduce_grazing_intensity,Rahmig et al. 2009,great_plains,species,obligate,TRUE,0.51,0.83,6,6,0.2,0.44,,,,,,,,
md_0746,86IBQ28G,mean_diff,813,mean_difference,categorical,abundance,density (birds/ha) - 2005,,,,,Burned season-long grazed pasture,Burned intensive-early season grazed pasture (1.25 cattle/ha),brown_headed_cowbird,-1,apples,0,,,reduce_grazing_intensity,Rahmig et al. 2009,great_plains,species,facultative,TRUE,0.29,0.07,6,6,0.36,0.06,,,,,,,,
md_0747,86IBQ28G,mean_diff,814,mean_difference,categorical,abundance,density (birds/ha) - 2005,,,,,Burned season-long grazed pasture,Burned intensive-early season grazed pasture (1.25 cattle/ha),red_winged_blackbird,-1,apples,0,,,reduce_grazing_intensity,Rahmig et al. 2009,great_plains,species,facultative,TRUE,0.12,0.01,6,6,0.19,0.03,,,,,,,,
md_0748,86IBQ28G,mean_diff,815,mean_difference,categorical,abundance,density (birds/ha) - 2005,,,,,Burned season-long grazed pasture,Burned intensive-early season grazed pasture (1.25 cattle/ha),henslows_sparrow,-1,apples,0,,,reduce_grazing_intensity,Rahmig et al. 2009,great_plains,species,obligate,TRUE,0,0.01,6,6,0,0.03,,,,,,,,
md_0749,86IBQ28G,mean_diff,816,mean_difference,categorical,abundance,density (birds/ha) - 2005,,,,,Burned season-long grazed pasture,Burned intensive-early season grazed pasture (1.25 cattle/ha),mourning_dove,-1,apples,0,,,reduce_grazing_intensity,Rahmig et al. 2009,great_plains,species,facultative,TRUE,0,0,6,6,0,0,,,,,,,,
md_0750,86IBQ28G,mean_diff,817,mean_difference,categorical,abundance,density (birds/ha) - 2005,,,,,Burned season-long grazed pasture,Burned intensive-early season grazed pasture (1.25 cattle/ha),northern_bobwhite,-1,apples,0,,,reduce_grazing_intensity,Rahmig et al. 2009,great_plains,species,facultative,TRUE,0,0.05,6,6,0,0.1,,,,,,,,
md_0751,86IBQ28G,mean_diff,818,mean_difference,categorical,abundance,density (birds/ha) - 2005,,,,,Burned season-long grazed pasture,Burned intensive-early season grazed pasture (1.25 cattle/ha),upland_sandpiper,-1,apples,0,,,reduce_grazing_intensity,Rahmig et al. 2009,great_plains,species,obligate,TRUE,0.04,0.02,6,6,0.04,0.04,,,,,,,,
md_0752,86IBQ28G,mean_diff,819,mean_difference,categorical,abundance,density (birds/ha) - 2005,,,,,Burned season-long grazed pasture,Burned intensive-early season grazed pasture (1.25 cattle/ha),lark_sparrow,-1,apples,0,,,reduce_grazing_intensity,Rahmig et al. 2009,great_plains,species,facultative,TRUE,0.01,0,6,6,0.03,0,,,,,,,,
md_0753,A9QQKZTZ,mean_diff,820,mean_difference,categorical,abundance,abundance - 2006,,,,,Treated,Untreated,lark_sparrow,1,apples,0,,,remove_non_native_shrubs,Raynor et al. 2017,great_plains,species,facultative,TRUE,0.83,0.16,3,3,,,0.6,0.16,,,,,,
md_0754,A9QQKZTZ,mean_diff,821,mean_difference,categorical,abundance,abundance - 2006,,,,,Treated,Untreated,western_meadowlark,1,apples,0,,,remove_non_native_shrubs,Raynor et al. 2017,great_plains,species,obligate,TRUE,0.66,0.16,3,3,,,0.16,0.16,,,,,,
md_0755,A9QQKZTZ,mean_diff,822,mean_difference,categorical,abundance,abundance - 2006,,,,,Treated,Untreated,northern_flicker,1,apples,0,,,remove_non_native_shrubs,Raynor et al. 2017,great_plains,species,forest,FALSE,0.16,0.16,3,3,,,0.16,0.16,,,,,,
md_0756,A9QQKZTZ,mean_diff,823,mean_difference,categorical,abundance,abundance - 2006,,,,,Treated,Untreated,mourning_dove,1,apples,0,,,remove_non_native_shrubs,Raynor et al. 2017,great_plains,species,facultative,TRUE,2.67,7.5,3,3,,,0.6,1.04,,,,,,
md_0757,A9QQKZTZ,mean_diff,824,mean_difference,categorical,abundance,abundance - 2007,,,,,Treated,Untreated,mourning_dove,1,apples,0,,,remove_non_native_shrubs,Raynor et al. 2017,great_plains,species,facultative,TRUE,3.5,5.5,3,3,,,1.04,0.58,,,,,,
md_0758,A9QQKZTZ,mean_diff,825,mean_difference,categorical,abundance,abundance - 2006,,,,,Treated,Untreated,western_kingbird,1,apples,0,,,remove_non_native_shrubs,Raynor et al. 2017,great_plains,species,facultative,TRUE,2.16,1.5,3,3,,,0.6,0.29,,,,,,
md_0759,A9QQKZTZ,mean_diff,826,mean_difference,categorical,abundance,abundance - 2007,,,,,Treated,Untreated,western_kingbird,1,apples,0,,,remove_non_native_shrubs,Raynor et al. 2017,great_plains,species,facultative,TRUE,3.16,1.16,3,3,,,2.18,0.33,,,,,,
md_0760,A9QQKZTZ,mean_diff,827,mean_difference,categorical,abundance,abundance - 2006,,,,,Treated,Untreated,western_kingbird,1,apples,0,,,remove_non_native_shrubs,Raynor et al. 2017,great_plains,species,facultative,TRUE,1,1,3,3,,,0.29,0.5,,,,,,
md_0761,A9QQKZTZ,mean_diff,828,mean_difference,categorical,abundance,abundance - 2007,,,,,Treated,Untreated,western_kingbird,1,apples,0,,,remove_non_native_shrubs,Raynor et al. 2017,great_plains,species,facultative,TRUE,0.83,0.33,3,3,,,0.83,0.16,,,,,,
md_0762,A9QQKZTZ,mean_diff,829,mean_difference,categorical,abundance,abundance - 2006,,,,,Treated,Untreated,orchard_oriole,1,apples,0,,,remove_non_native_shrubs,Raynor et al. 2017,great_plains,species,facultative,TRUE,1,2.33,3,3,,,0.76,1.16,,,,,,
md_0763,A9QQKZTZ,mean_diff,830,mean_difference,categorical,abundance,abundance - 2007,,,,,Treated,Untreated,orchard_oriole,1,apples,0,,,remove_non_native_shrubs,Raynor et al. 2017,great_plains,species,facultative,TRUE,1,1.33,3,3,,,1,0.33,,,,,,
md_0764,A9QQKZTZ,mean_diff,831,mean_difference,categorical,abundance,abundance - 2006,,,,,Treated,Untreated,northern_mockingbird,1,apples,0,,,remove_non_native_shrubs,Raynor et al. 2017,great_plains,species,facultative,TRUE,0.83,2.83,3,3,,,0.16,1.01,,,,,,
md_0765,A9QQKZTZ,mean_diff,832,mean_difference,categorical,abundance,abundance - 2007,,,,,Treated,Untreated,northern_mockingbird,1,apples,0,,,remove_non_native_shrubs,Raynor et al. 2017,great_plains,species,facultative,TRUE,0.33,2.16,3,3,,,0.33,0.93,,,,,,
md_0766,A9QQKZTZ,mean_diff,833,mean_difference,categorical,abundance,abundance - 2006,,,,,Treated,Untreated,brown_thrasher,1,apples,0,,,remove_non_native_shrubs,Raynor et al. 2017,great_plains,species,shrub,FALSE,0.33,0.67,3,3,,,0.33,0.44,,,,,,
md_0767,A9QQKZTZ,mean_diff,834,mean_difference,categorical,abundance,abundance - 2006,,,,,Treated,Untreated,yellow_warbler,1,apples,0,,,remove_non_native_shrubs,Raynor et al. 2017,great_plains,species,facultative,TRUE,0.33,1.16,3,3,,,0.16,1.16,,,,,,
md_0768,A9QQKZTZ,mean_diff,835,mean_difference,categorical,abundance,abundance - 2006,,,,,Treated,Untreated,red_winged_blackbird,1,apples,0,,,remove_non_native_shrubs,Raynor et al. 2017,great_plains,species,facultative,TRUE,1.67,0.5,3,3,,,0.73,0.5,,,,,,
md_0769,A9QQKZTZ,mean_diff,836,mean_difference,categorical,abundance,abundance - 2007,,,,,Treated,Untreated,red_winged_blackbird,1,apples,0,,,remove_non_native_shrubs,Raynor et al. 2017,great_plains,species,facultative,TRUE,1.33,0.5,3,3,,,0.73,0.5,,,,,,
md_0770,A9QQKZTZ,mean_diff,837,mean_difference,categorical,abundance,abundance - 2006,,,,,Treated,Untreated,brown_headed_cowbird,1,apples,0,,,remove_non_native_shrubs,Raynor et al. 2017,great_plains,species,facultative,TRUE,1,1,3,3,,,0.76,0,,,,,,
md_0771,A9QQKZTZ,mean_diff,838,mean_difference,categorical,abundance,abundance - 2007,,,,,Treated,Untreated,brown_headed_cowbird,1,apples,0,,,remove_non_native_shrubs,Raynor et al. 2017,great_plains,species,facultative,TRUE,0.33,1.67,3,3,,,0.33,0.44,,,,,,
md_0772,A9QQKZTZ,mean_diff,839,mean_difference,categorical,abundance,abundance - 2008,,,,,Treated,Untreated,lark_sparrow,1,apples,0,,,remove_non_native_shrubs,Raynor et al. 2017,great_plains,species,facultative,TRUE,0.16,0.16,3,3,,,0.16,0.16,,,,,,
md_0773,A9QQKZTZ,mean_diff,840,mean_difference,categorical,abundance,abundance - 2009,,,,,Treated,Untreated,lark_sparrow,1,apples,0,,,remove_non_native_shrubs,Raynor et al. 2017,great_plains,species,facultative,TRUE,0.5,1.83,3,3,,,0.29,1.16,,,,,,
md_0774,A9QQKZTZ,mean_diff,841,mean_difference,categorical,abundance,abundance - 2008,,,,,Treated,Untreated,northern_flicker,1,apples,0,,,remove_non_native_shrubs,Raynor et al. 2017,great_plains,species,forest,FALSE,0.16,0.5,3,3,,,0.16,0.5,,,,,,
md_0775,A9QQKZTZ,mean_diff,842,mean_difference,categorical,abundance,abundance - 2008,,,,,Treated,Untreated,mourning_dove,1,apples,0,,,remove_non_native_shrubs,Raynor et al. 2017,great_plains,species,facultative,TRUE,3.83,6.66,3,3,,,1.36,0.16,,,,,,
md_0776,A9QQKZTZ,mean_diff,843,mean_difference,categorical,abundance,abundance - 2009,,,,,Treated,Untreated,mourning_dove,1,apples,0,,,remove_non_native_shrubs,Raynor et al. 2017,great_plains,species,facultative,TRUE,4,7.33,3,3,,,0.28,1.36,,,,,,
md_0777,A9QQKZTZ,mean_diff,844,mean_difference,categorical,abundance,abundance - 2008,,,,,Treated,Untreated,western_kingbird,1,apples,0,,,remove_non_native_shrubs,Raynor et al. 2017,great_plains,species,facultative,TRUE,2.66,3.33,3,3,,,1.69,0.6,,,,,,
md_0778,A9QQKZTZ,mean_diff,845,mean_difference,categorical,abundance,abundance - 2009,,,,,Treated,Untreated,western_kingbird,1,apples,0,,,remove_non_native_shrubs,Raynor et al. 2017,great_plains,species,facultative,TRUE,2,2.83,3,3,,,1.5,1.36,,,,,,
md_0779,A9QQKZTZ,mean_diff,846,mean_difference,categorical,abundance,abundance - 2009,,,,,Treated,Untreated,eastern_kingbird,1,apples,0,,,remove_non_native_shrubs,Raynor et al. 2017,great_plains,species,facultative,TRUE,0.66,0.67,3,3,,,0.66,0.44,,,,,,
md_0780,A9QQKZTZ,mean_diff,847,mean_difference,categorical,abundance,abundance - 2008,,,,,Treated,Untreated,orchard_oriole,1,apples,0,,,remove_non_native_shrubs,Raynor et al. 2017,great_plains,species,facultative,TRUE,0.83,1.67,3,3,,,0.44,0.72,,,,,,
md_0781,A9QQKZTZ,mean_diff,848,mean_difference,categorical,abundance,abundance - 2009,,,,,Treated,Untreated,orchard_oriole,1,apples,0,,,remove_non_native_shrubs,Raynor et al. 2017,great_plains,species,facultative,TRUE,0.5,1,3,3,,,0.5,0.76,,,,,,
md_0782,A9QQKZTZ,mean_diff,849,mean_difference,categorical,abundance,abundance - 2008,,,,,Treated,Untreated,northern_mockingbird,1,apples,0,,,remove_non_native_shrubs,Raynor et al. 2017,great_plains,species,facultative,TRUE,1.66,2.83,3,3,,,0.44,0.6,,,,,,
md_0783,A9QQKZTZ,mean_diff,850,mean_difference,categorical,abundance,abundance - 2009,,,,,Treated,Untreated,northern_mockingbird,1,apples,0,,,remove_non_native_shrubs,Raynor et al. 2017,great_plains,species,facultative,TRUE,2,6,3,3,,,0.29,0.87,,,,,,
md_0784,A9QQKZTZ,mean_diff,851,mean_difference,categorical,abundance,abundance - 2008,,,,,Treated,Untreated,blue_grosbeak,1,apples,0,,,remove_non_native_shrubs,Raynor et al. 2017,great_plains,species,facultative,TRUE,0.5,0.5,3,3,,,0.29,0.5,,,,,,
md_0785,A9QQKZTZ,mean_diff,852,mean_difference,categorical,abundance,abundance - 2009,,,,,Treated,Untreated,red_winged_blackbird,1,apples,0,,,remove_non_native_shrubs,Raynor et al. 2017,great_plains,species,facultative,TRUE,0.16,0.16,3,3,,,0.16,0.16,,,,,,
md_0786,A9QQKZTZ,mean_diff,853,mean_difference,categorical,abundance,abundance - 2009,,,,,Treated,Untreated,brown_headed_cowbird,1,apples,0,,,remove_non_native_shrubs,Raynor et al. 2017,great_plains,species,facultative,TRUE,0.83,0.66,3,3,,,0.6,0.16,,,,,,
md_0787,U2MLB3CF,mean_diff,854,mean_difference,categorical,species_richness,species_richness,,,,,Native stands,R. pseudacacia stands,all_species,1,apples,0,,,remove_non_native_shrubs,Reif et al. 2016,europe,aggregate,,TRUE,11.1,11.8,20,19,,,3.1,2.7,,,,,,
md_0788,U2MLB3CF,mean_diff,855,mean_difference,categorical,species_richness,species_richness,,,,,Native stands,R. pseudacacia stands,specialists,1,apples,0,,,remove_non_native_shrubs,Reif et al. 2016,europe,guild,other,TRUE,6.25,4.53,20,19,,,0.507,0.442,,,,,,
md_0789,U2MLB3CF,mean_diff,856,mean_difference,categorical,species_richness,species_richness,,,,,Native stands,R. pseudacacia stands,generalists,1,apples,0,,,remove_non_native_shrubs,Reif et al. 2016,europe,guild,other,TRUE,4.8,7.263,20,19,,,0.329,0.396,,,,,,
md_0790,LIZQ6R64,mean_diff,857,mean_difference,categorical,species_richness,species_richness - 1996,,,,,Rotational grazing,Continuous grazing,all_species,1,apples,0,,,rotational_grazing,Renfrew and Ribic 2001,other,aggregate,,TRUE,4.3,5.5,4,4,,,0.5,2.13,,,,,,
md_0791,LIZQ6R64,mean_diff,858,mean_difference,categorical,species_richness,species_richness - 1997,,,,,Rotational grazing,Continuous grazing,all_species,1,apples,0,,,rotational_grazing,Renfrew and Ribic 2001,other,aggregate,,TRUE,3,5.3,4,4,,,0.9,1.3,,,,,,
md_0792,LIZQ6R64,mean_diff,859,mean_difference,categorical,species_richness,species_richness - 1998,,,,,Rotational grazing,Continuous grazing,all_species,1,apples,0,,,rotational_grazing,Renfrew and Ribic 2001,other,aggregate,,TRUE,1.8,3.5,4,4,,,0.8,1.2,,,,,,
md_0793,LIZQ6R64,mean_diff,860,mean_difference,categorical,abundance,density - 1996,,,,,Rotational grazing,Continuous grazing,all_species,1,apples,0,,,rotational_grazing,Renfrew and Ribic 2001,other,aggregate,,TRUE,1.89,2.35,4,4,,,0.57,0.83,,,,,,
md_0794,LIZQ6R64,mean_diff,861,mean_difference,categorical,abundance,density - 1997,,,,,Rotational grazing,Continuous grazing,all_species,1,apples,0,,,rotational_grazing,Renfrew and Ribic 2001,other,aggregate,,TRUE,2.78,3.31,4,4,,,0.88,1.18,,,,,,
md_0795,LIZQ6R64,mean_diff,862,mean_difference,categorical,abundance,density - 1998,,,,,Rotational grazing,Continuous grazing,all_species,1,apples,0,,,rotational_grazing,Renfrew and Ribic 2001,other,aggregate,,TRUE,1.73,1.72,4,4,,,1.03,0.56,,,,,,
md_0796,GP94VHUQ,mean_diff,863,mean_difference,categorical,abundance,log abundance of males,,,,,Near forest edges with adjacent herbaceous buffers,Near forest edges without adjacent herbaceous buffers,american_goldfinch,1,apples,1,,Need to consider whether this represents edge and shrub; Questionable sample size,edge_and_shrub_habitat,Riffell et al. 2015,southeast_us,species,facultative,TRUE,0.92,0.21,51,51,0.56,0.8,,,-0.26,-1.44,2,1.69,,
md_0797,GP94VHUQ,mean_diff,864,mean_difference,categorical,abundance,log abundance of males,,,,,Near forest edges with adjacent herbaceous buffers,Near forest edges without adjacent herbaceous buffers,blue_grosbeak,1,apples,1,,Questionable sample size,edge_and_shrub_habitat,Riffell et al. 2015,southeast_us,species,facultative,TRUE,1.1,1.03,51,51,0.41,0.41,,,0.32,0.26,1.96,1.91,,
md_0798,GP94VHUQ,mean_diff,865,mean_difference,categorical,abundance,log abundance of males,,,,,Near forest edges with adjacent herbaceous buffers,Near forest edges without adjacent herbaceous buffers,brown_thrasher,1,apples,1,,Questionable sample size,edge_and_shrub_habitat,Riffell et al. 2015,southeast_us,species,shrub,FALSE,0.95,-0.25,51,51,0.58,0.77,,,-0.22,-1.91,2.11,1.17,,
md_0799,GP94VHUQ,mean_diff,866,mean_difference,categorical,abundance,log abundance of males,,,,,Near forest edges with adjacent herbaceous buffers,Near forest edges without adjacent herbaceous buffers,carolina_wren,1,apples,1,,Questionable sample size,edge_and_shrub_habitat,Riffell et al. 2015,southeast_us,species,shrub,FALSE,1.24,1.45,51,51,0.3,0.31,,,0.72,0.93,1.91,2.13,,
md_0800,GP94VHUQ,mean_diff,867,mean_difference,categorical,abundance,log abundance of males,,,,,Near forest edges with adjacent herbaceous buffers,Near forest edges without adjacent herbaceous buffers,eastern_towhee,1,apples,1,,Questionable sample size,edge_and_shrub_habitat,Riffell et al. 2015,southeast_us,species,shrub,FALSE,0.71,0.72,51,51,0.23,0.23,,,0.28,0.33,1.2,1.21,,
md_0801,GP94VHUQ,mean_diff,868,mean_difference,categorical,abundance,log abundance of males,,,,,Near forest edges with adjacent herbaceous buffers,Near forest edges without adjacent herbaceous buffers,field_sparrow,1,apples,1,,Questionable sample size,edge_and_shrub_habitat,Riffell et al. 2015,southeast_us,species,facultative,TRUE,0.77,-0.98,51,51,0.19,0.29,,,0.41,-1.55,1.15,-0.42,,
md_0802,GP94VHUQ,mean_diff,869,mean_difference,categorical,abundance,log abundance of males,,,,,Near forest edges with adjacent herbaceous buffers,Near forest edges without adjacent herbaceous buffers,gray_catbird,1,apples,1,,Questionable sample size,edge_and_shrub_habitat,Riffell et al. 2015,southeast_us,species,forest,FALSE,0.42,0.73,51,51,0.71,0.76,,,-1.22,-0.8,1.59,2.18,,
md_0803,GP94VHUQ,mean_diff,870,mean_difference,categorical,abundance,log abundance of males,,,,,Near forest edges with adjacent herbaceous buffers,Near forest edges without adjacent herbaceous buffers,indigo_bunting,1,apples,1,,Questionable sample size,edge_and_shrub_habitat,Riffell et al. 2015,southeast_us,species,facultative,TRUE,1.78,1.66,51,51,0.13,0.12,,,1.55,1.44,2.04,1.92,,
md_0804,GP94VHUQ,mean_diff,871,mean_difference,categorical,abundance,log abundance of males,,,,,Near forest edges with adjacent herbaceous buffers,Near forest edges without adjacent herbaceous buffers,northern_cardinal,1,apples,1,,Questionable sample size,edge_and_shrub_habitat,Riffell et al. 2015,southeast_us,species,facultative,TRUE,1.54,1.52,51,51,0.16,0.15,,,1.25,1.23,1.87,1.84,,
md_0805,GP94VHUQ,mean_diff,872,mean_difference,categorical,abundance,log abundance of males,,,,,Near forest edges with adjacent herbaceous buffers,Near forest edges without adjacent herbaceous buffers,painted_bunting,1,apples,1,,Questionable sample size,edge_and_shrub_habitat,Riffell et al. 2015,southeast_us,species,facultative,TRUE,0.88,0.04,51,51,0.66,1.06,,,-0.56,-2.25,2.13,1.99,,
md_0806,GP94VHUQ,mean_diff,873,mean_difference,categorical,abundance,log abundance of males,,,,,Near forest edges with adjacent herbaceous buffers,Near forest edges without adjacent herbaceous buffers,prairie_warbler,1,apples,1,,Questionable sample size,edge_and_shrub_habitat,Riffell et al. 2015,southeast_us,species,shrub,FALSE,0.85,0.3,51,51,0.58,0.79,,,-0.39,-1.34,1.93,1.78,,
md_0807,GP94VHUQ,mean_diff,874,mean_difference,categorical,abundance,log abundance of males,,,,,Near forest edges with adjacent herbaceous buffers,Near forest edges without adjacent herbaceous buffers,white_eyed_vireo,1,apples,1,,Questionable sample size,edge_and_shrub_habitat,Riffell et al. 2015,southeast_us,species,shrub,FALSE,0.34,0.42,51,51,0.4,0.42,,,-0.42,-0.34,1.17,1.35,,
md_0808,GP94VHUQ,mean_diff,875,mean_difference,categorical,abundance,log abundance of males,,,,,Near forest edges with adjacent herbaceous buffers,Near forest edges without adjacent herbaceous buffers,yellow_breasted_chat,1,apples,1,,Questionable sample size,edge_and_shrub_habitat,Riffell et al. 2015,southeast_us,species,shrub,FALSE,1.22,0.77,51,51,0.17,0.18,,,0.9,0.43,1.58,1.15,,
md_0809,GP94VHUQ,mean_diff,876,mean_difference,categorical,abundance,log abundance of males,,,,,Near forest edges with adjacent herbaceous buffers,Near forest edges without adjacent herbaceous buffers,eastern_phoebe,1,apples,1,,Questionable sample size,edge_and_shrub_habitat,Riffell et al. 2015,southeast_us,species,facultative,TRUE,0.02,0.13,51,51,0.71,0.66,,,-1.52,-1.27,1.29,1.33,,
md_0810,GP94VHUQ,mean_diff,877,mean_difference,categorical,abundance,log abundance of males,,,,,Near forest edges with adjacent herbaceous buffers,Near forest edges without adjacent herbaceous buffers,hooded_warbler,1,apples,1,,Questionable sample size,edge_and_shrub_habitat,Riffell et al. 2015,southeast_us,species,shrub,FALSE,-0.28,0.25,51,51,0.87,0.68,,,-2.28,-1.25,1.11,1.5,,
md_0811,GP94VHUQ,mean_diff,878,mean_difference,categorical,abundance,log abundance of males,,,,,Near forest edges with adjacent herbaceous buffers,Near forest edges without adjacent herbaceous buffers,northern_flicker,1,apples,1,,Questionable sample size,edge_and_shrub_habitat,Riffell et al. 2015,southeast_us,species,forest,FALSE,0.24,-0.24,51,51,0.7,0.8,,,-1.31,-2.07,1.53,1.07,,
md_0812,GP94VHUQ,mean_diff,879,mean_difference,categorical,abundance,log abundance of males,,,,,Near forest edges with adjacent herbaceous buffers,Near forest edges without adjacent herbaceous buffers,orchard_oriole,1,apples,1,,Questionable sample size,edge_and_shrub_habitat,Riffell et al. 2015,southeast_us,species,facultative,TRUE,0.7,0.17,51,51,0.51,0.52,,,-0.28,-0.89,1.75,1.18,,
md_0813,GP94VHUQ,mean_diff,880,mean_difference,categorical,abundance,log abundance of males,,,,,Near forest edges with adjacent herbaceous buffers,Near forest edges without adjacent herbaceous buffers,red_headed_woodpecker,1,apples,1,,Questionable sample size,edge_and_shrub_habitat,Riffell et al. 2015,southeast_us,species,facultative,TRUE,-0.26,0.28,51,51,0.72,0.6,,,-1.83,-0.95,0.97,1.44,,
md_0814,GP94VHUQ,mean_diff,881,mean_difference,categorical,abundance,log abundance of males,,,,,Near forest edges with adjacent herbaceous buffers,Near forest edges without adjacent herbaceous buffers,ruby_throated_hummingbird,1,apples,1,,Questionable sample size,edge_and_shrub_habitat,Riffell et al. 2015,southeast_us,species,woodland,FALSE,-0.04,0.18,51,51,0.71,0.67,,,-1.65,-1.28,1.21,1.4,,
md_0815,GP94VHUQ,mean_diff,882,mean_difference,categorical,abundance,log abundance of males,,,,,Near forest edges with adjacent herbaceous buffers,Near forest edges without adjacent herbaceous buffers,wild_turkey,1,apples,1,,Questionable sample size,edge_and_shrub_habitat,Riffell et al. 2015,southeast_us,species,facultative,TRUE,0.64,-0.08,51,51,0.61,0.69,,,-0.54,-1.62,1.91,1.12,,
md_0816,GP94VHUQ,mean_diff,883,mean_difference,categorical,abundance,log abundance of males,,,,,Near forest edges with adjacent herbaceous buffers,Near forest edges without adjacent herbaceous buffers,yellow_billed_cuckoo,1,apples,1,,Questionable sample size,edge_and_shrub_habitat,Riffell et al. 2015,southeast_us,species,shrub,FALSE,0.71,0.64,51,51,0.27,0.27,,,0.22,0.16,1.29,1.21,,
md_0817,GP94VHUQ,mean_diff,884,mean_difference,categorical,abundance,log abundance of males,,,,,Near forest edges with adjacent herbaceous buffers,Near forest edges without adjacent herbaceous buffers,yellow_throated_vireo,1,apples,1,,Questionable sample size,edge_and_shrub_habitat,Riffell et al. 2015,southeast_us,species,woodland,FALSE,0.04,-0.17,51,51,0.73,0.8,,,-1.55,-1.97,1.33,1.17,,
md_0818,GP94VHUQ,mean_diff,885,mean_difference,categorical,abundance,log abundance of males,,,,,Near forest edges with adjacent herbaceous buffers,Near forest edges without adjacent herbaceous buffers,great_crested_flycatcher,1,apples,1,,Questionable sample size,edge_and_shrub_habitat,Riffell et al. 2015,southeast_us,species,shrub,FALSE,0.17,-0.49,51,51,0.53,0.59,,,-1.04,-1.81,1.09,0.48,,
md_0819,GP94VHUQ,mean_diff,886,mean_difference,categorical,abundance,log abundance of males,,,,,Near forest edges with adjacent herbaceous buffers,Near forest edges without adjacent herbaceous buffers,summer_tanager,1,apples,1,,Questionable sample size,edge_and_shrub_habitat,Riffell et al. 2015,southeast_us,species,woodland,FALSE,0.24,-0.12,51,51,0.41,0.42,,,-0.65,-1.01,1,0.66,,
md_0820,Y95E74XD,mean_diff,887,mean_difference,categorical,species_richness,shannon diversity index,,,,,Burned short-grass fields (1-year post-fire),Unburned short-grass fields,all_species,1,apples,0,,,prescribed_fire,Roberts et al. 2012,great_plains,aggregate,,TRUE,1.165,1.336,5,5,,,0.119,0.092,,,,,,
md_0821,Y95E74XD,mean_diff,888,mean_difference,categorical,species_richness,shannon diversity index,,,,,Burned short-grass fields (2-years post-fire),Unburned short-grass fields,all_species,1,apples,0,,,prescribed_fire,Roberts et al. 2012,great_plains,aggregate,,TRUE,1.669,1.582,5,5,,,0.071,0.07,,,,,,
md_0822,Y95E74XD,mean_diff,889,mean_difference,categorical,species_richness,shannon diversity index,,,,,Burned mixed-grass fields (1-year post-fire),Unburned short-grass fields,all_species,1,apples,0,,,prescribed_fire,Roberts et al. 2012,great_plains,aggregate,,TRUE,1.47,1.442,5,5,,,0.075,0.067,,,,,,
md_0823,Y95E74XD,mean_diff,890,mean_difference,categorical,species_richness,shannon diversity index,,,,,Burned mixed-grass fields (2-years post-fire),Unburned short-grass fields,all_species,1,apples,0,,,prescribed_fire,Roberts et al. 2012,great_plains,aggregate,,TRUE,1.605,1.804,5,5,,,0.078,0.061,,,,,,
md_0824,LUTCPDZB,mean_diff,891,mean_difference,categorical,abundance,relative abundance,,,,,Urban removal,Urban control,american_robin,1,apples,0,,,remove_non_native_shrubs,Rodewald et al. 2015,other,species,facultative,TRUE,3,2.1,4,8,,,0.26,0.139,,,,,,
md_0825,LUTCPDZB,mean_diff,892,mean_difference,categorical,abundance,relative abundance,,,,,Urban removal,Urban control,brown_headed_cowbird,1,apples,0,,,remove_non_native_shrubs,Rodewald et al. 2015,other,species,facultative,TRUE,1.06,0.86,4,8,,,0.097,0.06,,,,,,
md_0826,LUTCPDZB,mean_diff,893,mean_difference,categorical,abundance,relative abundance,,,,,Urban removal,Urban control,gray_catbird,1,apples,0,,,remove_non_native_shrubs,Rodewald et al. 2015,other,species,forest,FALSE,1.72,1.68,4,8,,,0.228,0.183,,,,,,
md_0827,LUTCPDZB,mean_diff,894,mean_difference,categorical,abundance,relative abundance,,,,,Urban removal,Urban control,indigo_bunting,1,apples,0,,,remove_non_native_shrubs,Rodewald et al. 2015,other,species,facultative,TRUE,1.31,1.03,4,8,,,0.198,0.11,,,,,,
md_0828,LUTCPDZB,mean_diff,895,mean_difference,categorical,abundance,relative abundance,,,,,Urban removal,Urban control,northern_cardinal,1,apples,0,,,remove_non_native_shrubs,Rodewald et al. 2015,other,species,facultative,TRUE,4.47,4.32,4,8,,,0.357,0.314,,,,,,
md_0829,FQ4DXWJU,mean_diff,896,mean_difference,categorical,species_richness,species_richness,,,,,Grazed and burned (<1 growing season post-fire),Non-grazed and non-burned (>= 2 growing seasons post-fire),grassland_obligates,-1,apples,0,,We might want to consider this only associated with provide_overwintering_habitat since grazing and burning cannot be separated,provide_overwintering_habitat,Saalfeld et al. 2016,great_plains,guild,obligate,TRUE,4.7,2,7,7,2.2,1.4,,,,,,,,
md_0830,FQ4DXWJU,mean_diff,897,mean_difference,categorical,species_richness,species_richness,,,,,Grazed and burned (1 growing season post-fire),Non-grazed and non-burned (>= 2 growing seasons post-fire),grassland_obligates,-1,apples,0,,,provide_overwintering_habitat,Saalfeld et al. 2016,great_plains,guild,obligate,TRUE,1.3,2,7,7,1.3,1.4,,,,,,,,
md_0831,FQ4DXWJU,mean_diff,898,mean_difference,categorical,species_richness,species_richness,,,,,Grazed and burned (2 growing season post-fire),Non-grazed and non-burned (>= 2 growing seasons post-fire),grassland_obligates,-1,apples,0,,,provide_overwintering_habitat,Saalfeld et al. 2016,great_plains,guild,obligate,TRUE,1.6,2,7,7,2.2,1.4,,,,,,,,
md_0832,FQ4DXWJU,mean_diff,899,mean_difference,categorical,species_richness,facultative species_richness,,,,,Grazed and burned (<1 growing season post-fire),Non-grazed and non-burned (>= 2 growing seasons post-fire),grassland_facultative_species,-1,apples,0,,,provide_overwintering_habitat,Saalfeld et al. 2016,great_plains,guild,facultative,TRUE,16.8,32,7,7,6.2,13.8,,,,,,,,
md_0833,FQ4DXWJU,mean_diff,900,mean_difference,categorical,species_richness,facultative species_richness,,,,,Grazed and burned (1 growing season post-fire),Non-grazed and non-burned (>= 2 growing seasons post-fire),grassland_facultative_species,-1,apples,0,,,provide_overwintering_habitat,Saalfeld et al. 2016,great_plains,guild,facultative,TRUE,26.1,32,7,7,12.1,13.8,,,,,,,,
md_0834,FQ4DXWJU,mean_diff,901,mean_difference,categorical,species_richness,facultative species_richness,,,,,Grazed and burned (2 growing season post-fire),Non-grazed and non-burned (>= 2 growing seasons post-fire),grassland_facultative_species,-1,apples,0,,,provide_overwintering_habitat,Saalfeld et al. 2016,great_plains,guild,facultative,TRUE,30.8,32,7,7,12.3,13.8,,,,,,,,
md_0835,FQ4DXWJU,mean_diff,902,mean_difference,categorical,species_richness,total species_richness,,,,,Grazed and burned (<1 growing season post-fire),Non-grazed and non-burned (>= 2 growing seasons post-fire),all_species,-1,apples,0,,,provide_overwintering_habitat,Saalfeld et al. 2016,great_plains,aggregate,,TRUE,23.2,37.8,7,7,8,17.4,,,,,,,,
md_0836,FQ4DXWJU,mean_diff,903,mean_difference,categorical,species_richness,total species_richness,,,,,Grazed and burned (1 growing season post-fire),Non-grazed and non-burned (>= 2 growing seasons post-fire),all_species,-1,apples,0,,,provide_overwintering_habitat,Saalfeld et al. 2016,great_plains,aggregate,,TRUE,28.6,37.8,7,7,12.3,17.4,,,,,,,,
md_0837,FQ4DXWJU,mean_diff,904,mean_difference,categorical,species_richness,total species_richness,,,,,Grazed and burned (2 growing season post-fire),Non-grazed and non-burned (>= 2 growing seasons post-fire),all_species,-1,apples,0,,,provide_overwintering_habitat,Saalfeld et al. 2016,great_plains,aggregate,,TRUE,33.3,37.8,7,7,12.8,17.4,,,,,,,,
md_0838,FQ4DXWJU,mean_diff,905,mean_difference,categorical,species_richness,obligate species_richness,,,,,Native prairie,Sites containing primarily exotic invasive species,grassland_obligates,1,apples,0,,,provide_overwintering_habitat,Saalfeld et al. 2016,great_plains,guild,obligate,TRUE,3.4,3.9,4,6,2.8,6.3,,,,,,,,
md_0838,FQ4DXWJU,mean_diff,905,mean_difference,categorical,species_richness,obligate species_richness,,,,,Native prairie,Sites containing primarily exotic invasive species,grassland_obligates,1,apples,0,,,plant_nwsg,Saalfeld et al. 2016,great_plains,guild,obligate,TRUE,3.4,3.9,4,6,2.8,6.3,,,,,,,,
md_0839,FQ4DXWJU,mean_diff,907,mean_difference,categorical,species_richness,facultative species_richness,,,,,Native prairie,Sites containing primarily exotic invasive species,grassland_facultative_species,1,apples,0,,,provide_overwintering_habitat,Saalfeld et al. 2016,great_plains,guild,facultative,TRUE,26.5,19.8,4,6,6.2,8,,,,,,,,
md_0839,FQ4DXWJU,mean_diff,907,mean_difference,categorical,species_richness,facultative species_richness,,,,,Native prairie,Sites containing primarily exotic invasive species,grassland_facultative_species,1,apples,0,,,plant_nwsg,Saalfeld et al. 2016,great_plains,guild,facultative,TRUE,26.5,19.8,4,6,6.2,8,,,,,,,,
md_0840,FQ4DXWJU,mean_diff,909,mean_difference,categorical,species_richness,total species_richness,,,,,Native prairie,Sites containing primarily exotic invasive species,all_species,1,apples,0,,,provide_overwintering_habitat,Saalfeld et al. 2016,great_plains,aggregate,,TRUE,31.9,28.3,4,6,3.8,8.1,,,,,,,,
md_0840,FQ4DXWJU,mean_diff,909,mean_difference,categorical,species_richness,total species_richness,,,,,Native prairie,Sites containing primarily exotic invasive species,all_species,1,apples,0,,,plant_nwsg,Saalfeld et al. 2016,great_plains,aggregate,,TRUE,31.9,28.3,4,6,3.8,8.1,,,,,,,,
md_0841,VGVWR7ZM,mean_diff,911,mean_difference,categorical,nest_success,nest survival,period_survival,logit,,,Burned annually and grazed,Unburned and grazed,upland_sandpiper,1,apples,0,,,prescribed_fire,Sandercock et al. 2015,great_plains,species,obligate,TRUE,0.068,0.247,35,61,,,0.035,0.057,,,,,,
md_0842,VGVWR7ZM,mean_diff,912,mean_difference,categorical,nest_success,nest survival,period_survival,logit,,,Burned annually and ungrazed,Unburned and ungrazed,upland_sandpiper,1,apples,0,,,prescribed_fire,Sandercock et al. 2015,great_plains,species,obligate,TRUE,0.21,0.201,40,71,,,0.065,0.049,,,,,,
md_0843,VGVWR7ZM,mean_diff,913,mean_difference,categorical,nest_success,dsr,daily_survival,logit,,,Burned (Year of burn),Unburned,upland_sandpiper,1,apples,0,,Might want to choose *either* dsr or nest survival,prescribed_fire,Sandercock et al. 2015,great_plains,species,obligate,TRUE,0.9326,0.9495,75,132,,,0.0075,0.0056,,,,,,
md_0844,VGVWR7ZM,mean_diff,914,mean_difference,categorical,nest_success,nest survival,period_survival,logit,,,Burned (Year of burn),Unburned,upland_sandpiper,1,apples,0,,Might want to choose *either* dsr or nest survival; Extrapolated DSR to a 29 day exposure period,prescribed_fire,Sandercock et al. 2015,great_plains,species,obligate,TRUE,0.132,0.223,75,132,,,0.031,0.038,,,,,,
md_0845,SUGK7SWB,mean_diff,915,mean_difference,categorical,nest_success,number of fledglings per successful nest,period_survival,,,,tit nest boxes with Tawny owl nest boxes (1993),Tit nest boxes without owl nest boxes (1993),great_tit,1,oranges,1,,Specific application of nest boxes here that may not be appropriate for the bmp,install_nest_boxes,Sasvári and Hegyi 1998,europe,species,facultative,TRUE,7.55,8.42,41,39,,,0.72,0.65,,,,,,
md_0846,SUGK7SWB,mean_diff,916,mean_difference,categorical,nest_success,number of fledglings per successful nest,period_survival,,,,tit nest boxes with Tawny owl nest boxes (1994),Tit nest boxes without owl nest boxes (1994),great_tit,1,oranges,1,,,install_nest_boxes,Sasvári and Hegyi 1998,europe,species,facultative,TRUE,7.88,8.47,43,43,,,0.64,0.71,,,,,,
md_0847,SUGK7SWB,mean_diff,917,mean_difference,categorical,nest_success,number of fledglings per successful nest,period_survival,,,,tit nest boxes with Tawny owl nest boxes (1995),Tit nest boxes without owl nest boxes (1995),great_tit,1,oranges,1,,,install_nest_boxes,Sasvári and Hegyi 1998,europe,species,facultative,TRUE,8.15,8.57,44,43,,,0.44,0.9,,,,,,
md_0848,SUGK7SWB,mean_diff,918,mean_difference,categorical,nest_success,number of fledglings per successful nest,period_survival,,,,tit nest boxes with Tawny owl nest boxes (1996),Tit nest boxes without owl nest boxes (1996),great_tit,1,oranges,1,,,install_nest_boxes,Sasvári and Hegyi 1998,europe,species,facultative,TRUE,7.76,9.04,45,38,,,0.68,0.82,,,,,,
md_0849,SUGK7SWB,mean_diff,919,mean_difference,categorical,nest_success,number of fledglings per successful nest,period_survival,,,,tit nest boxes with Tawny owl nest boxes (1997),Tit nest boxes without owl nest boxes (1997),great_tit,1,oranges,1,,,install_nest_boxes,Sasvári and Hegyi 1998,europe,species,facultative,TRUE,8.46,8.83,40,34,,,0.4,0.54,,,,,,
md_0850,SUGK7SWB,mean_diff,920,mean_difference,categorical,nest_success,number of fledglings per successful nest,period_survival,,,,tit nest boxes with Tawny owl nest boxes (1993),Tit nest boxes without owl nest boxes (1993),eurasian_blue_tit,1,oranges,1,,,install_nest_boxes,Sasvári and Hegyi 1998,europe,species,shrub,FALSE,8.07,9.32,22,21,,,0.8,0.83,,,,,,
md_0851,SUGK7SWB,mean_diff,921,mean_difference,categorical,nest_success,number of fledglings per successful nest,period_survival,,,,tit nest boxes with Tawny owl nest boxes (1994),Tit nest boxes without owl nest boxes (1994),eurasian_blue_tit,1,oranges,1,,,install_nest_boxes,Sasvári and Hegyi 1998,europe,species,shrub,FALSE,9.33,9.27,19,20,,,0.74,0.53,,,,,,
md_0852,SUGK7SWB,mean_diff,922,mean_difference,categorical,nest_success,number of fledglings per successful nest,period_survival,,,,tit nest boxes with Tawny owl nest boxes (1995),Tit nest boxes without owl nest boxes (1995),eurasian_blue_tit,1,oranges,1,,,install_nest_boxes,Sasvári and Hegyi 1998,europe,species,shrub,FALSE,8.68,9.17,25,21,,,0.6,0.8,,,,,,
md_0853,SUGK7SWB,mean_diff,923,mean_difference,categorical,nest_success,number of fledglings per successful nest,period_survival,,,,tit nest boxes with Tawny owl nest boxes (1996),Tit nest boxes without owl nest boxes (1996),eurasian_blue_tit,1,oranges,1,,,install_nest_boxes,Sasvári and Hegyi 1998,europe,species,shrub,FALSE,7.73,9.08,22,19,,,0.7,0.75,,,,,,
md_0854,SUGK7SWB,mean_diff,924,mean_difference,categorical,nest_success,number of fledglings per successful nest,period_survival,,,,tit nest boxes with Tawny owl nest boxes (1997),Tit nest boxes without owl nest boxes (1997),eurasian_blue_tit,1,oranges,1,,,install_nest_boxes,Sasvári and Hegyi 1998,europe,species,shrub,FALSE,8.91,9.64,20,16,,,0.95,0.86,,,,,,
md_0855,PNLEJZJE,mean_diff,925,mean_difference,categorical,abundance,density (birds/100 ha),,,,,Low-spurge points,High-spurge points,grasshopper_sparrow,1,oranges,0,,,remove_non_native_shrubs,Scheiman et al. 2003,great_plains,species,obligate,TRUE,45.7,28.4,2,2,27.4,26.2,,,,,,,,
md_0856,PNLEJZJE,mean_diff,926,mean_difference,categorical,abundance,density (birds/100 ha),,,,,Low-spurge points,High-spurge points,savannah_sparrow,1,oranges,0,,,remove_non_native_shrubs,Scheiman et al. 2003,great_plains,species,obligate,TRUE,26.7,12.1,2,2,17.9,17.1,,,,,,,,
md_0857,D7FXG82E,mean_diff,927,mean_difference,categorical,abundance,number of birds per count,,,,,NWSG grassland plot,airfield (not NWSG) grassland plots,all_species,1,apples,0,,Treatment is defined here as the NWSG plot,plant_nwsg,Schmidt et al. 2013,other,aggregate,,TRUE,3.04,2,432,391,,,0.3,0.17,,,,,,
md_0858,D7FXG82E,mean_diff,928,mean_difference,categorical,abundance,number of birds per count,,,,,NWSG grassland plot,airfield (not NWSG) grassland plots,american_goldfinch,1,apples,0,,Treatment is defined here as the NWSG plot,plant_nwsg,Schmidt et al. 2013,other,species,facultative,TRUE,0.84,0.05,432,391,,,0.24,0.02,,,,,,
md_0859,D7FXG82E,mean_diff,929,mean_difference,categorical,abundance,number of birds per count,,,,,NWSG grassland plot,airfield (not NWSG) grassland plots,field_sparrow,1,apples,0,,Treatment is defined here as the NWSG plot,plant_nwsg,Schmidt et al. 2013,other,species,facultative,TRUE,0.29,0,432,391,,,0.04,0,,,,,,
md_0860,D7FXG82E,mean_diff,930,mean_difference,categorical,abundance,number of birds per count,,,,,NWSG grassland plot,airfield (not NWSG) grassland plots,song_sparrow,1,apples,0,,Treatment is defined here as the NWSG plot,plant_nwsg,Schmidt et al. 2013,other,species,facultative,TRUE,0.26,0.01,432,391,,,0.03,0.01,,,,,,
md_0861,D7FXG82E,mean_diff,931,mean_difference,categorical,abundance,number of birds per count,,,,,NWSG grassland plot,airfield (not NWSG) grassland plots,savannah_sparrow,1,apples,0,,Treatment is defined here as the NWSG plot,plant_nwsg,Schmidt et al. 2013,other,species,obligate,TRUE,0,0.37,432,391,,,0,0.06,,,,,,
md_0862,D7FXG82E,mean_diff,932,mean_difference,categorical,abundance,number of birds per count,,,,,NWSG grassland plot,airfield (not NWSG) grassland plots,grasshopper_sparrow,1,apples,0,,Treatment is defined here as the NWSG plot,plant_nwsg,Schmidt et al. 2013,other,species,obligate,TRUE,0,0.14,432,391,,,0,0.03,,,,,,
md_0863,D7FXG82E,mean_diff,933,mean_difference,categorical,abundance,number of birds per count,,,,,NWSG grassland plot,airfield (not NWSG) grassland plots,red_winged_blackbird,1,apples,0,,Treatment is defined here as the NWSG plot,plant_nwsg,Schmidt et al. 2013,other,species,facultative,TRUE,0.43,0.2,432,391,,,0.07,0.04,,,,,,
md_0864,D7FXG82E,mean_diff,934,mean_difference,categorical,abundance,number of birds per count,,,,,NWSG grassland plot,airfield (not NWSG) grassland plots,eastern_meadowlark,1,apples,0,,Treatment is defined here as the NWSG plot,plant_nwsg,Schmidt et al. 2013,other,species,obligate,TRUE,0.03,0.17,432,391,,,0.01,0.03,,,,,,
md_0865,D7FXG82E,mean_diff,935,mean_difference,categorical,abundance,number of birds per count,,,,,NWSG grassland plot,airfield (not NWSG) grassland plots,bobolink,1,apples,0,,Treatment is defined here as the NWSG plot,plant_nwsg,Schmidt et al. 2013,other,species,obligate,TRUE,0.07,0.02,432,391,,,0.02,0.01,,,,,,
md_0866,D7FXG82E,mean_diff,936,mean_difference,categorical,abundance,number of birds per count,,,,,NWSG grassland plot,airfield (not NWSG) grassland plots,common_yellowthroat,1,apples,0,,Treatment is defined here as the NWSG plot,plant_nwsg,Schmidt et al. 2013,other,species,facultative,TRUE,0.31,0.02,432,391,,,0.04,0.01,,,,,,
md_0867,D7FXG82E,mean_diff,937,mean_difference,categorical,abundance,number of birds per count,,,,,NWSG grassland plot,airfield (not NWSG) grassland plots,horned_lark,1,apples,0,,Treatment is defined here as the NWSG plot,plant_nwsg,Schmidt et al. 2013,other,species,obligate,TRUE,0,0.28,432,391,,,0,0.08,,,,,,
md_0868,9I8F9LQV,mean_diff,938,mean_difference,categorical,nest_success,nest_success,period_survival,,,,Burned roadsides,Unburned roadsides,all_species,1,apples,0,,"Estimate represents a beta coefficient; Unsure of link function, details provided in text are ""failure time analysis (or survival analysis) with Cox proportional hazard regression models to calculate cumulateive survival probabilities ... compared nest survival curves using a log-rank test""",prescribed_fire,Shochat et al. 2005,great_plains,aggregate,,TRUE,-0.001,-0.0016,33,82,,,4e-4,4e-4,,,,,,
md_0869,TIFDVC4W,mean_diff,939,mean_difference,categorical,abundance,winter density (birds/ha),,,,,Bordered grass block,Non-bordered grass block,song_sparrow,1,apples,0,,,edge_and_shrub_habitat,Smith et al. 2005,southeast_us,species,facultative,TRUE,30.86,8.29,10,7,,,4.19,2.58,,,,,,
md_0869,TIFDVC4W,mean_diff,939,mean_difference,categorical,abundance,winter density (birds/ha),,,,,Bordered grass block,Non-bordered grass block,song_sparrow,1,apples,0,,,provide_overwintering_habitat,Smith et al. 2005,southeast_us,species,facultative,TRUE,30.86,8.29,10,7,,,4.19,2.58,,,,,,
md_0870,TIFDVC4W,mean_diff,941,mean_difference,categorical,abundance,winter density (birds/ha),,,,,Bordered grass block,Non-bordered grass block,savannah_sparrow,1,apples,0,,,edge_and_shrub_habitat,Smith et al. 2005,southeast_us,species,obligate,TRUE,14.95,4.74,10,7,,,6.14,1.45,,,,,,
md_0870,TIFDVC4W,mean_diff,941,mean_difference,categorical,abundance,winter density (birds/ha),,,,,Bordered grass block,Non-bordered grass block,savannah_sparrow,1,apples,0,,,provide_overwintering_habitat,Smith et al. 2005,southeast_us,species,obligate,TRUE,14.95,4.74,10,7,,,6.14,1.45,,,,,,
md_0871,TIFDVC4W,mean_diff,943,mean_difference,categorical,abundance,winter density (birds/ha),,,,,Bordered wood block,Non-bordered wood block,song_sparrow,1,apples,0,,,edge_and_shrub_habitat,Smith et al. 2005,southeast_us,species,facultative,TRUE,25.34,28.2,10,10,,,3.68,6.38,,,,,,
md_0871,TIFDVC4W,mean_diff,943,mean_difference,categorical,abundance,winter density (birds/ha),,,,,Bordered wood block,Non-bordered wood block,song_sparrow,1,apples,0,,,provide_overwintering_habitat,Smith et al. 2005,southeast_us,species,facultative,TRUE,25.34,28.2,10,10,,,3.68,6.38,,,,,,
md_0872,TIFDVC4W,mean_diff,945,mean_difference,categorical,abundance,winter density (birds/ha),,,,,Bordered wood block,Non-bordered wood block,savannah_sparrow,1,apples,0,,,edge_and_shrub_habitat,Smith et al. 2005,southeast_us,species,obligate,TRUE,5.4,2.35,10,10,,,2.44,1.23,,,,,,
md_0872,TIFDVC4W,mean_diff,945,mean_difference,categorical,abundance,winter density (birds/ha),,,,,Bordered wood block,Non-bordered wood block,savannah_sparrow,1,apples,0,,,provide_overwintering_habitat,Smith et al. 2005,southeast_us,species,obligate,TRUE,5.4,2.35,10,10,,,2.44,1.23,,,,,,
md_0873,XRV7BSRZ,mean_diff,947,mean_difference,categorical,species_richness,species_richness,,,,,Native vegetation fields,Introduced vegetation fields,all_species,1,apples,0,,,plant_nwsg,Sutter and Brigham 1998,great_plains,aggregate,,TRUE,1.9,2,5,5,,,0.7,0.3,,,,,,
md_0874,XRV7BSRZ,mean_diff,948,mean_difference,categorical,species_richness,species diversity,,,,,Native vegetation fields,Introduced vegetation fields,all_species,1,apples,0,,,plant_nwsg,Sutter and Brigham 1998,great_plains,aggregate,,TRUE,1.8,1.8,5,5,,,0.6,0.3,,,,,,
md_0875,XRV7BSRZ,mean_diff,949,mean_difference,categorical,species_richness,species evenness,,,,,Native vegetation fields,Introduced vegetation fields,all_species,1,apples,1,,Evenness not comparable to species richness,plant_nwsg,Sutter and Brigham 1998,great_plains,aggregate,,TRUE,0.95,0.93,5,5,,,0.004,0.01,,,,,,
md_0876,XRV7BSRZ,mean_diff,950,mean_difference,categorical,abundance,abundance,,,,,Native vegetation fields,Introduced vegetation fields,savannah_sparrow,1,apples,0,,,plant_nwsg,Sutter and Brigham 1998,great_plains,species,obligate,TRUE,1.3,0.5,5,5,,,0.5,0.2,,,,,,
md_0877,XRV7BSRZ,mean_diff,951,mean_difference,categorical,abundance,abundance,,,,,Native vegetation fields,Introduced vegetation fields,western_meadowlark,1,apples,0,,,plant_nwsg,Sutter and Brigham 1998,great_plains,species,obligate,TRUE,2.8,2.8,5,5,,,0.1,0.2,,,,,,
md_0878,5H9BFCB2,mean_diff,952,mean_difference,categorical,abundance,abundance,,,,,Fire management,Hay management,grasshopper_sparrow,1,apples,0,,Could be a reasonable treatment vs. control; Unknown time-since fire (could be anywhere from 1.5 to 4 years),prescribed_fire,Swengel 1996,other,species,obligate,TRUE,2.5,4,41,171,6.3,4.8,,,,,,,,
md_0879,5H9BFCB2,mean_diff,953,mean_difference,categorical,abundance,abundance,,,,,Fire management,Hay management,dickcissel,1,apples,0,,Unknown time-since fire (could be anywhere from 1.5 to 4 years),prescribed_fire,Swengel 1996,other,species,obligate,TRUE,7.4,8.5,41,171,7.2,6.5,,,,,,,,
md_0880,GGQGCAKN,mean_diff,954,mean_difference,categorical,species_richness,species_richness,,,,,Sites with nest boxes,Sites without nest boxes,all_species,1,apples,0,,,install_nest_boxes,Twedt and Henne-Kerr 2001,southeast_us,aggregate,,TRUE,20.2,18,16,22,,,1,0.9,,,,,,
md_0881,GGQGCAKN,mean_diff,955,mean_difference,categorical,abundance,territories/40 ha,,,,,Sites with nest boxes,Sites without nest boxes,northern_bobwhite,1,apples,0,,,install_nest_boxes,Twedt and Henne-Kerr 2001,southeast_us,species,facultative,TRUE,1.87,1.63,16,22,,,0.47,0.38,,,,,,
md_0882,GGQGCAKN,mean_diff,956,mean_difference,categorical,abundance,territories/40 ha,,,,,Sites with nest boxes,Sites without nest boxes,yellow_billed_cuckoo,1,apples,0,,,install_nest_boxes,Twedt and Henne-Kerr 2001,southeast_us,species,shrub,FALSE,5.96,2.74,16,22,,,0.59,0.56,,,,,,
md_0883,GGQGCAKN,mean_diff,957,mean_difference,categorical,abundance,territories/40 ha,,,,,Sites with nest boxes,Sites without nest boxes,white_eyed_vireo,1,apples,0,,,install_nest_boxes,Twedt and Henne-Kerr 2001,southeast_us,species,shrub,FALSE,2.5,2.36,16,22,,,1.17,0.73,,,,,,
md_0884,GGQGCAKN,mean_diff,958,mean_difference,categorical,abundance,territories/40 ha,,,,,Sites with nest boxes,Sites without nest boxes,eastern_bluebird,1,apples,0,,,install_nest_boxes,Twedt and Henne-Kerr 2001,southeast_us,species,facultative,TRUE,1.09,0.28,16,22,,,0.36,0.27,,,,,,
md_0885,GGQGCAKN,mean_diff,959,mean_difference,categorical,abundance,territories/40 ha,,,,,Sites with nest boxes,Sites without nest boxes,common_yellowthroat,1,apples,0,,,install_nest_boxes,Twedt and Henne-Kerr 2001,southeast_us,species,facultative,TRUE,8.26,4.7,16,22,,,1.4,1.01,,,,,,
md_0886,GGQGCAKN,mean_diff,960,mean_difference,categorical,abundance,territories/40 ha,,,,,Sites with nest boxes,Sites without nest boxes,yellow_breasted_chat,1,apples,0,,,install_nest_boxes,Twedt and Henne-Kerr 2001,southeast_us,species,shrub,FALSE,18.93,20.77,16,22,,,4.16,4.74,,,,,,
md_0887,GGQGCAKN,mean_diff,961,mean_difference,categorical,abundance,territories/40 ha,,,,,Sites with nest boxes,Sites without nest boxes,eastern_towhee,1,apples,0,,,install_nest_boxes,Twedt and Henne-Kerr 2001,southeast_us,species,shrub,FALSE,12.13,10.51,16,22,,,2.03,2.01,,,,,,
md_0888,GGQGCAKN,mean_diff,962,mean_difference,categorical,abundance,territories/40 ha,,,,,Sites with nest boxes,Sites without nest boxes,indigo_bunting,1,apples,0,,,install_nest_boxes,Twedt and Henne-Kerr 2001,southeast_us,species,facultative,TRUE,31.57,23.91,16,22,,,1.93,2.51,,,,,,
md_0889,GGQGCAKN,mean_diff,963,mean_difference,categorical,abundance,territories/40 ha,,,,,Sites with nest boxes,Sites without nest boxes,dickcissel,1,apples,0,,,install_nest_boxes,Twedt and Henne-Kerr 2001,southeast_us,species,obligate,TRUE,0.06,2.34,16,22,,,0.03,1.72,,,,,,
md_0890,GGQGCAKN,mean_diff,964,mean_difference,categorical,abundance,territories/40 ha,,,,,Sites with nest boxes,Sites without nest boxes,red_winged_blackbird,1,apples,0,,,install_nest_boxes,Twedt and Henne-Kerr 2001,southeast_us,species,facultative,TRUE,18.96,14.34,16,22,,,4.45,5.42,,,,,,
md_0891,597YV2YF,mean_diff,965,mean_difference,categorical,species_richness,species_richness,,,,,Burned,Mowed,residents,1,apples,0,,,prescribed_fire,Van Dyke et al. 2004,multiple,guild,other,TRUE,10.13,12,4,4,,,0.69,0.27,,,,,,
md_0892,597YV2YF,mean_diff,966,mean_difference,categorical,species_richness,species_richness,,,,,Burned,Untreated,residents,1,apples,0,,,prescribed_fire,Van Dyke et al. 2004,multiple,guild,other,TRUE,10.13,11.38,4,4,,,0.69,0.5,,,,,,
md_0893,597YV2YF,mean_diff,967,mean_difference,categorical,species_richness,species_richness,,,,,Burned,Mowed,edge_species,1,apples,0,,,prescribed_fire,Van Dyke et al. 2004,multiple,guild,facultative,TRUE,16.25,16.25,4,4,,,1.15,1.63,,,,,,
md_0894,597YV2YF,mean_diff,968,mean_difference,categorical,species_richness,species_richness,,,,,Burned,Untreated,edge_species,1,apples,0,,,prescribed_fire,Van Dyke et al. 2004,multiple,guild,facultative,TRUE,16.25,13,4,4,,,1.15,1.4,,,,,,
md_0895,IWRX5UBB,mean_diff,969,mean_difference,categorical,species_richness,species_richness,,,,,Burned sites (Year of burn),Unburned sites,resident_species,1,apples,0,,At one point Amy asked to remove the year-of-burn ... should we?,prescribed_fire,Van Dyke et al. 2006,other,guild,other,TRUE,9,6.6,5,5,,,1.6,1,,,,,,
md_0896,IWRX5UBB,mean_diff,970,mean_difference,categorical,species_richness,species_richness,,,,,Burned sites (1-year post-burn),Unburned sites,resident_species,1,apples,0,,,prescribed_fire,Van Dyke et al. 2006,other,guild,other,TRUE,10.6,9.8,5,5,,,0.5,0.5,,,,,,
md_0897,IWRX5UBB,mean_diff,971,mean_difference,categorical,species_richness,species_richness,,,,,Burned sites (2-years post-burn),Unburned sites,resident_species,1,apples,0,,,prescribed_fire,Van Dyke et al. 2006,other,guild,other,TRUE,11.8,9,5,5,,,0.8,0.7,,,,,,
md_0898,IWRX5UBB,mean_diff,972,mean_difference,categorical,abundance,density (males/10 ha),,,,,Burned sites (Year of burn),Unburned sites,all_species,1,apples,0,,At one point Amy asked to remove the year-of-burn ... should we?,prescribed_fire,Van Dyke et al. 2006,other,aggregate,,TRUE,13,15,5,5,,,2.5,1.7,,,,,,
md_0899,IWRX5UBB,mean_diff,973,mean_difference,categorical,abundance,density (males/10 ha),,,,,Burned sites (1-year post-burn),Unburned sites,all_species,1,apples,0,,,prescribed_fire,Van Dyke et al. 2006,other,aggregate,,TRUE,35.6,43,5,5,,,6.6,8.2,,,,,,
md_0900,IWRX5UBB,mean_diff,974,mean_difference,categorical,abundance,density (males/10 ha),,,,,Burned sites (2-years post-burn),Unburned sites,all_species,1,apples,0,,,prescribed_fire,Van Dyke et al. 2006,other,aggregate,,TRUE,25.8,23.6,5,5,,,3.9,3.6,,,,,,
md_0901,IWRX5UBB,mean_diff,975,mean_difference,categorical,abundance,density (males/10 ha),,,,,Burned sites (1-year post-burn),Unburned sites,american_goldfinch,1,apples,0,,,prescribed_fire,Van Dyke et al. 2006,other,species,facultative,TRUE,2.1,1.9,5,5,,,0.7,0.5,,,,,,
md_0902,IWRX5UBB,mean_diff,976,mean_difference,categorical,abundance,density (males/10 ha),,,,,Burned sites (1-year post-burn),Unburned sites,brown_headed_cowbird,1,apples,0,,,prescribed_fire,Van Dyke et al. 2006,other,species,facultative,TRUE,1.7,2.4,5,5,,,0.5,1,,,,,,
md_0903,IWRX5UBB,mean_diff,977,mean_difference,categorical,abundance,density (males/10 ha),,,,,Burned sites (1-year post-burn),Unburned sites,common_yellowthroat,1,apples,0,,,prescribed_fire,Van Dyke et al. 2006,other,species,facultative,TRUE,16.4,17,5,5,,,4,7.3,,,,,,
md_0904,IWRX5UBB,mean_diff,978,mean_difference,categorical,abundance,density (males/10 ha),,,,,Burned sites (1-year post-burn),Unburned sites,dickcissel,1,apples,0,,,prescribed_fire,Van Dyke et al. 2006,other,species,obligate,TRUE,3.2,2.6,5,5,,,1.1,0.8,,,,,,
md_0905,IWRX5UBB,mean_diff,979,mean_difference,categorical,abundance,density (males/10 ha),,,,,Burned sites (1-year post-burn),Unburned sites,eastern_kingbird,1,apples,0,,,prescribed_fire,Van Dyke et al. 2006,other,species,facultative,TRUE,0.9,2.3,5,5,,,0.2,0.6,,,,,,
md_0906,IWRX5UBB,mean_diff,980,mean_difference,categorical,abundance,density (males/10 ha),,,,,Burned sites (1-year post-burn),Unburned sites,field_sparrow,1,apples,0,,,prescribed_fire,Van Dyke et al. 2006,other,species,facultative,TRUE,5,10.1,5,5,,,0.9,2.6,,,,,,
md_0907,IWRX5UBB,mean_diff,981,mean_difference,categorical,abundance,density (males/10 ha),,,,,Burned sites (1-year post-burn),Unburned sites,grasshopper_sparrow,1,apples,0,,,prescribed_fire,Van Dyke et al. 2006,other,species,obligate,TRUE,0.2,0,5,5,,,0.1,0,,,,,,
md_0908,IWRX5UBB,mean_diff,982,mean_difference,categorical,abundance,density (males/10 ha),,,,,Burned sites (1-year post-burn),Unburned sites,northern_bobwhite,1,apples,0,,,prescribed_fire,Van Dyke et al. 2006,other,species,facultative,TRUE,0.8,0.7,5,5,,,0.3,0.3,,,,,,
md_0909,IWRX5UBB,mean_diff,983,mean_difference,categorical,abundance,density (males/10 ha),,,,,Burned sites (1-year post-burn),Unburned sites,red_winged_blackbird,1,apples,0,,,prescribed_fire,Van Dyke et al. 2006,other,species,facultative,TRUE,2.4,2.4,5,5,,,0.9,2,,,,,,
md_0910,IWRX5UBB,mean_diff,984,mean_difference,categorical,abundance,density (males/10 ha),,,,,Burned sites (1-year post-burn),Unburned sites,ring_necked_pheasant,1,apples,0,,,prescribed_fire,Van Dyke et al. 2006,other,species,facultative,TRUE,1.7,1.7,5,5,,,0.5,0.4,,,,,,
md_0911,IWRX5UBB,mean_diff,985,mean_difference,categorical,abundance,density (males/10 ha),,,,,Burned sites (1-year post-burn),Unburned sites,vesper_sparrow,1,apples,0,,,prescribed_fire,Van Dyke et al. 2006,other,species,obligate,TRUE,0.2,1.7,5,5,,,0.2,1,,,,,,
md_0912,IWRX5UBB,mean_diff,986,mean_difference,categorical,abundance,density (males/10 ha),,,,,Burned sites (1-year post-burn),Unburned sites,western_meadowlark,1,apples,0,,,prescribed_fire,Van Dyke et al. 2006,other,species,obligate,TRUE,0.5,0.1,5,5,,,0.5,0.1,,,,,,
md_0913,IWRX5UBB,mean_diff,988,mean_difference,categorical,abundance,density (males/10 ha),,,,,Burned sites (2-years post-burn),Unburned sites,american_goldfinch,1,apples,0,,,prescribed_fire,Van Dyke et al. 2006,other,species,facultative,TRUE,2.3,3.1,5,5,,,0.9,0.8,,,,,,
md_0914,IWRX5UBB,mean_diff,989,mean_difference,categorical,abundance,density (males/10 ha),,,,,Burned sites (2-years post-burn),Unburned sites,brown_headed_cowbird,1,apples,0,,,prescribed_fire,Van Dyke et al. 2006,other,species,facultative,TRUE,1.4,1.5,5,5,,,0.4,0.3,,,,,,
md_0915,IWRX5UBB,mean_diff,990,mean_difference,categorical,abundance,density (males/10 ha),,,,,Burned sites (2-years post-burn),Unburned sites,common_yellowthroat,1,apples,0,,,prescribed_fire,Van Dyke et al. 2006,other,species,facultative,TRUE,9.6,7.2,5,5,,,2.5,1.7,,,,,,
md_0916,IWRX5UBB,mean_diff,991,mean_difference,categorical,abundance,density (males/10 ha),,,,,Burned sites (2-years post-burn),Unburned sites,dickcissel,1,apples,0,,,prescribed_fire,Van Dyke et al. 2006,other,species,obligate,TRUE,1.9,2,5,5,,,0.3,1.2,,,,,,
md_0917,IWRX5UBB,mean_diff,992,mean_difference,categorical,abundance,density (males/10 ha),,,,,Burned sites (2-years post-burn),Unburned sites,eastern_kingbird,1,apples,0,,,prescribed_fire,Van Dyke et al. 2006,other,species,facultative,TRUE,0.8,0.6,5,5,,,0.3,0.2,,,,,,
md_0918,IWRX5UBB,mean_diff,993,mean_difference,categorical,abundance,density (males/10 ha),,,,,Burned sites (2-years post-burn),Unburned sites,field_sparrow,1,apples,0,,,prescribed_fire,Van Dyke et al. 2006,other,species,facultative,TRUE,3.8,7,5,5,,,0.6,2.2,,,,,,
md_0919,IWRX5UBB,mean_diff,994,mean_difference,categorical,abundance,density (males/10 ha),,,,,Burned sites (2-years post-burn),Unburned sites,grasshopper_sparrow,1,apples,0,,,prescribed_fire,Van Dyke et al. 2006,other,species,obligate,TRUE,0.3,0.1,5,5,,,0.2,0.1,,,,,,
md_0920,IWRX5UBB,mean_diff,995,mean_difference,categorical,abundance,density (males/10 ha),,,,,Burned sites (2-years post-burn),Unburned sites,northern_bobwhite,1,apples,0,,,prescribed_fire,Van Dyke et al. 2006,other,species,facultative,TRUE,1.4,0.4,5,5,,,0.3,0.1,,,,,,
md_0921,IWRX5UBB,mean_diff,996,mean_difference,categorical,abundance,density (males/10 ha),,,,,Burned sites (2-years post-burn),Unburned sites,red_winged_blackbird,1,apples,0,,,prescribed_fire,Van Dyke et al. 2006,other,species,facultative,TRUE,1.2,1,5,5,,,0.7,1,,,,,,
md_0922,IWRX5UBB,mean_diff,997,mean_difference,categorical,abundance,density (males/10 ha),,,,,Burned sites (2-years post-burn),Unburned sites,ring_necked_pheasant,1,apples,0,,,prescribed_fire,Van Dyke et al. 2006,other,species,facultative,TRUE,2,0.2,5,5,,,0.6,0.1,,,,,,
md_0923,IWRX5UBB,mean_diff,998,mean_difference,categorical,abundance,density (males/10 ha),,,,,Burned sites (2-years post-burn),Unburned sites,vesper_sparrow,1,apples,0,,,prescribed_fire,Van Dyke et al. 2006,other,species,obligate,TRUE,0.3,0.1,5,5,,,0.1,0.1,,,,,,
md_0924,IWRX5UBB,mean_diff,999,mean_difference,categorical,abundance,density (males/10 ha),,,,,Burned sites (2-years post-burn),Unburned sites,western_meadowlark,1,apples,0,,,prescribed_fire,Van Dyke et al. 2006,other,species,obligate,TRUE,0.2,0,5,5,,,0.2,0,,,,,,
md_0925,U5V9ZZEH,mean_diff,1001,mean_difference,categorical,nest_success,nest survival,period_survival,,,,Patch-burn graze,Annually burned and grazed,eastern_meadowlark,1,apples,0,,"Changed to manage in patches; Unsure of link term, they used program MARK (wow!) and mention the delta method",manage_in_patches,Verheijen et al. 2022,great_plains,species,obligate,TRUE,0.165,0.077,118,20,,,0.035,0.05,,,,,,
md_0926,U5V9ZZEH,mean_diff,1002,mean_difference,categorical,nest_success,nest survival,period_survival,,,,Patch-burn graze,Annually burned and ungrazed,eastern_meadowlark,1,grapes,0,,"This one probably has to go, not a direct comparison",manage_in_patches,Verheijen et al. 2022,great_plains,species,obligate,TRUE,0.165,0.632,118,9,,,0.035,0.205,,,,,,
md_0927,PH3S49AI,mean_diff,1003,mean_difference,categorical,abundance,abundance,,,,,Grazed WSG fields,Grazed CSG fields,eastern_meadowlark,1,apples,0,,,plant_nwsg,Walk and Warner 2000,other,species,obligate,TRUE,5.59,4.53,8,8,,,0.42,0.81,,,,,,
md_0928,PYTISVJ6,mean_diff,1004,mean_difference,categorical,nest_success,nest_success,period_survival,,,,Unmowed field,Mowed field,grassland_species,1,oranges,0,,"Not likely a reasonable comparison of delay_hay; Species were grouped due to small sample sizes, but they were obligate or facultative grassland species. Fields were mowed prior to the nesting period.",delay_hay,Warren and Anderson 2005,southeast_us,guild,facultative,TRUE,0.22,0.4,33,28,,,0.02,0.15,,,,,,
md_0929,F8XKUC3R,mean_diff,1005,mean_difference,categorical,abundance,abundance,,,,,Prescribed burn,Untreated control,eastern_meadowlark,1,apples,0,,,prescribed_fire,Washburn and Begier 2024,southeast_us,species,obligate,TRUE,2.24,1.7,3,3,,,0.29,0.24,,,,,,
md_0930,F8XKUC3R,mean_diff,1006,mean_difference,categorical,abundance,abundance,,,,,Prescribed burn,Untreated control,song_sparrow,1,apples,0,,,prescribed_fire,Washburn and Begier 2024,southeast_us,species,facultative,TRUE,1.01,0.28,3,3,,,0.24,0.09,,,,,,
md_0931,F8XKUC3R,mean_diff,1007,mean_difference,categorical,abundance,abundance,,,,,Prescribed burn,Untreated control,european_starling,1,apples,0,,,prescribed_fire,Washburn and Begier 2024,southeast_us,species,other,TRUE,0.1,0.07,3,3,,,0.06,0.06,,,,,,
md_0932,F8XKUC3R,mean_diff,1008,mean_difference,categorical,abundance,abundance,,,,,Prescribed burn,Untreated control,killdeer,1,apples,0,,,prescribed_fire,Washburn and Begier 2024,southeast_us,species,facultative,TRUE,0.18,0.03,3,3,,,0.06,0.02,,,,,,
md_0933,F8XKUC3R,mean_diff,1009,mean_difference,categorical,abundance,abundance,,,,,Prescribed burn,Untreated control,mourning_dove,1,apples,0,,,prescribed_fire,Washburn and Begier 2024,southeast_us,species,facultative,TRUE,0.01,0.02,3,3,,,0.01,0.02,,,,,,
md_0934,F8XKUC3R,mean_diff,1010,mean_difference,categorical,abundance,abundance,,,,,Prescribed burn,Untreated control,horned_lark,1,apples,0,,,prescribed_fire,Washburn and Begier 2024,southeast_us,species,obligate,TRUE,0.21,0.04,3,3,,,0.11,0.04,,,,,,
md_0935,F8XKUC3R,mean_diff,1011,mean_difference,categorical,abundance,abundance,,,,,Prescribed burn,Untreated control,northern_bobwhite,1,apples,0,,,prescribed_fire,Washburn and Begier 2024,southeast_us,species,facultative,TRUE,0.15,0.09,3,3,,,0.07,0.04,,,,,,
md_0936,F8XKUC3R,mean_diff,1012,mean_difference,categorical,abundance,abundance,,,,,Prescribed burn,Untreated control,brown_headed_cowbird,1,apples,0,,,prescribed_fire,Washburn and Begier 2024,southeast_us,species,facultative,TRUE,0.1,0.06,3,3,,,0.07,0.04,,,,,,
md_0937,F8XKUC3R,mean_diff,1013,mean_difference,categorical,abundance,abundance,,,,,Prescribed burn,Untreated control,red_winged_blackbird,1,apples,0,,,prescribed_fire,Washburn and Begier 2024,southeast_us,species,facultative,TRUE,0.09,0.03,3,3,,,0.06,0.03,,,,,,
md_0938,F8XKUC3R,mean_diff,1014,mean_difference,categorical,abundance,abundance,,,,,Prescribed burn,Untreated control,all_species,1,apples,0,,,prescribed_fire,Washburn and Begier 2024,southeast_us,aggregate,,TRUE,4.54,2.66,3,3,,,0.47,0.29,,,,,,
md_0939,E6GJYPD7,mean_diff,1015,mean_difference,categorical,abundance,abundance,,,,,Rotational grazing,Grazed and burned fields,all_species,1,oranges,0,,Weird treatments but it might be usable,rotational_grazing,Palacio 2024,south_america,aggregate,,TRUE,10.6,4.5,8,4,,,,,4.8,1.9,22,9,,
md_0940,E6GJYPD7,mean_diff,1016,mean_difference,categorical,species_richness,species_richness,,,,,Rotational grazing,Grazed and burned fields,all_species,1,oranges,0,,,rotational_grazing,Palacio 2024,south_america,aggregate,,TRUE,42.3,19.5,8,4,,,,,39,17.5,45.7,21.5,,
md_0941,E6GJYPD7,mean_diff,1017,mean_difference,categorical,abundance,abundance,,,,,Grazed and burned fields,No burning or grazing,all_species,1,oranges,0,,Not sure if the prescribed_fire can adequately be tested here,prescribed_fire,Palacio 2024,south_america,aggregate,,TRUE,4.5,4.4,4,4,,,,,1.9,2.8,9,6.4,,
md_0942,E6GJYPD7,mean_diff,1018,mean_difference,categorical,species_richness,species_richness,,,,,Grazed and burned fields,No burning or grazing,all_species,1,oranges,0,,,prescribed_fire,Palacio 2024,south_america,aggregate,,TRUE,19.5,23.2,4,4,,,,,17.5,20.3,21.5,26.2,,
md_0943,VY6E42C6,mean_diff,1019,mean_difference,categorical,abundance,territories/10 ha,,,,,Plots with the center of the plot less than 400 m from edge,Plots with the center of the plot more than 400 m from edge,grasshopper_sparrow,1,apples,0,,Delta/OQ site,edge_and_shrub_habitat,Perkins 2003,great_plains,species,obligate,TRUE,1.34,2.95,29,30,,,0.23,0.21,,,,,,
md_0944,VY6E42C6,mean_diff,1020,mean_difference,categorical,abundance,territories/10 ha,,,,,Plots with the center of the plot less than 400 m from edge,Plots with the center of the plot more than 400 m from edge,grasshopper_sparrow,1,apples,0,,Three lakes site,edge_and_shrub_habitat,Perkins 2003,great_plains,species,obligate,TRUE,2.64,3.68,46,20,,,0.29,0.31,,,,,,
md_0945,VY6E42C6,mean_diff,1021,mean_difference,categorical,abundance,territories/10 ha,,,,,Plots with the center of the plot less than 400 m from edge,Plots with the center of the plot more than 400 m from edge,bachmans_sparrow,1,apples,0,,Delta/OQ site,edge_and_shrub_habitat,Perkins 2003,great_plains,species,obligate,TRUE,1.13,1.37,29,30,,,0.19,0.19,,,,,,
md_0946,VY6E42C6,mean_diff,1022,mean_difference,categorical,abundance,territories/10 ha,,,,,Plots with the center of the plot less than 400 m from edge,Plots with the center of the plot more than 400 m from edge,bachmans_sparrow,1,apples,0,,Three lakes site,edge_and_shrub_habitat,Perkins 2003,great_plains,species,obligate,TRUE,2.5,2.62,26,20,,,0.18,0.14,,,,,,
md_0947,E2DZAQQ4,mean_diff,1023,mean_difference,categorical,nest_success,annual productivity (# female young/female/year),period_survival,,,,Late hay,Early hay,savannah_sparrow,1,apples,1,,"Productivity measure, not nest success",delay_hay,Perlut et al. 2008b,other,species,obligate,TRUE,1.4,0.65,152,289,,,0.18,0.07,,,,,,
md_0948,E2DZAQQ4,mean_diff,1024,mean_difference,categorical,nest_success,annual productivity (# female young/female/year),period_survival,,,,Late hay,Early hay,bobolink,1,apples,1,,,delay_hay,Perlut et al. 2008b,other,species,obligate,TRUE,1.4,0.02,162,41,,,0.11,0.02,,,,,,
md_0949,LVS3NMPI,mean_diff,1025,mean_difference,categorical,nest_success,Fledglings per female per year,period_survival,,,,Late hay,"Hayed before 2 June, then again 65 days later",bobolink,1,apples,1,,,delay_hay,Perlut et al. 2011,other,species,obligate,TRUE,3.37,2.83,76,88,2.12,1.61,,,,,,,,
md_0950,5UK425N9,mean_diff,1026,mean_difference,categorical,species_richness,species_richness,,,,,Burned idle fields,Unburned idle fields,all_species,1,apples,1,,We should choose *either* species richness or shannon diversity,prescribed_fire,Powell and Busby 2013,great_plains,aggregate,,TRUE,7.7,8.8,15,15,,,0.49,0.76,,,,,,
md_0951,5UK425N9,mean_diff,1027,mean_difference,categorical,species_richness,shannon diversity,,,,,Burned idle fields,Unburned idle fields,all_species,1,apples,1,,,prescribed_fire,Powell and Busby 2013,great_plains,aggregate,,TRUE,1.8,1.8,15,15,,,0.05,0.09,,,,,,
md_0952,5UK425N9,mean_diff,1028,mean_difference,categorical,abundance,density (individuals/ha),,,,,Burned idle fields,Unburned idle fields,dickcissel,1,apples,0,,,prescribed_fire,Powell and Busby 2013,great_plains,species,obligate,TRUE,0.58,0.92,15,15,,,0.073,0.085,,,,,,
md_0953,5UK425N9,mean_diff,1029,mean_difference,categorical,abundance,density (individuals/ha),,,,,Burned idle fields,Unburned idle fields,grasshopper_sparrow,1,apples,0,,,prescribed_fire,Powell and Busby 2013,great_plains,species,obligate,TRUE,0.29,0.48,15,15,,,0.065,0.044,,,,,,
md_0954,5UK425N9,mean_diff,1030,mean_difference,categorical,abundance,density (individuals/ha),,,,,Burned idle fields,Unburned idle fields,eastern_meadowlark,1,apples,0,,,prescribed_fire,Powell and Busby 2013,great_plains,species,obligate,TRUE,0.61,0.61,15,15,,,0.035,0.062,,,,,,
md_0955,DTKILVPL,mean_diff,1031,mean_difference,categorical,abundance,abundance (individuals/km),,,,,Patch-burned light litter,Patch-hayed light litter,henslows_sparrow,1,apples,0,,,prescribed_fire,Swengel and Swengel 2001,other,species,obligate,TRUE,2.49,6.82,13,17,3.28,6.59,,,,,,,,
md_0956,DTKILVPL,mean_diff,1032,mean_difference,categorical,abundance,abundance (individuals/km),,,,,Patch-burned medium litter,Patch-hayed medium litter,henslows_sparrow,1,apples,0,,,prescribed_fire,Swengel and Swengel 2001,other,species,obligate,TRUE,2.72,10.74,15,126,4.94,11.87,,,,,,,,
md_0957,DTKILVPL,mean_diff,1033,mean_difference,categorical,abundance,abundance (individuals/km),,,,,Patch-burned heavy litter,Patch-hayed heavy litter,henslows_sparrow,1,apples,0,,,prescribed_fire,Swengel and Swengel 2001,other,species,obligate,TRUE,4.27,15.78,9,99,8.93,10.58,,,,,,,,
md_0958,DTKILVPL,mean_diff,1034,mean_difference,categorical,abundance,abundance (individuals/km),,,,,Patch-burned light litter,Patch-hayed light litter,grasshopper_sparrow,1,apples,0,,,prescribed_fire,Swengel and Swengel 2001,other,species,obligate,TRUE,2.02,4.98,13,17,2.06,5.33,,,,,,,,
md_0959,DTKILVPL,mean_diff,1035,mean_difference,categorical,abundance,abundance (individuals/km),,,,,Patch-burned medium litter,Patch-hayed medium litter,grasshopper_sparrow,1,apples,0,,,prescribed_fire,Swengel and Swengel 2001,other,species,obligate,TRUE,0.21,5.46,15,126,0.8,5.59,,,,,,,,
md_0960,DTKILVPL,mean_diff,1036,mean_difference,categorical,abundance,abundance (individuals/km),,,,,Patch-burned heavy litter,Patch-hayed heavy litter,grasshopper_sparrow,1,apples,0,,,prescribed_fire,Swengel and Swengel 2001,other,species,obligate,TRUE,0,1.56,9,99,0,2.6,,,,,,,,
md_0961,DTKILVPL,mean_diff,1037,mean_difference,categorical,abundance,abundance (individuals/km),,,,,Patch-burned light litter,Patch-hayed light litter,dickcissel,1,apples,0,,,prescribed_fire,Swengel and Swengel 2001,other,species,obligate,TRUE,11.58,12.64,13,17,5,6.59,,,,,,,,
md_0962,DTKILVPL,mean_diff,1038,mean_difference,categorical,abundance,abundance (individuals/km),,,,,Patch-burned medium litter,Patch-hayed medium litter,dickcissel,1,apples,0,,,prescribed_fire,Swengel and Swengel 2001,other,species,obligate,TRUE,7.68,10.48,15,126,7.11,7.44,,,,,,,,
md_0963,DTKILVPL,mean_diff,1039,mean_difference,categorical,abundance,abundance (individuals/km),,,,,Patch-burned heavy litter,Patch-hayed heavy litter,dickcissel,1,apples,0,,,prescribed_fire,Swengel and Swengel 2001,other,species,obligate,TRUE,9.83,11.55,9,99,6.39,7.16,,,,,,,,
md_0964,RNPH5E8K,mean_diff,1040,mean_difference,categorical,abundance,abundance (2020),,,,,Native sites,Crop sites,mccowns_longspur,1,oranges,0,,This seems like the deck is stacked -- of course an NWSG field should have higher abundance than row crops,plant_nwsg,Swicegood et al. 2023,great_plains,species,obligate,TRUE,4.2,5.4,22,24,3.3,4.4,,,,,,,,
md_0965,RNPH5E8K,mean_diff,1041,mean_difference,categorical,abundance,abundance (2021),,,,,Native sites,Crop sites,mccowns_longspur,1,oranges,0,,,plant_nwsg,Swicegood et al. 2023,great_plains,species,obligate,TRUE,3.2,3.8,25,25,2.3,3.2,,,,,,,,
md_0966,RNPH5E8K,mean_diff,1042,mean_difference,categorical,nest_success,Number of young fledged per successful nest,period_survival,,,,Native sites,Crop sites,mccowns_longspur,1,oranges,1,,"Productivity measure, not nest success",plant_nwsg,Swicegood et al. 2023,great_plains,species,obligate,TRUE,2.8,3,129,111,0.9,1.1,,,,,,,,
md_0967,43J4RKSJ,mean_diff,1043,mean_difference,categorical,abundance,abundance,,,,,Summer rotation grazing,Season long grazing,vesper_sparrow,1,apples,0,,,rotational_grazing,Vold et al. 2019,great_plains,species,obligate,TRUE,0.25,-0.17,190,120,,,0.1,0.14,,,,,,
md_0968,CZREXXY9,mean_diff,1044,mean_difference,categorical,abundance,territories,,,,,Late mow,Early mow,whinchat,1,apples,0,,,delay_hay,Broyer et al. 2020,europe,species,obligate,TRUE,25.3,7.9,4,2,10.2,3.8,,,,,,,,
md_0969,CZREXXY9,mean_diff,1045,mean_difference,categorical,abundance,territories,,,,,Late mow,Early mow,corn_bunting,1,apples,0,,,delay_hay,Broyer et al. 2020,europe,species,obligate,TRUE,21.4,12.9,4,2,6.4,3.8,,,,,,,,
md_0970,CZREXXY9,mean_diff,1046,mean_difference,categorical,abundance,territories,,,,,Late mow,Early mow,western_yellow_wagtail,1,apples,0,,,delay_hay,Broyer et al. 2020,europe,species,facultative,TRUE,9.7,5.1,4,2,6.7,2.5,,,,,,,,
md_0971,RZ8PLSVX,mean_diff,1047,mean_difference,categorical,species_richness,species_richness (Iowa),,,,,Edge,Field center,all_species,1,apples,0,,,edge_and_shrub_habitat,Best et al. 1990,other,aggregate,,TRUE,15,11.3,9,9,3.6,4.6,,,,,,,,
md_0972,RZ8PLSVX,mean_diff,1048,mean_difference,categorical,abundance,abundance (birds/100 ha) (Iowa),,,,,Edge,Field center,all_species,1,apples,0,,,edge_and_shrub_habitat,Best et al. 1990,other,aggregate,,TRUE,408.4,22.5,9,9,102.9,13.5,,,,,,,,
md_0973,RZ8PLSVX,mean_diff,1049,mean_difference,categorical,species_richness,species_richness (Illinois),,,,,Edge,Field center,all_species,1,apples,0,,,edge_and_shrub_habitat,Best et al. 1990,other,aggregate,,TRUE,34.3,9.3,9,9,3.8,2.3,,,,,,,,
md_0974,RZ8PLSVX,mean_diff,1050,mean_difference,categorical,abundance,abundance (birds/100 ha) (Illinois),,,,,Edge,Field center,all_species,1,apples,0,,,edge_and_shrub_habitat,Best et al. 1990,other,aggregate,,TRUE,3118.1,21.3,9,9,766.6,13.4,,,,,,,,
md_0975,DJXGBKZP,mean_diff,1051,mean_difference,categorical,abundance,nest density (nests/ha) (2003),,,,,Wide buffer adjacent to edge,Narrow buffer adjacent to edge,red_winged_blackbird,1,apples,0,,T: This might be moreso buffers instead of edge and shrub?; Worth revisiting to determine whether it should be included,edge_and_shrub_habitat,Conover et al. 2011b,southeast_us,species,facultative,TRUE,12.5,0.78,7,27,,,,,-6.940000000000001,0.45,31.94,1.11,,
md_0976,DJXGBKZP,mean_diff,1052,mean_difference,categorical,abundance,nest density (nests/ha) (2004),,,,,Wide buffer adjacent to edge,Narrow buffer adjacent to edge,red_winged_blackbird,1,apples,0,,,edge_and_shrub_habitat,Conover et al. 2011b,southeast_us,species,facultative,TRUE,14.47,3.47,11,24,,,,,-9.019999999999998,2.1900000000000004,37.96,4.75,,
md_0977,DJXGBKZP,mean_diff,1053,mean_difference,categorical,nest_success,fledglings per successful nest,period_survival,,,,Wide buffer adjacent to edge,Narrow buffer adjacent to edge,red_winged_blackbird,1,apples,1,,"Productivity measure, not nest success",edge_and_shrub_habitat,Conover et al. 2011b,southeast_us,species,facultative,TRUE,2.49,2.3,51,10,,,0.14,0.34,,,,,,
md_0978,CXWJRPTX,mean_diff,1054,mean_difference,categorical,abundance,Density (males/ha),,,,,Edge pre-tree row removal,Interior pre-tree row removal,bobolink,1,apples,0,,What does this treatment and control represent?,edge_and_shrub_habitat,Ellison et al. 2013,other,species,obligate,TRUE,0.449,0.585,3,3,,,0.162,0.324,,,,,,
md_0979,CXWJRPTX,mean_diff,1055,mean_difference,categorical,abundance,Density (males/ha),,,,,Edge pre-tree row removal,Interior pre-tree row removal,eastern_meadowlark,1,apples,0,,,edge_and_shrub_habitat,Ellison et al. 2013,other,species,obligate,TRUE,0.343,0.12,3,3,,,0.166,0.029,,,,,,
md_0980,CXWJRPTX,mean_diff,1056,mean_difference,categorical,abundance,Density (males/ha),,,,,Edge pre-tree row removal,Interior pre-tree row removal,henslows_sparrow,1,apples,0,,,edge_and_shrub_habitat,Ellison et al. 2013,other,species,obligate,TRUE,0.015,0.206,3,3,,,0.015,0.046,,,,,,
md_0981,CXWJRPTX,mean_diff,1057,mean_difference,categorical,abundance,nest density (nests/ha),,,,,Edge pre-tree row removal,Interior pre-tree row removal,bobolink,1,apples,0,,,edge_and_shrub_habitat,Ellison et al. 2013,other,species,obligate,TRUE,0.129,0.249,3,3,,,0.065,0.145,,,,,,
md_0982,CXWJRPTX,mean_diff,1058,mean_difference,categorical,abundance,nest density (nests/ha),,,,,Edge pre-tree row removal,Interior pre-tree row removal,eastern_meadowlark,1,apples,0,,,edge_and_shrub_habitat,Ellison et al. 2013,other,species,obligate,TRUE,0.148,0.132,3,3,,,0.148,0.093,,,,,,
md_0983,CXWJRPTX,mean_diff,1059,mean_difference,categorical,abundance,nest density (nests/ha),,,,,Edge pre-tree row removal,Interior pre-tree row removal,henslows_sparrow,1,apples,0,,,edge_and_shrub_habitat,Ellison et al. 2013,other,species,obligate,TRUE,0,0.051,3,3,,,0,0.051,,,,,,
md_0984,V8UPXK6I,mean_diff,1060,mean_difference,categorical,abundance,abundance (individuals/100 m of edge),,,,,Border-edge cut,Uncut edge,all_species,1,apples,0,,Revisit to determine what is the treatment and control here (or direction of sign); Border-edge cuts are defined as transitional shrub zones ... the comparison is abrupt edge (see Table 2 and 3),edge_and_shrub_habitat,Fleming and Giuliano 1998,other,aggregate,,TRUE,7.69,5.76,12,12,,,0.75,0.55,,,,,,
md_0985,V8UPXK6I,mean_diff,1061,mean_difference,categorical,species_richness,species_richness,,,,,Border-edge cut,Uncut edge,all_species,1,apples,0,,Border-edge cuts are defined as transitional shrub zones ... the comparison is abrupt edge (see Table 2 and 3),edge_and_shrub_habitat,Fleming and Giuliano 1998,other,aggregate,,TRUE,13.9,14.6,12,12,,,0.9,1.1,,,,,,
md_0986,V8UPXK6I,mean_diff,1062,mean_difference,categorical,nest_success,DSR,daily_survival,,,,Border-edge cut,Uncut edge,all_species,1,apples,0,,"Border-edge cuts are defined as transitional shrub zones ... the comparison is abrupt edge (see Table 2 and 3); Unsure of link term, only details provided are ""calculated nest success probabilities with the Mayfield method (Mayfield 1975)""",edge_and_shrub_habitat,Fleming and Giuliano 1998,other,aggregate,,TRUE,0.95,0.8,35,25,,,0.01,0.01,,,,,,
md_0987,V8UPXK6I,mean_diff,1063,mean_difference,categorical,nest_success,Depredation rate,period_survival,,,,Border-edge cut,Uncut edge,all_species,-1,apples,1,,Border-edge cuts are defined as transitional shrub zones ... the comparison is abrupt edge (see Table 2 and 3),edge_and_shrub_habitat,Fleming and Giuliano 1998,other,aggregate,,TRUE,0.47,0.4,35,25,,,0.13,0.1,,,,,,
md_0988,V8UPXK6I,mean_diff,1064,mean_difference,categorical,abundance,Nest density,,,,,Border-edge cut,Uncut edge,all_species,1,apples,0,,Border-edge cuts are defined as transitional shrub zones ... the comparison is abrupt edge (see Table 2 and 3),edge_and_shrub_habitat,Fleming and Giuliano 1998,other,aggregate,,TRUE,3.9,2.4,12,12,,,1.26,0.45,,,,,,
md_0989,V8UPXK6I,mean_diff,1065,mean_difference,categorical,abundance,Abundance,,,,,Border-edge cut,Uncut edge,blue_winged_warbler,1,apples,0,,Border-edge cuts are defined as transitional shrub zones ... the comparison is abrupt edge (see Table 2 and 3),edge_and_shrub_habitat,Fleming and Giuliano 1998,other,species,shrub,FALSE,0.112,0.028,12,12,,,0.037,0.019,,,,,,
md_0990,V8UPXK6I,mean_diff,1066,mean_difference,categorical,abundance,Abundance,,,,,Border-edge cut,Uncut edge,yellow_breasted_chat,1,apples,0,,Border-edge cuts are defined as transitional shrub zones ... the comparison is abrupt edge (see Table 2 and 3),edge_and_shrub_habitat,Fleming and Giuliano 1998,other,species,shrub,FALSE,0.679,0.042,12,12,,,0.152,0.03,,,,,,
md_0991,V8UPXK6I,mean_diff,1067,mean_difference,categorical,abundance,Abundance,,,,,Border-edge cut,Uncut edge,common_yellowthroat,1,apples,0,,Border-edge cuts are defined as transitional shrub zones ... the comparison is abrupt edge (see Table 2 and 3),edge_and_shrub_habitat,Fleming and Giuliano 1998,other,species,facultative,TRUE,0.847,0.403,12,12,,,0.141,0.119,,,,,,
md_0992,V8UPXK6I,mean_diff,1068,mean_difference,categorical,abundance,Abundance,,,,,Border-edge cut,Uncut edge,brown_headed_cowbird,1,apples,0,,Border-edge cuts are defined as transitional shrub zones ... the comparison is abrupt edge (see Table 2 and 3),edge_and_shrub_habitat,Fleming and Giuliano 1998,other,species,facultative,TRUE,0.209,0.014,12,12,,,0.077,0.014,,,,,,
md_0993,V8UPXK6I,mean_diff,1069,mean_difference,categorical,abundance,Abundance,,,,,Border-edge cut,Uncut edge,chipping_sparrow,1,apples,0,,Border-edge cuts are defined as transitional shrub zones ... the comparison is abrupt edge (see Table 2 and 3),edge_and_shrub_habitat,Fleming and Giuliano 1998,other,species,facultative,TRUE,0.043,0,12,12,,,0.022,0,,,,,,
md_0994,V8UPXK6I,mean_diff,1070,mean_difference,categorical,abundance,Abundance,,,,,Border-edge cut,Uncut edge,song_sparrow,1,apples,0,,Border-edge cuts are defined as transitional shrub zones ... the comparison is abrupt edge (see Table 2 and 3),edge_and_shrub_habitat,Fleming and Giuliano 1998,other,species,facultative,TRUE,0.966,0.153,12,12,,,0.2,0.092,,,,,,
md_0995,V8UPXK6I,mean_diff,1071,mean_difference,categorical,abundance,Abundance,,,,,Border-edge cut,Uncut edge,acadian_flycatcher,1,apples,0,,Border-edge cuts are defined as transitional shrub zones ... the comparison is abrupt edge (see Table 2 and 3),edge_and_shrub_habitat,Fleming and Giuliano 1998,other,species,woodland,FALSE,0,0.098,12,12,,,0,0.056,,,,,,
md_0996,V8UPXK6I,mean_diff,1072,mean_difference,categorical,abundance,Abundance,,,,,Border-edge cut,Uncut edge,blue_jay,1,apples,0,,Border-edge cuts are defined as transitional shrub zones ... the comparison is abrupt edge (see Table 2 and 3),edge_and_shrub_habitat,Fleming and Giuliano 1998,other,species,woodland,FALSE,0.028,0.112,12,12,,,0.019,0.047,,,,,,
md_0997,V8UPXK6I,mean_diff,1073,mean_difference,categorical,abundance,Abundance,,,,,Border-edge cut,Uncut edge,carolina_chickadee,1,apples,0,,Border-edge cuts are defined as transitional shrub zones ... the comparison is abrupt edge (see Table 2 and 3),edge_and_shrub_habitat,Fleming and Giuliano 1998,other,species,shrub,FALSE,0.014,0.139,12,12,,,0.014,0.068,,,,,,
md_0998,V8UPXK6I,mean_diff,1074,mean_difference,categorical,abundance,Abundance,,,,,Border-edge cut,Uncut edge,wood_thrush,1,apples,0,,Border-edge cuts are defined as transitional shrub zones ... the comparison is abrupt edge (see Table 2 and 3),edge_and_shrub_habitat,Fleming and Giuliano 1998,other,species,shrub,FALSE,0,0.111,12,12,,,0,0.042,,,,,,
md_0999,V8UPXK6I,mean_diff,1075,mean_difference,categorical,abundance,Abundance,,,,,Border-edge cut,Uncut edge,red_eyed_vireo,1,apples,0,,Border-edge cuts are defined as transitional shrub zones ... the comparison is abrupt edge (see Table 2 and 3),edge_and_shrub_habitat,Fleming and Giuliano 1998,other,species,forest,FALSE,0.014,0.223,12,12,,,0.014,0.051,,,,,,
md_1000,V8UPXK6I,mean_diff,1076,mean_difference,categorical,abundance,Abundance,,,,,Border-edge cut,Uncut edge,rose_breasted_grosbeak,1,apples,0,,Border-edge cuts are defined as transitional shrub zones ... the comparison is abrupt edge (see Table 2 and 3),edge_and_shrub_habitat,Fleming and Giuliano 1998,other,species,shrub,FALSE,0.014,0.249,12,12,,,0.014,0.043,,,,,,
md_1001,LZ7R9ETU,mean_diff,1077,mean_difference,categorical,nest_success,Nest predation rate (number of nests depredated after 14 days/total nests in edge),period_survival,,,,Border-edge cut,Uncut edge,artificial_nests,-1,apples,0,,Artificial nests,edge_and_shrub_habitat,Fleming and Giuliano 2001,other,artificial_nest,,FALSE,36,88,46,50,,,11,7,,,,,,
md_1002,ZDBASF6Z,mean_diff,1078,mean_difference,categorical,abundance,density (birds/ha),,,,,Small incomplete gaps,Closed canopy forest,ruffed_grouse,1,apples,0,,Not sure this qualifies as the bmp ... but maybe? T: I think it does? Could maybe be manage in patches?,edge_and_shrub_habitat,Greenberg and Drew Lanham 2001,southeast_us,species,shrub,FALSE,0.03,0,12,12,,,0.03,0,,,,,,
md_1003,ZDBASF6Z,mean_diff,1079,mean_difference,categorical,abundance,density (birds/ha),,,,,Small incomplete gaps,Closed canopy forest,yellow_billed_cuckoo,1,apples,0,,,edge_and_shrub_habitat,Greenberg and Drew Lanham 2001,southeast_us,species,shrub,FALSE,0,0.03,12,12,,,0,0.03,,,,,,
md_1004,ZDBASF6Z,mean_diff,1080,mean_difference,categorical,abundance,density (birds/ha),,,,,Small incomplete gaps,Closed canopy forest,ruby_throated_hummingbird,1,apples,0,,,edge_and_shrub_habitat,Greenberg and Drew Lanham 2001,southeast_us,species,woodland,FALSE,0.22,0.05,12,12,,,0.09,0.05,,,,,,
md_1005,ZDBASF6Z,mean_diff,1081,mean_difference,categorical,abundance,density (birds/ha),,,,,Small incomplete gaps,Closed canopy forest,northern_flicker,1,apples,0,,,edge_and_shrub_habitat,Greenberg and Drew Lanham 2001,southeast_us,species,forest,FALSE,0.05,0,12,12,,,0.05,0,,,,,,
md_1006,ZDBASF6Z,mean_diff,1082,mean_difference,categorical,abundance,density (birds/ha),,,,,Small incomplete gaps,Closed canopy forest,great_crested_flycatcher,1,apples,0,,,edge_and_shrub_habitat,Greenberg and Drew Lanham 2001,southeast_us,species,shrub,FALSE,0,0.15,12,12,,,0,0.08,,,,,,
md_1007,ZDBASF6Z,mean_diff,1083,mean_difference,categorical,abundance,density (birds/ha),,,,,Small incomplete gaps,Closed canopy forest,american_crow,1,apples,0,,,edge_and_shrub_habitat,Greenberg and Drew Lanham 2001,southeast_us,species,facultative,TRUE,0.37,0.03,12,12,,,0.27,0.03,,,,,,
md_1008,ZDBASF6Z,mean_diff,1084,mean_difference,categorical,abundance,density (birds/ha),,,,,Small incomplete gaps,Closed canopy forest,blue_jay,1,apples,0,,,edge_and_shrub_habitat,Greenberg and Drew Lanham 2001,southeast_us,species,woodland,FALSE,0.14,0.18,12,12,,,0.17,0.08,,,,,,
md_1009,ZDBASF6Z,mean_diff,1085,mean_difference,categorical,abundance,density (birds/ha),,,,,Small incomplete gaps,Closed canopy forest,carolina_wren,1,apples,0,,,edge_and_shrub_habitat,Greenberg and Drew Lanham 2001,southeast_us,species,shrub,FALSE,1.94,0.06,12,12,,,0.58,0.04,,,,,,
md_1010,ZDBASF6Z,mean_diff,1086,mean_difference,categorical,abundance,density (birds/ha),,,,,Small incomplete gaps,Closed canopy forest,yellow_throated_vireo,1,apples,0,,,edge_and_shrub_habitat,Greenberg and Drew Lanham 2001,southeast_us,species,woodland,FALSE,0.03,0.03,12,12,,,0.03,0.03,,,,,,
md_1011,ZDBASF6Z,mean_diff,1087,mean_difference,categorical,abundance,density (birds/ha),,,,,Small incomplete gaps,Closed canopy forest,american_goldfinch,1,apples,0,,,edge_and_shrub_habitat,Greenberg and Drew Lanham 2001,southeast_us,species,facultative,TRUE,0.07,0,12,12,,,0.07,0,,,,,,
md_1012,ZDBASF6Z,mean_diff,1088,mean_difference,categorical,abundance,density (birds/ha),,,,,Small incomplete gaps,Closed canopy forest,dark_eyed_junco,1,apples,0,,,edge_and_shrub_habitat,Greenberg and Drew Lanham 2001,southeast_us,species,facultative,TRUE,0.04,0,12,12,,,0.04,0,,,,,,
md_1013,ZDBASF6Z,mean_diff,1089,mean_difference,categorical,abundance,density (birds/ha),,,,,Small incomplete gaps,Closed canopy forest,indigo_bunting,1,apples,0,,,edge_and_shrub_habitat,Greenberg and Drew Lanham 2001,southeast_us,species,facultative,TRUE,0.53,0.04,12,12,,,0.23,0.04,,,,,,
md_1014,ZDBASF6Z,mean_diff,1090,mean_difference,categorical,abundance,density (birds/ha),,,,,Small incomplete gaps,Closed canopy forest,eastern_towhee,1,apples,0,,,edge_and_shrub_habitat,Greenberg and Drew Lanham 2001,southeast_us,species,shrub,FALSE,0.44,0,12,12,,,0.34,0,,,,,,
md_1015,WGSP9SQJ,mean_diff,1091,mean_difference,categorical,abundance,abundance,,,,,Edge,Interior,american_goldfinch,1,apples,0,,Edge is defined as plots adjacent to agriculture (orchards or vineyards),edge_and_shrub_habitat,Knight et al. 2016,other,species,facultative,TRUE,0.22,0.11,36,36,,,0.55,0.47,,,,,,
md_1016,WGSP9SQJ,mean_diff,1092,mean_difference,categorical,abundance,abundance,,,,,Edge,Interior,american_robin,1,apples,0,,Edge is defined as plots adjacent to agriculture (orchards or vineyards),edge_and_shrub_habitat,Knight et al. 2016,other,species,facultative,TRUE,0.5,0.5,104,104,,,0.71,0.79,,,,,,
md_1017,WGSP9SQJ,mean_diff,1093,mean_difference,categorical,abundance,abundance,,,,,Edge,Interior,bank_swallow,1,apples,0,,Edge is defined as plots adjacent to agriculture (orchards or vineyards),edge_and_shrub_habitat,Knight et al. 2016,other,species,facultative,TRUE,0.17,0,16,16,,,0.51,0,,,,,,
md_1018,WGSP9SQJ,mean_diff,1094,mean_difference,categorical,abundance,abundance,,,,,Edge,Interior,black_billed_magpie,1,apples,0,,Edge is defined as plots adjacent to agriculture (orchards or vineyards),edge_and_shrub_habitat,Knight et al. 2016,other,species,facultative,TRUE,0.11,0,16,16,,,0.32,0,,,,,,
md_1019,WGSP9SQJ,mean_diff,1095,mean_difference,categorical,abundance,abundance,,,,,Edge,Interior,black_capped_chickadee,1,apples,0,,Edge is defined as plots adjacent to agriculture (orchards or vineyards),edge_and_shrub_habitat,Knight et al. 2016,other,species,woodland,FALSE,0.17,0,16,16,,,0.51,0,,,,,,
md_1020,WGSP9SQJ,mean_diff,1096,mean_difference,categorical,abundance,abundance,,,,,Edge,Interior,brown_headed_cowbird,1,apples,0,,Edge is defined as plots adjacent to agriculture (orchards or vineyards),edge_and_shrub_habitat,Knight et al. 2016,other,species,facultative,TRUE,0.67,0.17,72,72,,,1.08,0.51,,,,,,
md_1021,WGSP9SQJ,mean_diff,1097,mean_difference,categorical,abundance,abundance,,,,,Edge,Interior,brewers_sparrow,1,apples,0,,Edge is defined as plots adjacent to agriculture (orchards or vineyards),edge_and_shrub_habitat,Knight et al. 2016,other,species,facultative,TRUE,0.33,0.56,72,72,,,0.77,1.42,,,,,,
md_1022,WGSP9SQJ,mean_diff,1098,mean_difference,categorical,abundance,abundance,,,,,Edge,Interior,bullocks_oriole,1,apples,0,,Edge is defined as plots adjacent to agriculture (orchards or vineyards),edge_and_shrub_habitat,Knight et al. 2016,other,species,facultative,TRUE,0.5,0.06,48,48,,,1.04,0.24,,,,,,
md_1023,WGSP9SQJ,mean_diff,1099,mean_difference,categorical,abundance,abundance,,,,,Edge,Interior,calliope_hummingbird,1,apples,0,,Edge is defined as plots adjacent to agriculture (orchards or vineyards),edge_and_shrub_habitat,Knight et al. 2016,other,species,shrub,FALSE,0.22,0.11,48,48,,,0.43,0.32,,,,,,
md_1024,WGSP9SQJ,mean_diff,1100,mean_difference,categorical,abundance,abundance,,,,,Edge,Interior,california_quail,1,apples,0,,Edge is defined as plots adjacent to agriculture (orchards or vineyards),edge_and_shrub_habitat,Knight et al. 2016,other,species,facultative,TRUE,0.67,0.17,96,96,,,0.77,0.38,,,,,,
md_1025,WGSP9SQJ,mean_diff,1101,mean_difference,categorical,abundance,abundance,,,,,Edge,Interior,clay_colored_sparrow,1,apples,0,,Edge is defined as plots adjacent to agriculture (orchards or vineyards),edge_and_shrub_habitat,Knight et al. 2016,other,species,facultative,TRUE,0.06,0.06,16,16,,,0.24,0.24,,,,,,
md_1026,WGSP9SQJ,mean_diff,1102,mean_difference,categorical,abundance,abundance,,,,,Edge,Interior,cedar_waxwing,1,apples,0,,Edge is defined as plots adjacent to agriculture (orchards or vineyards),edge_and_shrub_habitat,Knight et al. 2016,other,species,shrub,FALSE,0.33,0,32,32,,,0.69,0,,,,,,
md_1027,WGSP9SQJ,mean_diff,1103,mean_difference,categorical,abundance,abundance,,,,,Edge,Interior,chipping_sparrow,1,apples,0,,Edge is defined as plots adjacent to agriculture (orchards or vineyards),edge_and_shrub_habitat,Knight et al. 2016,other,species,facultative,TRUE,1.22,0.94,200,200,,,0.73,1.16,,,,,,
md_1028,WGSP9SQJ,mean_diff,1104,mean_difference,categorical,abundance,abundance,,,,,Edge,Interior,dusky_flycatcher,1,apples,0,,Edge is defined as plots adjacent to agriculture (orchards or vineyards),edge_and_shrub_habitat,Knight et al. 2016,other,species,forest,FALSE,0.06,0,8,8,,,0.24,0,,,,,,
md_1029,WGSP9SQJ,mean_diff,1105,mean_difference,categorical,abundance,abundance,,,,,Edge,Interior,eastern_kingbird,1,apples,0,,Edge is defined as plots adjacent to agriculture (orchards or vineyards),edge_and_shrub_habitat,Knight et al. 2016,other,species,facultative,TRUE,0,0.11,8,8,,,0,0.47,,,,,,
md_1030,WGSP9SQJ,mean_diff,1106,mean_difference,categorical,abundance,abundance,,,,,Edge,Interior,gray_partridge,1,apples,0,,Edge is defined as plots adjacent to agriculture (orchards or vineyards),edge_and_shrub_habitat,Knight et al. 2016,other,species,facultative,TRUE,0.06,0,8,8,,,0.24,0,,,,,,
md_1031,WGSP9SQJ,mean_diff,1107,mean_difference,categorical,abundance,abundance,,,,,Edge,Interior,grasshopper_sparrow,1,apples,0,,Edge is defined as plots adjacent to agriculture (orchards or vineyards),edge_and_shrub_habitat,Knight et al. 2016,other,species,obligate,TRUE,0,0.06,8,8,,,0,0.24,,,,,,
md_1032,WGSP9SQJ,mean_diff,1108,mean_difference,categorical,abundance,abundance,,,,,Edge,Interior,house_finch,1,apples,0,,Edge is defined as plots adjacent to agriculture (orchards or vineyards),edge_and_shrub_habitat,Knight et al. 2016,other,species,facultative,TRUE,1.17,0,32,32,,,2.98,0,,,,,,
md_1033,WGSP9SQJ,mean_diff,1109,mean_difference,categorical,abundance,abundance,,,,,Edge,Interior,house_wren,1,apples,0,,Edge is defined as plots adjacent to agriculture (orchards or vineyards),edge_and_shrub_habitat,Knight et al. 2016,other,species,facultative,TRUE,0.11,0,16,16,,,0.32,0,,,,,,
md_1034,WGSP9SQJ,mean_diff,1110,mean_difference,categorical,abundance,abundance,,,,,Edge,Interior,lark_sparrow,1,apples,0,,Edge is defined as plots adjacent to agriculture (orchards or vineyards),edge_and_shrub_habitat,Knight et al. 2016,other,species,facultative,TRUE,0.61,0.22,112,112,,,0.61,0.43,,,,,,
md_1035,WGSP9SQJ,mean_diff,1111,mean_difference,categorical,abundance,abundance,,,,,Edge,Interior,lazuli_bunting,1,apples,0,,Edge is defined as plots adjacent to agriculture (orchards or vineyards),edge_and_shrub_habitat,Knight et al. 2016,other,species,facultative,TRUE,0.89,0.39,112,112,,,0.96,0.78,,,,,,
md_1036,WGSP9SQJ,mean_diff,1112,mean_difference,categorical,abundance,abundance,,,,,Edge,Interior,lewiss_woodpecker,1,apples,0,,Edge is defined as plots adjacent to agriculture (orchards or vineyards),edge_and_shrub_habitat,Knight et al. 2016,other,species,woodland,FALSE,0,0.06,8,8,,,0,0.24,,,,,,
md_1037,WGSP9SQJ,mean_diff,1113,mean_difference,categorical,abundance,abundance,,,,,Edge,Interior,mountain_bluebird,1,apples,0,,Edge is defined as plots adjacent to agriculture (orchards or vineyards),edge_and_shrub_habitat,Knight et al. 2016,other,species,facultative,TRUE,0,0.22,24,24,,,0,0.55,,,,,,
md_1038,WGSP9SQJ,mean_diff,1114,mean_difference,categorical,abundance,abundance,,,,,Edge,Interior,mourning_dove,1,apples,0,,Edge is defined as plots adjacent to agriculture (orchards or vineyards),edge_and_shrub_habitat,Knight et al. 2016,other,species,facultative,TRUE,0.06,0,8,8,,,0.24,0,,,,,,
md_1039,WGSP9SQJ,mean_diff,1115,mean_difference,categorical,abundance,abundance,,,,,Edge,Interior,northern_flicker,1,apples,0,,Edge is defined as plots adjacent to agriculture (orchards or vineyards),edge_and_shrub_habitat,Knight et al. 2016,other,species,forest,FALSE,0,0.17,24,24,,,0,0.38,,,,,,
md_1040,WGSP9SQJ,mean_diff,1116,mean_difference,categorical,abundance,abundance,,,,,Edge,Interior,red_naped_sapsucker,1,apples,0,,Edge is defined as plots adjacent to agriculture (orchards or vineyards),edge_and_shrub_habitat,Knight et al. 2016,other,species,woodland,FALSE,0.11,0,8,8,,,0.47,0,,,,,,
md_1041,WGSP9SQJ,mean_diff,1117,mean_difference,categorical,abundance,abundance,,,,,Edge,Interior,ruby_crowned_kinglet,1,apples,0,,Edge is defined as plots adjacent to agriculture (orchards or vineyards),edge_and_shrub_habitat,Knight et al. 2016,other,species,shrub,FALSE,0.06,0,8,8,,,0.24,0,,,,,,
md_1042,WGSP9SQJ,mean_diff,1118,mean_difference,categorical,abundance,abundance,,,,,Edge,Interior,rufous_hummingbird,1,apples,0,,Edge is defined as plots adjacent to agriculture (orchards or vineyards),edge_and_shrub_habitat,Knight et al. 2016,other,species,shrub,FALSE,0.06,0,8,8,,,0.24,0,,,,,,
md_1043,WGSP9SQJ,mean_diff,1119,mean_difference,categorical,abundance,abundance,,,,,Edge,Interior,says_phoebe,1,apples,0,,Edge is defined as plots adjacent to agriculture (orchards or vineyards),edge_and_shrub_habitat,Knight et al. 2016,other,species,facultative,TRUE,0.28,0.11,56,56,,,0.46,0.32,,,,,,
md_1044,WGSP9SQJ,mean_diff,1120,mean_difference,categorical,abundance,abundance,,,,,Edge,Interior,savannah_sparrow,1,apples,0,,Edge is defined as plots adjacent to agriculture (orchards or vineyards),edge_and_shrub_habitat,Knight et al. 2016,other,species,obligate,TRUE,0.11,0,8,8,,,0.47,0,,,,,,
md_1045,WGSP9SQJ,mean_diff,1121,mean_difference,categorical,abundance,abundance,,,,,Edge,Interior,spotted_towhee,1,apples,0,,Edge is defined as plots adjacent to agriculture (orchards or vineyards),edge_and_shrub_habitat,Knight et al. 2016,other,species,shrub,FALSE,0.44,0.44,80,80,,,0.78,0.86,,,,,,
md_1046,WGSP9SQJ,mean_diff,1122,mean_difference,categorical,abundance,abundance,,,,,Edge,Interior,tree_swallow,1,apples,0,,Edge is defined as plots adjacent to agriculture (orchards or vineyards),edge_and_shrub_habitat,Knight et al. 2016,other,species,shrub,FALSE,0.28,0.06,24,24,,,0.83,0.24,,,,,,
md_1047,WGSP9SQJ,mean_diff,1123,mean_difference,categorical,abundance,abundance,,,,,Edge,Interior,vesper_sparrow,1,apples,0,,Edge is defined as plots adjacent to agriculture (orchards or vineyards),edge_and_shrub_habitat,Knight et al. 2016,other,species,obligate,TRUE,0.28,1.06,152,152,,,0.46,0.87,,,,,,
md_1048,WGSP9SQJ,mean_diff,1124,mean_difference,categorical,abundance,abundance,,,,,Edge,Interior,white_crowned_sparrow,1,apples,0,,Edge is defined as plots adjacent to agriculture (orchards or vineyards),edge_and_shrub_habitat,Knight et al. 2016,other,species,facultative,TRUE,1.11,0.83,48,48,,,3.6,2.64,,,,,,
md_1049,WGSP9SQJ,mean_diff,1125,mean_difference,categorical,abundance,abundance,,,,,Edge,Interior,western_bluebird,1,apples,0,,Edge is defined as plots adjacent to agriculture (orchards or vineyards),edge_and_shrub_habitat,Knight et al. 2016,other,species,facultative,TRUE,0.06,0.33,24,24,,,0.24,1.19,,,,,,
md_1050,WGSP9SQJ,mean_diff,1126,mean_difference,categorical,abundance,abundance,,,,,Edge,Interior,western_kingbird,1,apples,0,,Edge is defined as plots adjacent to agriculture (orchards or vineyards),edge_and_shrub_habitat,Knight et al. 2016,other,species,facultative,TRUE,0.28,0.06,48,48,,,0.46,0.24,,,,,,
md_1051,WGSP9SQJ,mean_diff,1127,mean_difference,categorical,abundance,abundance,,,,,Edge,Interior,western_meadowlark,1,apples,0,,Edge is defined as plots adjacent to agriculture (orchards or vineyards),edge_and_shrub_habitat,Knight et al. 2016,other,species,obligate,TRUE,0.39,0.78,104,104,,,0.78,1.06,,,,,,
md_1052,WGSP9SQJ,mean_diff,1128,mean_difference,categorical,abundance,abundance,,,,,Edge,Interior,western_wood_pewee,1,apples,0,,Edge is defined as plots adjacent to agriculture (orchards or vineyards),edge_and_shrub_habitat,Knight et al. 2016,other,species,shrub,FALSE,0.11,0,16,16,,,0.32,0,,,,,,
md_1053,WGSP9SQJ,mean_diff,1129,mean_difference,categorical,abundance,abundance,,,,,Edge,Interior,yellow_rumped_warbler,1,apples,0,,Edge is defined as plots adjacent to agriculture (orchards or vineyards),edge_and_shrub_habitat,Knight et al. 2016,other,species,facultative,TRUE,0.17,0.28,40,40,,,0.38,0.83,,,,,,
md_1054,EF9SGNSA,mean_diff,1130,mean_difference,categorical,nest_success,Brood parasitism rate,period_survival,,,,Distance to woody vegetation <= 21 m,Distance to woody vegetation > 21 m,dickcissel,-1,apples,1,,Consider whether this is an adequate proxy for nest success,edge_and_shrub_habitat,Patten et al. 2006,great_plains,species,obligate,TRUE,29.06,8.89,203,45,,,3.19,4.24,,,,,,
md_1055,EF9SGNSA,mean_diff,1131,mean_difference,categorical,nest_success,Brood parasitism rate,period_survival,,,,Burned,Unburned,eastern_meadowlark,-1,apples,1,,,prescribed_fire,Patten et al. 2006,great_plains,species,obligate,TRUE,7.54,2.99,252,234,,,1.66,1.11,,,,,,
md_1056,EF9SGNSA,mean_diff,1132,mean_difference,categorical,nest_success,Brood parasitism rate,period_survival,,,,Burned,Unburned,red_winged_blackbird,-1,apples,1,,,prescribed_fire,Patten et al. 2006,great_plains,species,facultative,TRUE,27.27,2.6,11,77,,,13.43,1.81,,,,,,
md_1057,RYCYMRRZ,mean_diff,1133,mean_difference,categorical,nest_success,Nest survival probability,period_survival,,,,Post-field border establishment,Pre-field border establishment,indigo_bunting_blue_grosbeak,1,apples,0,,,edge_and_shrub_habitat,Riddle and Moorman 2010,southeast_us,species,facultative,TRUE,0.3,0.26,290,42,,,0.08,0.11,,,,,,
md_1058,RYCYMRRZ,mean_diff,1134,mean_difference,categorical,nest_success,Proportion of brood parasitized nests,period_survival,,,,Post-field border establishment,Pre-field border establishment,indigo_bunting_blue_grosbeak,-1,apples,1,,Consider whether this is an adequate proxy for nest success,edge_and_shrub_habitat,Riddle and Moorman 2010,southeast_us,species,facultative,TRUE,0.32,0.35,290,42,,,0.08,0.11,,,,,,
md_1059,UCK86GY9,mean_diff,1135,mean_difference,categorical,nest_success,daily survival rate,daily_survival,,,,Edge nests,Interior nests,artificial_nests,1,apples,0,,,edge_and_shrub_habitat,Skagen et al. 2005,great_plains,artificial_nest,,FALSE,0.841,0.826,156,156,,,0.013,0.014,,,,,,
md_1060,NMR6JN8N,mean_diff,1136,mean_difference,categorical,nest_success,Daily percent predation rate (Dutch Creek),daily_survival,,,,Gradual edge,Abrupt edge,indigo_bunting,-1,apples,0,,,edge_and_shrub_habitat,Suarez et al. 1997,other,species,facultative,TRUE,4.2,7.7,601.5,207.5,0.8,1.8,,,,,,,,
md_1061,NMR6JN8N,mean_diff,1137,mean_difference,categorical,nest_success,Daily percent predation rate (Trail of Tears),daily_survival,,,,Gradual edge,Abrupt edge,indigo_bunting,-1,apples,0,,,edge_and_shrub_habitat,Suarez et al. 1997,other,species,facultative,TRUE,3.6,6.6,250.5,30.5,1.2,4.5,,,,,,,,
md_1062,NMR6JN8N,mean_diff,1138,mean_difference,categorical,nest_success,Daily percent predation rate (Pine Hills),daily_survival,,,,Gradual edge,Abrupt edge,indigo_bunting,-1,apples,0,,,edge_and_shrub_habitat,Suarez et al. 1997,other,species,facultative,TRUE,2.2,8.1,226,37,1,4.5,,,,,,,,
md_1063,NMR6JN8N,mean_diff,1139,mean_difference,categorical,nest_success,Daily percent predation rate (S. Ripple Hollow),daily_survival,,,,Gradual edge,Abrupt edge,indigo_bunting,-1,apples,0,,,edge_and_shrub_habitat,Suarez et al. 1997,other,species,facultative,TRUE,3.6,2.5,84,40,2,2.5,,,,,,,,
md_1064,NMR6JN8N,mean_diff,1140,mean_difference,categorical,nest_success,Daily percent predation rate (Section II),daily_survival,,,,Gradual edge,Abrupt edge,indigo_bunting,-1,apples,0,,,edge_and_shrub_habitat,Suarez et al. 1997,other,species,facultative,TRUE,4.3,18.2,47,6,3,15.8,,,,,,,,
md_1065,TY9UGHCS,mean_diff,1141,mean_difference,categorical,abundance,abundance (birds/point),,,,,Edge,Interior,american_crow,1,apples,0,,,edge_and_shrub_habitat,Valentine et al. 2019,other,species,facultative,TRUE,0.25,0.04,2,2,0.53,0.2,,,,,,,,
md_1066,TY9UGHCS,mean_diff,1142,mean_difference,categorical,abundance,abundance (birds/point),,,,,Edge,Interior,blue_jay,1,apples,0,,,edge_and_shrub_habitat,Valentine et al. 2019,other,species,woodland,FALSE,1.46,0.67,2,2,0.93,0.76,,,,,,,,
md_1067,TY9UGHCS,mean_diff,1143,mean_difference,categorical,abundance,abundance (birds/point),,,,,Edge,Interior,common_grackle,1,apples,0,,,edge_and_shrub_habitat,Valentine et al. 2019,other,species,facultative,TRUE,0,0.04,2,2,0,0.2,,,,,,,,
md_1068,GS4TG5A4,mean_diff,1144,mean_difference,categorical,abundance,density (birds/km^2),,,,,Recently burned patches,Unburned patches,lark_bunting,1,apples,0,,Traced from plot,prescribed_fire,Augustine and Derner 2015,great_plains,species,obligate,TRUE,23.4633,76.2559,3,6,,,6.7395,5.6162,,,,,,
md_1069,GS4TG5A4,mean_diff,1145,mean_difference,categorical,abundance,density (birds/km^2),,,,,Recently burned patches,Unburned patches,horned_lark,1,apples,0,,Traced from plot,prescribed_fire,Augustine and Derner 2015,great_plains,species,obligate,TRUE,27.3795,31.49,3,6,,,1.9931,1.6042,,,,,,
md_1070,GS4TG5A4,mean_diff,1146,mean_difference,categorical,abundance,density (birds/km^2),,,,,Recently burned patches,Unburned patches,western_meadowlark,1,apples,0,,Traced from plot,prescribed_fire,Augustine and Derner 2015,great_plains,species,obligate,TRUE,3.8542,10.6659,3,6,,,1.56,1.3252,,,,,,
md_1071,GS4TG5A4,mean_diff,1147,mean_difference,categorical,abundance,density (birds/km^2),,,,,Recently burned patches,Unburned patches,mccowns_longspur,1,apples,0,,Traced from plot; upper and lower error bars were not symmetrical for treatment,prescribed_fire,Augustine and Derner 2015,great_plains,species,obligate,TRUE,21.9008,8.4561,3,6,,,11.955,4.0725,,,,,,
md_1072,GS4TG5A4,mean_diff,1148,mean_difference,categorical,abundance,density (birds/km^2),,,,,Recently burned patches,Unburned patches,grasshopper_sparrow,1,apples,0,,Traced from plot,prescribed_fire,Augustine and Derner 2015,great_plains,species,obligate,TRUE,0,6.5079,3,6,,,0,1.4796,,,,,,
md_1073,GS4TG5A4,mean_diff,1149,mean_difference,categorical,abundance,density (birds/km^2),,,,,Recently burned patches,Unburned patches,mountain_plover,1,apples,0,,Traced from plot,prescribed_fire,Augustine and Derner 2015,great_plains,species,obligate,TRUE,6.4704,0,3,6,,,0.7666,0,,,,,,
md_1074,W9HAEBRV,mean_diff,1150,mean_difference,categorical,abundance,Number of territories,,,,,Extensively grazed pastures,Intensively grazed pastures,grassland_species,1,apples,0,,"Traced from plot; extensive and intensive represent low and high grazing pressure, respectively",reduce_grazing_intensity,Batáry et al. 2007,europe,guild,facultative,TRUE,19.4113,10.1848,21,21,,,6.9606,3.4806,,,,,,
md_1075,FE9EGUNZ,mean_diff,1151,mean_difference,categorical,abundance,abundance,,,,,organic (2003),conventionional (2003),all_species,1,apples,0,,Traced from plot,eliminate_pesticides,Bouvier et al. 2011,europe,aggregate,,TRUE,43.5737,14.3705,5,5,,,3.2073,2.9112,,,,,,
md_1076,FE9EGUNZ,mean_diff,1152,mean_difference,categorical,abundance,abundance,,,,,organic (2004),conventionional (2004),all_species,1,apples,0,,Traced from plot,eliminate_pesticides,Bouvier et al. 2011,europe,aggregate,,TRUE,49.0177,18.6303,5,5,,,4.1941,3.75,,,,,,
md_1077,FE9EGUNZ,mean_diff,1153,mean_difference,categorical,abundance,abundance,,,,,organic (2005),conventionional (2005),all_species,1,apples,0,,Traced from plot,eliminate_pesticides,Bouvier et al. 2011,europe,aggregate,,TRUE,45.2842,15.3408,5,5,,,4.8848,2.3684,,,,,,
md_1078,FE9EGUNZ,mean_diff,1154,mean_difference,categorical,species_richness,species_richness,,,,,organic (2003),conventionional (2003),all_species,1,apples,0,,Traced from plot,eliminate_pesticides,Bouvier et al. 2011,europe,aggregate,,TRUE,23.2625,9.3184,5,5,,,1.1826,1.138,,,,,,
md_1079,FE9EGUNZ,mean_diff,1155,mean_difference,categorical,species_richness,species_richness,,,,,organic (2004),conventionional (2004),all_species,1,apples,0,,Traced from plot,eliminate_pesticides,Bouvier et al. 2011,europe,aggregate,,TRUE,24.8281,10.1477,5,5,,,1.1602,1.1602,,,,,,
md_1080,FE9EGUNZ,mean_diff,1156,mean_difference,categorical,species_richness,species_richness,,,,,organic (2005),conventionional (2005),all_species,1,apples,0,,Traced from plot,eliminate_pesticides,Bouvier et al. 2011,europe,aggregate,,TRUE,22.7344,8.768,5,5,,,1.1602,1.138,,,,,,
md_1081,FE9EGUNZ,mean_diff,1157,mean_difference,categorical,abundance,abundance,,,,,organic,conventionional,insectivores,1,apples,0,,Traced from plot,eliminate_pesticides,Bouvier et al. 2011,europe,guild,other,TRUE,23.5516,7.133,5,5,,,1.5491,0.6663,,,,,,
md_1082,FE9EGUNZ,mean_diff,1158,mean_difference,categorical,abundance,abundance,,,,,organic,conventionional,granivores,1,apples,0,,Traced from plot,eliminate_pesticides,Bouvier et al. 2011,europe,guild,other,TRUE,13.2724,7.0647,5,5,,,1.5657,1.0994,,,,,,
md_1083,QX25INTP,mean_diff,1159,mean_difference,categorical,nest_success,daily survival rate,daily_survival,,,,Rotational grazing,Pre-treatment,red_winged_blackbird,1,apples,0,,Traced from plot,rotational_grazing,Buckley et al. 2022,southeast_us,species,facultative,TRUE,0.9435,0.9775,14,18,,,0.009993,0.019,,,,,,
md_1084,QX25INTP,mean_diff,1160,mean_difference,categorical,nest_success,daily survival rate,daily_survival,,,,Rotational grazing,Pre-treatment,field_sparrow,1,apples,0,,Traced from plot,rotational_grazing,Buckley et al. 2022,southeast_us,species,facultative,TRUE,0.9455,0.954,56,41,,,0.0111,0.028,,,,,,
md_1085,QX25INTP,mean_diff,1161,mean_difference,categorical,nest_success,daily survival rate,daily_survival,,,,Rotational grazing,Pre-treatment,indigo_bunting,1,apples,0,,Traced from plot,rotational_grazing,Buckley et al. 2022,southeast_us,species,facultative,TRUE,0.9327,0.9231,8,13,,,0.0099937,0.024,,,,,,
md_1086,QX25INTP,mean_diff,1162,mean_difference,categorical,nest_success,daily survival rate,daily_survival,,,,Patch-burn grazed,Pre-treatment,field_sparrow,1,oranges,0,,Consider changing the bmp or dropping; Traced from plot; Could migrate to patch-burn vs. rotation grazing with a new trace,rotational_grazing,Buckley et al. 2022,southeast_us,species,facultative,TRUE,0.9239,0.954,84,41,,,0.0202,0.028,,,,,,
md_1087,QX25INTP,mean_diff,1163,mean_difference,categorical,nest_success,daily survival rate,daily_survival,,,,Patch-burn grazed,Pre-treatment,indigo_bunting,1,oranges,0,,Traced from plot,rotational_grazing,Buckley et al. 2022,southeast_us,species,facultative,TRUE,0.9327,0.9231,23,13,,,0.0079947,0.024,,,,,,
md_1088,QX25INTP,mean_diff,1164,mean_difference,categorical,nest_success,Percent nest_success,period_survival,,,,Rotational grazing,Pre-treatment,red_winged_blackbird,1,apples,0,,Traced from plot,rotational_grazing,Buckley et al. 2022,southeast_us,species,facultative,TRUE,27.7012,60.5786,14,18,,,4.5762,5.3215,,,,,,
md_1089,QX25INTP,mean_diff,1165,mean_difference,categorical,nest_success,Percent nest_success,period_survival,,,,Rotational grazing,Pre-treatment,field_sparrow,1,apples,0,,Traced from plot,rotational_grazing,Buckley et al. 2022,southeast_us,species,facultative,TRUE,42.9747,49.0299,56,41,,,5.7466,5.4275,,,,,,
md_1090,QX25INTP,mean_diff,1166,mean_difference,categorical,nest_success,Percent nest_success,period_survival,,,,Rotational grazing,Pre-treatment,indigo_bunting,1,apples,0,,Traced from plot,rotational_grazing,Buckley et al. 2022,southeast_us,species,facultative,TRUE,26.4236,21.7283,8,13,,,6.1722,4.8936,,,,,,
md_1091,QX25INTP,mean_diff,1167,mean_difference,categorical,nest_success,Percent nest_success,period_survival,,,,Patch-burn grazed,Pre-treatment,field_sparrow,1,oranges,0,,Consider changing the bmp or dropping; Traced from plot,rotational_grazing,Buckley et al. 2022,southeast_us,species,facultative,TRUE,30.3206,49.0299,84,41,,,7.3432,5.4275,,,,,,
md_1092,QX25INTP,mean_diff,1168,mean_difference,categorical,nest_success,Percent nest_success,period_survival,,,,Patch-burn grazed,Pre-treatment,indigo_bunting,1,oranges,0,,Traced from plot,rotational_grazing,Buckley et al. 2022,southeast_us,species,facultative,TRUE,26.3288,21.7283,23,13,,,9.0462,4.8936,,,,,,
md_1093,2WJYSYDE,mean_diff,1169,mean_difference,categorical,abundance,abundance,,,,,Holistic resource managment,Continuous grazing,grassland_obligates,1,apples,0,,"Traced from plot; Holistic resource management is defined as frequent rotation, long rest periods, and high stocking density",rotational_grazing,Cassidy and Kleppel 2017,other,guild,obligate,TRUE,2.1172,0.4183,13,4,,,0.3997,0.3997,,,,,,
md_1094,2WJYSYDE,mean_diff,1170,mean_difference,categorical,abundance,abundance,,,,,Holistic resource managment,Continuous grazing,savannah_sparrow,1,apples,0,,"Traced from plot; Holistic resource management is defined as frequent rotation, long rest periods, and high stocking density",rotational_grazing,Cassidy and Kleppel 2017,other,species,obligate,TRUE,1.1444,0.1636,13,4,,,0.2404,0.1543,,,,,,
md_1095,2WJYSYDE,mean_diff,1171,mean_difference,categorical,abundance,abundance,,,,,Holistic resource managment,Continuous grazing,bobolink,1,apples,0,,"Traced from plot; Holistic resource management is defined as frequent rotation, long rest periods, and high stocking density",rotational_grazing,Cassidy and Kleppel 2017,other,species,obligate,TRUE,0.9003,0.2533,13,4,,,0.3445,0.2404,,,,,,
md_1096,2WJYSYDE,mean_diff,1172,mean_difference,categorical,abundance,abundance,,,,,Holistic resource managment,Continuous grazing,eastern_meadowlark,1,apples,0,,"Traced from plot; Holistic resource management is defined as frequent rotation, long rest periods, and high stocking density",rotational_grazing,Cassidy and Kleppel 2017,other,species,obligate,TRUE,0.0685,0,13,4,,,0.0689,0,,,,,,
md_1097,2WJYSYDE,mean_diff,1173,mean_difference,categorical,abundance,abundance,,,,,Holistic resource managment,Continuous grazing,killdeer,1,apples,0,,"Traced from plot; Holistic resource management is defined as frequent rotation, long rest periods, and high stocking density",rotational_grazing,Cassidy and Kleppel 2017,other,species,facultative,TRUE,0,0.2511,13,4,,,0,0.1295,,,,,,
md_1098,ECUBV53L,mean_diff,1174,mean_difference,categorical,abundance,abundance (individuals/100 ha),,,,,CP2 (NWSG) fields,CP1 (CSG) fields,dickcissel,1,apples,0,,Traced from plot,plant_nwsg,Delisle and Savidge 1997,great_plains,species,obligate,TRUE,198.6758,135.9061,5,5,,,28.3834,28.111,,,,,,
md_1099,ECUBV53L,mean_diff,1175,mean_difference,categorical,abundance,abundance (individuals/100 ha),,,,,CP2 (NWSG) fields,CP1 (CSG) fields,grasshopper_sparrow,1,apples,0,,Traced from plot,plant_nwsg,Delisle and Savidge 1997,great_plains,species,obligate,TRUE,40.7762,62.3401,5,5,,,18.0128,11.1896,,,,,,
md_1100,ECUBV53L,mean_diff,1176,mean_difference,categorical,abundance,abundance (individuals/100 ha),,,,,CP2 (NWSG) fields,CP1 (CSG) fields,common_yellowthroat,1,apples,0,,Traced from plot,plant_nwsg,Delisle and Savidge 1997,great_plains,species,facultative,TRUE,27.6634,0,5,5,,,7.6416,0,,,,,,
md_1101,ECUBV53L,mean_diff,1177,mean_difference,categorical,abundance,abundance (individuals/100 ha),,,,,CP2 (NWSG) fields,CP1 (CSG) fields,bobolink,1,apples,0,,Traced from plot,plant_nwsg,Delisle and Savidge 1997,great_plains,species,obligate,TRUE,0,25.7435,5,5,,,0,8.7332,,,,,,
md_1102,ECUBV53L,mean_diff,1178,mean_difference,categorical,abundance,abundance (individuals/100 ha),,,,,CP2 (NWSG) fields,CP1 (CSG) fields,brown_headed_cowbird,1,apples,0,,Traced from plot,plant_nwsg,Delisle and Savidge 1997,great_plains,species,facultative,TRUE,24.0903,31.1895,5,5,,,7.0958,7.0959,,,,,,
md_1103,ECUBV53L,mean_diff,1179,mean_difference,categorical,abundance,abundance (individuals/100 ha),,,,,CP2 (NWSG) fields,CP1 (CSG) fields,red_winged_blackbird,1,apples,0,,Traced from plot,plant_nwsg,Delisle and Savidge 1997,great_plains,species,facultative,TRUE,19.4383,34.1796,5,5,,,7.6416,14.1915,,,,,,
md_1104,ECUBV53L,mean_diff,1180,mean_difference,categorical,abundance,abundance (individuals/100 ha),,,,,CP2 (NWSG) fields,CP1 (CSG) fields,sedge_wren,1,apples,0,,Traced from plot,plant_nwsg,Delisle and Savidge 1997,great_plains,species,obligate,TRUE,20.7906,7.1473,5,5,,,5.7311,3.8208,,,,,,
md_1105,ECUBV53L,mean_diff,1181,mean_difference,categorical,abundance,abundance (individuals/100 ha),,,,,CP2 (NWSG) fields,CP1 (CSG) fields,mourning_dove,1,apples,0,,Traced from plot,plant_nwsg,Delisle and Savidge 1997,great_plains,species,facultative,TRUE,7.9506,8.2266,5,5,,,1.9104,3.5479,,,,,,
md_1106,ECUBV53L,mean_diff,1182,mean_difference,categorical,abundance,abundance (individuals/100 ha),,,,,CP2 (NWSG) fields,CP1 (CSG) fields,northern_bobwhite,1,apples,0,,Traced from plot,plant_nwsg,Delisle and Savidge 1997,great_plains,species,facultative,TRUE,9.3031,7.1227,5,5,,,6.823,3.0021,,,,,,
md_1107,ECUBV53L,mean_diff,1183,mean_difference,categorical,abundance,abundance (individuals/100 ha),,,,,CP2 (NWSG) fields,CP1 (CSG) fields,meadowlark_spp,1,apples,0,,Traced from plot,plant_nwsg,Delisle and Savidge 1997,great_plains,guild,obligate,TRUE,7.38,6.5642,5,5,,,2.4563,1.9104,,,,,,
md_1108,ECUBV53L,mean_diff,1184,mean_difference,categorical,abundance,abundance (individuals/100 ha),,,,,CP2 (NWSG) fields,CP1 (CSG) fields,ring_necked_pheasant,1,apples,0,,Traced from plot,plant_nwsg,Delisle and Savidge 1997,great_plains,species,facultative,TRUE,6.2756,3.8224,5,5,,,2.1833,1.9104,,,,,,
md_1109,ZXCUY5K9,mean_diff,1185,mean_difference,categorical,species_richness,shannon diversity,,,,,season-long grazing with dormant season patch-burning,season long grazing (no fire),all_species,1,apples,0,,Traced from plot; treatment: one-fourth pasture burned late April–early May at a 4-year return interval,prescribed_fire,Duquette et al. 2022,great_plains,aggregate,,TRUE,1.4998,1.5192,4,4,,,,,1.4191,1.4392,1.5691,1.5992000000000002,,
md_1110,ZXCUY5K9,mean_diff,1186,mean_difference,categorical,species_richness,shannon diversity,,,,,season-long grazing with dormant season and growing season patch-burning at a 4-year return interval,season long grazing (no fire),all_species,1,apples,0,,Traced from plot; treatment: one-eighth pasture burned late April–early May and one-eighth pasture burned late August–late September at a 4-year return interval,prescribed_fire,Duquette et al. 2022,great_plains,aggregate,,TRUE,1.5697,1.5192,4,4,,,,,1.4896,1.4392,1.6498000000000002,1.5992000000000002,,
md_1111,ZXCUY5K9,mean_diff,1187,mean_difference,categorical,species_richness,shannon diversity,,,,,modified twice-over rest rotation,season long grazing,all_species,1,apples,0,,Traced from plot; treatment: variably stocked paddocks,rotational_grazing,Duquette et al. 2022,great_plains,aggregate,,TRUE,1.35,1.5192,4,4,,,,,1.2611,1.4392,1.4392,1.5992000000000002,,
md_1112,ZXCUY5K9,mean_diff,1188,mean_difference,categorical,abundance,density (individuals/ha),,,,,season-long grazing with dormant season patch-burning,season long grazing (no fire),bobolink,1,apples,0,,"Traced from plot; treatment: one-fourth pasture burned late April–early May at a 4-year return interval; Error type is not given, but assumed to be confidence intervals",prescribed_fire,Duquette et al. 2022,great_plains,species,obligate,TRUE,0.8394,0.8002,4,4,,,,,0.6173000000000001,0.5882000000000001,1.1407,1.1004,,
md_1113,ZXCUY5K9,mean_diff,1189,mean_difference,categorical,abundance,density (individuals/ha),,,,,season-long grazing with dormant season and growing season patch-burning at a 4-year return interval,season long grazing (no fire),bobolink,1,apples,0,,"Traced from plot; treatment: one-eighth pasture burned late April–early May and one-eighth pasture burned late August–late September at a 4-year return interval; Error type is not given, but assumed to be confidence intervals",prescribed_fire,Duquette et al. 2022,great_plains,species,obligate,TRUE,0.488,0.8002,4,4,,,,,0.3474,0.5882000000000001,0.6878,1.1004,,
md_1114,ZXCUY5K9,mean_diff,1190,mean_difference,categorical,abundance,density (individuals/ha),,,,,modified twice-over rest rotation,season long grazing,bobolink,1,apples,0,,"Traced from plot; treatment: variably stocked paddocks; Error type is not given, but assumed to be confidence intervals",rotational_grazing,Duquette et al. 2022,great_plains,species,obligate,TRUE,0.7995,0.8002,4,4,,,,,0.5674,0.5882000000000001,1.1109,1.1004,,
md_1115,ZXCUY5K9,mean_diff,1191,mean_difference,categorical,abundance,density (individuals/ha),,,,,season-long grazing with dormant season patch-burning,season long grazing (no fire),chestnut_collared_longspur,1,apples,0,,"Traced from plot; treatment: one-fourth pasture burned late April–early May at a 4-year return interval; Error type is not given, but assumed to be confidence intervals",prescribed_fire,Duquette et al. 2022,great_plains,species,obligate,TRUE,0.5098,0.1495,4,4,,,,,0.36030000000000006,0.08909999999999998,0.6986,0.2396,,
md_1116,ZXCUY5K9,mean_diff,1192,mean_difference,categorical,abundance,density (individuals/ha),,,,,season-long grazing with dormant season and growing season patch-burning at a 4-year return interval,season long grazing (no fire),chestnut_collared_longspur,1,apples,0,,"Traced from plot; treatment: one-eighth pasture burned late April–early May and one-eighth pasture burned late August–late September at a 4-year return interval; Error type is not given, but assumed to be confidence intervals",prescribed_fire,Duquette et al. 2022,great_plains,species,obligate,TRUE,0.2997,0.1495,4,4,,,,,0.2,0.08909999999999998,0.4291,0.2396,,
md_1117,ZXCUY5K9,mean_diff,1193,mean_difference,categorical,abundance,density (individuals/ha),,,,,modified twice-over rest rotation,season long grazing,chestnut_collared_longspur,1,apples,0,,"Traced from plot; treatment: variably stocked paddocks; Error type is not given, but assumed to be confidence intervals",rotational_grazing,Duquette et al. 2022,great_plains,species,obligate,TRUE,0.666,0.1495,4,4,,,,,0.6363000000000001,0.08909999999999998,0.7350000000000001,0.2396,,
md_1118,ZXCUY5K9,mean_diff,1194,mean_difference,categorical,abundance,density (individuals/ha),,,,,season-long grazing with dormant season patch-burning,season long grazing (no fire),clay_colored_sparrow,1,apples,0,,"Traced from plot; treatment: one-fourth pasture burned late April–early May at a 4-year return interval; Error type is not given, but assumed to be confidence intervals",prescribed_fire,Duquette et al. 2022,great_plains,species,facultative,TRUE,1.4132,2.543,4,4,,,,,1.0906,2.0269000000000004,1.8058,3.1935,,
md_1119,ZXCUY5K9,mean_diff,1195,mean_difference,categorical,abundance,density (individuals/ha),,,,,season-long grazing with dormant season and growing season patch-burning at a 4-year return interval,season long grazing (no fire),clay_colored_sparrow,1,apples,0,,"Traced from plot; treatment: one-eighth pasture burned late April–early May and one-eighth pasture burned late August–late September at a 4-year return interval; Error type is not given, but assumed to be confidence intervals",prescribed_fire,Duquette et al. 2022,great_plains,species,facultative,TRUE,1.1114,2.543,4,4,,,,,0.8533,2.0269000000000004,1.4394,3.1935,,
md_1120,ZXCUY5K9,mean_diff,1196,mean_difference,categorical,abundance,density (individuals/ha),,,,,modified twice-over rest rotation,season long grazing,clay_colored_sparrow,1,apples,0,,"Traced from plot; treatment: variably stocked paddocks; Error type is not given, but assumed to be confidence intervals",rotational_grazing,Duquette et al. 2022,great_plains,species,facultative,TRUE,3.7343,2.543,4,4,,,,,2.9868,2.0269000000000004,4.6646,3.1935,,
md_1121,ZXCUY5K9,mean_diff,1197,mean_difference,categorical,abundance,density (individuals/ha),,,,,season-long grazing with dormant season patch-burning,season long grazing (no fire),grasshopper_sparrow,1,apples,0,,"Traced from plot; treatment: one-fourth pasture burned late April–early May at a 4-year return interval; Error type is not given, but assumed to be confidence intervals",prescribed_fire,Duquette et al. 2022,great_plains,species,obligate,TRUE,1.459,1.3504,4,4,,,,,1.1986,1.1117,1.779,1.6571,,
md_1122,ZXCUY5K9,mean_diff,1198,mean_difference,categorical,abundance,density (individuals/ha),,,,,season-long grazing with dormant season and growing season patch-burning at a 4-year return interval,season long grazing (no fire),grasshopper_sparrow,1,apples,0,,"Traced from plot; treatment: one-eighth pasture burned late April–early May and one-eighth pasture burned late August–late September at a 4-year return interval; Error type is not given, but assumed to be confidence intervals",prescribed_fire,Duquette et al. 2022,great_plains,species,obligate,TRUE,1.3139,1.3504,4,4,,,,,1.0752000000000002,1.1117,1.6035,1.6571,,
md_1123,ZXCUY5K9,mean_diff,1199,mean_difference,categorical,abundance,density (individuals/ha),,,,,modified twice-over rest rotation,season long grazing,grasshopper_sparrow,1,apples,0,,"Traced from plot; treatment: variably stocked paddocks; Error type is not given, but assumed to be confidence intervals",rotational_grazing,Duquette et al. 2022,great_plains,species,obligate,TRUE,0.7429,1.3504,4,4,,,,,0.5734,1.1117,0.9599,1.6571,,
md_1124,ZXCUY5K9,mean_diff,1200,mean_difference,categorical,abundance,density (individuals/ha),,,,,season-long grazing with dormant season patch-burning,season long grazing (no fire),savannah_sparrow,1,apples,0,,"Traced from plot; treatment: one-fourth pasture burned late April–early May at a 4-year return interval; Error type is not given, but assumed to be confidence intervals",prescribed_fire,Duquette et al. 2022,great_plains,species,obligate,TRUE,0.8375,0.7473,4,4,,,,,0.6273,0.5586,1.1153,0.9961,,
md_1125,ZXCUY5K9,mean_diff,1201,mean_difference,categorical,abundance,density (individuals/ha),,,,,season-long grazing with dormant season and growing season patch-burning at a 4-year return interval,season long grazing (no fire),savannah_sparrow,1,apples,0,,"Traced from plot; treatment: one-eighth pasture burned late April–early May and one-eighth pasture burned late August–late September at a 4-year return interval; Error type is not given, but assumed to be confidence intervals",prescribed_fire,Duquette et al. 2022,great_plains,species,obligate,TRUE,0.6394,0.7473,4,4,,,,,0.4695,0.5586,0.8664999999999999,0.9961,,
md_1126,ZXCUY5K9,mean_diff,1202,mean_difference,categorical,abundance,density (individuals/ha),,,,,modified twice-over rest rotation,season long grazing,savannah_sparrow,1,apples,0,,"Traced from plot; treatment: variably stocked paddocks; Error type is not given, but assumed to be confidence intervals",rotational_grazing,Duquette et al. 2022,great_plains,species,obligate,TRUE,0.8394,0.7473,4,4,,,,,0.6198,0.5586,1.1379,0.9961,,
md_1127,ZXCUY5K9,mean_diff,1203,mean_difference,categorical,abundance,density (individuals/ha),,,,,season-long grazing with dormant season patch-burning,season long grazing (no fire),western_meadowlark,1,apples,0,,"Traced from plot; treatment: one-fourth pasture burned late April–early May at a 4-year return interval; Error type is not given, but assumed to be confidence intervals",prescribed_fire,Duquette et al. 2022,great_plains,species,obligate,TRUE,2.6681,2.7893,4,4,,,,,1.3466,1.4085,5.2803,5.5372,,
md_1128,ZXCUY5K9,mean_diff,1204,mean_difference,categorical,abundance,density (individuals/ha),,,,,season-long grazing with dormant season and growing season patch-burning at a 4-year return interval,season long grazing (no fire),western_meadowlark,1,apples,0,,"Traced from plot; treatment: one-eighth pasture burned late April–early May and one-eighth pasture burned late August–late September at a 4-year return interval; Error type is not given, but assumed to be confidence intervals",prescribed_fire,Duquette et al. 2022,great_plains,species,obligate,TRUE,2.9795,2.7893,4,4,,,,,1.5064999999999995,1.4085,5.8565,5.5372,,
md_1129,ZXCUY5K9,mean_diff,1205,mean_difference,categorical,abundance,density (individuals/ha),,,,,modified twice-over rest rotation,season long grazing,western_meadowlark,1,apples,0,,"Traced from plot; treatment: variably stocked paddocks; Error type is not given, but assumed to be confidence intervals",rotational_grazing,Duquette et al. 2022,great_plains,species,obligate,TRUE,0.9988,2.7893,4,4,,,,,0.4678,1.4085,2.0616,5.5372,,
md_1130,AGDXXJXK,mean_diff,1206,mean_difference,categorical,abundance,density (birds/ha),,,,,Native mixed grass prairie,Old world bluestem monoculture,grasshopper_sparrow,1,apples,0,,Traced from plot,plant_nwsg,George et al. 2013,great_plains,species,obligate,TRUE,0.9466,1.6972,6,6,,,0.2469,0.2768,,,,,,
md_1131,AGDXXJXK,mean_diff,1207,mean_difference,categorical,abundance,density (birds/ha),,,,,Native mixed grass prairie,Old world bluestem monoculture,dickcissel,1,apples,0,,Traced from plot,plant_nwsg,George et al. 2013,great_plains,species,obligate,TRUE,0.7974,0.5106,6,6,,,0.2444,0.2619,,,,,,
md_1132,AGDXXJXK,mean_diff,1208,mean_difference,categorical,abundance,density (birds/ha),,,,,Native mixed grass prairie,Old world bluestem monoculture,eastern_meadowlark,1,apples,0,,Traced from plot,plant_nwsg,George et al. 2013,great_plains,species,obligate,TRUE,0.4538,0.511,6,6,,,0.1198,0.1222,,,,,,
md_1133,AGDXXJXK,mean_diff,1209,mean_difference,categorical,abundance,density (birds/ha),,,,,Native mixed grass prairie,Old world bluestem monoculture,brown_headed_cowbird,1,apples,0,,Traced from plot,plant_nwsg,George et al. 2013,great_plains,species,facultative,TRUE,0.0552,0.1199,6,6,,,0.02,0.0798,,,,,,
md_1134,AGDXXJXK,mean_diff,1210,mean_difference,categorical,abundance,density (birds/ha),,,,,Native mixed grass prairie,Old world bluestem monoculture,killdeer,1,apples,0,,Traced from plot,plant_nwsg,George et al. 2013,great_plains,species,facultative,TRUE,0.0108,0.0879,6,6,,,0.0099865,0.0424,,,,,,
md_1135,AGDXXJXK,mean_diff,1211,mean_difference,categorical,abundance,density (birds/ha),,,,,Native mixed grass prairie,Old world bluestem monoculture,common_nighthawk,1,apples,0,,Traced from plot,plant_nwsg,George et al. 2013,great_plains,species,facultative,TRUE,0.0312,0.0684,6,6,,,0.0175,0.0574,,,,,,
md_1136,AGDXXJXK,mean_diff,1212,mean_difference,categorical,abundance,density (birds/ha),,,,,Native mixed grass prairie,Old world bluestem monoculture,mourning_dove,1,apples,0,,Traced from plot,plant_nwsg,George et al. 2013,great_plains,species,facultative,TRUE,0.0765,0.0789,6,6,,,0.0524,0.0474,,,,,,
md_1137,AGDXXJXK,mean_diff,1213,mean_difference,categorical,abundance,density (birds/ha),,,,,Native mixed grass prairie,Old world bluestem monoculture,northern_bobwhite,1,apples,1,,Traced from plot,plant_nwsg,George et al. 2013,great_plains,species,facultative,TRUE,0.0594,0.0019289,6,6,,,0.0274,3.817e-6,,,,,,
md_1138,AGDXXJXK,mean_diff,1214,mean_difference,categorical,abundance,density (birds/ha),,,,,Native mixed grass prairie,Old world bluestem monoculture,lark_sparrow,1,apples,0,,Traced from plot,plant_nwsg,George et al. 2013,great_plains,species,facultative,TRUE,0.1123,0.0224,6,6,,,0.0848,0.0175,,,,,,
md_1139,5LF5W5A9,mean_diff,1215,mean_difference,categorical,abundance,nest density (nests/ha),,,,,Sites burned that year or the previous year,Unburned sites,dickcissel,1,apples,0,,Traced from plot; Sample size is sites and years,prescribed_fire,Glass and Eichholz 2023,other,species,obligate,TRUE,1.3164,0.2374,3,37,,,,,0.8240000000000001,0.0758,1.8088,0.399,,
md_1140,5LF5W5A9,mean_diff,1216,mean_difference,categorical,abundance,nest density (nests/ha),,,,,Distance to edge (0 - 20 m),Distance to edge (>40 m),field_sparrow,1,apples,0,,Traced from plot; Sample size is number of sites,edge_and_shrub_habitat,Glass and Eichholz 2023,other,species,facultative,TRUE,1.1499,0.5672,10,10,,,,,0.8489,0.22850000000000004,1.4509,0.9059,,
md_1141,5LF5W5A9,mean_diff,1217,mean_difference,categorical,abundance,nest density (nests/ha),,,,,Distance to edge (0 - 20 m),Distance to edge (>40 m),dickcissel,1,apples,0,,Traced from plot; Sample size is number of sites,edge_and_shrub_habitat,Glass and Eichholz 2023,other,species,obligate,TRUE,0.2657,0.3184,10,10,,,,,0.03849999999999998,0.09840000000000002,0.4929,0.5384,,
md_1142,5LF5W5A9,mean_diff,1218,mean_difference,categorical,abundance,nest density (nests/ha),,,,,Distance to edge (0 - 20 m),Distance to edge (>40 m),common_yellowthroat,1,apples,0,,Traced from plot; Sample size is number of sites,edge_and_shrub_habitat,Glass and Eichholz 2023,other,species,facultative,TRUE,0.2875,0.236,10,10,,,,,0.05739999999999998,0.06969999999999998,0.5176,0.4023,,
md_1143,FFFPKYB5,mean_diff,1219,mean_difference,categorical,nest_success,daily nest predation rate,daily_survival,,,,Distance to woodland edge (<= 50 m),Distance to woodland edge (>100 m),dickcissel,-1,apples,0,,Traced from plot; Error is assumed to be standard error; Sample size is exposure days,edge_and_shrub_habitat,Jensen and Finck 2004,great_plains,species,obligate,TRUE,0.1621,0.0737,37,476,,,0.061,0.0118,,,,,,
md_1144,FFFPKYB5,mean_diff,1220,mean_difference,categorical,abundance,nest density (nests/ha),,,,,Distance to woodland edge (<= 50 m),Distance to woodland edge (>100 m),dickcissel,1,apples,0,,Traced from plot; Error is assumed to be standard error,edge_and_shrub_habitat,Jensen and Finck 2004,great_plains,species,obligate,TRUE,0.0399,0.1475,7,7,,,0.0154,0.0515,,,,,,
md_1145,H9PA8BNU,mean_diff,1221,mean_difference,categorical,nest_success,mayfield daily nest survival rate,daily_survival,,,,Organic farms (2005),Conventional farms (2005),northern_lapwing,1,apples,0,,Traced from plot,eliminate_pesticides,Kragten and de Snoo 2007,europe,species,obligate,TRUE,0.9605,0.976,80,45,,,0.0062167,0.0060227,,,,,,
md_1146,H9PA8BNU,mean_diff,1222,mean_difference,categorical,nest_success,mayfield daily nest survival rate,daily_survival,,,,Organic farms (2006),Conventional farms (2006),northern_lapwing,1,apples,0,,Traced from plot,eliminate_pesticides,Kragten and de Snoo 2007,europe,species,obligate,TRUE,0.9557,0.9585,71,46,,,0.0066052,0.0079645,,,,,,
md_1147,JGT3P9TP,mean_diff,1223,mean_difference,categorical,nest_success,DSR,daily_survival,,,,Nests <=50 m from forest edge,Nests >100 m from forest edge,bobolink,1,apples,0,,Traced from plot; Sample size is exposure days,edge_and_shrub_habitat,Bollinger and Gavin 2004,other,species,obligate,TRUE,0.9519,0.9788,501,1237,,,0.0094157,0.0040393,,,,,,
md_1148,XXILUEDP,mean_diff,1224,mean_difference,categorical,abundance,density (birds/.08 ha),,,,,NWSG/flowers field borders (2009),Mowed field borders (2009),sparrows,1,apples,0,,Traced from plot,provide_overwintering_habitat,Plush et al. 2013,southeast_us,guild,other,TRUE,4.4107,0.83,9,9,,,1.645,0.5953,,,,,,
md_1148,XXILUEDP,mean_diff,1224,mean_difference,categorical,abundance,density (birds/.08 ha),,,,,NWSG/flowers field borders (2009),Mowed field borders (2009),sparrows,1,apples,0,,Traced from plot,edge_and_shrub_habitat,Plush et al. 2013,southeast_us,guild,other,TRUE,4.4107,0.83,9,9,,,1.645,0.5953,,,,,,
md_1149,XXILUEDP,mean_diff,1226,mean_difference,categorical,abundance,density (birds/.08 ha),,,,,NWSG/flowers field borders (2010),Mowed field borders (2010),sparrows,1,apples,0,,Traced from plot,provide_overwintering_habitat,Plush et al. 2013,southeast_us,guild,other,TRUE,5.4923,0.8776,9,9,,,2.0367,0.7207,,,,,,
md_1149,XXILUEDP,mean_diff,1226,mean_difference,categorical,abundance,density (birds/.08 ha),,,,,NWSG/flowers field borders (2010),Mowed field borders (2010),sparrows,1,apples,0,,Traced from plot,edge_and_shrub_habitat,Plush et al. 2013,southeast_us,guild,other,TRUE,5.4923,0.8776,9,9,,,2.0367,0.7207,,,,,,
md_1150,XXILUEDP,mean_diff,1228,mean_difference,categorical,abundance,density (birds/.08 ha),,,,,Fallow field borders (2009),Mowed field borders (2009),sparrows,1,apples,0,,Traced from plot,provide_overwintering_habitat,Plush et al. 2013,southeast_us,guild,other,TRUE,5.0418,0.83,9,9,,,2.8199,0.5953,,,,,,
md_1150,XXILUEDP,mean_diff,1228,mean_difference,categorical,abundance,density (birds/.08 ha),,,,,Fallow field borders (2009),Mowed field borders (2009),sparrows,1,apples,0,,Traced from plot,edge_and_shrub_habitat,Plush et al. 2013,southeast_us,guild,other,TRUE,5.0418,0.83,9,9,,,2.8199,0.5953,,,,,,
md_1151,XXILUEDP,mean_diff,1230,mean_difference,categorical,abundance,density (birds/.08 ha),,,,,Fallow field borders (2010),Mowed field borders (2010),sparrows,1,apples,0,,Traced from plot,provide_overwintering_habitat,Plush et al. 2013,southeast_us,guild,other,TRUE,8.5359,0.8776,9,9,,,3.1961,0.7207,,,,,,
md_1151,XXILUEDP,mean_diff,1230,mean_difference,categorical,abundance,density (birds/.08 ha),,,,,Fallow field borders (2010),Mowed field borders (2010),sparrows,1,apples,0,,Traced from plot,edge_and_shrub_habitat,Plush et al. 2013,southeast_us,guild,other,TRUE,8.5359,0.8776,9,9,,,3.1961,0.7207,,,,,,
md_1152,VXQYBKJ5,mean_diff,1232,mean_difference,categorical,nest_success,Probability of nesting success,period_survival,,,,Twice-over rotational grazing (2011),Season-long grazing (2011),clay_colored_sparrow,1,apples,0,,Traced from plot; Sample size calculated,rotational_grazing,Carnochan et al. 2018,great_plains,species,facultative,TRUE,0.0979,0.2155,9,3,,,,,-0.1232,-0.3448,0.319,0.7758,,
md_1153,VXQYBKJ5,mean_diff,1233,mean_difference,categorical,nest_success,Probability of nesting success,period_survival,,,,Twice-over rotational grazing (2012),Season-long grazing (2012),clay_colored_sparrow,1,apples,0,,Traced from plot; Sample size calculated,rotational_grazing,Carnochan et al. 2018,great_plains,species,facultative,TRUE,0.4588,0.5981,21,8,,,,,-0.08520000000000005,0.1950999999999999,1.0028,1.0011,,
md_1154,VXQYBKJ5,mean_diff,1234,mean_difference,categorical,nest_success,Probability of nesting success,period_survival,,,,Twice-over rotational grazing (2011),Season-long grazing (2011),vesper_sparrow,1,apples,0,,Traced from plot; Sample size calculated; we had to remove groundnesters as a category because it includes these values,rotational_grazing,Carnochan et al. 2018,great_plains,species,obligate,TRUE,0.0196,0.0801,5,5,,,,,-0.08310000000000001,-0.1446,0.1223,0.3048,,
md_1155,VXQYBKJ5,mean_diff,1235,mean_difference,categorical,nest_success,Probability of nesting success,period_survival,,,,Twice-over rotational grazing (2012),Season-long grazing (2012),vesper_sparrow,1,apples,0,,Traced from plot; Sample size calculated; we had to remove groundnesters as a category because it includes these values,rotational_grazing,Carnochan et al. 2018,great_plains,species,obligate,TRUE,0.2071,0.351,11,11,,,,,-0.1932,-0.268,0.6073999999999999,0.97,,
md_1156,VXQYBKJ5,mean_diff,1236,mean_difference,categorical,nest_success,Probability of nesting success,period_survival,,,,Twice-over rotational grazing (2011),Season-long grazing (2011),savannah_sparrow,1,apples,0,,Traced from plot; Sample size calculated; we had to remove groundnesters as a category because it includes these values,rotational_grazing,Carnochan et al. 2018,great_plains,species,obligate,TRUE,0.0219,0.1411,12,8,,,,,-0.05009999999999999,-0.1632,0.0939,0.4454,,
md_1157,VXQYBKJ5,mean_diff,1237,mean_difference,categorical,nest_success,Probability of nesting success,period_survival,,,,Twice-over rotational grazing (2012),Season-long grazing (2012),savannah_sparrow,1,apples,0,,Traced from plot; Sample size calculated; we had to remove groundnesters as a category because it includes these values,rotational_grazing,Carnochan et al. 2018,great_plains,species,obligate,TRUE,0.1293,0.3422,12,9,,,,,-0.15319999999999998,-0.24320000000000003,0.41179999999999994,0.9276,,
md_1158,T8JD6C6I,mean_diff,1238,mean_difference,categorical,nest_success,Percent of nests predated,period_survival,identity,,,Edge nests,Interior nests,artificial_nests,-1,apples,1,,Traced from plot,edge_and_shrub_habitat,Hausmann et al. 2005,other,artificial_nest,,FALSE,65.1168,73.1275,7,7,,,7.0401,5.3735,,,,,,
md_1159,4HKVZM4T,mean_diff,1239,mean_difference,categorical,abundance,Number of detections,,,,,Warm-season CRP fields,Cool-season CRP fields,grasshopper_sparrow,1,apples,0,,Traced from plot. Sample size (number of point counts) is assumed to be equal across treatments. Treated CSCRP error bars as symmetrical because lower error bar is not visible.,plant_nwsg,Jacobs et al. 2012,other,species,obligate,TRUE,0.2288,0.2395,268,268,,,,,0.1264,-0.00720000000000001,0.4242,0.4862,,
md_1160,4HKVZM4T,mean_diff,1240,mean_difference,categorical,abundance,Number of detections,,,,,Warm-season CRP fields,Cool-season CRP fields,henslows_sparrow,1,apples,0,,Traced from plot. Sample size (number of point counts) is assumed to be equal across treatments. Treated CSCRP error bars as symmetrical because lower error bar is not visible.,plant_nwsg,Jacobs et al. 2012,other,species,obligate,TRUE,0.3109,0.5822,268,268,,,,,0.1293,-0.3161999999999999,0.7438,1.4806,,
md_1161,4HKVZM4T,mean_diff,1241,mean_difference,categorical,abundance,Number of detections,,,,,Warm-season CRP fields,Cool-season CRP fields,dickcissel,1,apples,0,,Traced from plot. Sample size (number of point counts) is assumed to be equal across treatments. Treated CSCRP error bars as symmetrical because lower error bar is not visible.,plant_nwsg,Jacobs et al. 2012,other,species,obligate,TRUE,2.7626,2.3263,268,268,,,,,1.7059,0.9718999999999998,4.4756,3.6807,,
md_1162,4HKVZM4T,mean_diff,1242,mean_difference,categorical,abundance,Number of detections,,,,,Warm-season CRP fields,Cool-season CRP fields,eastern_meadowlark,1,apples,0,,Traced from plot. Sample size (number of point counts) is assumed to be equal across treatments. Treated CSCRP error bars as symmetrical because lower error bar is not visible.,plant_nwsg,Jacobs et al. 2012,other,species,obligate,TRUE,0.5215,0.7416,268,268,,,,,0.34459999999999996,0.3832,0.7822,1.1,,
md_1163,ERL3H2FK,mean_diff,1243,mean_difference,categorical,nest_success,DSR,daily_survival,,,,Grazed mixed NWSG (2011),Grazed mixed exotic (2011),dickcissel,1,apples,0,,Traced from plot; Sample size calculated,plant_nwsg,Monroe et al. 2019,southeast_us,species,obligate,TRUE,0.9422,0.8994,18,17,,,,,0.8987,0.8345,0.9724,0.948,,
md_1164,ERL3H2FK,mean_diff,1244,mean_difference,categorical,nest_success,DSR,daily_survival,,,,Grazed mixed NWSG (2012),Grazed mixed exotic (2012),dickcissel,1,apples,0,,Traced from plot; Sample size calculated,plant_nwsg,Monroe et al. 2019,southeast_us,species,obligate,TRUE,0.8705,0.8609,25,25,,,,,0.7968000000000001,0.785,0.9279,0.9191,,
md_1165,JY7UF4YC,mean_diff,1245,mean_difference,categorical,nest_success,Daily nest survival,daily_survival,,,,Nests <50 m from edge,Nests >100 m from edge,savannah_sparrow,1,apples,0,,"Traced from plot; Sample size calculated from total and percents, but the total value may include nests that they did not use in their calculations",edge_and_shrub_habitat,Perkins et al. 2013,other,species,obligate,TRUE,0.8016,0.8558,265,293,,,0.0193,0.0228,,,,,,
md_1166,JY7UF4YC,mean_diff,1246,mean_difference,categorical,nest_success,Daily nest survival,daily_survival,,,,Nests <50 m from edge,Nests >100 m from edge,bobolink,1,apples,0,,"Traced from plot; Sample size calculated from total and percents, but the total value may include nests that they did not use in their calculations",edge_and_shrub_habitat,Perkins et al. 2013,other,species,obligate,TRUE,0.8916,0.9011,111,244,,,0.0324,0.0228,,,,,,
md_1167,WQDZ5GX5,mean_diff,1247,mean_difference,categorical,abundance,density (territories/ha),,,,,Presence (>.5 ha) of organic farming in a 250 x 250 m area (2000),Absence (<=.5 ha) of organic farming in a 250 x 250 m area (2000),all_species,1,apples,0,,Traced from plot,eliminate_pesticides,Piha et al. 2007,europe,aggregate,,TRUE,0.366,0.2391,190,137,,,0.0341,0.0207,,,,,,
md_1168,WQDZ5GX5,mean_diff,1248,mean_difference,categorical,abundance,density (territories/ha),,,,,Presence (>.5 ha) of organic farming in a 250 x 250 m area (2001),Absence (<=.5 ha) of organic farming in a 250 x 250 m area (2001),all_species,1,apples,0,,Traced from plot,eliminate_pesticides,Piha et al. 2007,europe,aggregate,,TRUE,0.3527,0.2561,260,157,,,0.0219,0.0243,,,,,,
md_1169,WQDZ5GX5,mean_diff,1249,mean_difference,categorical,abundance,density (territories/ha),,,,,Presence (>.5 ha) of organic farming in a 250 x 250 m area (2000),Absence (<=.5 ha) of organic farming in a 250 x 250 m area (2000),eurasian_skylark,1,apples,0,,Traced from plot,eliminate_pesticides,Piha et al. 2007,europe,species,facultative,TRUE,0.3542,0.3136,190,137,,,0.0203,0.0219,,,,,,
md_1170,WQDZ5GX5,mean_diff,1250,mean_difference,categorical,abundance,density (territories/ha),,,,,Presence (>.5 ha) of organic farming in a 250 x 250 m area (2001),Absence (<=.5 ha) of organic farming in a 250 x 250 m area (2001),eurasian_skylark,1,apples,0,,Traced from plot,eliminate_pesticides,Piha et al. 2007,europe,species,facultative,TRUE,0.3338,0.2662,260,157,,,0.0166,0.0174,,,,,,
md_1171,WQDZ5GX5,mean_diff,1251,mean_difference,categorical,abundance,density (territories/ha),,,,,Presence (>.5 ha) of organic farming in a 250 x 250 m area (2000),Absence (<=.5 ha) of organic farming in a 250 x 250 m area (2000),meadow_pipit,1,apples,0,,Traced from plot,eliminate_pesticides,Piha et al. 2007,europe,species,facultative,TRUE,0.0681,0.0434,190,137,,,0.0093281,0.0073012,,,,,,
md_1172,WQDZ5GX5,mean_diff,1252,mean_difference,categorical,abundance,density (territories/ha),,,,,Presence (>.5 ha) of organic farming in a 250 x 250 m area (2001),Absence (<=.5 ha) of organic farming in a 250 x 250 m area (2001),meadow_pipit,1,apples,0,,Traced from plot,eliminate_pesticides,Piha et al. 2007,europe,species,facultative,TRUE,0.0737,0.381,260,157,,,0.0085,0.0073,,,,,,
md_1173,WQDZ5GX5,mean_diff,1253,mean_difference,categorical,abundance,density (territories/ha),,,,,Presence (>.5 ha) of organic farming in a 250 x 250 m area (2000),Absence (<=.5 ha) of organic farming in a 250 x 250 m area (2000),ortolan_bunting,1,apples,0,,Traced from plot,eliminate_pesticides,Piha et al. 2007,europe,species,facultative,TRUE,0.0359,0.0392,190,137,,,0.0093,0.0114,,,,,,
md_1174,WQDZ5GX5,mean_diff,1254,mean_difference,categorical,abundance,density (territories/ha),,,,,Presence (>.5 ha) of organic farming in a 250 x 250 m area (2001),Absence (<=.5 ha) of organic farming in a 250 x 250 m area (2001),ortolan_bunting,1,apples,0,,Traced from plot,eliminate_pesticides,Piha et al. 2007,europe,species,facultative,TRUE,0.0566,0.0379,260,157,,,0.0085,0.0085,,,,,,
md_1175,WQDZ5GX5,mean_diff,1255,mean_difference,categorical,abundance,density (territories/ha),,,,,Presence (>.5 ha) of organic farming in a 250 x 250 m area (2000),Absence (<=.5 ha) of organic farming in a 250 x 250 m area (2000),whinchat,1,apples,0,,Traced from plot,eliminate_pesticides,Piha et al. 2007,europe,species,obligate,TRUE,0.0804,0.0294,190,137,,,0.0097,0.0089,,,,,,
md_1176,WQDZ5GX5,mean_diff,1256,mean_difference,categorical,abundance,density (territories/ha),,,,,Presence (>.5 ha) of organic farming in a 250 x 250 m area (2001),Absence (<=.5 ha) of organic farming in a 250 x 250 m area (2001),whinchat,1,apples,0,,Traced from plot,eliminate_pesticides,Piha et al. 2007,europe,species,obligate,TRUE,0.0719,0.0516,260,157,,,0.0081,0.0101,,,,,,
md_1177,WQDZ5GX5,mean_diff,1257,mean_difference,categorical,abundance,density (territories/ha),,,,,Presence (>.5 ha) of organic farming in a 250 x 250 m area (2000),Absence (<=.5 ha) of organic farming in a 250 x 250 m area (2000),northern_lapwing,1,apples,0,,Traced from plot,eliminate_pesticides,Piha et al. 2007,europe,species,obligate,TRUE,0.0552,0.0666,190,137,,,0.0101,0.0097,,,,,,
md_1178,WQDZ5GX5,mean_diff,1258,mean_difference,categorical,abundance,density (territories/ha),,,,,Presence (>.5 ha) of organic farming in a 250 x 250 m area (2001),Absence (<=.5 ha) of organic farming in a 250 x 250 m area (2001),northern_lapwing,1,apples,0,,Traced from plot,eliminate_pesticides,Piha et al. 2007,europe,species,obligate,TRUE,0.0397,0.06,260,157,,,0.00649,0.0089,,,,,,
md_1179,WQDZ5GX5,mean_diff,1259,mean_difference,categorical,species_richness,species_richness,,,,,Presence (>.5 ha) of organic farming in a 250 x 250 m area (2000),Absence (<=.5 ha) of organic farming in a 250 x 250 m area (2000),all_species,1,apples,0,,Traced from plot,eliminate_pesticides,Piha et al. 2007,europe,aggregate,,TRUE,2.1718,1.7942,190,137,,,0.1056,0.1056,,,,,,
md_1180,WQDZ5GX5,mean_diff,1260,mean_difference,categorical,species_richness,species_richness,,,,,Presence (>.5 ha) of organic farming in a 250 x 250 m area (2001),Absence (<=.5 ha) of organic farming in a 250 x 250 m area (2001),all_species,1,apples,0,,Traced from plot,eliminate_pesticides,Piha et al. 2007,europe,aggregate,,TRUE,2.2035,1.8136,260,157,,,0.0894,0.1219,,,,,,
md_1181,6Q5B6N44,mean_diff,1261,mean_difference,categorical,species_richness,species_richness,,,,,Burned (1 year post-fire),Unburned,all_species,1,apples,0,,Traced from plot,prescribed_fire,Russell et al. 2009,other,aggregate,,TRUE,26.4595,26.9095,3,3,,,,,21.9869,22.8885,30.9321,30.9305,,
md_1182,6Q5B6N44,mean_diff,1262,mean_difference,categorical,species_richness,species_richness,,,,,Burned (2 years post-fire),Unburned,all_species,1,apples,0,,Traced from plot,prescribed_fire,Russell et al. 2009,other,aggregate,,TRUE,27.3265,27.161,3,3,,,,,22.813,22.975700000000003,31.84,31.3463,,
md_1183,TY9UGHCS,mean_diff,1263,mean_difference,categorical,nest_success,Mean nest survival (days),period_survival,binomial,,,Nests near edge,Nests in forest interior,artificial_nests_northern_bobwhite,1,apples,1,,Not sure this qualifies as a test of edge_and_shrub_habitat; Traced from plot; Response is the mean days survived during the 10 day deployment of artificial nests,edge_and_shrub_habitat,Valentine et al. 2019,other,artificial_nest,,FALSE,6.4925,7.2127,3,3,,,0.6411,0.6677,,,,,,
md_1184,TY9UGHCS,mean_diff,1264,mean_difference,categorical,nest_success,Mean nest survival (days),period_survival,binomial,,,Nests near edge,Nests in forest interior,artificial_nests_chestnut_sided_warbler,1,apples,1,,Not sure this qualifies as a test of edge_and_shrub_habitat; Traced from plot; Response is the mean days survived during the 10 day deployment of artificial nests,edge_and_shrub_habitat,Valentine et al. 2019,other,artificial_nest,,FALSE,5.221,7.0521,6,6,,,0.4007,0.4006,,,,,,
md_1185,TY9UGHCS,mean_diff,1265,mean_difference,categorical,nest_success,Mean nest survival (days),period_survival,binomial,,,Nests near edge,Nests in forest interior,artificial_nests_ovenbird,1,apples,1,,Not sure this qualifies as a test of edge_and_shrub_habitat; Traced from plot; Response is the mean days survived during the 10 day deployment of artificial nests,edge_and_shrub_habitat,Valentine et al. 2019,other,artificial_nest,,FALSE,3.0417,3.1638,6,6,,,0.2349,0.2349,,,,,,
md_1186,CRBK6BMU,mean_diff,1266,mean_difference,categorical,species_richness,species_richness,,,,,low grazing intensity (monoculture pasture),high grazing intensity (monoculture pasture),all_species,1,apples,0,,Traced from plot,reduce_grazing_intensity,Willcox et al. 2010,southeast_us,aggregate,,TRUE,9.7795,9.089,2,2,,,0.1008,0.1259,,,,,,
md_1187,CRBK6BMU,mean_diff,1267,mean_difference,categorical,species_richness,species_richness,,,,,low grazing intensity (monoculture pasture),high grazing intensity (monoculture pasture),shrub_species,1,apples,0,,Traced from plot,reduce_grazing_intensity,Willcox et al. 2010,southeast_us,guild,shrub,FALSE,1.491,1.2991,2,2,,,0.1973,0.1973,,,,,,
md_1188,CRBK6BMU,mean_diff,1268,mean_difference,categorical,abundance,abundance,,,,,low grazing intensity (monoculture pasture),high grazing intensity (monoculture pasture),grassland_species,1,apples,0,,Traced from plot,reduce_grazing_intensity,Willcox et al. 2010,southeast_us,guild,facultative,TRUE,22.4381,14.8293,2,2,,,2.9744,2.3942,,,,,,
md_1188,CRBK6BMU,mean_diff,1268,mean_difference,categorical,abundance,abundance,,,,,low grazing intensity (monoculture pasture),high grazing intensity (monoculture pasture),grassland_species,1,apples,0,,Traced from plot,provide_overwintering_habitat,Willcox et al. 2010,southeast_us,guild,facultative,TRUE,22.4381,14.8293,2,2,,,2.9744,2.3942,,,,,,
md_1189,CRBK6BMU,mean_diff,1270,mean_difference,categorical,abundance,abundance,,,,,low grazing intensity (monoculture pasture),high grazing intensity (monoculture pasture),grassland_species,1,apples,0,,Traced from plot,reduce_grazing_intensity,Willcox et al. 2010,southeast_us,guild,facultative,TRUE,17.9062,17.0427,2,2,,,1.8138,1.6688,,,,,,
md_1190,CRBK6BMU,mean_diff,1271,mean_difference,categorical,abundance,abundance,,,,,low grazing intensity (monoculture pasture),high grazing intensity (monoculture pasture),woodland_species,1,apples,0,,Traced from plot,reduce_grazing_intensity,Willcox et al. 2010,southeast_us,guild,woodland,FALSE,2.7974,1.3859,2,2,,,1.2062,0.6159,,,,,,
md_1190,CRBK6BMU,mean_diff,1271,mean_difference,categorical,abundance,abundance,,,,,low grazing intensity (monoculture pasture),high grazing intensity (monoculture pasture),woodland_species,1,apples,0,,Traced from plot,provide_overwintering_habitat,Willcox et al. 2010,southeast_us,guild,woodland,FALSE,2.7974,1.3859,2,2,,,1.2062,0.6159,,,,,,
md_1191,CRBK6BMU,mean_diff,1273,mean_difference,categorical,abundance,abundance,,,,,low grazing intensity (monoculture pasture),high grazing intensity (monoculture pasture),woodland_species,1,apples,0,,Traced from plot,reduce_grazing_intensity,Willcox et al. 2010,southeast_us,guild,woodland,FALSE,0.4748,0.2951,2,2,,,0.2181,0.2053,,,,,,
md_1192,CRBK6BMU,mean_diff,1274,mean_difference,categorical,species_richness,species_richness,,,,,low grazing intensity (monoculture pasture),high grazing intensity (monoculture pasture),woodland_species,1,apples,0,,Traced from plot,reduce_grazing_intensity,Willcox et al. 2010,southeast_us,guild,woodland,FALSE,2.2206,2.2206,2,2,,,0.8551,0.8423,,,,,,
md_1192,CRBK6BMU,mean_diff,1274,mean_difference,categorical,species_richness,species_richness,,,,,low grazing intensity (monoculture pasture),high grazing intensity (monoculture pasture),woodland_species,1,apples,0,,Traced from plot,provide_overwintering_habitat,Willcox et al. 2010,southeast_us,guild,woodland,FALSE,2.2206,2.2206,2,2,,,0.8551,0.8423,,,,,,
md_1193,CRBK6BMU,mean_diff,1276,mean_difference,categorical,species_richness,species_richness,,,,,low grazing intensity (monoculture pasture),high grazing intensity (monoculture pasture),woodland_species,1,apples,0,,Traced from plot,reduce_grazing_intensity,Willcox et al. 2010,southeast_us,guild,woodland,FALSE,1.0975,0.804,2,2,,,0.5615,0.5615,,,,,,
md_1194,CRBK6BMU,mean_diff,1277,mean_difference,categorical,abundance,abundance,,,,,low grazing intensity (mixed pasture; grazed during winter),high grazing intensity (mixed pasture; grazed during winter),all_species,1,apples,0,,Traced from plot,reduce_grazing_intensity,Willcox et al. 2010,southeast_us,aggregate,,TRUE,86.5932,59.737,2,2,,,5.3995,3.1272,,,,,,
md_1195,CRBK6BMU,mean_diff,1278,mean_difference,categorical,abundance,abundance,,,,,low grazing intensity (mixed pasture; grazed during winter),high grazing intensity (mixed pasture; grazed during winter),grassland_species,1,apples,0,,Traced from plot,reduce_grazing_intensity,Willcox et al. 2010,southeast_us,guild,facultative,TRUE,31.362,15.1826,2,2,,,2.2401,1.2806,,,,,,
md_1196,CRBK6BMU,mean_diff,1279,mean_difference,categorical,abundance,abundance,,,,,low grazing intensity (mixed pasture; grazed during winter),high grazing intensity (mixed pasture; grazed during winter),shrub_species,1,apples,0,,Traced from plot,reduce_grazing_intensity,Willcox et al. 2010,southeast_us,guild,shrub,FALSE,6.6539,3.0635,2,2,,,0.7546,0.5534,,,,,,
md_1197,CRBK6BMU,mean_diff,1280,mean_difference,categorical,species_richness,species_richness,,,,,low grazing intensity (mixed pasture; grazed during winter),high grazing intensity (mixed pasture; grazed during winter),shrub_species,1,apples,0,,Traced from plot,reduce_grazing_intensity,Willcox et al. 2010,southeast_us,guild,shrub,FALSE,2.0961,1.1892,2,2,,,0.0961,0.2042,,,,,,
md_1198,CRBK6BMU,mean_diff,1281,mean_difference,categorical,abundance,abundance,,,,,low grazing intensity (mixed pasture; grazed during winter),high grazing intensity (mixed pasture; grazed during winter),woodland_species,1,apples,0,,Traced from plot,reduce_grazing_intensity,Willcox et al. 2010,southeast_us,guild,woodland,FALSE,5.31,2.787,2,2,,,1.7814,0.7976,,,,,,
md_1198,CRBK6BMU,mean_diff,1281,mean_difference,categorical,abundance,abundance,,,,,low grazing intensity (mixed pasture; grazed during winter),high grazing intensity (mixed pasture; grazed during winter),woodland_species,1,apples,0,,Traced from plot,provide_overwintering_habitat,Willcox et al. 2010,southeast_us,guild,woodland,FALSE,5.31,2.787,2,2,,,1.7814,0.7976,,,,,,
md_1199,CRBK6BMU,mean_diff,1283,mean_difference,categorical,abundance,abundance,,,,,low grazing intensity (mixed pasture; grazed during winter),high grazing intensity (mixed pasture; grazed during winter),woodland_species,1,apples,0,,Traced from plot,reduce_grazing_intensity,Willcox et al. 2010,southeast_us,guild,woodland,FALSE,1.5131,1.2066,2,2,,,0.9965,0.2993,,,,,,
md_1200,CRBK6BMU,mean_diff,1284,mean_difference,categorical,species_richness,species_richness,,,,,low grazing intensity (mixed pasture; grazed during winter),high grazing intensity (mixed pasture; grazed during winter),all_species,1,apples,0,,Traced from plot,reduce_grazing_intensity,Willcox et al. 2010,southeast_us,aggregate,,TRUE,13.9007,15.3191,2,2,,,1.2766,0.6808,,,,,,
md_1200,CRBK6BMU,mean_diff,1284,mean_difference,categorical,species_richness,species_richness,,,,,low grazing intensity (mixed pasture; grazed during winter),high grazing intensity (mixed pasture; grazed during winter),all_species,1,apples,0,,Traced from plot,provide_overwintering_habitat,Willcox et al. 2010,southeast_us,aggregate,,TRUE,13.9007,15.3191,2,2,,,1.2766,0.6808,,,,,,
md_1201,CRBK6BMU,mean_diff,1286,mean_difference,categorical,species_richness,species_richness,,,,,low grazing intensity (mixed pasture; grazed during winter),high grazing intensity (mixed pasture; grazed during winter),all_species,1,apples,0,,Traced from plot,reduce_grazing_intensity,Willcox et al. 2010,southeast_us,aggregate,,TRUE,7.1206,6.3262,2,2,,,1.0213,0.5106,,,,,,
md_1202,CRBK6BMU,mean_diff,1287,mean_difference,categorical,species_richness,species_richness,,,,,low grazing intensity (mixed pasture; grazed during winter),high grazing intensity (mixed pasture; grazed during winter),woodland_species,1,apples,0,,Traced from plot,reduce_grazing_intensity,Willcox et al. 2010,southeast_us,guild,woodland,FALSE,1.9952,1.5953,2,2,,,0.5976,0.2965,,,,,,
md_1202,CRBK6BMU,mean_diff,1287,mean_difference,categorical,species_richness,species_richness,,,,,low grazing intensity (mixed pasture; grazed during winter),high grazing intensity (mixed pasture; grazed during winter),woodland_species,1,apples,0,,Traced from plot,provide_overwintering_habitat,Willcox et al. 2010,southeast_us,guild,woodland,FALSE,1.9952,1.5953,2,2,,,0.5976,0.2965,,,,,,
md_1203,CRBK6BMU,mean_diff,1289,mean_difference,categorical,species_richness,species_richness,,,,,low grazing intensity (mixed pasture; grazed during winter),high grazing intensity (mixed pasture; grazed during winter),woodland_species,1,apples,0,,Traced from plot,reduce_grazing_intensity,Willcox et al. 2010,southeast_us,guild,woodland,FALSE,0.6965,0.7953,2,2,,,0.2965,0.1976,,,,,,
md_1204,PAM2R2T8,mean_diff,1290,mean_difference,categorical,nest_success,hatching_success,period_survival,,,,Delayed hay,Early hay,whinchat,1,apples,0,,Used total number of nests and proportional territory density across years as a proxy to determine sample size,delay_hay,Broyer et al. 2016,europe,species,obligate,TRUE,72.7,47.5,204.82,213.18,11.9,20.1,,,,,,,,
md_1205,PAM2R2T8,mean_diff,1291,mean_difference,categorical,nest_success,hatching_success,period_survival,,,,Delayed hay,Early hay,corn_bunting,1,apples,0,,Used total number of nests and proportional territory density across years as a proxy to determine sample size,delay_hay,Broyer et al. 2016,europe,species,obligate,TRUE,66.8,34.9,171,263,13.1,16.4,,,,,,,,
md_1206,PAM2R2T8,mean_diff,1292,mean_difference,categorical,nest_success,hatching_success,period_survival,,,,Delayed hay,Early hay,western_yellow_wagtail,1,apples,0,,Used total number of nests and proportional territory density across years as a proxy to determine sample size,delay_hay,Broyer et al. 2016,europe,species,facultative,TRUE,68.2,57.6,111,84,23.6,16.8,,,,,,,,
md_1207,SQ8ICKWV,mean_diff,1293,mean_difference,categorical,nest_success,incubation DSR,daily_survival,logistic_exposure,,,native pasture,planted pasture,gadwall,1,apples,0,,Appendix table 5 also includes exposure days that were used to calculate DSR; Error is 85% confidence intervals,plant_nwsg,Davis et al. 2016,great_plains,species,facultative,TRUE,0.917,0.926,25,21,,,,,0.887,0.897,0.939,0.947,,
md_1208,SQ8ICKWV,mean_diff,1294,mean_difference,categorical,nest_success,incubation DSR,daily_survival,logistic_exposure,,,native pasture,planted pasture,american_wigeon,1,apples,0,,Appendix table 5 also includes exposure days that were used to calculate DSR; Error is 85% confidence intervals,plant_nwsg,Davis et al. 2016,great_plains,species,facultative,TRUE,0.747,0.754,5,9,,,,,0.527,0.533,0.887,0.892,,
md_1209,SQ8ICKWV,mean_diff,1295,mean_difference,categorical,nest_success,incubation DSR,daily_survival,logistic_exposure,,,native pasture,planted pasture,mallard,1,apples,0,,Appendix table 5 also includes exposure days that were used to calculate DSR; Error is 85% confidence intervals,plant_nwsg,Davis et al. 2016,great_plains,species,facultative,TRUE,0.923,0.922,33,21,,,,,0.906,0.903,0.938,0.938,,
md_1210,SQ8ICKWV,mean_diff,1296,mean_difference,categorical,nest_success,incubation DSR,daily_survival,logistic_exposure,,,native pasture,planted pasture,blue_winged_teal,1,apples,0,,Appendix table 5 also includes exposure days that were used to calculate DSR; Error is 85% confidence intervals,plant_nwsg,Davis et al. 2016,great_plains,species,facultative,TRUE,0.951,0.953,22,21,,,,,0.935,0.937,0.963,0.965,,
md_1211,SQ8ICKWV,mean_diff,1297,mean_difference,categorical,nest_success,incubation DSR,daily_survival,logistic_exposure,,,native pasture,planted pasture,northern_shoveler,1,apples,0,,Appendix table 5 also includes exposure days that were used to calculate DSR; Error is 85% confidence intervals,plant_nwsg,Davis et al. 2016,great_plains,species,facultative,TRUE,0.962,0.981,11,16,,,,,0.917,0.79,0.982,0.999,,
md_1212,SQ8ICKWV,mean_diff,1298,mean_difference,categorical,nest_success,incubation DSR,daily_survival,logistic_exposure,,,native pasture,planted pasture,northern_pintail,1,apples,0,,Appendix table 5 also includes exposure days that were used to calculate DSR; Error is 85% confidence intervals,plant_nwsg,Davis et al. 2016,great_plains,species,facultative,TRUE,0.961,0.955,11,16,,,,,0.935,0.927,0.977,0.973,,
md_1213,SQ8ICKWV,mean_diff,1299,mean_difference,categorical,nest_success,incubation DSR,daily_survival,logistic_exposure,,,native pasture,planted pasture,chestnut_collared_longspur,1,apples,0,,Appendix table 5 also includes exposure days that were used to calculate DSR; Error is 85% confidence intervals,plant_nwsg,Davis et al. 2016,great_plains,species,obligate,TRUE,0.97,0.968,46,20,,,,,0.951,0.947,0.982,0.981,,
md_1214,SQ8ICKWV,mean_diff,1300,mean_difference,categorical,nest_success,incubation DSR,daily_survival,logistic_exposure,,,native pasture,planted pasture,clay_colored_sparrow,1,apples,0,,Appendix table 5 also includes exposure days that were used to calculate DSR; Error is 85% confidence intervals,plant_nwsg,Davis et al. 2016,great_plains,species,facultative,TRUE,0.954,0.964,143,16,,,,,0.942,0.938,0.963,0.979,,
md_1215,SQ8ICKWV,mean_diff,1301,mean_difference,categorical,nest_success,incubation DSR,daily_survival,logistic_exposure,,,native pasture,planted pasture,vesper_sparrow,1,apples,0,,Appendix table 5 also includes exposure days that were used to calculate DSR; Error is 85% confidence intervals,plant_nwsg,Davis et al. 2016,great_plains,species,obligate,TRUE,0.96,0.958,29,130,,,,,0.948,0.949,0.969,0.966,,
md_1216,SQ8ICKWV,mean_diff,1302,mean_difference,categorical,nest_success,incubation DSR,daily_survival,logistic_exposure,,,native pasture,planted pasture,lark_bunting,1,apples,0,,Appendix table 5 also includes exposure days that were used to calculate DSR; Error is 85% confidence intervals,plant_nwsg,Davis et al. 2016,great_plains,species,obligate,TRUE,0.984,0.922,9,31,,,,,0.954,0.894,0.994,0.943,,
md_1217,SQ8ICKWV,mean_diff,1303,mean_difference,categorical,nest_success,incubation DSR,daily_survival,logistic_exposure,,,native pasture,planted pasture,savannah_sparrow,1,apples,0,,Appendix table 5 also includes exposure days that were used to calculate DSR; Error is 85% confidence intervals,plant_nwsg,Davis et al. 2016,great_plains,species,obligate,TRUE,0.948,0.941,58,19,,,,,0.927,0.914,0.963,0.959,,
md_1218,SQ8ICKWV,mean_diff,1304,mean_difference,categorical,nest_success,incubation DSR,daily_survival,logistic_exposure,,,native pasture,planted pasture,bairds_sparrow,1,apples,0,,Appendix table 5 also includes exposure days that were used to calculate DSR; Error is 85% confidence intervals,plant_nwsg,Davis et al. 2016,great_plains,species,obligate,TRUE,0.971,0.949,55,10,,,,,0.951,0.907,0.982,0.973,,
md_1219,SQ8ICKWV,mean_diff,1305,mean_difference,categorical,nest_success,incubation DSR,daily_survival,logistic_exposure,,,native pasture,planted pasture,western_meadowlark,1,apples,0,,Appendix table 5 also includes exposure days that were used to calculate DSR; Error is 85% confidence intervals,plant_nwsg,Davis et al. 2016,great_plains,species,obligate,TRUE,0.937,0.938,41,19,,,,,0.919,0.918,0.952,0.953,,
md_1220,SQ8ICKWV,mean_diff,1306,mean_difference,categorical,nest_success,nestling DSR,daily_survival,logistic_exposure,,,native pasture,planted pasture,chestnut_collared_longspur,1,apples,0,,Appendix table 5 also includes exposure days that were used to calculate DSR; Error is 85% confidence intervals,plant_nwsg,Davis et al. 2016,great_plains,species,obligate,TRUE,0.944,0.941,46,20,,,,,0.922,0.916,0.96,0.959,,
md_1221,SQ8ICKWV,mean_diff,1307,mean_difference,categorical,nest_success,nestling DSR,daily_survival,logistic_exposure,,,native pasture,planted pasture,clay_colored_sparrow,1,apples,0,,Appendix table 5 also includes exposure days that were used to calculate DSR; Error is 85% confidence intervals,plant_nwsg,Davis et al. 2016,great_plains,species,facultative,TRUE,0.921,0.938,143,16,,,,,0.904,0.897,0.936,0.963,,
md_1222,SQ8ICKWV,mean_diff,1308,mean_difference,categorical,nest_success,nestling DSR,daily_survival,logistic_exposure,,,native pasture,planted pasture,vesper_sparrow,1,apples,0,,Appendix table 5 also includes exposure days that were used to calculate DSR; Error is 85% confidence intervals,plant_nwsg,Davis et al. 2016,great_plains,species,obligate,TRUE,0.948,0.946,29,130,,,,,0.935,0.935,0.959,0.955,,
md_1223,SQ8ICKWV,mean_diff,1309,mean_difference,categorical,nest_success,nestling DSR,daily_survival,logistic_exposure,,,native pasture,planted pasture,lark_bunting,1,apples,0,,Appendix table 5 also includes exposure days that were used to calculate DSR; Error is 85% confidence intervals,plant_nwsg,Davis et al. 2016,great_plains,species,obligate,TRUE,0.984,0.921,9,31,,,,,0.954,0.89,0.994,0.944,,
md_1224,SQ8ICKWV,mean_diff,1310,mean_difference,categorical,nest_success,nestling DSR,daily_survival,logistic_exposure,,,native pasture,planted pasture,savannah_sparrow,1,apples,0,,Appendix table 5 also includes exposure days that were used to calculate DSR; Error is 85% confidence intervals,plant_nwsg,Davis et al. 2016,great_plains,species,obligate,TRUE,0.926,0.916,58,19,,,,,0.901,0.878,0.945,0.943,,
md_1225,SQ8ICKWV,mean_diff,1311,mean_difference,categorical,nest_success,nestling DSR,daily_survival,logistic_exposure,,,native pasture,planted pasture,bairds_sparrow,1,apples,0,,Appendix table 5 also includes exposure days that were used to calculate DSR; Error is 85% confidence intervals,plant_nwsg,Davis et al. 2016,great_plains,species,obligate,TRUE,0.94,0.9,55,10,,,,,0.916,0.827,0.958,0.944,,
md_1226,SQ8ICKWV,mean_diff,1312,mean_difference,categorical,nest_success,nestling DSR,daily_survival,logistic_exposure,,,native pasture,planted pasture,western_meadowlark,1,apples,0,,Appendix table 5 also includes exposure days that were used to calculate DSR; Error is 85% confidence intervals,plant_nwsg,Davis et al. 2016,great_plains,species,obligate,TRUE,0.93,0.931,41,19,,,,,0.908,0.907,0.947,0.949,,
md_1227,KGGBIEC9,mean_diff,1313,mean_difference,categorical,nest_success,dsr (early nests),daily_survival,,,,winged patches,rectangular patches,indigo_bunting,1,apples,0,,,edge_and_shrub_habitat,Weldon 2006,southeast_us,species,facultative,TRUE,0.9414,0.9755,40,29,,,0.0169,0.0074,,,,,,
md_1228,KGGBIEC9,mean_diff,1314,mean_difference,categorical,nest_success,dsr (late nests),daily_survival,,,,winged patches,rectangular patches,indigo_bunting,1,apples,0,,,edge_and_shrub_habitat,Weldon 2006,southeast_us,species,facultative,TRUE,0.968,0.929,17,14,,,0.0156,0.0166,,,,,,
md_1229,Z3T2NHLM,mean_diff,1315,mean_difference,categorical,species_richness,species_richness,,,,,AMP pastures,continuous grazing,obligate_grassland_species,1,apples,0,,Supplemental code and data,rotational_grazing,McGraw et al. 2024,southeast_us,guild,obligate,TRUE,5.3,3.1,10,10,,,0.423,0.64,,,,,,
md_1230,Z3T2NHLM,mean_diff,1316,mean_difference,categorical,species_richness,species_richness,,,,,AMP pastures,continuous grazing,facultative_grassland_species,1,apples,0,,Supplemental code and data,rotational_grazing,McGraw et al. 2024,southeast_us,guild,facultative,TRUE,1.9,12.2,10,10,,,0.933,1.191,,,,,,
md_1231,Z3T2NHLM,mean_diff,1317,mean_difference,categorical,abundance,abundance,,,,,AMP pastures,continuous grazing,dickcissel,1,apples,0,,Supplemental code and data,rotational_grazing,McGraw et al. 2024,southeast_us,species,obligate,TRUE,1.9,0.2,10,,,,0.767,1.33,,,,,,
md_1232,Z3T2NHLM,mean_diff,1318,mean_difference,categorical,abundance,abundance,,,,,AMP pastures,continuous grazing,eastern_meadowlark,1,apples,0,,Supplemental code and data,rotational_grazing,McGraw et al. 2024,southeast_us,species,obligate,TRUE,20.4,6.6,10,,,,4.626,2.115,,,,,,
md_1233,Z3T2NHLM,mean_diff,1319,mean_difference,categorical,abundance,abundance,,,,,AMP pastures,continuous grazing,grasshopper_sparrow,1,apples,0,,Supplemental code and data,rotational_grazing,McGraw et al. 2024,southeast_us,species,obligate,TRUE,6.3,2.1,10,,,,1.927,1.005,,,,,,
md_1234,Z3T2NHLM,mean_diff,1320,mean_difference,categorical,abundance,abundance,,,,,AMP pastures,continuous grazing,killdeer,1,apples,0,,Supplemental code and data,rotational_grazing,McGraw et al. 2024,southeast_us,species,facultative,TRUE,0.4,0.2,10,,,,0.163,0.133,,,,,,
md_1235,Z3T2NHLM,mean_diff,1321,mean_difference,categorical,abundance,abundance,,,,,AMP pastures,continuous grazing,savannah_sparrow,1,apples,0,,Supplemental code and data,rotational_grazing,McGraw et al. 2024,southeast_us,species,obligate,TRUE,4.3,0.9,10,,,,1.557,0.407,,,,,,
md_1236,Z3T2NHLM,mean_diff,1322,mean_difference,categorical,abundance,abundance,,,,,AMP pastures,continuous grazing,blue_grosbeak,1,apples,0,,Supplemental code and data,rotational_grazing,McGraw et al. 2024,southeast_us,species,facultative,TRUE,5.5,0.8,10,,,,2.177,0.291,,,,,,
md_1237,Z3T2NHLM,mean_diff,1323,mean_difference,categorical,abundance,abundance,,,,,AMP pastures,continuous grazing,brown_thrasher,1,apples,0,,Supplemental code and data,rotational_grazing,McGraw et al. 2024,southeast_us,species,shrub,FALSE,2.5,1.2,10,,,,0.269,0.327,,,,,,
md_1238,Z3T2NHLM,mean_diff,1324,mean_difference,categorical,abundance,abundance,,,,,AMP pastures,continuous grazing,eastern_bluebird,1,apples,0,,Supplemental code and data,rotational_grazing,McGraw et al. 2024,southeast_us,species,facultative,TRUE,9.7,5,10,,,,1.972,0.803,,,,,,
md_1239,Z3T2NHLM,mean_diff,1325,mean_difference,categorical,abundance,abundance,,,,,AMP pastures,continuous grazing,eastern_towhee,1,apples,0,,Supplemental code and data,rotational_grazing,McGraw et al. 2024,southeast_us,species,shrub,FALSE,1.6,1.1,10,,,,0.618,0.433,,,,,,
md_1240,Z3T2NHLM,mean_diff,1326,mean_difference,categorical,abundance,abundance,,,,,AMP pastures,continuous grazing,field_sparrow,1,apples,0,,Supplemental code and data,rotational_grazing,McGraw et al. 2024,southeast_us,species,facultative,TRUE,7.8,4.2,10,,,,2.581,1.413,,,,,,
md_1241,Z3T2NHLM,mean_diff,1327,mean_difference,categorical,abundance,abundance,,,,,AMP pastures,continuous grazing,yellow_breasted_chat,1,apples,0,,Supplemental code and data,rotational_grazing,McGraw et al. 2024,southeast_us,species,shrub,FALSE,2.7,1.3,10,,,,0.578,0.578,,,,,,
md_1242,9WPH8J6A,mean_diff,1328,mean_difference,categorical,species_richness,species_richness - 2008,,,,,twice-over rotational grazing,continuous grazing,obligate_grassland_species,1,apples,0,,Table 1,rotational_grazing,Ranellucci et al. 2012,great_plains,guild,obligate,TRUE,2.2,2.4,22,15,,,1,1.2,,,,,,
md_1243,9WPH8J6A,mean_diff,1329,mean_difference,categorical,species_richness,species_richness - 2009,,,,,twice-over rotational grazing,continuous grazing,obligate_grassland_species,1,apples,0,,Table 1,rotational_grazing,Ranellucci et al. 2012,great_plains,guild,obligate,TRUE,2.5,2.8,22,15,,,1.1,1.2,,,,,,
md_1244,9WPH8J6A,mean_diff,1330,mean_difference,categorical,species_richness,species_richness - 2008,,,,,twice-over rotational grazing,continuous grazing,facultative_grassland_species,1,apples,0,,Table 1,rotational_grazing,Ranellucci et al. 2012,great_plains,guild,facultative,TRUE,2.3,2.3,22,15,,,1,0.9,,,,,,
md_1245,9WPH8J6A,mean_diff,1331,mean_difference,categorical,species_richness,species_richness - 2009,,,,,twice-over rotational grazing,continuous grazing,facultative_grassland_species,1,apples,0,,Table 1,rotational_grazing,Ranellucci et al. 2012,great_plains,guild,facultative,TRUE,2.7,3,22,15,,,1.1,1.1,,,,,,
md_1246,9WPH8J6A,mean_diff,1332,mean_difference,categorical,abundance,abundance - 2008,,,,,twice-over rotational grazing,continuous grazing,lecontes_sparrow,1,apples,0,,Table 1,rotational_grazing,Ranellucci et al. 2012,great_plains,species,obligate,TRUE,0.2,0.1,22,15,,,0.5,0.3,,,,,,
md_1247,9WPH8J6A,mean_diff,1333,mean_difference,categorical,abundance,abundance - 2009,,,,,twice-over rotational grazing,continuous grazing,lecontes_sparrow,1,apples,0,,Table 1,rotational_grazing,Ranellucci et al. 2012,great_plains,species,obligate,TRUE,0.1,0.1,22,15,,,0.3,0.3,,,,,,
md_1248,9WPH8J6A,mean_diff,1334,mean_difference,categorical,abundance,abundance - 2008,,,,,twice-over rotational grazing,continuous grazing,savannah_sparrow,1,apples,0,,Table 1,rotational_grazing,Ranellucci et al. 2012,great_plains,species,obligate,TRUE,1.6,1.6,22,15,,,1.2,1.2,,,,,,
md_1249,9WPH8J6A,mean_diff,1335,mean_difference,categorical,abundance,abundance - 2009,,,,,twice-over rotational grazing,continuous grazing,savannah_sparrow,1,apples,0,,Table 1,rotational_grazing,Ranellucci et al. 2012,great_plains,species,obligate,TRUE,1.4,1.1,22,15,,,1.2,0.9,,,,,,
md_1250,9WPH8J6A,mean_diff,1336,mean_difference,categorical,abundance,abundance - 2008,,,,,twice-over rotational grazing,continuous grazing,spragues_pipit,1,apples,0,,Table 1,rotational_grazing,Ranellucci et al. 2012,great_plains,species,obligate,TRUE,0.3,0.2,22,15,,,0.5,0.5,,,,,,
md_1251,9WPH8J6A,mean_diff,1337,mean_difference,categorical,abundance,abundance - 2009,,,,,twice-over rotational grazing,continuous grazing,spragues_pipit,1,apples,0,,Table 1,rotational_grazing,Ranellucci et al. 2012,great_plains,species,obligate,TRUE,0.4,0.4,22,15,,,0.6,0.6,,,,,,
md_1252,9WPH8J6A,mean_diff,1338,mean_difference,categorical,abundance,abundance - 2008,,,,,twice-over rotational grazing,continuous grazing,vesper_sparrow,1,apples,0,,Table 1,rotational_grazing,Ranellucci et al. 2012,great_plains,species,obligate,TRUE,0.3,0.2,22,15,,,0.5,0.5,,,,,,
md_1253,9WPH8J6A,mean_diff,1339,mean_difference,categorical,abundance,abundance - 2009,,,,,twice-over rotational grazing,continuous grazing,vesper_sparrow,1,apples,0,,Table 1,rotational_grazing,Ranellucci et al. 2012,great_plains,species,obligate,TRUE,0.2,0.3,22,15,,,0.4,0.6,,,,,,
md_1254,9WPH8J6A,mean_diff,1340,mean_difference,categorical,abundance,abundance - 2008,,,,,twice-over rotational grazing,continuous grazing,western_meadowlark,1,apples,0,,Table 1,rotational_grazing,Ranellucci et al. 2012,great_plains,species,obligate,TRUE,1.5,1.4,22,15,,,1,1.1,,,,,,
md_1255,9WPH8J6A,mean_diff,1341,mean_difference,categorical,abundance,abundance - 2009,,,,,twice-over rotational grazing,continuous grazing,western_meadowlark,1,apples,0,,Table 1,rotational_grazing,Ranellucci et al. 2012,great_plains,species,obligate,TRUE,1.8,2,22,15,,,1.3,1.3,,,,,,
md_1256,9WPH8J6A,mean_diff,1342,mean_difference,categorical,abundance,abundance - 2008,,,,,twice-over rotational grazing,continuous grazing,brown_headed_cowbird,1,apples,0,,Table 1,rotational_grazing,Ranellucci et al. 2012,great_plains,species,facultative,TRUE,1,0.9,22,15,,,1.4,1.1,,,,,,
md_1257,9WPH8J6A,mean_diff,1343,mean_difference,categorical,abundance,abundance - 2009,,,,,twice-over rotational grazing,continuous grazing,brown_headed_cowbird,1,apples,0,,Table 1,rotational_grazing,Ranellucci et al. 2012,great_plains,species,facultative,TRUE,0.6,0.4,22,15,,,1.2,0.8,,,,,,
md_1258,9WPH8J6A,mean_diff,1344,mean_difference,categorical,abundance,abundance - 2008,,,,,twice-over rotational grazing,continuous grazing,clay_colored_sparrow,1,apples,0,,Table 1,rotational_grazing,Ranellucci et al. 2012,great_plains,species,facultative,TRUE,1.7,1.5,22,15,,,1.3,1.3,,,,,,
md_1259,9WPH8J6A,mean_diff,1345,mean_difference,categorical,abundance,abundance - 2009,,,,,twice-over rotational grazing,continuous grazing,clay_colored_sparrow,1,apples,0,,Table 1,rotational_grazing,Ranellucci et al. 2012,great_plains,species,facultative,TRUE,1.8,1.4,22,15,,,1.5,1.2,,,,,,
md_1260,9WPH8J6A,mean_diff,1346,mean_difference,categorical,abundance,abundance - 2008,,,,,twice-over rotational grazing,continuous grazing,eastern_kingbird,1,apples,0,,Table 1,rotational_grazing,Ranellucci et al. 2012,great_plains,species,facultative,TRUE,0.4,0.5,22,15,,,0.6,0.8,,,,,,
md_1261,9WPH8J6A,mean_diff,1347,mean_difference,categorical,abundance,abundance - 2009,,,,,twice-over rotational grazing,continuous grazing,eastern_kingbird,1,apples,0,,Table 1,rotational_grazing,Ranellucci et al. 2012,great_plains,species,facultative,TRUE,0.4,0.4,22,15,,,0.6,0.6,,,,,,
md_1262,9WPH8J6A,mean_diff,1348,mean_difference,categorical,abundance,abundance - 2008,,,,,twice-over rotational grazing,continuous grazing,red_winged_blackbird,1,apples,0,,Table 1,rotational_grazing,Ranellucci et al. 2012,great_plains,species,facultative,TRUE,1.1,1.5,22,15,,,1.4,2,,,,,,
md_1263,9WPH8J6A,mean_diff,1349,mean_difference,categorical,abundance,abundance - 2009,,,,,twice-over rotational grazing,continuous grazing,red_winged_blackbird,1,apples,0,,Table 1,rotational_grazing,Ranellucci et al. 2012,great_plains,species,facultative,TRUE,0.9,1.1,22,15,,,1.5,1.6,,,,,,
md_1264,Z8IHZVRP,mean_diff,1350,mean_difference,categorical,nest_success,nests surviving cut (%),period_survival,,,,Late-hayed fields,Early hay,obligate_grassland_species,1,oranges,0,,Computed from counts on p 542; Not a reaonable comparison,delay_hay,Luscier and Thompson 2009,southeast_us,guild,obligate,TRUE,96.08,16.67,51,18,,,2.72,8.78,,,,,,
md_1265,Z8IHZVRP,mean_diff,1351,mean_difference,categorical,abundance,detected nests per hectare,,,,,Late-hayed fields,Early hay,obligate_grassland_species,1,oranges,0,,Nests before and after a cut are not a reasonable comparison,delay_hay,Luscier and Thompson 2009,southeast_us,guild,obligate,TRUE,0.159,0.027,4,2,,,0.016,0.012,,,,,,
md_1266,XYFBIX43,mean_diff,1352,mean_difference,categorical,nest_success,apparent nest success (%),period_survival,,,,Rotationally grazed pasture,Continuously grazed pasture,bobolink,1,apples,0,,Calculated from Tables 1 & 4,rotational_grazing,Fromberger et al. 2020,other,species,obligate,TRUE,41.11,42.03,90,69,,,5.19,5.94,,,,,,
md_1267,XYFBIX43,mean_diff,1353,mean_difference,categorical,nest_success,apparent nest success (%),period_survival,,,,Ungrazed pasture,Rotationally grazed pasture,bobolink,1,oranges,0,,Calculated from Tables 1 & 4 but an orange because it's not a fair comparison for our purposes,reduce_grazing_intensity,Fromberger et al. 2020,other,species,obligate,TRUE,62.86,41.11,35,90,,,8.17,5.19,,,,,,
md_1268,2NUD7X3Z,mean_diff,1354,mean_difference,categorical,abundance,abundance,,,,,0-30 m from forest edge (beech dominated sites),180 - 210 m from forest edge (towards forest interior; beech dominated sites),ground_breeders,1,apples,0,,,edge_and_shrub_habitat,Batáry et al. 2014,europe,guild,facultative,TRUE,2.66,2.134,6,6,,,0.623,0.398,,,,,,
md_1269,2NUD7X3Z,mean_diff,1355,mean_difference,categorical,abundance,abundance,,,,,0-30 m from forest edge (tree species rich sites),180 - 210 m from forest edge (towards forest interior; tree species rich sites),ground_breeders,1,apples,0,,,edge_and_shrub_habitat,Batáry et al. 2014,europe,guild,facultative,TRUE,2.472,2.461,6,6,,,0.519,0.579,,,,,,
md_1270,XW78AT45,mean_diff,1356,mean_difference,categorical,abundance,density - site DO,,,,,Edge nests,Core nests,grasshopper_sparrow,1,apples,0,,Table 3,edge_and_shrub_habitat,Perkins et al. 2003,southeast_us,species,obligate,TRUE,1.34,2.95,29,30,,,0.23,0.21,,,,,,
md_1271,XW78AT45,mean_diff,1357,mean_difference,categorical,abundance,density - site TL,,,,,Edge nests,Core nests,grasshopper_sparrow,1,apples,0,,Table 3,edge_and_shrub_habitat,Perkins et al. 2003,southeast_us,species,obligate,TRUE,2.64,3.68,46,20,,,0.29,0.31,,,,,,
md_1272,XW78AT45,mean_diff,1358,mean_difference,categorical,abundance,density - site DO,,,,,Edge nests,Core nests,bachmans_sparrow,1,apples,0,,Table 3,edge_and_shrub_habitat,Perkins et al. 2003,southeast_us,species,obligate,TRUE,1.13,1.37,29,30,,,0.19,0.19,,,,,,
md_1273,XW78AT45,mean_diff,1359,mean_difference,categorical,abundance,density - site TL,,,,,Edge nests,Core nests,bachmans_sparrow,1,apples,0,,Table 3,edge_and_shrub_habitat,Perkins et al. 2003,southeast_us,species,obligate,TRUE,2.5,2.62,46,20,,,0.18,0.14,,,,,,
md_1274,XW78AT45,mean_diff,1360,mean_difference,categorical,nest_success,DSR - site DO,daily_survival,,,,Edge nests,Core nests,grasshopper_sparrow,1,apples,0,,Table 1,edge_and_shrub_habitat,Perkins et al. 2003,southeast_us,species,obligate,TRUE,0.92,0.93,99,103,,,0.02,0.03,,,,,,
md_1275,XW78AT45,mean_diff,1361,mean_difference,categorical,nest_success,DSR - site TL,daily_survival,,,,Edge nests,Core nests,grasshopper_sparrow,1,apples,0,,Table 1,edge_and_shrub_habitat,Perkins et al. 2003,southeast_us,species,obligate,TRUE,0.88,0.95,111,95,,,0.03,0.02,,,,,,
md_1276,XW78AT45,mean_diff,1362,mean_difference,categorical,nest_success,DSR - site DO,daily_survival,,,,Edge nests,Core nests,bachmans_sparrow,1,apples,0,,Table 1,edge_and_shrub_habitat,Perkins et al. 2003,southeast_us,species,obligate,TRUE,0.93,0.93,74.5,28,,,0.03,0.05,,,,,,
md_1277,XW78AT45,mean_diff,1363,mean_difference,categorical,nest_success,DSR - site TL,daily_survival,,,,Edge nests,Core nests,bachmans_sparrow,1,apples,0,,Table 1,edge_and_shrub_habitat,Perkins et al. 2003,southeast_us,species,obligate,TRUE,0.91,0.89,22.5,46,,,0.06,0.05,,,,,,
md_1278,VXQYBKJ5,mean_diff,1364,mean_difference,categorical,nest_success,Probability of nesting success,period_survival,,,,Twice-over rotational grazing (2011),Season-long grazing (2011),ground_nesters,1,apples,1,,Traced from plot; Sample size calculated,rotational_grazing,Carnochan et al. 2018,great_plains,guild,obligate,TRUE,0.0275,0.1226,28,20,,,,,-0.0282,-0.0898,0.0832,0.335,,
md_1279,VXQYBKJ5,mean_diff,1365,mean_difference,categorical,nest_success,Probability of nesting success,period_survival,,,,Twice-over rotational grazing (2012),Season-long grazing (2012),ground_nesters,1,apples,1,,Traced from plot; Sample size calculated,rotational_grazing,Carnochan et al. 2018,great_plains,guild,obligate,TRUE,0.1309,0.3119,37,25,,,,,-0.08600000000000002,-0.14300000000000002,0.3478,0.7668,,
