key,reviewed,paper,title,bmp,multiple_bmps,article_type,geography_type,continent,geography,response,effect_size,useful,in_analysis_table,problem,additional_notes
ECNPR7UT,yes,Adams et al. 2013,Disturbance And Landscape Effects On Avi...,prescribed_fire,prescribed_fire,research,state,americas,mississippi,nest_density; nest_success,yes,yes,mean_diff,NA,Nest success may not be usable
JAX682TX,yes,Adams et al. 2019,Effect Of Anthropogenic Light On Bird Mo...,upgrade_to_darksky,upgrade_to_darksky,review,global,NA,global,NA,no,no,NA,review,"This article provides a great method for a replicable, comprehensive, and transparent literature searches. It’s so good that i think that we can cite them in methods for the literature search component."
X3E5MBG4,yes,Ahlering and Merkord 2016,Cattle Grazing And Grassland Birds In Th...,reduce_grazing_intensity,reduce_grazing_intensity; prescribed_fire,research,state,americas,north_dakota,abundance,yes,yes,beta_categorical,NA,Beta continuous
X3E5MBG4,yes,Ahlering and Merkord 2016,Cattle Grazing And Grassland Birds In Th...,prescribed_fire,reduce_grazing_intensity; prescribed_fire,research,state,americas,north_dakota,abundance,yes,yes,beta_categorical,NA,NA
6S3L3WXJ,yes,Ahlering et al. 2019,Land Ownership And Use Influence Grassla...,prescribed_fire,prescribed_fire,research,state,americas,iowa,density,yes,yes,beta_continuous,continuous,Estimates were found in supplemental tables
6S3L3WXJ,yes,Ahlering et al. 2019,Land Ownership And Use Influence Grassla...,prescribed_fire,prescribed_fire,research,state,americas,minnesota,density,yes,yes,beta_continuous,continuous,Estimates were found in supplemental tables
LGTIZWRQ,yes,Aitken and Martin 2012,Experimental Test Of Nest-Site Limitatio...,install_nest_boxes,install_nest_boxes,research,province,americas,british_columbia,nest_density,calculated,yes,NA,NA,Pre- and post-installation of nest boxes ... unfortunately mammals and birds
LGTIZWRQ,yes,Aitken and Martin 2012,Experimental Test Of Nest-Site Limitatio...,install_nest_boxes,install_nest_boxes,research,country,americas,canada,nest_density,calculated,yes,NA,NA,Pre- and post-installation of nest boxes ... unfortunately mammals and birds
R4MJN3BW,yes,Akresh et al. 2024,A Meta-Analysis Of Edge Effects On Nesti...,edge_and_shrub_habitat,edge_and_shrub_habitat,review,continent,NA,north_america,NA,yes,no,NA,review,NA
N87HY4T4,yes,Allen et al. 2019,Evaluation Of Unharvested Refugia For Gr...,manage_in_patches,manage_in_patches,research,state,americas,new_jersey,density,yes,yes,mean_diff,NA,NA
W23SNMCV,yes,Anderson et al. 2023,Imidacloprid Exposure Is Detectable In O...,eliminate_pesticides,eliminate_pesticides,research,state,americas,texas,blood_concentration; blood_presence,calculated,yes,NA,NA,We will have to calculate our own effect size based on the data in Table 1 (proportion of exposed samples)
47D77SKG,yes,Anteau et al. 2023,Climate-Induced Shifts In Grassland Bird...,delay_hay,delay_hay,review,continent,NA,north_america,NA,no,no,NA,review,Review
ZFSHRHGL,yes,Arbeiter and Franke 2018,Predation Risk Of Artificial Ground Nest...,edge_and_shrub_habitat,edge_and_shrub_habitat,research,country,europe,germany,nest_predation,yes,yes,beta_continuous,continuous,Artificial nests
FGV9D8NS,yes,Askins et al. 2007,Conservation Of Grassland Birds In North...,delay_hay,prescribed_fire; manage_in_patches; eliminate_pesticides; delay_hay,review,continent,NA,north_america,NA,no,no,NA,review,Review
FGV9D8NS,yes,Askins et al. 2007,Conservation Of Grassland Birds In North...,eliminate_pesticides,prescribed_fire; manage_in_patches; eliminate_pesticides; delay_hay,review,continent,NA,north_america,NA,no,no,NA,review,Review
FGV9D8NS,yes,Askins et al. 2007,Conservation Of Grassland Birds In North...,manage_in_patches,prescribed_fire; manage_in_patches; eliminate_pesticides; delay_hay,review,NA,NA,NA,NA,NA,no,NA,review,NA
FGV9D8NS,yes,Askins et al. 2007,Conservation Of Grassland Birds In North...,prescribed_fire,prescribed_fire; manage_in_patches; eliminate_pesticides; delay_hay,review,NA,NA,NA,NA,no,no,NA,review,Review
47Y8JMQT,yes,Assandri et al. 2017,"Nest Density, Nest-Site Selection, And B...",eliminate_pesticides,eliminate_pesticides,research,country,europe,italy,nest_abundance; nest_success,yes,yes,beta_categorical,NA,Number of nests (not density)
WXBB6DC6,yes,Assandri et al. 2018,A Matter Of Pipes: Wryneck Jynx Torquill...,install_nest_boxes,install_nest_boxes,research,country,europe,italy,nest_success; occupancy,yes,no,NA,no_quantitative_results,Did not really look at how the addition of nest boxes increases occupancy or nest success ... all nests failed
XL4JC3D8,yes,Assandri et al. 2019,Species-Specific Responses To Habitat An...,delay_hay,delay_hay,research,country,europe,italy,abundance; occupancy,yes,yes,beta_continuous,continuous,May not be useful here because it represents the density of 3 european grassland species.
27NXUYL9,yes,Augustine and Derner 2012,Disturbance Regimes And Mountain Plover ...,prescribed_fire,prescribed_fire,research,state,americas,colorado,vegetation,no,no,NA,unusable_response,Linked prescribed fire to vegetation
GS4TG5A4,yes,Augustine and Derner 2015,"Patch-Burn Grazing Management, Vegetatio...",manage_in_patches,prescribed_fire; manage_in_patches,research,state,americas,colorado,density,calculated,yes,NA,trace_plot,burned vs. unburned; plot based densities are provided (perhaps obtain from figure 2?); have t-test results
GS4TG5A4,yes,Augustine and Derner 2015,"Patch-Burn Grazing Management, Vegetatio...",prescribed_fire,prescribed_fire; manage_in_patches,research,state,americas,colorado,density,calculated,yes,mean_diff,trace_plot,burned vs. unburned; plot based densities are provided (perhaps obtain from figure 2?); have t-test results
NEBKIUWN,yes,Augustine et al. 2021,Thinking Like A Grassland: Challenges An...,no_bmp,no_bmp,review,NA,NA,NA,NA,no,no,NA,review,review
C68PGT6U,yes,Augustine et al. 2024,The LTAR Grazing Land Common Experiment at the Central Plains Experimental Range: Collaborative adaptive rangeland management,rotational_grazing,rotational_grazing,research,state,americas,wyoming,NA,no,no,NA,unusable_response,We don't see a response at all ... but they also didn't look at birds
C68PGT6U,yes,Augustine et al. 2024,The LTAR Grazing Land Common Experiment at the Central Plains Experimental Range: Collaborative adaptive rangeland management,rotational_grazing,rotational_grazing,research,state,americas,nebraska,NA,no,no,NA,unusable_response,We don't see a response at all ... but they also didn't look at birds
C68PGT6U,yes,Augustine et al. 2024,The LTAR Grazing Land Common Experiment at the Central Plains Experimental Range: Collaborative adaptive rangeland management,rotational_grazing,rotational_grazing,research,state,americas,colorado,NA,no,no,NA,unusable_response,We don't see a response at all ... but they also didn't look at birds
E2XE4KN2,yes,Baker et al. 2005,Impact Of Predation By Domestic Cats Fel...,keep_cats_indoors,keep_cats_indoors,research,country,europe,united_kingdom,predation_rate,no,no,NA,unusable_treatment,"Just a simple survey study of what cats are bringing back (i.e., just takings by cat by prey item and season)"
LZK8GQD7,yes,Baker et al. 2008,Cats About Town: Is Predation By Free-Ra...,keep_cats_indoors,keep_cats_indoors,research,country,europe,united_kingdom,predation_rate,no,no,NA,unusable_treatment,"Impact score might be usable, but I do not believe so. What is super interesting is the significant difference in fat and pectoral muscle scores ... might suggest compensatory mortality."
RI9YTV8X,yes,Bakker and Higgins 2009,Planted Grasslands and Native Sod Prairi...,plant_nwsg,plant_nwsg,research,state,americas,south_dakota,density; abundance,yes,yes,mean_diff,NA,NA
RI9YTV8X,yes,Bakker and Higgins 2009,Planted Grasslands and Native Sod Prairi...,plant_nwsg,plant_nwsg,research,state,americas,minnesota,density; abundance,yes,yes,mean_diff,NA,NA
XJ5PM74P,yes,Balent and Norment 2003,Demographic Characteristics Of A Grassho...,no_bmp,no_bmp,NA,NA,NA,NA,NA,NA,no,NA,no_bmp,NA
YJYMM7JK,yes,Baltensperger et al. 2020,Implications Of Future Climate- And Land...,no_bmp,no_bmp,NA,NA,NA,NA,NA,NA,no,NA,no_bmp,NA
RC95UWBN,no,Bartuszevige et al. 2002,Organochlorine Pesticide Contamination I...,eliminate_pesticides,eliminate_pesticides,research,state,americas,illinois,presence_of_pesticide,unknown,unknown,NA,no_access,Unable to access the paper
99Q2TGKE,yes,Barzan et al. 2021,Livestock Grazing Constrains Bird Abunda...,reduce_grazing_intensity,reduce_grazing_intensity,review,NA,NA,NA,NA,no,no,NA,review,NA
W9HAEBRV,yes,Batáry et al. 2007,Grassland Versus Non-Grassland Bird Abun...,reduce_grazing_intensity,reduce_grazing_intensity,research,country,europe,hungary,density,calculated,yes,mean_diff,trace_plot,trace Fig 1 plot
2NUD7X3Z,yes,Batáry et al. 2014,How Do Edge Effect And Tree Species Dive...,edge_and_shrub_habitat,edge_and_shrub_habitat,research,country,europe,germany,nest_success; abundance; species_richness,no,no,NA,unknown,Revisit for why it is not useful
UPJ4LJZV,yes,Beck et al. 2016,Edge Effects And Avian Community Structu...,edge_and_shrub_habitat,edge_and_shrub_habitat,research,NA,NA,NA,abundance; species_richness,no,no,NA,unknown,Revisit for why it is not useful
WC4SQHUL,yes,Belden et al. 2018,Relative Abundance Trends Of Bird Popula...,no_bmp,no_bmp,NA,NA,NA,NA,NA,NA,no,NA,no_bmp,NA
3NTX2A2K,yes,Benson et al. 2011,Short-Term Effects Of Burning And Diskin...,prescribed_fire,prescribed_fire,research,state,americas,iowa,density; species_richness,yes,yes,mean_diff,NA,The problem here is that is within-year burning or one year post burn
K9RIF33K,yes,Benson et al. 2013,Patch Size And Edge Proximity Are Useful...,edge_and_shrub_habitat,edge_and_shrub_habitat,review,NA,NA,NA,nest_success,no,no,NA,review,NA
UM3MH8KM,yes,Benton et al. 2003,Farmland Biodiversity: Is Habitat Hetero...,manage_in_patches,manage_in_patches,review,NA,NA,NA,NA,no,no,NA,review,NA
U3SWA47K,yes,Berges et al. 2010,Bird Species Diversity In Riparian Buffe...,edge_and_shrub_habitat,edge_and_shrub_habitat,research,state,americas,iowa,species_richness; abundance,yes,yes,NA,NA,NA
BQVLGCUS,yes,Bernath-Plaisted et al. 2017,Conventional Oil And Natural Gas Infrast...,edge_and_shrub_habitat,edge_and_shrub_habitat; remove_non_native_species,research,province,americas,alberta,abundance,yes,yes,NA,NA,Proximity to the nearest perch ... edge habitat?
BQVLGCUS,yes,Bernath-Plaisted et al. 2017,Conventional Oil And Natural Gas Infrast...,remove_non_native_species,edge_and_shrub_habitat; remove_non_native_species,research,province,americas,alberta,nest_parasitism,yes,yes,beta_continuous,continuous,Nest parasitism in response to exotic plant cover
WFG2BSAA,yes,Bernath-Plaisted et al. 2021,Quantifying Multiple Breeding Vital Rate...,no_bmp,no_bmp,NA,NA,NA,NA,NA,NA,no,NA,no_bmp,NA
AIL5TWMK,yes,Bernath-Plaisted et al. 2023,Review Of Conservation Challenges And Po...,no_bmp,no_bmp,NA,NA,NA,NA,NA,NA,no,NA,no_bmp,NA
G6MQHNL7,yes,Berthier et al. 2012,Massive Nest-Box Supplementation Boosts ...,install_nest_boxes,install_nest_boxes,research,country,europe,switzerland,genetics,maybe,no,NA,unusable_treatment,Genetics stuff
NCBMFWM9,yes,Berzins et al. 2022,Conserving Wetlands In Agroecosystems Ca...,no_bmp,no_bmp,NA,NA,NA,NA,NA,NA,no,NA,no_bmp,NA
TMHIYH9Y,yes,Besnard and Secondi 2014,Hedgerows Diminish The Value Of Meadows ...,stream_exclusion_and_buffers,stream_exclusion_and_buffers,research,country,europe,france,abundance; species_richness,yes,yes,NA,NA,NA
RZ8PLSVX,yes,Best et al. 1990,Use Of Cornfields By Birds During The Br...,edge_and_shrub_habitat,edge_and_shrub_habitat,research,state,americas,iowa,species_richness; abundance,yes,yes,mean_diff,NA,NA
RZ8PLSVX,yes,Best et al. 1990,Use Of Cornfields By Birds During The Br...,edge_and_shrub_habitat,edge_and_shrub_habitat,research,state,americas,illinois,species_richness; abundance,yes,yes,mean_diff,NA,NA
4EB7C7KP,yes,Betini et al. 2023,Spatial Variation In The Association Bet...,no_bmp,no_bmp,NA,NA,NA,NA,NA,NA,no,NA,no_bmp,NA
DDEK34HF,yes,Blanco et al. 1998,Traditional Farming And Key Foraging Hab...,no_bmp,no_bmp,NA,NA,NA,NA,NA,NA,no,NA,no_bmp,NA
55UE5VCT,yes,Blank et al. 2011,Bird Community Response To Filter Strips...,stream_exclusion_and_buffers,stream_exclusion_and_buffers; provide_overwintering_habitat; plant_nwsg,research,state,americas,maryland,density; species_richness; nest_density; nest_success,yes,yes,NA,NA,NA
55UE5VCT,yes,Blank et al. 2011,Bird Community Response To Filter Strips...,provide_overwintering_habitat,stream_exclusion_and_buffers; provide_overwintering_habitat; plant_nwsg,research,state,americas,maryland,density; species_richness; nest_density; nest_success,yes,yes,NA,NA,NA
55UE5VCT,yes,Blank et al. 2011,Bird Community Response To Filter Strips...,plant_nwsg,stream_exclusion_and_buffers; provide_overwintering_habitat; plant_nwsg,research,state,americas,maryland,density; species_richness; nest_density; nest_success,yes,yes,mean_diff,NA,NA
7SS4IEI5,yes,Blank et al. 2011b,Wintering Bird Response To Fall Mowing O...,provide_overwintering_habitat,stream_exclusion_and_buffers; provide_overwintering_habitat,research,state,americas,maryland,density; abundance; species_richness,yes,yes,NA,NA,NA
7SS4IEI5,yes,Blank et al. 2011b,Wintering Bird Response To Fall Mowing O...,stream_exclusion_and_buffers,stream_exclusion_and_buffers; provide_overwintering_habitat,research,state,americas,maryland,abundance; species_richness,yes,yes,NA,NA,The big squeeze
X7TPFB2S,yes,Blank et al. 2014,Bird Communities And Biomass Yields In P...,no_bmp,no_bmp,NA,NA,NA,NA,NA,NA,no,NA,no_bmp,NA
PS7698Q7,yes,Bleho et al. 2014,Direct Effects Of Cattle On Grassland Bi...,reduce_grazing_intensity,rotational_grazing; reduce_grazing_intensity,review,country,americas,canada,NA,no,no,NA,review,NA
PS7698Q7,yes,Bleho et al. 2014,Direct Effects Of Cattle On Grassland Bi...,rotational_grazing,rotational_grazing; reduce_grazing_intensity,review,country,americas,canada,nest_success,calculated,no,NA,review,Review
YBANTZ24,yes,Boatman et al. 2004,Evidence For The Indirect Effects Of Pes...,eliminate_pesticides,eliminate_pesticides,research,country,europe,united_kingdom,brood_reduction,yes,yes,beta_continuous,continuous,"Results may be biased because: The two models are nests with at least one chick surviving (biased low) and nests in which brood reduction was observed; results were only provided for the yellowhammer, rather than the other species for which no effect of pesticide exposure was observed."
IF3VCNWP,yes,Bock and Bock 1999,Response of Winter Birds to Drought and Short-Duration Grazing in Southeastern Arizona,provide_overwintering_habitat,provide_overwintering_habitat; rotational_grazing,research,state,americas,arizona,abundance,yes,yes,mean_diff,NA,Big ol' table!
IF3VCNWP,yes,Bock and Bock 1999,Response of Winter Birds to Drought and Short-Duration Grazing in Southeastern Arizona,rotational_grazing,provide_overwintering_habitat; rotational_grazing,research,state,americas,arizona,abundance,yes,yes,NA,NA,Big ol' table!
PCDEHCC2,yes,Bollinger 1995,Successional Changes And Habitat Selecti...,edge_and_shrub_habitat,edge_and_shrub_habitat,research,state,americas,new_york,abundance,no,no,NA,unusable_treatment,Hayfield age is interesting
JGT3P9TP,yes,Bollinger and Gavin 2004,Responses Of Nesting Bobolinks (<I>Dolic...,edge_and_shrub_habitat,edge_and_shrub_habitat,research,state,americas,new_york,nest_density; nest_success,calculated,yes,mean_diff,trace_plot,Figure 2 can be traced to obtain an effect size of DSR by edge
JU9AG4XY,yes,Bollinger and Switzer 2002,Modeling The Impact Of Edge Avoidance On...,edge_and_shrub_habitat,edge_and_shrub_habitat,research,NA,NA,NA,nest_density,no,no,NA,unusable_response,Simulation model
QADRA6RL,yes,Bollinger et al. 1990,Effects Of Hay-Cropping On Eastern Popul...,delay_hay,delay_hay,research,state,americas,new_york,nest_success,calculated,yes,other_categorical,NA,There is something squirrelly with their sample sizes!
JSRA69LY,yes,Bortolotti 1994,Effect Of Nest-Box Size On Nest-Site Pre...,install_nest_boxes,install_nest_boxes,research,province,americas,saskatchewan,nest_success; density,no,no,NA,no_quantitative_results,A comparison of nest box sizes. They did not have enough data to include natural cavities in their test ... no quantitative results for their claim that nest boxes don't increase density of birds
JSRA69LY,yes,Bortolotti 1994,Effect Of Nest-Box Size On Nest-Site Pre...,install_nest_boxes,install_nest_boxes,research,country,americas,canada,nest_success; density,no,no,NA,no_quantitative_results,A comparison of nest box sizes. They did not have enough data to include natural cavities in their test ... no quantitative results for their claim that nest boxes don't increase density of birds
MFYANL5M,yes,Both et al. 2017,Delayed Age At First Breeding And Experi...,install_nest_boxes,install_nest_boxes,research,country,europe,netherlands,abundance,no,no,NA,no_quantitative_results,"Looked at the demography of nest box use -- one interesting (and potentially useful) bit was their nest box removal experiment, but they did not provide quantitative results for this"
7FTA2IHR,yes,Boutin et al. 1999,Spatial And Temporal Patterns Of Bird Us...,no_bmp,no_bmp,research,province,americas,ontario,NA,NA,no,NA,no_bmp,NA
7FTA2IHR,yes,Boutin et al. 1999,Spatial And Temporal Patterns Of Bird Us...,no_bmp,no_bmp,research,country,americas,canada,NA,NA,no,NA,no_bmp,NA
FE9EGUNZ,yes,Bouvier et al. 2011,Apple Orchard Pest Control Strategies Af...,eliminate_pesticides,eliminate_pesticides,research,country,europe,france,species_richness; abundance,calculated,yes,mean_diff,trace_plot,Estimate from plot
5N6IA9AX,yes,Brand and Noon 2011,Seasonal Fecundity And Source-Sink Statu...,remove_non_native_species,remove_non_native_species,research,state,americas,arizona,nest_success,yes,yes,mean_diff,NA,"Oddly, the percent nest survival data were from Brand et al. 2010, which our search did not pick up"
XYR2I4ZX,yes,Britschgi et al. 2006,Impact Of Grassland Farming Intensificat...,delay_hay,delay_hay,research,country,europe,switzerland,nest_success,yes,no,other_categorical,no_error,No error; No degrees of freedom
H55588FC,yes,Brofsky et al. 2023,Habitat Associations And Conservation Op...,no_bmp,no_bmp,research,state,americas,massachusetts,abundance,no,no,NA,no_bmp,NA
ATSLLUHB,yes,Brooks and Stouffer 2011,Interspecific Variation In Habitat Prefe...,provide_overwintering_habitat,provide_overwintering_habitat,research,state,americas,mississippi,abundance,yes,no,NA,unusable_treatment,Just abundances in different stands
5MKS4MSE,no,Brown and Nocera 2017,Conservation Of Breeding Grassland Birds...,delay_hay,delay_hay,research,province,americas,ontario,abundance; hay_quality,unknown,unknown,NA,no_access,Unable to access the paper
5MKS4MSE,no,Brown and Nocera 2017,Conservation Of Breeding Grassland Birds...,delay_hay,delay_hay,research,country,americas,canada,abundance; hay_quality,unknown,unknown,NA,no_access,Unable to access the paper
VXP6DF6J,yes,Broyer et al. 2012,Does Breeding Success Lead Meadow Passer...,delay_hay,delay_hay,research,country,europe,france,abundance; nest_success,no,no,NA,no_quantitative_results,"They do not provide any stats for nest success (just raw numbers). For abundance, they ran a Spearman correlation but did not report the test statistics (just rho < 0.15, P > 0.15)"
8SR945GU,yes,Broyer et al. 2020,Spatial Convergence Of Meadow Passerine ...,delay_hay,delay_hay,research,country,europe,france,nest_success; abundance,yes,yes,NA,NA,"MCM is patch-based mowing, where 1/3 is mowed at a time; no effect size for nest success; number of territories is used for abundance"
MENLJSMV,no,Buckingham et al. 2015,Manipulating Grass Silage Management To ...,delay_hay,delay_hay,research,country,europe,united_kingdom,nest_success; fledgling_survival,unknown,unknown,NA,no_access,Unable to access the paper
QX25INTP,yes,Buckley et al. 2022,Effects Of Grazing Strategy On Facultati...,manage_in_patches,prescribed_fire; rotational_grazing; manage_in_patches,research,state,americas,kentucky,nest_success,no,no,NA,unknown,Revisit -- we might be able to get something from table 1
QX25INTP,yes,Buckley et al. 2022,Effects Of Grazing Strategy On Facultati...,manage_in_patches,prescribed_fire; rotational_grazing; manage_in_patches,research,state,americas,tennessee,nest_success,no,no,NA,unknown,Revisit -- we might be able to get something from table 1
QX25INTP,yes,Buckley et al. 2022,Effects Of Grazing Strategy On Facultati...,prescribed_fire,prescribed_fire; rotational_grazing; manage_in_patches,research,state,americas,kentucky,nest_success,calculated,yes,NA,trace_plot,DSRs will have to be obtained from the plot (figure 2)
QX25INTP,yes,Buckley et al. 2022,Effects Of Grazing Strategy On Facultati...,prescribed_fire,prescribed_fire; rotational_grazing; manage_in_patches,research,state,americas,tennessee,nest_success,calculated,yes,NA,trace_plot,DSRs will have to be obtained from the plot (figure 2)
QX25INTP,yes,Buckley et al. 2022,Effects Of Grazing Strategy On Facultati...,rotational_grazing,prescribed_fire; rotational_grazing; manage_in_patches,research,state,americas,kentucky,nest_success,calculated,yes,mean_diff,trace_plot,Must be calculated from Figure 2
QX25INTP,yes,Buckley et al. 2022,Effects Of Grazing Strategy On Facultati...,rotational_grazing,prescribed_fire; rotational_grazing; manage_in_patches,research,state,americas,tennessee,nest_success,calculated,yes,mean_diff,trace_plot,Must be calculated from Figure 2
EV5N3IN5,yes,Burhans 1997,Habitat And Microhabitat Features Associ...,edge_and_shrub_habitat,edge_and_shrub_habitat,research,state,americas,missouri,nest_parasitism,yes,no,NA,unusable_treatment,Concealment rather edge ... and edge in association with nests (so could also be unusable response)
FMJYA8XN,yes,Burhans et al. 2002,Factors Affecting Predation At Songbird ...,edge_and_shrub_habitat,edge_and_shrub_habitat,research,state,americas,missouri,nest_predation; nest_success,yes,no,NA,no_quantitative_results,"Figure 4B is close, but the response is distance from edge for depredated vs. fledged nests"
SBLKN9DJ,yes,Burt et al. 2023,The Effects Of Light Pollution On Migrat...,upgrade_to_darksky,upgrade_to_darksky,review,global,NA,global,NA,no,no,NA,review,Review
EL6LSIJZ,yes,Butet et al. 2022,Land Use Changes And Raptor Population T...,no_bmp,no_bmp,NA,NA,NA,NA,NA,NA,no,NA,no_bmp,NA
VEK3WELY,yes,Byers et al. 2017,Grassland Bird Productivity In Warm Seas...,plant_nwsg,plant_nwsg; prescribed_fire; edge_and_shrub_habitat,research,state,americas,wisconsin,nest_success; nest_density,yes,no,NA,unusable_treatment,All samples were within NWSG fields
VEK3WELY,yes,Byers et al. 2017,Grassland Bird Productivity In Warm Seas...,prescribed_fire,plant_nwsg; prescribed_fire; edge_and_shrub_habitat,research,state,americas,wisconsin,nest_success; nest_density,yes,yes,mean_diff,NA,NA
VEK3WELY,yes,Byers et al. 2017,Grassland Bird Productivity In Warm Seas...,edge_and_shrub_habitat,plant_nwsg; prescribed_fire; edge_and_shrub_habitat,research,state,americas,wisconsin,nest_success; nest_density,yes,yes,beta_continuous,continuous,NA
F7H8KYBJ,yes,Cabodevilla et al. 2022,The Implementation Of Irrigation Leads T...,no_bmp,no_bmp,research,country,europe,spain,species_richness; occurrence,calculated,no,NA,unusable_treatment,NA
LR5HNVTT,yes,Cabrera-Cruz et al. 2018,Light Pollution Is Greatest Within Migra...,upgrade_to_darksky,upgrade_to_darksky,research,global,NA,global,NA,no,no,NA,unusable_response,Overlap between range/migratory routes and ALAN
PUFQ22AS,yes,Cabrera-Cruz et al. 2019,Urban Areas Affect Flight Altitudes Of N...,upgrade_to_darksky,upgrade_to_darksky,research,country,americas,united_states,flight_altitudes,yes,no,NA,unusable_response,Flight altitude is the response variable
MGBWJKTU,yes,Cabrera-Cruz et al. 2021,"Potential Effect Of Low-Rise, Downcast A...",upgrade_to_darksky,upgrade_to_darksky,research,state,americas,maryland,NA,yes,no,NA,unusable_response,A bit of a Bayesian kitchen sink of flight path changepoints in response to downward facing lights
TDG44BJI,yes,Campolina et al. 2024,Predation Effect By Cats And Rodents On ...,keep_cats_indoors,keep_cats_indoors,review,global,NA,global,nest_success,no,no,NA,review,A meta-analysis (and where Tara found PRISMA!)
MG5988E5,yes,Camprodon et al. 2008,The Abundance And Suitability Of Tree Ca...,install_nest_boxes,install_nest_boxes,research,country,europe,spain,abundance,calculated,yes,other_categorical,NA,"Abundance of birds in managed forests pre- and post- addition of nest boxes ... I'm not crazy that the ""control"" is in a different forest type"
5X68LKTH,yes,Cantpomizzi et al. 2019,Rotational Grazing Of Beef Cattle To Sup...,reduce_grazing_intensity,rotational_grazing; reduce_grazing_intensity,research,province,americas,ontario,nest_success,calculated,yes,NA,NA,We will have to build our own chi-square tables for this
5X68LKTH,yes,Cantpomizzi et al. 2019,Rotational Grazing Of Beef Cattle To Sup...,reduce_grazing_intensity,rotational_grazing; reduce_grazing_intensity,research,country,americas,canada,nest_success,calculated,yes,NA,NA,We will have to build our own chi-square tables for this
5X68LKTH,yes,Cantpomizzi et al. 2019,Rotational Grazing Of Beef Cattle To Sup...,rotational_grazing,rotational_grazing; reduce_grazing_intensity,research,province,americas,ontario,nest_success,calculated,yes,NA,NA,We will have to build our own chi-square tables for this
5X68LKTH,yes,Cantpomizzi et al. 2019,Rotational Grazing Of Beef Cattle To Sup...,rotational_grazing,rotational_grazing; reduce_grazing_intensity,research,country,americas,canada,nest_success,calculated,yes,NA,NA,We will have to build our own chi-square tables for this
VXQYBKJ5,yes,Carnochan et al. 2018,Effects Of Twice-Over Rotational Grazing...,rotational_grazing,rotational_grazing,research,province,americas,manitoba,nest_success,calculated,yes,mean_diff,trace_plot,Must be calculated by tracing Figure 1
VXQYBKJ5,yes,Carnochan et al. 2018,Effects Of Twice-Over Rotational Grazing...,rotational_grazing,rotational_grazing,research,country,americas,canada,nest_success,calculated,yes,mean_diff,trace_plot,Must be calculated by tracing Figure 1
2WJYSYDE,yes,Cassidy and Kleppel 2017,The Effect Of Grazing Regime On Grasslan...,rotational_grazing,rotational_grazing,research,state,americas,new_york,nest_success,calculated,yes,mean_diff,trace_plot,Just danged p-values ... except for vegetation height ... there is a plot if we have to resort to squinting
RAN8HLMY,yes,Chamberlain et al. 2010,Does Organic Farming Benefit Farmland Bi...,eliminate_pesticides,eliminate_pesticides,research,country,europe,united_kingdom,species_richness; abundance,yes,yes,beta_categorical,NA,"As an overwintering bird community, perhaps this could also be provide overwintering habitat?"
Q2W6B96H,yes,Chapman et al. 2004,Tree Invasion Constrains The Influence O...,edge_and_shrub_habitat,edge_and_shrub_habitat,research,state,americas,oklahoma,abundance,no,no,NA,no_quantitative_results,"Eastern redcedar encroachment ... cool, but only reported quantitative results by site"
P4SMCF68,yes,Chiatante et al. 2021,Indicators Of Biodiversity In An Intensi...,edge_and_shrub_habitat,edge_and_shrub_habitat,research,country,europe,italy,species_richness; abundance,yes,no,NA,unusable_response,Response variable was a biodiversity index that included non-birds
8EJWYGFK,no,Chiron et al. 2014,"Pesticide Doses, Landscape Structure And...",eliminate_pesticides,eliminate_pesticides,research,country,europe,france,species_richness; abundance,no,unknown,NA,no_access,Unable to access results (which would likely provide us with good info) because tabular data is provided in an appendix behind a paywall
DY9N6UPD,yes,Churchwell et al. 2008,Effects Of Patch-Burn Management On Dick...,manage_in_patches,prescribed_fire; manage_in_patches,research,state,americas,oklahoma,nest_density; nest_success,yes,yes,mean_diff,NA,NA
DY9N6UPD,yes,Churchwell et al. 2008,Effects Of Patch-Burn Management On Dick...,prescribed_fire,prescribed_fire; manage_in_patches,research,state,americas,oklahoma,nest_density; nest_success,yes,yes,NA,NA,NA
28AXDV5E,yes,Cockle et al. 2010,Supply Of Tree-Holes Limits Nest Density...,install_nest_boxes,install_nest_boxes,research,country,americas,argentina,abundance,yes,no,NA,unusable_treatment,"The only usable data would be number of nests, but i don’t like that; just a beta with the additive effect of number of nests with nest boxes (which is certainly not saying much ...)"
ZHWJP6Y8,yes,Codesido and Bilenca 2021,Avian Assemblages Associated With Differ...,rotational_grazing,rotational_grazing,research,country,americas,argentina,abundance,yes,no,beta_categorical,unusable_treatment,"This is rotational grazing, but not summer pasture stockpiling (cattle were rotated every 15-30 days during the spring and summer)"
78ZKH64U,yes,Cole et al. 2020,Managing Riparian Buffer Strips To Optim...,stream_exclusion_and_buffers,stream_exclusion_and_buffers,review,NA,NA,NA,NA,no,no,NA,review,Review
58NC2AN3,yes,Colombo and Segura 2021,Forest Edges Negatively Influence Daily ...,edge_and_shrub_habitat,edge_and_shrub_habitat,research,country,americas,argentina,nest_success,yes,yes,beta_continuous,continuous,Forest is distance to continuous forest
5QFBJNUI,yes,Conkling et al. 2017,Effects Of Crop Type And Harvest On Nest...,plant_nwsg,plant_nwsg,research,state,americas,mississippi,nest_density; nest_success,yes,yes,beta_categorical,NA,NA
4DES8R2Q,yes,Conkling et al. 2018,Impacts Of Biomass Production At Civil A...,plant_nwsg,plant_nwsg; provide_overwintering_habitat,research,state,americas,mississippi,species_richness; density,yes,yes,beta_categorical,NA,NA
4DES8R2Q,yes,Conkling et al. 2018,Impacts Of Biomass Production At Civil A...,provide_overwintering_habitat,plant_nwsg; provide_overwintering_habitat,research,state,americas,mississippi,species_richness; density,yes,yes,NA,NA,NA
TL3GWJHM,yes,Conover et al. 2007,Winter Avian Community And Sparrow Respo...,provide_overwintering_habitat,provide_overwintering_habitat; edge_and_shrub_habitat,research,state,americas,mississippi,species_richness; abundance,yes,yes,NA,NA,NA
TL3GWJHM,yes,Conover et al. 2007,Winter Avian Community And Sparrow Respo...,edge_and_shrub_habitat,provide_overwintering_habitat; edge_and_shrub_habitat,research,state,americas,mississippi,species_richness; abundance,yes,yes,NA,NA,NA
ILUKKWJA,yes,Conover et al. 2009,Breeding Bird Response To Field Border P...,stream_exclusion_and_buffers,stream_exclusion_and_buffers,research,state,americas,mississippi,species_richness; abundance,yes,yes,mean_diff,NA,Sample size is questionable ... seems to be pseudoreplication?
ZFUENEQI,yes,Conover et al. 2011,Effects Of Conservation Practices On Bir...,edge_and_shrub_habitat,stream_exclusion_and_buffers; plant_nwsg; edge_and_shrub_habitat,research,state,americas,mississippi,nest_density; survival,yes,yes,mean_diff,NA,NA
ZFUENEQI,yes,Conover et al. 2011,Effects Of Conservation Practices On Bir...,plant_nwsg,stream_exclusion_and_buffers; plant_nwsg; edge_and_shrub_habitat,research,state,americas,mississippi,nest_density; survival,no,no,NA,no_quantitative_results,"Based on their write-up, it was not possible to evaluate their effect size by their treatment group -- they provided betas but not basis for comparison; supplemental data were not accessible"
ZFUENEQI,yes,Conover et al. 2011,Effects Of Conservation Practices On Bir...,stream_exclusion_and_buffers,stream_exclusion_and_buffers; plant_nwsg; edge_and_shrub_habitat,research,state,americas,mississippi,nest_density; survival,no,no,NA,no_quantitative_results,"Based on their write-up, it was not possible to evaluate their effect size by their treatment group -- they provided betas but not basis for comparison; supplemental data were not accessible"
DJXGBKZP,yes,Conover et al. 2011b,Grassland Bird Nest Ecology And Survival...,edge_and_shrub_habitat,edge_and_shrub_habitat,research,state,americas,mississippi,nest_density; nest_success,yes,yes,mean_diff,NA,"Upland, rather than riparian buffers; all buffers are adjacent to edge ... is this okay?"
47D2B23I,yes,Conover et al. 2014,Effects Of Set-Aside Conservation Practi...,plant_nwsg,plant_nwsg; stream_exclusion_and_buffers,research,state,americas,mississippi,species_richness; abundance,yes,yes,mean_diff,NA,NA
47D2B23I,yes,Conover et al. 2014,Effects Of Set-Aside Conservation Practi...,stream_exclusion_and_buffers,plant_nwsg; stream_exclusion_and_buffers,research,state,americas,mississippi,species_richness; abundance,yes,yes,mean_diff,NA,NA
TBUA95JI,yes,Contreras et al. 2022,Bird Occupancy In Intensively Managed Ag...,eliminate_pesticides,eliminate_pesticides,research,country,americas,argentina,occupancy,yes,yes,beta_categorical,NA,"Unable to access the appendix. Only effect sizes of some models are provided, which may bias the results."
4G526MHA,yes,Coon et al. 2022,Increased Abundance And Productivity Of ...,plant_nwsg,plant_nwsg; eliminate_pesticides,research,state,americas,iowa,abundance; nest_success,yes,yes,beta_categorical,NA,"All information in the supplemental tables; control is fescue, treatment is spraying and seeding (native seed mix)"
4G526MHA,yes,Coon et al. 2022,Increased Abundance And Productivity Of ...,plant_nwsg,plant_nwsg; eliminate_pesticides,research,state,americas,missouri,abundance; nest_success,yes,yes,beta_categorical,NA,"All information in the supplemental tables; control is fescue, treatment is spraying and seeding (native seed mix)"
4G526MHA,yes,Coon et al. 2022,Increased Abundance And Productivity Of ...,eliminate_pesticides,plant_nwsg; eliminate_pesticides,research,state,americas,iowa,abundance; nest_success,yes,yes,beta_categorical,NA,"All information in the supplemental tables; control is fescue, treatment is spraying and seeding (native seed mix)"
4G526MHA,yes,Coon et al. 2022,Increased Abundance And Productivity Of ...,eliminate_pesticides,plant_nwsg; eliminate_pesticides,research,state,americas,missouri,abundance; nest_success,yes,yes,beta_categorical,NA,"All information in the supplemental tables; control is fescue, treatment is spraying and seeding (native seed mix)"
KCC5QDYQ,yes,Coppedge et al. 2004,Predicting Juniper Encroachment And Crp ...,remove_non_native_species,remove_non_native_species,research,state,americas,oklahoma,occupancy,yes,no,NA,unusable_treatment,Results only provided for multiple covariates
KXCFYIJV,yes,Coppedge et al. 2008,Avian Community Response To Vegetation A...,manage_in_patches,prescribed_fire; manage_in_patches,research,state,americas,oklahoma,species_richness; abundance,yes,yes,mean_diff,NA,NA
KXCFYIJV,yes,Coppedge et al. 2008,Avian Community Response To Vegetation A...,prescribed_fire,prescribed_fire; manage_in_patches,research,state,americas,oklahoma,species_richness; abundance,yes,yes,NA,NA,NA
ZTCF3VQ7,yes,Corace et al. 2009,Geographical Patterns In Openland Cover ...,delay_hay,delay_hay,research,state,americas,michigan,population_trend,no,no,NA,unusable_response,"Awkward, no results"
ZTCF3VQ7,yes,Corace et al. 2009,Geographical Patterns In Openland Cover ...,delay_hay,delay_hay,research,state,americas,wisconsin,population_trend,no,no,NA,unusable_response,"Awkward, no results"
ZTCF3VQ7,yes,Corace et al. 2009,Geographical Patterns In Openland Cover ...,delay_hay,delay_hay,research,state,americas,minnesota,population_trend,no,no,NA,unusable_response,"Awkward, no results"
BFQ2PFZ5,yes,Coudrain et al. 2010,Food Or Nesting Place? Identifying Facto...,install_nest_boxes,install_nest_boxes,research,country,europe,switzerland,occupancy,yes,yes,mean_diff,NA,Occupancy probability of Wrynecks with and without nest boxes
PGGQ2M3G,yes,Cox et al. 2012,Landscape Forest Cover And Edge Effects ...,edge_and_shrub_habitat,edge_and_shrub_habitat,research,state,americas,missouri,nest_predation,yes,yes,beta_continuous,continuous,Overall predation rate on Indigo bunting and Acadian flycatcher nests in response to distance to edge
PGGQ2M3G,yes,Cox et al. 2012,Landscape Forest Cover And Edge Effects ...,edge_and_shrub_habitat,edge_and_shrub_habitat,research,state,americas,illinois,nest_predation,yes,yes,beta_continuous,continuous,Overall predation rate on Indigo bunting and Acadian flycatcher nests in response to distance to edge
ZTD6HN6I,yes,Cox et al. 2014,Grassland Bird Communities On Conservati...,plant_nwsg,plant_nwsg; edge_and_shrub_habitat,research,state,americas,nebraska,density,calculated,no,NA,unusable_treatment,"There may be useful information in their supplemental, but we cannot access it"
ZTD6HN6I,yes,Cox et al. 2014,Grassland Bird Communities On Conservati...,plant_nwsg,plant_nwsg; edge_and_shrub_habitat,research,state,americas,iowa,density,calculated,no,NA,unusable_treatment,"There may be useful information in their supplemental, but we cannot access it"
ZTD6HN6I,yes,Cox et al. 2014,Grassland Bird Communities On Conservati...,plant_nwsg,plant_nwsg; edge_and_shrub_habitat,research,country,americas,united_states,density,calculated,no,NA,unusable_treatment,"There may be useful information in their supplemental, but we cannot access it"
ZTD6HN6I,yes,Cox et al. 2014,Grassland Bird Communities On Conservati...,edge_and_shrub_habitat,plant_nwsg; edge_and_shrub_habitat,research,state,americas,nebraska,density,calculated,no,NA,unusable_treatment,"There may be useful information in their supplemental, but we cannot access it"
ZTD6HN6I,yes,Cox et al. 2014,Grassland Bird Communities On Conservati...,edge_and_shrub_habitat,plant_nwsg; edge_and_shrub_habitat,research,state,americas,iowa,density,calculated,no,NA,unusable_treatment,"There may be useful information in their supplemental, but we cannot access it"
ZTD6HN6I,yes,Cox et al. 2014,Grassland Bird Communities On Conservati...,edge_and_shrub_habitat,plant_nwsg; edge_and_shrub_habitat,research,country,americas,united_states,density,calculated,no,NA,unusable_treatment,"There may be useful information in their supplemental, but we cannot access it"
3GEK5IU7,yes,Crimmins et al. 2016,Factors Affecting Nest Survival Of Hensl...,prescribed_fire,prescribed_fire,research,state,americas,indiana,nest_success; density,yes,yes,beta_continuous,continuous,Could only be used for nest survival
3GEK5IU7,yes,Crimmins et al. 2016,Factors Affecting Nest Survival Of Hensl...,prescribed_fire,prescribed_fire,research,country,americas,united_states,nest_success; density,yes,yes,beta_continuous,continuous,Could only be used for nest survival
LEX2IJKZ,yes,Dale et al. 1997,Effects Of Hay Management On Grassland S...,plant_nwsg,delay_hay; plant_nwsg,research,province,americas,saskatchewan,abundance; nest_success,no,no,NA,unusable_response,"This paper was so close, but somehow reported median values (and a bunch of other stuff) thus no error"
LEX2IJKZ,yes,Dale et al. 1997,Effects Of Hay Management On Grassland S...,plant_nwsg,delay_hay; plant_nwsg,research,country,americas,canada,abundance; nest_success,no,no,NA,unusable_response,"This paper was so close, but somehow reported median values (and a bunch of other stuff) thus no error"
LEX2IJKZ,yes,Dale et al. 1997,Effects Of Hay Management On Grassland S...,delay_hay,delay_hay; plant_nwsg,research,province,americas,saskatchewan,abundance; nest_success,no,no,NA,unusable_response,"This paper was so close, but somehow reported median values (and a bunch of other stuff) thus no error"
LEX2IJKZ,yes,Dale et al. 1997,Effects Of Hay Management On Grassland S...,delay_hay,delay_hay; plant_nwsg,research,country,americas,canada,abundance; nest_success,no,no,NA,unusable_response,"This paper was so close, but somehow reported median values (and a bunch of other stuff) thus no error"
G6VR29X8,yes,Danhardt et al. 2010,Farmland As Stopover Habitat For Migrati...,eliminate_pesticides,eliminate_pesticides,research,country,europe,sweden,species_richness; abundance,calculated,yes,other_categorical,NA,"The appendix provides raw counts, which may be useful. We are using their F test-statistic currently."
JTXBRT46,yes,Darrah and van Riper 2018,Riparian bird density decline in response...,remove_non_native_species,remove_non_native_species,research,state,americas,colorado,density,yes,yes,beta_continuous,continuous,"Oddly, introduction of a non-native beetle to control non-native tamarisk ... response is percent defoliation by the introduced beetle"
KEDI52CH,yes,Davis 2004,Area Sensitivity In Grassland Passerines...,edge_and_shrub_habitat,edge_and_shrub_habitat,research,province,americas,saskatchewan,abundance; occupancy,yes,no,NA,no_quantitative_results,Betas not provided for distance to edge (just an AIC table)
LNNCH8TG,yes,Davis 2018,Sprague's Pipit Breeding Biology And Rep...,plant_nwsg,plant_nwsg,research,province,americas,saskatchewan,nest_success,yes,yes,mean_diff,NA,NA
LNNCH8TG,yes,Davis 2018,Sprague's Pipit Breeding Biology And Rep...,plant_nwsg,plant_nwsg,research,country,americas,canada,nest_success,yes,yes,mean_diff,NA,NA
HZBZKNRR,yes,Davis et al. 2013,Songbird Abundance In Native And Planted...,plant_nwsg,plant_nwsg,research,province,americas,saskatchewan,abundance,yes,yes,mean_diff,NA,NA
HZBZKNRR,yes,Davis et al. 2013,Songbird Abundance In Native And Planted...,plant_nwsg,plant_nwsg,research,country,americas,canada,abundance,yes,yes,mean_diff,NA,NA
SQ8ICKWV,yes,Davis et al. 2016,Reproductive Success Of Songbirds And Wa...,plant_nwsg,plant_nwsg,research,province,americas,saskatchewan,abundance; nest_success,yes,yes,mean_diff,NA,NA
SQ8ICKWV,yes,Davis et al. 2016,Reproductive Success Of Songbirds And Wa...,plant_nwsg,plant_nwsg,research,country,americas,canada,abundance; nest_success,yes,yes,mean_diff,NA,NA
ZXZ884WT,yes,Davis et al. 2019,Factors Affecting Nest Success And Preda...,edge_and_shrub_habitat,edge_and_shrub_habitat,research,state,americas,texas,nest_success,yes,no,NA,no_error,"One beta estimate, no error"
ZXZ884WT,yes,Davis et al. 2019,Factors Affecting Nest Success And Preda...,edge_and_shrub_habitat,edge_and_shrub_habitat,research,country,americas,united_states,nest_success,yes,no,NA,no_error,"One beta estimate, no error"
C8RH4NET,yes,Davis et al. 2020,Adaptive Rangeland Management Benefits G...,rotational_grazing,rotational_grazing,research,state,americas,colorado,abundance,yes,yes,mean_diff,NA,NA
YXR6499E,yes,Davis et al. 2020b,Shifting From Spring Wheat To Winter Whe...,plant_nwsg,plant_nwsg,research,province,americas,alberta,abundance,yes,yes,mean_diff,NA,Tables S1 & S2
YXR6499E,yes,Davis et al. 2020b,Shifting From Spring Wheat To Winter Whe...,plant_nwsg,plant_nwsg,research,country,americas,canada,abundance,yes,yes,mean_diff,NA,Tables S1 & S2
HXFI5KV4,yes,Davis et al. 2021,Vegetation Characteristics And Precipita...,edge_and_shrub_habitat,edge_and_shrub_habitat; rotational_grazing,research,state,americas,colorado,abundance,yes,yes,beta_continuous,continuous,NA
HXFI5KV4,yes,Davis et al. 2021,Vegetation Characteristics And Precipita...,rotational_grazing,edge_and_shrub_habitat; rotational_grazing,research,state,americas,colorado,abundance,no,no,NA,unusable_response,Just looked at veg for rotational grazing
SRNGSQH7,yes,de Zwaan et al. 2022,Balancing Conservation Priorities For Gr...,edge_and_shrub_habitat,edge_and_shrub_habitat,research,province,americas,ontario,abundance,yes,no,NA,unusable_treatment,scale inappropriate for local management
SRNGSQH7,yes,de Zwaan et al. 2022,Balancing Conservation Priorities For Gr...,edge_and_shrub_habitat,edge_and_shrub_habitat,research,province,americas,quebec,abundance,yes,no,NA,unusable_treatment,scale inappropriate for local management
926Z83RQ,yes,de Zwaan et al. 2024,Local And Regional-Scale Effects Of Hedg...,edge_and_shrub_habitat,edge_and_shrub_habitat,research,province,americas,ontario,abundance,calculated,yes,mean_diff,trace_plot,Could trace figure 2
926Z83RQ,yes,de Zwaan et al. 2024,Local And Regional-Scale Effects Of Hedg...,edge_and_shrub_habitat,edge_and_shrub_habitat,research,country,americas,canada,abundance,calculated,yes,mean_diff,trace_plot,Could trace figure 2
LRBMJG8I,yes,Del Vallé et al. 2024,Grassland Bird Responses To Bison And Pr...,prescribed_fire,prescribed_fire,research,state,americas,illinois,abundance,yes,yes,NA,NA,NA
LRBMJG8I,yes,Del Vallé et al. 2024,Grassland Bird Responses To Bison And Pr...,prescribed_fire,prescribed_fire,research,state,americas,indiana,abundance,yes,yes,NA,NA,NA
ECUBV53L,yes,Delisle and Savidge 1997,Avian Use And Vegetation Characteristics...,plant_nwsg,plant_nwsg,research,state,americas,nebraska,abundance,calculated,yes,mean_diff,trace_plot,We will need to use the plot (Fig 1) to determine effect size and error (CP1 = cool-season grasses; CP2 = warm-season grasses)
FQVYX2AD,yes,Denac and Kmecl 2021,Land Consolidation Negatively Affects Fa...,no_bmp,no_bmp,research,country,europe,slovenia,species_richness; occupancy,no,no,NA,NA,Consolidated vs. unconsolidated land
IAAZA5MM,yes,Denny et al. 2021,"Management Schemes, Not Philopatry Or Br...",delay_hay,delay_hay; rotational_grazing,research,state,americas,vermont,nest_success,yes,yes,mean_diff,NA,"Chose Philopatric, sample size is not provide by treatment, so this is assuming an even number of nests per treatment"
IAAZA5MM,yes,Denny et al. 2021,"Management Schemes, Not Philopatry Or Br...",rotational_grazing,delay_hay; rotational_grazing,research,state,americas,vermont,nest_success,yes,no,NA,unusable_treatment,Did not test rotational grazing
VZ7UHQ9P,no,Deschenes et al. 2003,Use Of Farmland Riparian Strips By Decli...,stream_exclusion_and_buffers,stream_exclusion_and_buffers,research,province,americas,quebec,species_richness; abundance,unknown,unknown,NA,no_access,Not able to access paper
VZ7UHQ9P,no,Deschenes et al. 2003,Use Of Farmland Riparian Strips By Decli...,stream_exclusion_and_buffers,stream_exclusion_and_buffers,research,country,americas,canada,species_richness; abundance,unknown,unknown,NA,no_access,Not able to access paper
SSR8N7GY,yes,Di Maggio et al. 2018,Lesser Kestrel Diet And Agricultural Int...,no_bmp,no_bmp,research,country,europe,italy,nest_success,yes,no,NA,no_bmp,Artichoke farming
2DDIU23K,yes,Diemer and Nocera 2016,Bobolink Reproductive Response To Three ...,delay_hay,delay_hay,research,province,americas,ontario,territory_size,no,no,NA,unusable_treatment,Territory size as the response variable but only provided it averaged across all fields
K5QNQ6YT,yes,Dixon et al. 2008,"Field-Level Spatial Factors, Associated ...",edge_and_shrub_habitat,edge_and_shrub_habitat,research,state,americas,texas,nest_success; nest_site_selection,yes,no,NA,unusable_response,This is a super odd response variable -- their response is the distance to edge and their predictor is whether a nest was successful or not
4A6H3F33,yes,Docherty et al. 2020,Burning Savanna For Avian Species Richne...,prescribed_fire,prescribed_fire,research,country,africa,south_africa,species_richness,yes,yes,beta_continuous,continuous,"Fire return frequency and proportion of habitat that has been burned in less-than-one-year (not ideal, I know)"
BWYJ8IV8,yes,Dreitz et al. 2001,Spatial and Temporal Variability in Nest Success of Snail Kites in Florida: A Meta-Analysis,no_bmp,no_bmp,review,state,americas,florida,nest_success,NA,no,NA,review,meta-analysis
XW6PY5HS,yes,Dubois and Cézilly 2002,Breeding Success and Mate Retention in Birds: A Meta-Analysis,no_bmp,no_bmp,review,NA,NA,NA,nest_success,NA,no,NA,review,meta-analysis
YD99BG64,yes,Duchardt et al. 2016,Adapting The Fire-Grazing Interaction To...,prescribed_fire,prescribed_fire; manage_in_patches,research,state,americas,iowa,density,yes,yes,NA,NA,"Four pastures, but between 3 and 9 transects per treatment"
YD99BG64,yes,Duchardt et al. 2016,Adapting The Fire-Grazing Interaction To...,prescribed_fire,prescribed_fire; manage_in_patches,research,state,americas,missouri,density,yes,yes,NA,NA,"Four pastures, but between 3 and 9 transects per treatment"
YD99BG64,yes,Duchardt et al. 2016,Adapting The Fire-Grazing Interaction To...,manage_in_patches,prescribed_fire; manage_in_patches,research,state,americas,iowa,density,yes,yes,mean_diff,NA,"Four pastures, but between 3 and 9 transects per treatment"
YD99BG64,yes,Duchardt et al. 2016,Adapting The Fire-Grazing Interaction To...,manage_in_patches,prescribed_fire; manage_in_patches,research,state,americas,missouri,density,yes,yes,mean_diff,NA,"Four pastures, but between 3 and 9 transects per treatment"
UUK2SDCR,yes,Dudley and Deloach 2004,"Saltcedar (Tamarix spp.), Endangered Sp...",remove_non_native_species,remove_non_native_species,review,state,americas,california,NA,no,no,NA,review,Review
WKXXYKJ4,yes,Dunn et al. 2017,Post-Fledging Habitat Selection In A Rap...,keep_cats_indoors,keep_cats_indoors,research,country,europe,united_kingdom,fledgling_survival,no,yes,NA,unusable_treatment,Do not test anything in regards to cats ... it's just that cats are expected to be one of the predators of fledglings in the system
ZXCUY5K9,yes,Duquette et al. 2022,Embracing Inherent And Imposed Sources O...,prescribed_fire,prescribed_fire; rotational_grazing; manage_in_patches,research,state,americas,north_dakota,density,calculated,yes,mean_diff,trace_plot,"All information is provided in plots, but might be able to glean from plots; their appendix has the raw data and scripts used to make the plots (https://zenodo.org/records/7072839)"
ZXCUY5K9,yes,Duquette et al. 2022,Embracing Inherent And Imposed Sources O...,rotational_grazing,prescribed_fire; rotational_grazing; manage_in_patches,research,state,americas,north_dakota,density,calculated,yes,mean_diff,trace_plot,"All information is provided in plots, but might be able to glean from plots; their appendix has the raw data and scripts used to make the plots (https://zenodo.org/records/7072839)"
ZXCUY5K9,yes,Duquette et al. 2022,Embracing Inherent And Imposed Sources O...,manage_in_patches,prescribed_fire; rotational_grazing; manage_in_patches,research,state,americas,north_dakota,density,calculated,yes,NA,trace_plot,"All information is provided in plots, but might be able to glean from plots; their appendix has the raw data and scripts used to make the plots (https://zenodo.org/records/7072839)"
I43EGUDG,yes,Dyulgerova and Biserkov 2024,Effect Of Landscape Configuration On Bir...,edge_and_shrub_habitat,edge_and_shrub_habitat,research,country,europe,bulgaria,species_richness; abundance,yes,yes,beta_continuous,continuous,Table 4; insignificant relationships were not reported ... sample size in Table 1
DS5EPZ93,yes,Eggebo et al. 2003,Effects Of Crp Field Age And Cover Type ...,plant_nwsg,plant_nwsg,research,state,americas,south_dakota,abundance,yes,yes,mean_diff,NA,NA
CBNEW5DI,yes,Ejsmond 2008,The Effect Of Mowing On Next-Year Predat...,no_bmp,no_bmp,research,country,europe,poland,nest_success; abundance,no,no,NA,no_bmp,NA
9GZGM36V,yes,Elliott and Johnson 2017,Local-Scale Habitat Associations Of Gras...,edge_and_shrub_habitat,edge_and_shrub_habitat,research,state,americas,minnesota,density; occupancy,yes,no,NA,no_error,"If we want to go for effect sizes without error, Table 2 has correlation coefficients; Fig. 10 is weird, distance to tree is the response and presence/absence is the predictor"
CXWJRPTX,yes,Ellison et al. 2013,Impacts Of Tree Rows On Grassland Birds ...,edge_and_shrub_habitat,edge_and_shrub_habitat,research,state,americas,wisconsin,density; nest_success,yes,yes,mean_diff,NA,"They removed shrub (which was their control) ... here, we will use pre-removal as the treatment and year 1 post removal of shrub as the control"
QUG4AKWZ,yes,English et al. 2022,Quantifying Phenology And Migratory Beha...,no_bmp,no_bmp,research,state,americas,california,survival,yes,no,NA,no_bmp,Migratory strategies of hummingbirds
BNPRQRMB,yes,Ertl et al. 2018,Potential Effects Of Neonicotinoid Insec...,eliminate_pesticides,eliminate_pesticides,research,state,americas,texas,abundance,no,no,NA,no_error,"No error provided, just betas"
AZ9CZPQL,yes,Ertl et al. 2018,Potential Impact Of Neonicotinoid Use On...,eliminate_pesticides,eliminate_pesticides,research,state,americas,texas,physiological_impacts,no,no,NA,no_quantitative_results,Poor bobwhites! But ... nothing that can be applied to this meta-analysis because there are no statistical results (it's just a description of neonicotinoids found and their effects)
DWGU6KX3,yes,Ethier et al. 2017,Spatiotemporal Variation In Mechanisms D...,reduce_grazing_intensity,reduce_grazing_intensity; eliminate_pesticides,research,province,americas,ontario,population_trajectory,no,no,NA,unusable_response,No effect sizes reported
DWGU6KX3,yes,Ethier et al. 2017,Spatiotemporal Variation In Mechanisms D...,reduce_grazing_intensity,reduce_grazing_intensity; eliminate_pesticides,research,country,americas,canada,population_trajectory,no,no,NA,unusable_response,No effect sizes reported
DWGU6KX3,yes,Ethier et al. 2017,Spatiotemporal Variation In Mechanisms D...,eliminate_pesticides,reduce_grazing_intensity; eliminate_pesticides,research,province,americas,ontario,population_trajectory,no,no,NA,unusable_response,No effect sizes reported
DWGU6KX3,yes,Ethier et al. 2017,Spatiotemporal Variation In Mechanisms D...,eliminate_pesticides,reduce_grazing_intensity; eliminate_pesticides,research,country,americas,canada,population_trajectory,no,no,NA,unusable_response,No effect sizes reported
L8PMYHTC,yes,Etterson and Bennett 2013,Quantifying The Effects Of Pesticide Exp...,eliminate_pesticides,eliminate_pesticides,research,NA,NA,NA,fecundity,no,no,NA,review,"This is a simulation study, so cannot be applied here (very cool though!)"
N8CXRDSX,yes,Evans et al. 2014,Avian Response To Conservation Buffers I...,edge_and_shrub_habitat,plant_nwsg; provide_overwintering_habitat; edge_and_shrub_habitat,research,state,americas,arkansas,species_richness,yes,yes,NA,NA,NA
N8CXRDSX,yes,Evans et al. 2014,Avian Response To Conservation Buffers I...,edge_and_shrub_habitat,plant_nwsg; provide_overwintering_habitat; edge_and_shrub_habitat,research,state,americas,kentucky,species_richness,yes,yes,NA,NA,NA
N8CXRDSX,yes,Evans et al. 2014,Avian Response To Conservation Buffers I...,edge_and_shrub_habitat,plant_nwsg; provide_overwintering_habitat; edge_and_shrub_habitat,research,state,americas,mississippi,species_richness,yes,yes,NA,NA,NA
N8CXRDSX,yes,Evans et al. 2014,Avian Response To Conservation Buffers I...,plant_nwsg,plant_nwsg; provide_overwintering_habitat; edge_and_shrub_habitat,research,state,americas,arkansas,species_richness,yes,yes,NA,NA,NA
N8CXRDSX,yes,Evans et al. 2014,Avian Response To Conservation Buffers I...,plant_nwsg,plant_nwsg; provide_overwintering_habitat; edge_and_shrub_habitat,research,state,americas,kentucky,species_richness,yes,yes,NA,NA,NA
N8CXRDSX,yes,Evans et al. 2014,Avian Response To Conservation Buffers I...,plant_nwsg,plant_nwsg; provide_overwintering_habitat; edge_and_shrub_habitat,research,state,americas,mississippi,species_richness,yes,yes,NA,NA,NA
N8CXRDSX,yes,Evans et al. 2014,Avian Response To Conservation Buffers I...,provide_overwintering_habitat,plant_nwsg; provide_overwintering_habitat; edge_and_shrub_habitat,research,state,americas,arkansas,species_richness,yes,yes,NA,NA,NA
N8CXRDSX,yes,Evans et al. 2014,Avian Response To Conservation Buffers I...,provide_overwintering_habitat,plant_nwsg; provide_overwintering_habitat; edge_and_shrub_habitat,research,state,americas,kentucky,species_richness,yes,yes,NA,NA,NA
N8CXRDSX,yes,Evans et al. 2014,Avian Response To Conservation Buffers I...,provide_overwintering_habitat,plant_nwsg; provide_overwintering_habitat; edge_and_shrub_habitat,research,state,americas,mississippi,species_richness,yes,yes,NA,NA,NA
ET6MPIYJ,yes,Fagre et al. 2022,Avian Species Richness And Abundance Sho...,reduce_grazing_intensity,reduce_grazing_intensity,research,state,americas,montana,abundance; occupancy,yes,yes,beta_continuous,continuous,"Grazing intensity by bison; although species richness is in the title, they did not provide quantitative numbers for that variable"
ET6MPIYJ,yes,Fagre et al. 2022,Avian Species Richness And Abundance Sho...,reduce_grazing_intensity,reduce_grazing_intensity,research,state,americas,wyoming,abundance; occupancy,yes,yes,beta_continuous,continuous,"Grazing intensity by bison; although species richness is in the title, they did not provide quantitative numbers for that variable"
GXH29CFG,yes,Fajardo et al. 2009,Natal And Breeding Dispersal Of Bobolink...,delay_hay,delay_hay; rotational_grazing,research,state,americas,vermont,nest_success; dispersal,no,no,NA,unusable_response,This study looked at the probability to disperse to a given site based on previous nest success (and other stuff). They did not supply nest success values.
GXH29CFG,yes,Fajardo et al. 2009,Natal And Breeding Dispersal Of Bobolink...,delay_hay,delay_hay; rotational_grazing,research,state,americas,new_york,nest_success; dispersal,no,no,NA,unusable_response,This study looked at the probability to disperse to a given site based on previous nest success (and other stuff). They did not supply nest success values.
GXH29CFG,yes,Fajardo et al. 2009,Natal And Breeding Dispersal Of Bobolink...,rotational_grazing,delay_hay; rotational_grazing,research,state,americas,vermont,nest_success; dispersal,no,no,NA,unusable_response,NA
GXH29CFG,yes,Fajardo et al. 2009,Natal And Breeding Dispersal Of Bobolink...,rotational_grazing,delay_hay; rotational_grazing,research,state,americas,new_york,nest_success; dispersal,no,no,NA,unusable_response,NA
9849L9YH,no,Fancourt et al. 2022,Efficacy And Safety Of Eradicat(R) Feral...,keep_cats_indoors,keep_cats_indoors,research,country,oceania,australia,cat_mortality; cat_abundance; bird_population_change,unknown,unknown,NA,no_access,Unable to access
KFE3F2FG,no,Farea and Morales 2020,Livestock species and grazing rotational patterns modulate grassland bird assemblages in Mediterranean drylands,rotational_grazing,rotational_grazing,research,country,europe,portugal,abundance; species_richness,unknown,unknown,NA,no_access,Seems like a good one!
ZYYQ9F33,yes,Faria et al. 2016,Exploring Nest Destruction And Bird Mort...,delay_hay,delay_hay,research,country,europe,portugal,survival,yes,yes,beta_continuous,continuous,"Juvenile and adult mortality ... corn bunting, little bustard, crested and thekla larks, common quail, Montagu harrier, others"
5NG2FKU5,no,Faria et al. 2016b,Between And Within-Year Effects Of Hayin...,delay_hay,delay_hay,research,country,europe,portugal,nest_success; abundance,unknown,unknown,NA,no_access,Unable to access the full paper -- every version that we have found only has the first 4 pages. It *could* be useful *if* we can find the other pages!
8DDUY8NX,yes,Feber et al. 2015,Organic Farming: Biodiversity Impacts Ca...,eliminate_pesticides,eliminate_pesticides,research,country,europe,united_kingdom,species_richness; abundance,yes,no,NA,unusable_response,Just the response of spiders and beetles
U5J5P8HL,yes,Fetcher et al. 2023,"Species Diversity, Primary Productivity,...",plant_nwsg,plant_nwsg; edge_and_shrub_habitat,research,state,americas,pennsylvania,abundance; species_richness,yes,yes,beta_continuous,continuous,"Only potentially useful result is proportion C4 primary productivity, weird though"
U5J5P8HL,yes,Fetcher et al. 2023,"Species Diversity, Primary Productivity,...",edge_and_shrub_habitat,plant_nwsg; edge_and_shrub_habitat,research,state,americas,pennsylvania,abundance; species_richness,yes,yes,beta_continuous,continuous,NA
IQWJQUTF,yes,Fink et al. 2006,"Songbird Use Of Regenerating Forest, Gla...",edge_and_shrub_habitat,edge_and_shrub_habitat,research,state,americas,missouri,density; nest_success,yes,yes,beta_categorical,NA,Table 2 for breeding density; Glades is their control (intercept) and habitat edge is the treatment
8T5Q5XA5,yes,Fischer et al. 2006,"Biodiversity, Ecosystem Function, And Re...",no_bmp,no_bmp,NA,NA,NA,NA,NA,NA,no,NA,no_bmp,NA
3YPQK33B,yes,Fisher and Davis 2010,From Wiens To Robel: A Review Of Grassla...,no_bmp,no_bmp,review,NA,NA,NA,NA,no,no,NA,review,NA
F2Q8UT2R,yes,Fisher and Davis 2011,Habitat Use By Sprague's Pipits (<I>Anth...,plant_nwsg,plant_nwsg,research,province,americas,saskatchewan,vegetation,no,no,NA,unusable_response,"This had effect sizes by vegetation characteristics, but not on nwsg itself."
F2Q8UT2R,yes,Fisher and Davis 2011,Habitat Use By Sprague's Pipits (<I>Anth...,plant_nwsg,plant_nwsg,research,country,americas,canada,vegetation,no,no,NA,unusable_response,"This had effect sizes by vegetation characteristics, but not on nwsg itself."
V8UPXK6I,yes,Fleming and Giuliano 1998,Effect Of Border-Edge Cuts On Birds At W...,edge_and_shrub_habitat,edge_and_shrub_habitat,research,state,americas,pennsylvania,abundance; species_richness; nest_success,yes,yes,mean_diff,NA,Border-edge cuts are defined as transitional shrub zones ... the comparison is abrupt edge
LZ7R9ETU,yes,Fleming and Giuliano 2001,Reduced Predation Of Artificial Nests In...,edge_and_shrub_habitat,edge_and_shrub_habitat,research,state,americas,pennsylvania,nest_predation,yes,yes,mean_diff,NA,Artificial nests
VAP55SP2,yes,Fletcher and Koford 2002,Habitat And Landscape Associations Of Br...,plant_nwsg,plant_nwsg,research,state,americas,iowa,density; species_richness,yes,yes,mean_diff,NA,Restored fields include a mix of csg and nwsg
XW7F4DWM,yes,Fokkema et al. 2018,Reproductive Effort And Future Parental ...,install_nest_boxes,install_nest_boxes,research,country,europe,netherlands,NA,calculated,no,other_categorical,unusable_treatment,Fraction of nest boxes occupied by dominant great tits vs. subdominant blue tits pre- and post-nest box removal
YS5JV4EW,yes,Fokkema et al. 2024,Mapping Mammalian Meadow Bird Nest Preda...,keep_cats_indoors,keep_cats_indoors,research,country,europe,netherlands,nest_predation,yes,no,beta_continuous,unusable_treatment,Proportion of black-tailed godwith predation events by domestic cats; no predictor variable
JQQJHBMK,yes,Freemark and Kirk 2001,Birds On Organic And Conventional Farms ...,eliminate_pesticides,eliminate_pesticides,research,province,americas,ontario,species_richness; abundance,calculated,yes,other_categorical,NA,Super big!
JQQJHBMK,yes,Freemark and Kirk 2001,Birds On Organic And Conventional Farms ...,eliminate_pesticides,eliminate_pesticides,research,country,americas,canada,species_richness; abundance,calculated,yes,other_categorical,NA,Super big!
XYFBIX43,yes,Fromberger et al. 2020,Factors Affecting Bobolink Nest Survival...,reduce_grazing_intensity,reduce_grazing_intensity; rotational_grazing,research,province,americas,ontario,nest_success,yes,yes,beta_continuous,continuous,Bobolink
XYFBIX43,yes,Fromberger et al. 2020,Factors Affecting Bobolink Nest Survival...,reduce_grazing_intensity,reduce_grazing_intensity; rotational_grazing,research,country,americas,canada,nest_success,yes,yes,beta_continuous,continuous,Bobolink
XYFBIX43,yes,Fromberger et al. 2020,Factors Affecting Bobolink Nest Survival...,rotational_grazing,reduce_grazing_intensity; rotational_grazing,research,province,americas,ontario,nest_success,calculated,yes,NA,NA,Bobolink and Savannah sparrow; We will have to build our own chi-square table using Table 1 and Table 4
XYFBIX43,yes,Fromberger et al. 2020,Factors Affecting Bobolink Nest Survival...,rotational_grazing,reduce_grazing_intensity; rotational_grazing,research,country,americas,canada,nest_success,calculated,yes,NA,NA,Bobolink and Savannah sparrow; We will have to build our own chi-square table using Table 1 and Table 4
CWC8U5HJ,yes,Fuentes et al. 2023,Effects Of Conventional Vs. Organic Farm...,eliminate_pesticides,eliminate_pesticides,research,country,europe,france,physiological_impacts; behavioral_impacts,no,no,NA,unusable_response,"None of the response variables relate to things we can measure across studies (e.g., color around cere, beak and claw attacks on the handler)"
VQJM3W53,yes,Fuhlendorf et al. 2006,Should Heterogeneity Be The Basis For Co...,prescribed_fire,prescribed_fire; manage_in_patches,research,state,americas,oklahoma,abundance,calculated,no,NA,unusable_treatment,"Could have gotten the effect sizes from Figure 4, but the comparison is time since disturbance within a single patch vs. traditional treatment"
VQJM3W53,yes,Fuhlendorf et al. 2006,Should Heterogeneity Be The Basis For Co...,manage_in_patches,prescribed_fire; manage_in_patches,research,state,americas,oklahoma,abundance,calculated,no,NA,unusable_treatment,"Could have gotten the effect sizes from Figure 4, but the comparison is time since disturbance within a single patch vs. traditional treatment"
42SWE7M5,yes,Galpern et al. 2020,Landscape Complexity Is Associated With ...,no_bmp,no_bmp,NA,NA,NA,NA,NA,NA,no,NA,no_bmp,NA
WGS7B9Z6,yes,Gardner et al. 2017,Large-Scale Removal of Invasive Honeysuckle Decreases Mosquito and Avian Host Abundance,remove_non_native_species,remove_non_native_species,research,state,americas,illinois,bird_abundance,calculated,yes,other_categorical,NA,"We have to calculate the effect size based on the F-statistic from ANOVA ... there's a figure too, but not very useful; sample size does not add up to the degrees of freedom"
NE4UVDG4,yes,Garfinkel and Johnson 2015,Pest-Removal Services Provided By Birds ...,eliminate_pesticides,eliminate_pesticides; stream_exclusion_and_buffers,research,state,americas,california,species_richness; abundance,yes,no,NA,unusable_response,"Caterpillar effect sizes are provided, but not birds. All sites are on organic farms, so cannot be used to test this."
NE4UVDG4,yes,Garfinkel and Johnson 2015,Pest-Removal Services Provided By Birds ...,stream_exclusion_and_buffers,eliminate_pesticides; stream_exclusion_and_buffers,research,state,americas,california,species_richness; abundance,yes,no,NA,unusable_response,"Caterpillar effect sizes are provided, but not birds."
KKD2LS9S,yes,Gaston et al. 2013,The Ecological Impacts Of Nighttime Ligh...,upgrade_to_darksky,upgrade_to_darksky,review,global,NA,global,NA,no,no,NA,review,Review
BGJSFK6N,yes,Gaston et al. 2021,Pervasiveness Of Biological Impacts Of A...,upgrade_to_darksky,upgrade_to_darksky,review,global,NA,global,NA,no,no,NA,review,Review
ULCBRTCH,yes,Gautschi et a. 2024,Protecting wild bird nests against predators: A systematic review and meta-analysis of non-lethal methods,no_bmp,no_bmp,review,NA,NA,NA,nest_success,NA,no,NA,review,meta-analysis
DDEKX9E9,yes,Gehlbach 1994,Nest-Box Versus Natural-Cavity Nests Of ...,install_nest_boxes,install_nest_boxes,research,state,americas,texas,nest_success; occupancy,yes,yes,mean_diff,NA,Means and errors are provided as the percentage for occupied boxes and proportion of successful nests for nest boxes vs. natural cavities
KHQAUEP3,yes,Genghini et al. 2006,Organic And Integrated Agriculture: The ...,eliminate_pesticides,eliminate_pesticides,research,country,europe,italy,species_richness; abundance,yes,yes,mean_diff,NA,Just looking at organic vs. conventional farms (not integrated ... but it's there)
P4Y2WR4G,yes,Gennet et al. 2017,Livestock Grazing Supports Native Plants...,plant_nwsg,plant_nwsg,research,state,americas,california,occupancy,no,no,NA,no_quantitative_results,Did not include quantitative results for NWSGs
AGDXXJXK,yes,George et al. 2013,Food Availability In Exotic Grasslands: ...,plant_nwsg,plant_nwsg,research,state,americas,oklahoma,density,calculated,yes,mean_diff,trace_plot,We wil need to trace figure 1 for this
7P6KT9XE,yes,Gibbons et al. 2015,A Review Of The Direct And Indirect Effe...,eliminate_pesticides,eliminate_pesticides,review,NA,NA,NA,physiological_impacts,no,no,NA,review,Review
B7J6H758,yes,Gill et al. 2006,Plants And Breeding Bird Response On A M...,remove_non_native_species,remove_non_native_species,research,state,americas,maryland,nest_success,no,no,NA,no_quantitative_results,"A few raw percentages of nest success, but none reported by treatment"
WV7QH8S5,yes,Giovanni et al. 2015,Habitat Preference And Survival For West...,no_bmp,no_bmp,NA,NA,NA,NA,NA,NA,no,NA,no_bmp,NA
MRHQKU6H,yes,Girard et al. 2014,Higher Nestling Food Biomass In Organic ...,eliminate_pesticides,eliminate_pesticides,research,province,americas,ontario,insect_biomass,yes,no,NA,unusable_response,Just the insects!
LU5JZP88,yes,Giuliano and Daves 2002,Avian Response To Warm-Season Grass Use ...,plant_nwsg,plant_nwsg,research,state,americas,pennsylvania,abundance; species_richness; nest_success,yes,yes,mean_diff,NA,NA
5LF5W5A9,yes,Glass and Eichholz 2023,Three Grassland Bird Species' Responses ...,prescribed_fire,prescribed_fire; edge_and_shrub_habitat,research,state,americas,illinois,nest_success; nest_density; abundance,yes,yes,mean_diff,NA,Lots of betas; Figure 3 can be traced to look at dickcissel nest density at burned vs. unburned sites
5LF5W5A9,yes,Glass and Eichholz 2023,Three Grassland Bird Species' Responses ...,edge_and_shrub_habitat,prescribed_fire; edge_and_shrub_habitat,research,state,americas,illinois,nest_success; nest_density; abundance,calculated,yes,mean_diff; other_categorical,trace_plot,Lots of betas; Figure 3 can be traced to look at dickcissel nest density at burned vs. unburned sites
X2SB4F5A,yes,Glass and Eichholz 2023b,Estimating Direct And Indirect Effects O...,no_bmp,no_bmp,research,state,americas,illinois,nest_density; nest_survival,yes,no,NA,unusable_treatment,Looked at nest success in association with reptilian and mammalian predators
9BKYJB9V,yes,Glass et al. 2020,Climate Change And Land Management Impli...,reduce_grazing_intensity,reduce_grazing_intensity; prescribed_fire,research,state,americas,nebraska,abundance,yes,yes,beta_continuous,continuous,Productivity defined here as the number of hatch years caught
9BKYJB9V,yes,Glass et al. 2020,Climate Change And Land Management Impli...,prescribed_fire,reduce_grazing_intensity; prescribed_fire,research,state,americas,nebraska,abundance,yes,yes,beta_continuous,continuous,Productivity defined here as the number of hatch years caught
HBSHYSHL,no,Goded et al. 2018,Effects Of Organic Farming On Bird Diver...,eliminate_pesticides,eliminate_pesticides,research,country,europe,spain,species_richness; abundance,unknown,unknown,NA,no_access,Unable to access the paper
RQW77JD2,yes,Goebel et al. 2024,Effects Of Insecticide Spray Drift On Ar...,eliminate_pesticides,eliminate_pesticides,research,state,americas,minnesota,species_richness; abundance,yes,no,NA,unusable_response,Just the response of insects and spiders
X5IWTPWT,yes,Goetz et al. 2022,Recovery of a native tree following removal of an invasive competitor with implications for endangered bird habitat,remove_non_native_species,remove_non_native_species,research,state,americas,colorado,tree_establishment,yes,no,NA,unusable_response,"Response variable was trees, not birds"
X5IWTPWT,yes,Goetz et al. 2022,Recovery of a native tree following removal of an invasive competitor with implications for endangered bird habitat,remove_non_native_species,remove_non_native_species,research,state,americas,new_mexico,tree_establishment,yes,no,NA,unusable_response,"Response variable was trees, not birds"
X5IWTPWT,yes,Goetz et al. 2022,Recovery of a native tree following removal of an invasive competitor with implications for endangered bird habitat,remove_non_native_species,remove_non_native_species,research,state,americas,arizona,tree_establishment,yes,no,NA,unusable_response,"Response variable was trees, not birds"
X5IWTPWT,yes,Goetz et al. 2022,Recovery of a native tree following removal of an invasive competitor with implications for endangered bird habitat,remove_non_native_species,remove_non_native_species,research,state,americas,utah,tree_establishment,yes,no,NA,unusable_response,"Response variable was trees, not birds"
X5IWTPWT,yes,Goetz et al. 2022,Recovery of a native tree following removal of an invasive competitor with implications for endangered bird habitat,remove_non_native_species,remove_non_native_species,research,state,americas,nevada,tree_establishment,yes,no,NA,unusable_response,"Response variable was trees, not birds"
X5IWTPWT,yes,Goetz et al. 2022,Recovery of a native tree following removal of an invasive competitor with implications for endangered bird habitat,remove_non_native_species,remove_non_native_species,research,state,americas,california,tree_establishment,yes,no,NA,unusable_response,"Response variable was trees, not birds"
NK3JEB7L,yes,Gordon et al. 2017,Temporal And Spatial Trends In The Abund...,keep_cats_indoors,keep_cats_indoors,research,country,oceania,australia,abundance,yes,no,NA,unusable_response,Likelihood of bird remains showing up in scat inside and outside of a dingo exclusion fence.
9VXKLDSA,yes,Gowdy et al. 2022,"Plant, Avian, And Butterfly Response To ...",manage_in_patches,manage_in_patches; plant_nwsg,research,state,americas,texas,species_richness; abundance,yes,yes,NA,NA,NA
9VXKLDSA,yes,Gowdy et al. 2022,"Plant, Avian, And Butterfly Response To ...",plant_nwsg,manage_in_patches; plant_nwsg,research,state,americas,texas,species_richness; abundance,yes,yes,mean_diff,NA,NA
JFJNVKAK,yes,Grahmann et al. 2018,Demographic And Density Response Of Nort...,prescribed_fire,prescribed_fire; manage_in_patches,research,state,americas,texas,survival; density,yes,yes,mean_diff,NA,"Patch-burned-grazed vs. grazed only. Looked at nest success too but didn't report any results. They had eggs-per-clutch, but did not define the number of nests per treatment"
JFJNVKAK,yes,Grahmann et al. 2018,Demographic And Density Response Of Nort...,manage_in_patches,prescribed_fire; manage_in_patches,research,state,americas,texas,survival; density,yes,yes,NA,NA,"Patch-burned-grazed vs. grazed only. Looked at nest success too but didn't report any results. They had eggs-per-clutch, but did not define the number of nests per treatment"
95AYMDTX,yes,Granfors et al. 1996,Eastern Meadowlarks Nesting In Rangeland...,no_bmp,no_bmp,research,state,americas,kansas,nest_success,yes,no,NA,no_bmp,Not associated with a BMP
G9TIMTJD,yes,Grant et al. 2010,Effects Of Prescribed Fire On Vegetation...,prescribed_fire,prescribed_fire,research,state,americas,north_dakota,species_richness; abundance,no,no,NA,no_quantitative_results,"Provided pairs per point and standard error, but not by treatment; said fire affected species richness and the abundances of 5 of 8 species, but no results for the former and only AIC for the latter"
CS4VGS6F,yes,Graves et al. 2023,Neonicotinoid Exposure In Tricolored Bla...,eliminate_pesticides,eliminate_pesticides,research,state,americas,california,blood_presence,no,no,NA,no_quantitative_results,"No stats, just description of presence"
2W9S5HLE,yes,Green et al. 1997,A Simulation Model Of The Effect Of Mowi...,mow_towards_refugia,mow_towards_refugia; delay_hay,research,country,europe,united_kingdom,nest_success,calculated,yes,other_categorical,NA,NA
2W9S5HLE,yes,Green et al. 1997,A Simulation Model Of The Effect Of Mowi...,delay_hay,mow_towards_refugia; delay_hay,research,country,europe,united_kingdom,nest_success,calculated,yes,NA,NA,NA
ZDBASF6Z,yes,Greenberg and Drew Lanham 2001,Breeding Bird Assemblages Of Hurricane-C...,edge_and_shrub_habitat,edge_and_shrub_habitat,research,state,americas,north_carolina,density,yes,yes,mean_diff,NA,Gaps vs. closed canopy forest
8HIM4XYA,yes,Grüebler et al. 2008,Female Biased Mortality Caused By Anthro...,delay_hay,delay_hay,research,country,europe,switzerland,survival,maybe,no,NA,unusable_treatment,"Does not have anything that directly looks at hay timing. Pretty cool observation though ... as mowing has occurred earlier nest mortality has shifted to the egg rather than nestling phase, which has meant mowing equipment is killing incubating females, which has led to male sex bias in the fields."
M8T4QVJ5,yes,Grueebler et al. 2012,The Effectiveness Of Conservation Measur...,delay_hay,delay_hay,research,country,europe,switzerland,nest_success,yes,yes,mean_diff,NA,"Clutch size is also there, if useful"
BM43UCLM,yes,Gruntorad et al. 2021,Is Hay For The Birds? Investigating Land...,delay_hay,delay_hay,research,state,americas,nebraska,willingness_to_delay_hay,maybe,no,NA,unusable_response,This paper investigates farmer willingness to delay hay until at least 15 July
PVIK8QUH,yes,Guttery et al. 2017,Scale-Specific Habitat Relationships Inf...,no_bmp,no_bmp,research,state,americas,wisconsin,occupancy,no,no,NA,no_bmp,NA
2Q4ECXSC,yes,Haene et al. 2024,Taxonomic And Functional Avian Diversity...,rotational_grazing,rotational_grazing,research,country,americas,argentina,abundance; species_richness,no,no,NA,unusable_treatment,This refers to grazing in forests
ZRHTHTX4,yes,Hagar 1999,Influence Of Riparian Buffer Width On Bi...,stream_exclusion_and_buffers,stream_exclusion_and_buffers,research,state,americas,oregon,species_richness; abundance,yes,no,NA,unusable_response,"Forest species, only a few effect sizes provided ... for their big table they grouped buffered and unbuffered streams"
9L97T6NW,yes,Hanowski et al. 1997,Influence Of Within-Plantation Heterogen...,edge_and_shrub_habitat,edge_and_shrub_habitat,research,state,americas,minnesota,abundance; species_richness,no,no,NA,unusable_treatment,Forest & shrub combined ... the horror
9L97T6NW,yes,Hanowski et al. 1997,Influence Of Within-Plantation Heterogen...,edge_and_shrub_habitat,edge_and_shrub_habitat,research,state,americas,wisconsin,abundance; species_richness,no,no,NA,unusable_treatment,Forest & shrub combined ... the horror
9L97T6NW,yes,Hanowski et al. 1997,Influence Of Within-Plantation Heterogen...,edge_and_shrub_habitat,edge_and_shrub_habitat,research,state,americas,south_dakota,abundance; species_richness,no,no,NA,unusable_treatment,Forest & shrub combined ... the horror
R6VMFDPM,yes,Harper et al. 2015,Avian Habitat Following Grazing Native W...,rotational_grazing,rotational_grazing,research,state,americas,tennessee,insects; veg,no,no,NA,unusable_treatment,"They don't look at bird variables, just habitat"
3J65GCSW,yes,Harrison et al. 2010,Vesper Sparrows And Western Meadowlarks ...,reduce_grazing_intensity,reduce_grazing_intensity,research,province,americas,british_columbia,abundance,yes,yes,mean_diff,NA,NA
3J65GCSW,yes,Harrison et al. 2010,Vesper Sparrows And Western Meadowlarks ...,reduce_grazing_intensity,reduce_grazing_intensity,research,country,americas,canada,abundance,yes,yes,mean_diff,NA,NA
DNCV7HIM,yes,Hartway and Mills 2012,A Meta-Analysis Of The Effects Of Common...,prescribed_fire,prescribed_fire; rotational_grazing,review,NA,NA,NA,NA,yes,no,NA,review,Meta-analysis
DNCV7HIM,yes,Hartway and Mills 2012,A Meta-Analysis Of The Effects Of Common...,rotational_grazing,prescribed_fire; rotational_grazing,review,NA,NA,NA,NA,yes,no,NA,review,Meta-analysis
T8JD6C6I,yes,Hausmann et al. 2005,Effects Of Edge Habitat And Nest Charact...,edge_and_shrub_habitat,edge_and_shrub_habitat,research,country,oceania,australia,nest_predation,calculated,yes,mean_diff,trace_plot,Artificial nests; Figure 1 may be traced for effect sizes
BC4ABSSC,yes,Hazler et al. 2006,Factors Influencing Acadian Flycatcher N...,edge_and_shrub_habitat,edge_and_shrub_habitat,research,state,americas,south_carolina,nest_success,yes,yes,beta_continuous,continuous,Table 2 ... is Table 3 also useful?
GC5B79IT,yes,Heath et al. 2017,A Bustle In The Hedgerow: Woody Field Ma...,edge_and_shrub_habitat,edge_and_shrub_habitat,research,state,americas,california,species_richness; abundance,calculated,no,NA,no_quantitative_results,Figure 2 & 4 may be traced ... not sure (rarefied species richness). No sample size for the treatments in figure 4.
N29AAJPM,yes,Henderson and Davis 2014,Rangeland Health Assessment: A Useful To...,edge_and_shrub_habitat,edge_and_shrub_habitat,research,province,americas,saskatchewan,abundance,yes,yes,beta_continuous,continuous,Betas seem big!
N29AAJPM,yes,Henderson and Davis 2014,Rangeland Health Assessment: A Useful To...,edge_and_shrub_habitat,edge_and_shrub_habitat,research,country,americas,canada,abundance,yes,yes,beta_continuous,continuous,Betas seem big!
9HH6YMIM,yes,Henningsen and Best 2005,Grassland Bird Use Of Riparian Filter St...,stream_exclusion_and_buffers,plant_nwsg; stream_exclusion_and_buffers; edge_and_shrub_habitat,research,state,americas,iowa,abundance; nest_abundance,yes,yes,NA,NA,Unusable for riparian buffers because all of the sampling locations were in riparian buffers; we can calculate nest success estimate by hand using our own table
9HH6YMIM,yes,Henningsen and Best 2005,Grassland Bird Use Of Riparian Filter St...,plant_nwsg,plant_nwsg; stream_exclusion_and_buffers; edge_and_shrub_habitat,research,state,americas,iowa,abundance; nest_abundance,yes,yes,mean_diff,NA,Unusable for riparian buffers because all of the sampling locations were in riparian buffers; we can calculate nest success estimate by hand using our own table
9HH6YMIM,yes,Henningsen and Best 2005,Grassland Bird Use Of Riparian Filter St...,edge_and_shrub_habitat,plant_nwsg; stream_exclusion_and_buffers; edge_and_shrub_habitat,research,state,americas,iowa,abundance; nest_abundance,yes,yes,mean_diff,NA,Unusable for riparian buffers because all of the sampling locations were in riparian buffers; we can calculate nest success estimate by hand using our own table
6L2Y9PFL,yes,Herakovich et al. 2021,Assessing The Impacts Of Prescribed Fire...,prescribed_fire,prescribed_fire,research,state,americas,illinois,abundance,yes,yes,mean_diff,NA,Their model for species richness did not include fire. Mean diff for the number of GRSP detections
3QYG5AE5,yes,Herakovich et al. 2021,Impacts Of A Recent Bison Reintroduction...,no_bmp,no_bmp,research,state,americas,illinois,nest_density; nest_survival,yes,no,NA,no_bmp,"There was a fire return interval, but the study was on bison vs. non-bison reintroduction (as were the results)"
WLW25AHF,yes,Herkert 2009,Response Of Bird Populations To Farmland...,no_bmp,no_bmp,research,state,americas,illinois,population_trend,yes,no,NA,no_bmp,Before and after set-aside land
WLW25AHF,yes,Herkert 2009,Response Of Bird Populations To Farmland...,no_bmp,no_bmp,research,state,americas,indiana,population_trend,yes,no,NA,no_bmp,Before and after set-aside land
WLW25AHF,yes,Herkert 2009,Response Of Bird Populations To Farmland...,no_bmp,no_bmp,research,state,americas,iowa,population_trend,yes,no,NA,no_bmp,Before and after set-aside land
WLW25AHF,yes,Herkert 2009,Response Of Bird Populations To Farmland...,no_bmp,no_bmp,research,state,americas,kansas,population_trend,yes,no,NA,no_bmp,Before and after set-aside land
WLW25AHF,yes,Herkert 2009,Response Of Bird Populations To Farmland...,no_bmp,no_bmp,research,state,americas,michigan,population_trend,yes,no,NA,no_bmp,Before and after set-aside land
WLW25AHF,yes,Herkert 2009,Response Of Bird Populations To Farmland...,no_bmp,no_bmp,research,state,americas,minnesota,population_trend,yes,no,NA,no_bmp,Before and after set-aside land
WLW25AHF,yes,Herkert 2009,Response Of Bird Populations To Farmland...,no_bmp,no_bmp,research,state,americas,missouri,population_trend,yes,no,NA,no_bmp,Before and after set-aside land
WLW25AHF,yes,Herkert 2009,Response Of Bird Populations To Farmland...,no_bmp,no_bmp,research,state,americas,nebraska,population_trend,yes,no,NA,no_bmp,Before and after set-aside land
WLW25AHF,yes,Herkert 2009,Response Of Bird Populations To Farmland...,no_bmp,no_bmp,research,state,americas,north_dakota,population_trend,yes,no,NA,no_bmp,Before and after set-aside land
WLW25AHF,yes,Herkert 2009,Response Of Bird Populations To Farmland...,no_bmp,no_bmp,research,state,americas,ohio,population_trend,yes,no,NA,no_bmp,Before and after set-aside land
WLW25AHF,yes,Herkert 2009,Response Of Bird Populations To Farmland...,no_bmp,no_bmp,research,state,americas,south_dakota,population_trend,yes,no,NA,no_bmp,Before and after set-aside land
WLW25AHF,yes,Herkert 2009,Response Of Bird Populations To Farmland...,no_bmp,no_bmp,research,state,americas,wisconsin,population_trend,yes,no,NA,no_bmp,Before and after set-aside land
EXE2J87Z,yes,Herse et al. 2017,Landscape Context Drives Breeding Habita...,no_bmp,no_bmp,research,state,americas,kansas,occupancy,yes,no,NA,no_bmp,NA
5HV7T7SJ,yes,Herse et al. 2020,Grassland Fragmentation Affects Declinin...,edge_and_shrub_habitat,edge_and_shrub_habitat,research,state,americas,kansas,occupancy,yes,yes,beta_continuous,continuous,NA
C5IH2B67,yes,Higgins et al. 2002,Managing Tallgrass Prairie Remnants: The...,no_bmp,no_bmp,NA,state,americas,south_dakota,NA,NA,no,NA,no_bmp,"Looked at the effects of land management practices on structural characteristics, not on birds"
RQ3HNXCK,yes,Hill and Diefenbach 2013,Experimental Removal Of Woody Vegetation...,edge_and_shrub_habitat,edge_and_shrub_habitat,research,state,americas,pennsylvania,nest_success,yes,yes,beta_continuous,continuous,Beta continuous given incomplete reporting of sample size; Henslow and grasshopper sparrow combined
CG2GVC3K,yes,Hill et al. 2014,Habitat Availability Is A More Plausible...,eliminate_pesticides,eliminate_pesticides,research,country,americas,united_states,population_trend,yes,yes,beta_continuous,continuous,Likely too broad a scale to be truly useful
67B2LH6U,yes,Hillebrand et al. 2018,Biodiversity Change Is Uncoupled From Sp...,no_bmp,no_bmp,NA,NA,NA,NA,NA,NA,no,NA,no_bmp,NA
QI6DHMSY,yes,Holcomb et al. 2014,Patch-Burn Management: Implications For ...,manage_in_patches,prescribed_fire; manage_in_patches,research,state,americas,oklahoma,species_richness; nest_success,yes,yes,NA,NA,NA
QI6DHMSY,yes,Holcomb et al. 2014,Patch-Burn Management: Implications For ...,prescribed_fire,prescribed_fire; manage_in_patches,research,state,americas,oklahoma,nest_success; density,yes,yes,mean_diff,NA,NA
VF7696P6,yes,Hole et al. 2005,Does Organic Farming Benefit Biodiversit...,eliminate_pesticides,eliminate_pesticides,review,NA,NA,NA,NA,no,no,NA,review,Review
HTADX5KI,yes,Holimon et al. 2012,Structure And Composition Of Grassland H...,provide_overwintering_habitat,provide_overwintering_habitat; plant_nwsg,research,state,americas,arkansas,abundance,no,no,NA,no_quantitative_results,Just provided quantitative results for vegetation variables and in relation to PCA
HTADX5KI,yes,Holimon et al. 2012,Structure And Composition Of Grassland H...,plant_nwsg,provide_overwintering_habitat; plant_nwsg,research,state,americas,arkansas,abundance,no,no,NA,no_quantitative_results,Just provided quantitative results for vegetation variables and in relation to PCA
KNNIKU53,yes,Horn and Koford 2000,Relation Of Grassland Bird Abundance To ...,no_bmp,no_bmp,research,state,americas,north_dakota,abundance,yes,no,NA,no_bmp,idle vs. mown fields
WCRA4F26,yes,Horton et al. 2019,Bright Lights In The Big Cities: Migrato...,upgrade_to_darksky,upgrade_to_darksky,research,country,americas,united_states,exposure_to_light,no,no,NA,unusable_response,Just exposure to light ... overlap of locations and ALAN
HH2V6DUG,yes,Horton et al. 2019,Holding Steady: Little Change In Intensi...,no_bmp,no_bmp,research,state,americas,texas,occurrence,yes,no,NA,no_bmp,Birds at coast of the Gulf of Mexico that are staging for migration
HH2V6DUG,yes,Horton et al. 2019,Holding Steady: Little Change In Intensi...,no_bmp,no_bmp,research,state,americas,louisiana,occurrence,yes,no,NA,no_bmp,Birds at coast of the Gulf of Mexico that are staging for migration
HH2V6DUG,yes,Horton et al. 2019,Holding Steady: Little Change In Intensi...,no_bmp,no_bmp,research,state,americas,mississippi,occurrence,yes,no,NA,no_bmp,Birds at coast of the Gulf of Mexico that are staging for migration
HH2V6DUG,yes,Horton et al. 2019,Holding Steady: Little Change In Intensi...,no_bmp,no_bmp,research,state,americas,alabama,occurrence,yes,no,NA,no_bmp,Birds at coast of the Gulf of Mexico that are staging for migration
HH2V6DUG,yes,Horton et al. 2019,Holding Steady: Little Change In Intensi...,no_bmp,no_bmp,research,state,americas,florida,occurrence,yes,no,NA,no_bmp,Birds at coast of the Gulf of Mexico that are staging for migration
KSACJCJN,yes,Hovick and Miller 2016,Patch-Burn Grazing Moderates Eastern Mea...,manage_in_patches,manage_in_patches; edge_and_shrub_habitat; prescribed_fire,research,state,americas,iowa,nest_success,no,no,NA,no_error,"Beta was only available for distance to woody vegetation, they did provide daily survival for patch-burn vs.burn-graze, but did not provide error"
KSACJCJN,yes,Hovick and Miller 2016,Patch-Burn Grazing Moderates Eastern Mea...,prescribed_fire,manage_in_patches; edge_and_shrub_habitat; prescribed_fire,research,state,americas,iowa,nest_success,no,no,NA,no_error,"Beta was only available for distance to woody vegetation, they did provide daily survival for patch-burn vs.burn-graze, but did not provide error"
KSACJCJN,yes,Hovick and Miller 2016,Patch-Burn Grazing Moderates Eastern Mea...,edge_and_shrub_habitat,manage_in_patches; edge_and_shrub_habitat; prescribed_fire,research,state,americas,iowa,nest_success,yes,yes,beta_categorical,NA,"Beta was only available for distance to woody vegetation, they did provide daily survival for patch-burn vs.burn-graze, but did not provide error"
DIDCBU55,yes,Hovick et al. 2011,Postfledging Survival Of Grasshopper Spa...,manage_in_patches,manage_in_patches,research,state,americas,iowa,fledgling_survival,yes,no,NA,no_quantitative_results,NA
KGTXENX8,yes,Hovick et al. 2012,Effects Of Fire And Grazing On Grasshopp...,prescribed_fire,prescribed_fire; manage_in_patches,research,state,americas,iowa,nest_success,yes,no,NA,no_quantitative_results,Sample size was there but we could not find sample size by treatment
KGTXENX8,yes,Hovick et al. 2012,Effects Of Fire And Grazing On Grasshopp...,manage_in_patches,prescribed_fire; manage_in_patches,research,state,americas,iowa,nest_success,yes,no,NA,no_quantitative_results,Sample size was there but we could not find sample size by treatment
U6X2F2MA,yes,Hovick et al. 2014,Structural Heterogeneity Increases Diver...,provide_overwintering_habitat,provide_overwintering_habitat; prescribed_fire,research,state,americas,oklahoma,abundance; occupancy,yes,yes,NA,NA,"Beta estimate provided for occupancy (occupancy by months-since-fire); Relative abundance can be determined from the plot, but time since fire doesn't really have a control"
U6X2F2MA,yes,Hovick et al. 2014,Structural Heterogeneity Increases Diver...,prescribed_fire,provide_overwintering_habitat; prescribed_fire,research,state,americas,oklahoma,abundance; occupancy,yes,yes,NA,NA,"Beta estimate provided for occupancy (occupancy by months-since-fire); Relative abundance can be determined from the plot, but time since fire doesn't really have a control"
P337ZDHX,yes,Hovick et al. 2015,Spatial Heterogeneity Increases Diversit...,manage_in_patches,manage_in_patches,research,state,americas,oklahoma,species_richness; abundance,yes,no,NA,no_quantitative_results,"No quantitative results for birds ~ treatment, but there was quant results of abundance ~ vegetation"
57RFAGS5,yes,Howell et al. 2021,Edge Density Affects Demography Of An Ex...,edge_and_shrub_habitat,edge_and_shrub_habitat; provide_overwintering_habitat,research,state,americas,florida,survival; abundance; nest_success,yes,yes,beta_categorical,NA,Table 1; Note that the table provides mean difference between treatment and control
57RFAGS5,yes,Howell et al. 2021,Edge Density Affects Demography Of An Ex...,provide_overwintering_habitat,edge_and_shrub_habitat; provide_overwintering_habitat,research,state,americas,florida,survival; abundance; nest_success,yes,yes,NA,NA,Table 1; Note that the table provides mean difference between treatment and control
4I75Q69B,yes,Hughes et al. 1999,Effects Of Habitat On Dickcissel Abundan...,edge_and_shrub_habitat,edge_and_shrub_habitat,research,state,americas,kansas,abundance; nest_success,no,no,NA,no_quantitative_results,Although they do a great job of describing between year effect size ... and a lot of other stuff ... they did not describe effect size in relation to edge
E8BCM532,yes,Hultquist and Best 2001,Bird Use Of Terraces In Iowa Rowcrop Fie...,no_bmp,no_bmp,research,state,americas,iowa,abundance; nest_success,yes,no,NA,no_bmp,Use of terraces
2B8RB9LY,yes,Ibáñez-Álamo et al. 2012,The impact of researcher disturbance on nest predation rates: a meta-analysis,no_bmp,no_bmp,review,NA,NA,NA,NA,yes,no,NA,review,meta-analysis
UNQHJST8,yes,Igl and Johnson 2016,Effects Of Haying On Breeding Birds In C...,no_bmp,no_bmp,research,state,americas,north_dakota,abundance,yes,no,NA,no_bmp,Time since haying
UNQHJST8,yes,Igl and Johnson 2016,Effects Of Haying On Breeding Birds In C...,no_bmp,no_bmp,research,state,americas,south_dakota,abundance,yes,no,NA,no_bmp,Time since haying
UNQHJST8,yes,Igl and Johnson 2016,Effects Of Haying On Breeding Birds In C...,no_bmp,no_bmp,research,state,americas,minnesota,abundance,yes,no,NA,no_bmp,Time since haying
UNQHJST8,yes,Igl and Johnson 2016,Effects Of Haying On Breeding Birds In C...,no_bmp,no_bmp,research,state,americas,montana,abundance,yes,no,NA,no_bmp,Time since haying
PR7P2X67,yes,Igl et al. 2023,"Converting Crp Grasslands To Cropland, G...",no_bmp,no_bmp,NA,NA,NA,NA,NA,NA,no,NA,no_bmp,NA
FSN2F7S7,yes,Irvin et al. 2013,A Multi-Scale Occupancy Model For The Gr...,edge_and_shrub_habitat,edge_and_shrub_habitat,research,state,americas,delaware,occupancy,yes,yes,beta_continuous,continuous,"Continuous predictor variable, coefficient for the percent shrubland (with error) provided in fig. 3"
SNZYY3NG,yes,Jackson et al. 2015,Patch-Burn Grazing Effects On The Ecolog...,manage_in_patches,prescribed_fire; manage_in_patches; stream_exclusion_and_buffers,research,state,americas,missouri,NA,yes,no,NA,unusable_response,No birds -- this is benthic macroinvertebrates
SNZYY3NG,yes,Jackson et al. 2015,Patch-Burn Grazing Effects On The Ecolog...,prescribed_fire,prescribed_fire; manage_in_patches; stream_exclusion_and_buffers,research,state,americas,missouri,NA,yes,no,NA,unusable_response,No birds -- this is benthic macroinvertebrates
SNZYY3NG,yes,Jackson et al. 2015,Patch-Burn Grazing Effects On The Ecolog...,stream_exclusion_and_buffers,prescribed_fire; manage_in_patches; stream_exclusion_and_buffers,research,state,americas,missouri,NA,yes,no,NA,unusable_response,No birds -- this is benthic macroinvertebrates
4HKVZM4T,yes,Jacobs et al. 2012,Habitat And Landscape Effects On Abundan...,plant_nwsg,edge_and_shrub_habitat; plant_nwsg,research,state,americas,missouri,abundance,calculated,yes,mean_diff,trace_plot,Effect size of CSG CRP fields vs. NWSG CRP fields can be obtained from Figure 3
JPYEKK6W,yes,Jansen and Robertson 2001,Riparian bird communities in relation to land management practices in floodplain woodlands of south-eastern Australia,stream_exclusion_and_buffers,stream_exclusion_and_buffers; reduce_grazing_intensity; edge_and_shrub_habitat,research,country,oceania,australia,abundance,no,no,NA,no_quantitative_results,just pca :/
JPYEKK6W,yes,Jansen and Robertson 2001,Riparian bird communities in relation to land management practices in floodplain woodlands of south-eastern Australia,reduce_grazing_intensity,stream_exclusion_and_buffers; reduce_grazing_intensity; edge_and_shrub_habitat,research,country,oceania,australia,abundance,no,no,NA,no_quantitative_results,just pca :/
JPYEKK6W,yes,Jansen and Robertson 2001,Riparian bird communities in relation to land management practices in floodplain woodlands of south-eastern Australia,edge_and_shrub_habitat,stream_exclusion_and_buffers; reduce_grazing_intensity; edge_and_shrub_habitat,research,country,oceania,australia,abundance,no,no,NA,no_quantitative_results,just pca :/
PH8ITCYC,no,Jasinski et al. 2021,Kestrel Nest Box Occupancy And Fledging ...,install_nest_boxes,install_nest_boxes,research,province,americas,ontario,abundance,unknown,unknown,NA,no_access,Unable to access
PH8ITCYC,no,Jasinski et al. 2021,Kestrel Nest Box Occupancy And Fledging ...,install_nest_boxes,install_nest_boxes,research,country,americas,canada,abundance,unknown,unknown,NA,no_access,Unable to access
8DEZCSKT,yes,Jaster et al. 2014,Nest Survival Of Grassland Birds In Warm...,plant_nwsg,plant_nwsg,research,state,americas,missouri,nest_success,yes,no,NA,no_quantitative_results,"Provided effect sizes, but not for treatments"
XDNK38QY,yes,Jedlicka et al. 2011,Avian Conservation Practices Strengthen ...,install_nest_boxes,install_nest_boxes,research,state,americas,california,abundance; species_richness,yes,yes,mean_diff,NA,"Sample size was a bit of a challenge, but can be found just above the references section"
UJYMZTM3,yes,Jedlicka et al. 2014,"Vineyard And Riparian Habitat, Not Nest ...",install_nest_boxes,install_nest_boxes; stream_exclusion_and_buffers; edge_and_shrub_habitat,research,state,americas,california,abundance; species_richness,no,no,NA,no_quantitative_results,No effect size given nor is it able to be derived (just a p-value)
UJYMZTM3,yes,Jedlicka et al. 2014,"Vineyard And Riparian Habitat, Not Nest ...",stream_exclusion_and_buffers,install_nest_boxes; stream_exclusion_and_buffers; edge_and_shrub_habitat,research,state,americas,california,abundance; species_richness,no,no,NA,no_quantitative_results,Not enough information to derive an effect size
UJYMZTM3,yes,Jedlicka et al. 2014,"Vineyard And Riparian Habitat, Not Nest ...",edge_and_shrub_habitat,install_nest_boxes; stream_exclusion_and_buffers; edge_and_shrub_habitat,research,state,americas,california,abundance; species_richness,no,no,NA,no_quantitative_results,Not enough information to derive an effect size
FFFPKYB5,yes,Jensen and Finck 2004,Edge Effects On Nesting Dickcissels (<I>...,edge_and_shrub_habitat,edge_and_shrub_habitat,research,state,americas,kansas,abundance; nest_success,calculated,yes,mean_diff,trace_plot,Will need to trace Figure 1
9YXV6ME8,yes,Johnson et al. 2019,Effects Of Grassland Management On Overw...,plant_nwsg,plant_nwsg; provide_overwintering_habitat,research,state,americas,virginia,species_richness,yes,yes,NA,NA,NA
9YXV6ME8,yes,Johnson et al. 2019,Effects Of Grassland Management On Overw...,provide_overwintering_habitat,plant_nwsg; provide_overwintering_habitat,research,state,americas,virginia,species_richness,yes,yes,NA,NA,NA
VLD8MM52,yes,Jorge et al. 2022,Avian species richness in a frequently burn...,prescribed_fire,prescribed_fire,research,state,americas,florida,species_richness,yes,yes,NA,NA,"Pyrodiversity is described as the number of unique times since fire (years; 2001–2018) values, based on growing seasons, at the time of the survey within a 500 m buffer around the survey site"
PH82K6GT,yes,Kaasiku et al. 2022,Predation-Mediated Edge Effects Reduce S...,edge_and_shrub_habitat,edge_and_shrub_habitat,research,country,europe,estonia,nest_success; nest_predation,yes,yes,beta_continuous,continuous,"The ""Forest"" variable is distance to forest; species are Northern lapwing, Common ringed plover, Common redshank, Southern dunlin, Black-tailed godwit, Ruff, Common snipe, Eurasian oystercatcher, Eurasian curlew, and Little ringed plover"
HS58V728,yes,Kalinowski and Johnson 2010,Influence Of Suburban Habitat On A Winte...,provide_overwintering_habitat,provide_overwintering_habitat,research,state,americas,california,abundance; species_richness,yes,yes,NA,NA,Super big betas for shrub cover! I think these results are highly questionable -- their beta for abundance suggests an additional 123 birds per additional percentage of shrub cover
FGYPUPXG,yes,Kaplan et al. 2021,Bobolink (<I>Dolichonyx Oryzivorus</I>) ...,reduce_grazing_intensity,reduce_grazing_intensity; prescribed_fire,research,state,americas,nebraska,abundance,no,no,NA,no_quantitative_results,"They do supply their raw data in a supplemental, which we could use if we are desperate"
FGYPUPXG,yes,Kaplan et al. 2021,Bobolink (<I>Dolichonyx Oryzivorus</I>) ...,prescribed_fire,reduce_grazing_intensity; prescribed_fire,research,state,americas,nebraska,abundance,no,no,NA,no_quantitative_results,"They do supply their raw data in a supplemental, which we could use if we are desperate"
2DXYTUJ6,yes,Kempema et al. 2023,The Influence Of Grazing Systems On Bird...,rotational_grazing,rotational_grazing; edge_and_shrub_habitat; reduce_grazing_intensity,research,state,americas,nebraska,species_richness; density,yes,yes,mean_diff,NA,Sample size is a little bit questionable
2DXYTUJ6,yes,Kempema et al. 2023,The Influence Of Grazing Systems On Bird...,edge_and_shrub_habitat,rotational_grazing; edge_and_shrub_habitat; reduce_grazing_intensity,research,state,americas,nebraska,density,yes,yes,beta_continuous,continuous,Sample size is a little bit questionable
2DXYTUJ6,yes,Kempema et al. 2023,The Influence Of Grazing Systems On Bird...,reduce_grazing_intensity,rotational_grazing; edge_and_shrub_habitat; reduce_grazing_intensity,research,state,americas,nebraska,density,yes,yes,beta_continuous,continuous,Sample size is a little bit questionable
VJE4CV2T,yes,Kennedy et al. 2009,Effects Of Native And Non-Native Grassla...,plant_nwsg,plant_nwsg,research,state,americas,oregon,nest_density; nest_success,yes,no,NA,no_quantitative_results,"Could not be included because they, like so many authors, seemed to focus on everything <em>except</em> for their research question."
6RIJF37M,yes,Kentie et al. 2015,Management Of Modern Agricultural Landsc...,set_aside_adjacent_unmowed,delay_hay; set_aside_adjacent_unmowed,research,country,europe,netherlands,NA,yes,yes,mean_diff,NA,NA
6RIJF37M,yes,Kentie et al. 2015,Management Of Modern Agricultural Landsc...,delay_hay,delay_hay; set_aside_adjacent_unmowed,research,country,europe,netherlands,nest_success,yes,yes,NA,NA,NA
CR3AEZM5,yes,Keyel et al. 2012,Testing The Role Of Patch Openness As A ...,edge_and_shrub_habitat,edge_and_shrub_habitat,research,state,americas,massachusetts,density; occupancy,no,no,NA,no_quantitative_results,"What a shame, no info given that could be useful for an effect size"
W4GIWQKH,yes,Keyel et al. 2013,Evaluating The Roles Of Visual Openness ...,edge_and_shrub_habitat,edge_and_shrub_habitat,research,state,americas,vermont,nest_success,yes,no,NA,unusable_response,Results are only provided for openness or openness*edge type
R85SRH57,yes,Keyser et al. 2020,Breeding Bird Use Of Production Stands O...,plant_nwsg,plant_nwsg,research,state,americas,kentucky,abundance; species_richness,yes,no,NA,unusable_treatment,All fields were NWSG
R85SRH57,yes,Keyser et al. 2020,Breeding Bird Use Of Production Stands O...,plant_nwsg,plant_nwsg,research,state,americas,tennessee,abundance; species_richness,yes,no,NA,unusable_treatment,All fields were NWSG
JJ8HQK5D,yes,King and Savidge 1995,Effects Of The Conservation Reserve Prog...,plant_nwsg,plant_nwsg,research,state,americas,nebraska,abundance,no,no,NA,no_error,No error
9WTCPMT2,yes,King et al. 2009,Habitat Use And Nest Success Of Scrub-Sh...,edge_and_shrub_habitat,edge_and_shrub_habitat,research,state,americas,massachusetts,density; abundance; nest_success,yes,yes,mean_diff,NA,Nest success could not be included because we do not know the sample size per treatment
65GGK69H,yes,Kirk and Lindsay 2017,Subtle Differences In Birds Detected Bet...,eliminate_pesticides,eliminate_pesticides,research,province,americas,saskatchewan,species_richness; abundance,yes,yes,mean_diff,NA,Useful tables ... a lot of effect sizes!
65GGK69H,yes,Kirk and Lindsay 2017,Subtle Differences In Birds Detected Bet...,eliminate_pesticides,eliminate_pesticides,research,country,americas,canada,species_richness; abundance,yes,yes,mean_diff,NA,Useful tables ... a lot of effect sizes!
86MSLRJN,yes,Kirk et al. 2020,Organic Farming Benefits Birds Most In R...,eliminate_pesticides,eliminate_pesticides,research,province,americas,saskatchewan,abundance,yes,yes,beta_categorical,NA,All of the model output was in table S4
86MSLRJN,yes,Kirk et al. 2020,Organic Farming Benefits Birds Most In R...,eliminate_pesticides,eliminate_pesticides,research,province,americas,ontario,abundance,yes,yes,beta_categorical,NA,All of the model output was in table S4
86MSLRJN,yes,Kirk et al. 2020,Organic Farming Benefits Birds Most In R...,eliminate_pesticides,eliminate_pesticides,research,province,americas,quebec,abundance,yes,yes,beta_categorical,NA,All of the model output was in table S4
86MSLRJN,yes,Kirk et al. 2020,Organic Farming Benefits Birds Most In R...,eliminate_pesticides,eliminate_pesticides,research,country,americas,canada,abundance,yes,yes,beta_categorical,NA,All of the model output was in table S4
C64PAJDW,yes,Kiss et al. 2024,Breeding In An Agricultural Landscape: C...,no_bmp,no_bmp,NA,NA,NA,NA,NA,NA,NA,NA,no_bmp,NA
Q2LAVMKU,yes,Klug et al. 2009,The Nest Predator Community Of Grassland...,edge_and_shrub_habitat,edge_and_shrub_habitat,research,state,americas,nebraska,predator_abundance,yes,no,NA,unusable_response,Predator abundance (including predators that are birds)
Q2LAVMKU,yes,Klug et al. 2009,The Nest Predator Community Of Grassland...,edge_and_shrub_habitat,edge_and_shrub_habitat,research,state,americas,iowa,predator_abundance,yes,no,NA,unusable_response,Predator abundance (including predators that are birds)
DILVTS4M,yes,Klug et al. 2010,Linking Snake Habitat Use To Nest Predat...,edge_and_shrub_habitat,edge_and_shrub_habitat,research,state,americas,kansas,nest_success,yes,yes,beta_continuous,continuous,"Combined nest success of Dickcissel, Grasshopper sparrow, Lark sparrow, Eastern meadowlark, and Field sparrow"
WGSP9SQJ,yes,Knight et al. 2016,Effects Of Agricultural Fragmentation On...,edge_and_shrub_habitat,edge_and_shrub_habitat,research,state,americas,washington,community,yes,yes,mean_diff,NA,NA
WGSP9SQJ,yes,Knight et al. 2016,Effects Of Agricultural Fragmentation On...,edge_and_shrub_habitat,edge_and_shrub_habitat,research,province,americas,british_columbia,community,yes,yes,mean_diff,NA,NA
4KV5TD3V,yes,Korpimaki 1984,Clutch Size And Breeding Success Of Teng...,install_nest_boxes,install_nest_boxes,research,country,europe,finland,nest_success,yes,yes,mean_diff,NA,Tengmalm's Owl
MYEZILNK,no,Kosicki 2021,The Impact Of Feral Domestic Cats On Nat...,keep_cats_indoors,keep_cats_indoors,research,country,europe,poland,density,unknown,unknown,NA,no_access,Density of yellowhammers and yellow wagtails in response to cats
9DBEECAJ,yes,Kraft et al. 2021,Using Grazing To Manage Herbaceous Struc...,reduce_grazing_intensity,reduce_grazing_intensity,research,state,americas,kansas,nest_success,yes,yes,NA,NA,Other variables were not useable
H9PA8BNU,yes,Kragten and de Snoo 2007,Nest Success Of Lapwings <I>Vanellus Van...,eliminate_pesticides,eliminate_pesticides,research,country,europe,netherlands,abundance; nest_success,calculated,yes,mean_diff; other_categorical,trace_plot,DSR can be estimated from the plots in Figure 2
NT27REKI,yes,Kragten et al. 2011,Abundance Of Invertebrate Prey For Birds...,eliminate_pesticides,eliminate_pesticides,research,country,europe,netherlands,abundance,yes,no,NA,unusable_response,Invertebrate abundance
NZ5KP8JI,yes,Kraus et al. 2022,Cattle Grazing In Crp Grasslands During ...,no_bmp,no_bmp,research,state,americas,kansas,nest_success,yes,no,NA,no_bmp,Just grazed vs. ungrazed
2MHNH9NI,yes,Kruk et al. 1996,Hatching Dates Of Waders And Mowing Date...,delay_hay,delay_hay,research,country,europe,netherlands,nest_success,maybe,no,NA,unusable_treatment,"This is a very odd paper! ""When the number of clutches that hatched before mowing were measured as percentages, either of total clutches laid or of eventually succesful clutches, there was no correlation with mowing dates in any of the species"""
2Q3A2HYK,yes,Kruk et al. 1997,Survival Of Black-Tailed Godwit Chicks <...,no_bmp,no_bmp,NA,NA,NA,NA,NA,NA,NA,NA,no_bmp,NA
SLNMHR3F,yes,Kueblbeck et al. 2024,Multi-Scale Habitat Selection And Nest S...,no_bmp,no_bmp,research,country,europe,germany,nest_success; nest_site_selection,no,no,NA,no_bmp,Weird tables ... no numbers.
MEHYTQ6Q,yes,Kusack et al. 2020,Effects Of Agricultural Intensification ...,no_bmp,no_bmp,NA,province,americas,ontario,NA,NA,NA,NA,no_bmp,"Could not access, but they just looked at the impacts of row crops on barn swallow"
MEHYTQ6Q,yes,Kusack et al. 2020,Effects Of Agricultural Intensification ...,no_bmp,no_bmp,NA,country,americas,canada,NA,NA,NA,NA,no_bmp,"Could not access, but they just looked at the impacts of row crops on barn swallow"
78J4S9KV,yes,Lamelas-López et al. 2020,Impact Of Introduced Nest Predators On I...,keep_cats_indoors,keep_cats_indoors,research,country,europe,portugal,nest_success,yes,no,NA,unusable_response,"The paper shows one island has a high depredation rate from cats on one island (where there was low breeding success) and no depredation on the other (where there was higher breeding success). The study does not, however, directly examine the effect of cats on nest success."
EREI5ZVC,yes,Landry-DeBoer et al. 2023,Diversity In Selection Patterns Of Five ...,edge_and_shrub_habitat,edge_and_shrub_habitat,research,province,americas,alberta,abundance,calculated,yes,beta_continuous,trace_plot,"We can determine the effect sizes for Chestnut-collared longspur, Thick-billed longspur, and Spragues pipit by tracing the plot in Appendix 3"
EREI5ZVC,yes,Landry-DeBoer et al. 2023,Diversity In Selection Patterns Of Five ...,edge_and_shrub_habitat,edge_and_shrub_habitat,research,country,americas,canada,abundance,calculated,yes,beta_continuous,trace_plot,"We can determine the effect sizes for Chestnut-collared longspur, Thick-billed longspur, and Spragues pipit by tracing the plot in Appendix 3"
I26B75NC,yes,Lapointe et al. 2003,Effects Of Plant Cover Improvements For ...,rotational_grazing,rotational_grazing,research,province,americas,quebec,abundance,yes,no,NA,unusable_treatment,"Cattle exclusion, but nothing relevant."
I26B75NC,yes,Lapointe et al. 2003,Effects Of Plant Cover Improvements For ...,rotational_grazing,rotational_grazing,research,country,americas,canada,abundance,yes,no,NA,unusable_treatment,"Cattle exclusion, but nothing relevant."
UGPXYFGK,yes,Larned et al. 2020,Nest Microhabitat Influences Nest-Site S...,no_bmp,no_bmp,research,state,americas,florida,nest_success; nest_site_selection,yes,no,NA,no_bmp,Grazed and burned vs. mowed and burned
CW9SYFRF,no,Larue et al. 1995,Riparian Edge Effects On Borel Balsam Fi...,stream_exclusion_and_buffers,stream_exclusion_and_buffers,research,country,americas,canada,NA,unknown,unknown,NA,no_access,NA
7DEL2BXP,yes,Lautenbach et al. 2020,Woody Vegetation Removal Benefits Grassl...,remove_non_native_species,remove_non_native_species,research,state,americas,ohio,density,yes,yes,mean_diff,NA,NA
IBIS6U5N,yes,Laux et al. 2024,Distance To The Edge And Other Landscape...,edge_and_shrub_habitat,edge_and_shrub_habitat,research,country,europe,germany,nest_predation,yes,yes,beta_continuous,continuous,Table S3; Grey partridge
BF9MS7RK,yes,Le Roux et al. 2016,Enriching Small Trees With Artificial Ne...,install_nest_boxes,install_nest_boxes,research,country,oceania,australia,abundance; species_richness,calculated,no,NA,unusable_treatment,"The focus of the study is on the type of tree in which it a nest box is added and the landscape context of those additions. Thus, it is either the wrong treatment for our study or the wrong spatial scale."
5KBFF45N,yes,Ledvina et al. 2020,Management Regime And Field Age Affect S...,no_bmp,no_bmp,research,state,americas,virginia,plant_community,no,no,NA,unusable_response,"Effect was related to plant species composition, not birds"
BGUHT7SJ,yes,Lehnen and Rodewald 2009,Investigating Area-Sensitivity In Shrubl...,no_bmp,no_bmp,research,state,americas,ohio,survival,calculated,no,NA,no_bmp,Patch area was the predictor variable
JS4XPKFM,yes,Lehnen and Rodewald 2013,Daily And Seasonal Movements Of A Shrubl...,edge_and_shrub_habitat,edge_and_shrub_habitat,research,state,americas,ohio,home_range_size; home_range_placement,yes,no,NA,unusable_response,Home range size and placement
K47DUFNT,yes,LeMoine et al. 2006,"Late-Maturing Hay, Forage Quality, And G...",delay_hay,delay_hay,research,country,americas,canada,hay_nutrition,unknown,no,NA,unusable_response,"Although we could not access the article, the abstract shows that the response variable was hay nutrition quality"
H8L5TIEH,yes,Lengyel et al. 2016,Species Richness Responses To Structural...,manage_in_patches,manage_in_patches,research,country,europe,hungary,species_richness,yes,no,NA,no_quantitative_results,"Bird, insects, spiders ... kitchen sink of taxa ... figure 5E provides a beta, but of log patch area"
2BU4YWHR,yes,Lennon et al. 2019,Using Long-Term Datasets To Assess The I...,eliminate_pesticides,eliminate_pesticides,research,country,europe,united_kingdom,abundance,yes,yes,beta_continuous,continuous,"Response is trend in abundance in relation to neonicotinoids. Although these are European species, there are commonalities with other studies."
3BP6FVA7,yes,Lepczyk et al. 2004,Landowners And Cat Predation Across Rura...,keep_cats_indoors,keep_cats_indoors,research,state,americas,michigan,predation_rate,yes,no,NA,unusable_treatment,"They show, under predation rate 2, that cat predation rates are higher in urban environments (Table 2) and that cat density is higher in these environments (Table 1) ... no way to directly test a cat effect in these landscapes."
TT2CGMG8,yes,Li et al. 2020,Neonicotinoids And Decline In Bird Biodi...,eliminate_pesticides,eliminate_pesticides,research,country,americas,united_states,species_richness; abundance,yes,yes,beta_continuous,continuous,Based on BBS data at the county-level
J6MAVCRC,yes,Lindenmayer et al. 2023,Grazing Regime Effects On Bird Biodivers...,rotational_grazing,rotational_grazing; edge_and_shrub_habitat,research,country,oceania,australia,species_richness,calculated,yes,NA,trace_plot,Effect size can be traced using Figure 6
J6MAVCRC,yes,Lindenmayer et al. 2023,Grazing Regime Effects On Bird Biodivers...,edge_and_shrub_habitat,rotational_grazing; edge_and_shrub_habitat,research,country,oceania,australia,species_richness,calculated,yes,beta_categorical,trace_plot,Effect size can be traced using Figure 6
59AP52Y5,yes,Lindsay et al. 2013,Farmland Heterogeneity Benefits Birds In...,manage_in_patches,manage_in_patches; edge_and_shrub_habitat,research,state,americas,iowa,species_richness,yes,no,NA,no_quantitative_results,"Predominantly an ordination; Could also be classified as unusable treatment because they have a lot of mean, but it's by site"
59AP52Y5,yes,Lindsay et al. 2013,Farmland Heterogeneity Benefits Birds In...,edge_and_shrub_habitat,manage_in_patches; edge_and_shrub_habitat,research,state,americas,iowa,species_richness,yes,no,NA,no_quantitative_results,"Predominantly an ordination; Could also be classified as unusable treatment because they have a lot of mean, but it's by site"
ZMNWEWJF,yes,Lipsey and Naugle 2017,Precipitation And Soil Productivity Expl...,reduce_grazing_intensity,reduce_grazing_intensity,research,state,americas,montana,abundance,yes,yes,beta_continuous,continuous,Grazing intensity calculated using a proxy variable -- proportion of dry biomass removed by grazing animals over the course of a growing season
KJ3QIYCI,yes,Lituma and Buehler 2020,Cost-Share Conservation Practices Have M...,no_bmp,no_bmp,research,state,americas,illinois,occupancy,calculated,no,NA,no_bmp,"Lumped together ""conservation"" as ""a conservation practice"""
KJ3QIYCI,yes,Lituma and Buehler 2020,Cost-Share Conservation Practices Have M...,no_bmp,no_bmp,research,state,americas,indiana,occupancy,calculated,no,NA,no_bmp,"Lumped together ""conservation"" as ""a conservation practice"""
KJ3QIYCI,yes,Lituma and Buehler 2020,Cost-Share Conservation Practices Have M...,no_bmp,no_bmp,research,state,americas,kentucky,occupancy,calculated,no,NA,no_bmp,"Lumped together ""conservation"" as ""a conservation practice"""
KJ3QIYCI,yes,Lituma and Buehler 2020,Cost-Share Conservation Practices Have M...,no_bmp,no_bmp,research,state,americas,tennessee,occupancy,calculated,no,NA,no_bmp,"Lumped together ""conservation"" as ""a conservation practice"""
KJ3QIYCI,yes,Lituma and Buehler 2020,Cost-Share Conservation Practices Have M...,no_bmp,no_bmp,research,state,americas,arkansas,occupancy,calculated,no,NA,no_bmp,"Lumped together ""conservation"" as ""a conservation practice"""
KJ3QIYCI,yes,Lituma and Buehler 2020,Cost-Share Conservation Practices Have M...,no_bmp,no_bmp,research,state,americas,missouri,occupancy,calculated,no,NA,no_bmp,"Lumped together ""conservation"" as ""a conservation practice"""
KJ3QIYCI,yes,Lituma and Buehler 2020,Cost-Share Conservation Practices Have M...,no_bmp,no_bmp,research,state,americas,oklahoma,occupancy,calculated,no,NA,no_bmp,"Lumped together ""conservation"" as ""a conservation practice"""
8IQ6TE6A,yes,Lituma et al. 2012,Restoration Of Grasslands And Nesting Su...,plant_nwsg,plant_nwsg,research,state,americas,texas,abundance; nest_success,yes,yes,mean_diff,NA,"Weird paper, no tables or figures, but happily they reported their numbers and standard errors ... a lot!"
R2NSJ9PI,yes,Lituma et al. 2022,Effects Of Patch-Burn Grazing And Rotati...,manage_in_patches,manage_in_patches; prescribed_fire; rotational_grazing; edge_and_shrub_habitat,research,state,americas,kentucky,abundance; species_richness,yes,no,NA,unusable_treatment,"The paper was *supposed* to include rotational and patch-burn grazing treatments, but they just described the results for that"
R2NSJ9PI,yes,Lituma et al. 2022,Effects Of Patch-Burn Grazing And Rotati...,manage_in_patches,manage_in_patches; prescribed_fire; rotational_grazing; edge_and_shrub_habitat,research,state,americas,tennessee,abundance; species_richness,yes,no,NA,unusable_treatment,"The paper was *supposed* to include rotational and patch-burn grazing treatments, but they just described the results for that"
R2NSJ9PI,yes,Lituma et al. 2022,Effects Of Patch-Burn Grazing And Rotati...,edge_and_shrub_habitat,manage_in_patches; prescribed_fire; rotational_grazing; edge_and_shrub_habitat,research,state,americas,tennessee,species_richness; abundance,yes,yes,beta_continuous,continuous,"The paper was *supposed* to include rotational and patch-burn grazing treatments, but they just described the results for that"
R2NSJ9PI,yes,Lituma et al. 2022,Effects Of Patch-Burn Grazing And Rotati...,edge_and_shrub_habitat,manage_in_patches; prescribed_fire; rotational_grazing; edge_and_shrub_habitat,research,state,americas,kentucky,species_richness; abundance,yes,yes,beta_continuous,continuous,"The paper was *supposed* to include rotational and patch-burn grazing treatments, but they just described the results for that"
R2NSJ9PI,yes,Lituma et al. 2022,Effects Of Patch-Burn Grazing And Rotati...,rotational_grazing,manage_in_patches; prescribed_fire; rotational_grazing; edge_and_shrub_habitat,research,state,americas,kentucky,abundance; species_richness,yes,no,NA,no_quantitative_results,"Rotational grazing was included in the model, but not estimate provided"
R2NSJ9PI,yes,Lituma et al. 2022,Effects Of Patch-Burn Grazing And Rotati...,rotational_grazing,manage_in_patches; prescribed_fire; rotational_grazing; edge_and_shrub_habitat,research,state,americas,tennessee,abundance; species_richness,yes,no,NA,no_quantitative_results,"Rotational grazing was included in the model, but not estimate provided"
R2NSJ9PI,yes,Lituma et al. 2022,Effects Of Patch-Burn Grazing And Rotati...,prescribed_fire,manage_in_patches; prescribed_fire; rotational_grazing; edge_and_shrub_habitat,research,state,americas,kentucky,abundance; species_richness,yes,no,NA,no_quantitative_results,"Rotational grazing was included in the model, but not estimate provided"
R2NSJ9PI,yes,Lituma et al. 2022,Effects Of Patch-Burn Grazing And Rotati...,prescribed_fire,manage_in_patches; prescribed_fire; rotational_grazing; edge_and_shrub_habitat,research,state,americas,tennessee,abundance; species_richness,yes,no,NA,no_quantitative_results,"Rotational grazing was included in the model, but not estimate provided"
GE3868HZ,yes,Lloyd and Martin 2005,Reproductive Success Of Chestnut-Collare...,plant_nwsg,plant_nwsg,research,state,americas,montana,nest_success,yes,yes,mean_diff,NA,"We could not calculate the number of young fledged as an effect size, because that was the <em>one</em> stat in which they did not provide the confidence intervals per group."
KWCVCTJ9,yes,Lockhart and Koper 2018,Northern Prairie Songbirds Are More Stro...,edge_and_shrub_habitat,edge_and_shrub_habitat,research,province,americas,manitoba,abundance; species_richness,yes,yes,beta_continuous,continuous,"They used ""Landscape shape index"" as their predictor variable (see Table 2), which is desribed as: The total length of grassland edge divided by the minimum edge possible for the amount of habitat in the landscape (i.e., the circumference of a single circular patch)"
KWCVCTJ9,yes,Lockhart and Koper 2018,Northern Prairie Songbirds Are More Stro...,edge_and_shrub_habitat,edge_and_shrub_habitat,research,country,americas,canada,abundance; species_richness,yes,yes,beta_continuous,continuous,"They used ""Landscape shape index"" as their predictor variable (see Table 2), which is desribed as: The total length of grassland edge divided by the minimum edge possible for the amount of habitat in the landscape (i.e., the circumference of a single circular patch)"
X6BNTJVA,yes,Lohr et al. 2011,Life On The Edge: Northern Bobwhite Ecol...,keep_cats_indoors,keep_cats_indoors,research,state,americas,new_jersey,survival,yes,no,NA,unusable_response,"House cats was one of the causes of mortality (5 predation events, out of 11 mammalian mortalities), but this was not a response variable that was modeled."
J6EY9D55,yes,Lokemoen and Beiser 1997,"Bird Use And Nesting In Conventional, Mi...",eliminate_pesticides,eliminate_pesticides,research,state,americas,north_dakota,species_richness; abundance; nest_success,yes,yes,mean_diff,NA,"Tables 5-6 for nest density and species richness using mean of treatment groups; nest success could not be estimated because there was no way to approximate sample size by treatment; Sample size estimate based on the degrees of freedom in their anova for summer fields ... damnit, always report your sample size per treatment!!!"
DNJ2A44M,yes,Long et al. 2012,Effects Of Prescribed Burning On Avian N...,prescribed_fire,prescribed_fire; edge_and_shrub_habitat,research,state,americas,texas,nest_success,yes,yes,other_categorical,NA,NA
DNJ2A44M,yes,Long et al. 2012,Effects Of Prescribed Burning On Avian N...,edge_and_shrub_habitat,prescribed_fire; edge_and_shrub_habitat,research,state,americas,texas,nest_success,yes,yes,NA,NA,NA
M5UMG6KC,yes,Lumpkin et al. 2012,Effects Of Climate And Exurban Developme...,keep_cats_indoors,keep_cats_indoors,research,state,americas,north_carolina,nest_success,yes,no,NA,unusable_response,"This study looked at DSR of nests, and cats were one of the predators observed (more frequently with higher building density), but did not examine nest predation by cats."
Z8IHZVRP,yes,Luscier and Thompson 2009,Short-Term Responses Of Breeding Birds O...,delay_hay,delay_hay,research,state,americas,arkansas,nest_success; abundance,calculated,yes,NA,NA,"With the data they provide (proportions of nests ... end of page 5, start of page 6), we could conduct our own chi-square test but they do not provide any test statistic or indication of effect size."
Q3MD4KX7,yes,Lyons et al. 2015,Predator Identity Influences The Effect ...,prescribed_fire,prescribed_fire,research,state,americas,iowa,nest_success,yes,no,NA,unusable_response,"Did not look at nest success per se, instead it was snake and mammal predation after fire. Only useful if we expand it past birds."
NQWICHW8,yes,Machtans et al. 1996,Use Of Riparian Buffer Strips As Movemen...,stream_exclusion_and_buffers,stream_exclusion_and_buffers,research,province,americas,alberta,abundance,no,no,NA,unusable_response,Sloppy kitchen sink that divides stuff into way too many categories
NQWICHW8,yes,Machtans et al. 1996,Use Of Riparian Buffer Strips As Movemen...,stream_exclusion_and_buffers,stream_exclusion_and_buffers,research,country,americas,canada,abundance,no,no,NA,unusable_response,Sloppy kitchen sink that divides stuff into way too many categories
K2FW7NWY,yes,Madden et al. 1999,Influence Of Prescribed Fire History On ...,prescribed_fire,prescribed_fire,research,state,americas,north_dakota,abundance,yes,yes,mean_diff,NA,Lots of rows!
S2Z2LX64,yes,Mahony et al. 2022,Grassland Bird Population Declines At Th...,no_bmp,no_bmp,research,province,americas,alberta,population_trend,yes,no,NA,no_bmp,Population trend in association with ag
S2Z2LX64,yes,Mahony et al. 2022,Grassland Bird Population Declines At Th...,no_bmp,no_bmp,research,country,americas,canada,population_trend,yes,no,NA,no_bmp,Population trend in association with ag
YUYL4FB5,yes,Malan 2011,Replacing Grasslands With Pine Plantatio...,edge_and_shrub_habitat,edge_and_shrub_habitat,research,country,africa,south_africa,species_richness; abundance,no,no,NA,no_error,See table 6 for regression r-values
BDUBZR8U,no,Malpass et al. 2018,"Nest Predators, But Not Nest Survival, D...",keep_cats_indoors,keep_cats_indoors,research,state,americas,ohio,nest_success,unknown,unknown,NA,no_access,Unable to access
IWGJXSTQ,yes,Mangachena and Geerts 2019,The absence of keystone indigenous trees inhibits bird recovery up to a decade after invasive tree removal from riparian habitats,remove_non_native_species,remove_non_native_species,research,country,africa,south_africa,abundance; species_richness,yes,yes,mean_diff,NA,Table 1
T29HNQGN,yes,Marcacci et al. 2020,Large-Scale Versus Small-Scale Agricultu...,no_bmp,no_bmp,research,country,africa,ethiopia,abundance; species_richness,yes,no,NA,no_bmp,"Small vs. large scale farming -- while large scale is described as using synthetic fertilizers and pesticides, they don't necessarily say that the small-scale farms don't have that"
DXJW75QS,no,Martin and Forsyth 2003,Occurrence And Productivity Of Songbirds...,no_bmp,no_bmp,research,country,americas,canada,abundance,unknown,no,NA,no_access,Not a BMP - minimum tillage
TXQBEWKY,yes,Martinez et al. 2010,Habitat Structure Versus Food Abundance:...,no_bmp,no_bmp,NA,NA,NA,NA,NA,NA,NA,NA,no_bmp,NA
4RK5Q255,yes,Martínez-Padilla and Fargallo 2008,Fear In Grasslands: The Effect Of Eurasi...,install_nest_boxes,install_nest_boxes,research,country,europe,spain,abundance,yes,yes,NA,NA,"This study looks at skylark abundance in response to kestrel nest boxes; Sample size is questionable -- here, we decided to define it by the number of samples in high-density kestrel sites"
A4K99KR6,yes,Massa et al. 2024,Response Of Grassland Birds To Managemen...,plant_nwsg,plant_nwsg; delay_hay; prescribed_fire,research,state,americas,virginia,occupancy,yes,yes,mean_diff,NA,Manasses
A4K99KR6,yes,Massa et al. 2024,Response Of Grassland Birds To Managemen...,plant_nwsg,plant_nwsg; delay_hay; prescribed_fire,research,state,americas,maryland,occupancy,yes,yes,mean_diff,NA,Manasses
A4K99KR6,yes,Massa et al. 2024,Response Of Grassland Birds To Managemen...,plant_nwsg,plant_nwsg; delay_hay; prescribed_fire,research,state,americas,west_virginia,occupancy,yes,yes,mean_diff,NA,Manasses
A4K99KR6,yes,Massa et al. 2024,Response Of Grassland Birds To Managemen...,delay_hay,plant_nwsg; delay_hay; prescribed_fire,research,state,americas,virginia,occupancy,yes,yes,beta_categorical,NA,Manasses
A4K99KR6,yes,Massa et al. 2024,Response Of Grassland Birds To Managemen...,delay_hay,plant_nwsg; delay_hay; prescribed_fire,research,state,americas,maryland,occupancy,yes,yes,beta_categorical,NA,Manasses
A4K99KR6,yes,Massa et al. 2024,Response Of Grassland Birds To Managemen...,delay_hay,plant_nwsg; delay_hay; prescribed_fire,research,state,americas,west_virginia,occupancy,yes,yes,beta_categorical,NA,Manasses
A4K99KR6,yes,Massa et al. 2024,Response Of Grassland Birds To Managemen...,prescribed_fire,plant_nwsg; delay_hay; prescribed_fire,research,state,americas,virginia,occupancy,yes,yes,beta_continuous,continuous,Manasses; quantitative results only provided for grasshopper sparrow
A4K99KR6,yes,Massa et al. 2024,Response Of Grassland Birds To Managemen...,prescribed_fire,plant_nwsg; delay_hay; prescribed_fire,research,state,americas,maryland,occupancy,yes,yes,beta_continuous,continuous,Manasses; quantitative results only provided for grasshopper sparrow
A4K99KR6,yes,Massa et al. 2024,Response Of Grassland Birds To Managemen...,prescribed_fire,plant_nwsg; delay_hay; prescribed_fire,research,state,americas,west_virginia,occupancy,yes,yes,beta_continuous,continuous,Manasses; quantitative results only provided for grasshopper sparrow
ZEM5ZQ5V,yes,Masse et al. 2008,The Potential Of Uncut Patches To Increa...,manage_in_patches,manage_in_patches,research,state,americas,vermont,nest_predation,no,no,NA,no_quantitative_results,Artificial nests
YRJNE4CN,yes,McCracken and Tallowin 2004,Swards And Structure: The Interactions B...,no_bmp,no_bmp,review,NA,NA,NA,NA,NA,NA,NA,review,NA
BQ6ZPH37,yes,McCusker et al. 2010,Seasonal Responses Of Avian Communities ...,provide_overwintering_habitat,remove_non_native_species; provide_overwintering_habitat,research,state,americas,illinois,density,yes,yes,NA,NA,Sideways tables hurt my neck
BQ6ZPH37,yes,McCusker et al. 2010,Seasonal Responses Of Avian Communities ...,remove_non_native_species,remove_non_native_species; provide_overwintering_habitat,research,state,americas,illinois,density,yes,yes,mean_diff,NA,Sideways tables hurt my neck
W27GJ5EW,yes,McDonald and Koper 2022,"Landscape Openness, Not Patch Size Or Gr...",edge_and_shrub_habitat,edge_and_shrub_habitat,research,province,americas,manitoba,abundance; species_richness,yes,yes,NA,NA,Only beta available is for Le Conte's sparrow
W27GJ5EW,yes,McDonald and Koper 2022,"Landscape Openness, Not Patch Size Or Gr...",edge_and_shrub_habitat,edge_and_shrub_habitat,research,country,americas,canada,abundance; species_richness,yes,yes,NA,NA,Only beta available is for Le Conte's sparrow
SUCDKMQN,yes,McGowan et al. 2021,Agriculture Is Adapting To Phenological ...,no_bmp,no_bmp,NA,NA,NA,NA,NA,NA,NA,NA,no_bmp,NA
Z3T2NHLM,yes,McGraw et al. 2024,Breeding bird response to adaptive multi-paddock and continuous grazing practices in Southeastern United States,rotational_grazing,rotational_grazing,research,state,americas,alabama,abundance; density; species_richness,calculated,yes,NA,NA,"They provided their code and data as a supplemental, from which we can obtain effect sizes: https://dataverse.asu.edu/dataset.xhtml?persistentId=doi:10.48349/ASU/7DCWIK"
Z3T2NHLM,yes,McGraw et al. 2024,Breeding bird response to adaptive multi-paddock and continuous grazing practices in Southeastern United States,rotational_grazing,rotational_grazing,research,state,americas,kentucky,abundance; density; species_richness,calculated,yes,NA,NA,"They provided their code and data as a supplemental, from which we can obtain effect sizes: https://dataverse.asu.edu/dataset.xhtml?persistentId=doi:10.48349/ASU/7DCWIK"
Z3T2NHLM,yes,McGraw et al. 2024,Breeding bird response to adaptive multi-paddock and continuous grazing practices in Southeastern United States,rotational_grazing,rotational_grazing,research,state,americas,mississippi,abundance; density; species_richness,calculated,yes,NA,NA,"They provided their code and data as a supplemental, from which we can obtain effect sizes: https://dataverse.asu.edu/dataset.xhtml?persistentId=doi:10.48349/ASU/7DCWIK"
Z3T2NHLM,yes,McGraw et al. 2024,Breeding bird response to adaptive multi-paddock and continuous grazing practices in Southeastern United States,rotational_grazing,rotational_grazing,research,state,americas,tennessee,abundance; density; species_richness,calculated,yes,NA,NA,"They provided their code and data as a supplemental, from which we can obtain effect sizes: https://dataverse.asu.edu/dataset.xhtml?persistentId=doi:10.48349/ASU/7DCWIK"
LWKNDYK4,yes,McKenzie and Whittingham 2009,Why Are Birds More Abundant On Organic F...,eliminate_pesticides,eliminate_pesticides,research,NA,NA,NA,NA,no,no,NA,review,Review
HIFIISQB,yes,McLaren et al. 2018,Artificial Light At Night Confounds Broa...,upgrade_to_darksky,upgrade_to_darksky,research,state,americas,virginia,density,no,no,NA,no_quantitative_results,"Stopover density of nocturnal migrants, as assessed via radar"
HIFIISQB,yes,McLaren et al. 2018,Artificial Light At Night Confounds Broa...,upgrade_to_darksky,upgrade_to_darksky,research,district,americas,district_of_columbia,density,no,no,NA,no_quantitative_results,"Stopover density of nocturnal migrants, as assessed via radar"
HIFIISQB,yes,McLaren et al. 2018,Artificial Light At Night Confounds Broa...,upgrade_to_darksky,upgrade_to_darksky,research,state,americas,west_virginia,density,no,no,NA,no_quantitative_results,"Stopover density of nocturnal migrants, as assessed via radar"
HIFIISQB,yes,McLaren et al. 2018,Artificial Light At Night Confounds Broa...,upgrade_to_darksky,upgrade_to_darksky,research,state,americas,maryland,density,no,no,NA,no_quantitative_results,"Stopover density of nocturnal migrants, as assessed via radar"
HIFIISQB,yes,McLaren et al. 2018,Artificial Light At Night Confounds Broa...,upgrade_to_darksky,upgrade_to_darksky,research,state,americas,delaware,density,no,no,NA,no_quantitative_results,"Stopover density of nocturnal migrants, as assessed via radar"
HIFIISQB,yes,McLaren et al. 2018,Artificial Light At Night Confounds Broa...,upgrade_to_darksky,upgrade_to_darksky,research,state,americas,new_jersey,density,no,no,NA,no_quantitative_results,"Stopover density of nocturnal migrants, as assessed via radar"
HIFIISQB,yes,McLaren et al. 2018,Artificial Light At Night Confounds Broa...,upgrade_to_darksky,upgrade_to_darksky,research,state,americas,pennsylvania,density,no,no,NA,no_quantitative_results,"Stopover density of nocturnal migrants, as assessed via radar"
HIFIISQB,yes,McLaren et al. 2018,Artificial Light At Night Confounds Broa...,upgrade_to_darksky,upgrade_to_darksky,research,state,americas,new_york,density,no,no,NA,no_quantitative_results,"Stopover density of nocturnal migrants, as assessed via radar"
HIFIISQB,yes,McLaren et al. 2018,Artificial Light At Night Confounds Broa...,upgrade_to_darksky,upgrade_to_darksky,research,state,americas,connecticut,density,no,no,NA,no_quantitative_results,"Stopover density of nocturnal migrants, as assessed via radar"
HIFIISQB,yes,McLaren et al. 2018,Artificial Light At Night Confounds Broa...,upgrade_to_darksky,upgrade_to_darksky,research,state,americas,rhode_island,density,no,no,NA,no_quantitative_results,"Stopover density of nocturnal migrants, as assessed via radar"
HIFIISQB,yes,McLaren et al. 2018,Artificial Light At Night Confounds Broa...,upgrade_to_darksky,upgrade_to_darksky,research,state,americas,massachusetts,density,no,no,NA,no_quantitative_results,"Stopover density of nocturnal migrants, as assessed via radar"
HIFIISQB,yes,McLaren et al. 2018,Artificial Light At Night Confounds Broa...,upgrade_to_darksky,upgrade_to_darksky,research,state,americas,vermont,density,no,no,NA,no_quantitative_results,"Stopover density of nocturnal migrants, as assessed via radar"
HIFIISQB,yes,McLaren et al. 2018,Artificial Light At Night Confounds Broa...,upgrade_to_darksky,upgrade_to_darksky,research,state,americas,new_hampshire,density,no,no,NA,no_quantitative_results,"Stopover density of nocturnal migrants, as assessed via radar"
HIFIISQB,yes,McLaren et al. 2018,Artificial Light At Night Confounds Broa...,upgrade_to_darksky,upgrade_to_darksky,research,state,americas,maine,density,no,no,NA,no_quantitative_results,"Stopover density of nocturnal migrants, as assessed via radar"
NC58WG7N,yes,McLaughlin et al. 2014,Effects Of Urbanization On Site Occupanc...,edge_and_shrub_habitat,edge_and_shrub_habitat,research,state,americas,nebraska,occupancy; abundance,yes,yes,beta_continuous,continuous,A swarm of numbers ... some of them useful!
NC58WG7N,yes,McLaughlin et al. 2014,Effects Of Urbanization On Site Occupanc...,edge_and_shrub_habitat,edge_and_shrub_habitat,research,state,americas,iowa,occupancy; abundance,yes,yes,beta_continuous,continuous,A swarm of numbers ... some of them useful!
IDVMC7QN,yes,McMaster et al. 2005,Grassland Birds Nesting In Haylands Of S...,no_bmp,no_bmp,research,province,americas,saskatchewan,abundance; nest_success,yes,no,NA,no_bmp,Effect sizes are only reported for year effects
IDVMC7QN,yes,McMaster et al. 2005,Grassland Birds Nesting In Haylands Of S...,no_bmp,no_bmp,research,country,americas,canada,abundance; nest_success,yes,no,NA,no_bmp,Effect sizes are only reported for year effects
NH4RI28V,yes,McMullen and Harms 2020,Impact Of Delayed Mowing On Restoring Po...,delay_hay,delay_hay,research,state,americas,iowa,occupancy; abundance,calculated,yes,other_categorical,NA,"Not a great study design! All six sites received the same treatment in a given year (all were mowed early in 2013 or mowed late in 2014). More can be gleaned using their raw data, supplied in tables 1 and 2. Focal species: Bobolink, Dickcissel, Eastern Meadowlark, Grasshopper sparrow, Henslow's Sparrow, Sedge Wren"
5X7R8YFG,yes,McNeil et al. 2023,Assessing American Woodcock Use Of Habit...,no_bmp,no_bmp,research,state,americas,minnesota,occupancy; density,yes,no,NA,no_bmp,"They have shrub shear, but I don't think that really counts"
5X7R8YFG,yes,McNeil et al. 2023,Assessing American Woodcock Use Of Habit...,no_bmp,no_bmp,research,state,americas,wisconsin,occupancy; density,yes,no,NA,no_bmp,"They have shrub shear, but I don't think that really counts"
5X7R8YFG,yes,McNeil et al. 2023,Assessing American Woodcock Use Of Habit...,no_bmp,no_bmp,research,state,americas,pennsylvania,occupancy; density,yes,no,NA,no_bmp,"They have shrub shear, but I don't think that really counts"
5X7R8YFG,yes,McNeil et al. 2023,Assessing American Woodcock Use Of Habit...,no_bmp,no_bmp,research,state,americas,new_jersey,occupancy; density,yes,no,NA,no_bmp,"They have shrub shear, but I don't think that really counts"
5X7R8YFG,yes,McNeil et al. 2023,Assessing American Woodcock Use Of Habit...,no_bmp,no_bmp,research,state,americas,maryland,occupancy; density,yes,no,NA,no_bmp,"They have shrub shear, but I don't think that really counts"
WK83LDWJ,yes,Michel et al. 2020,Metrics For Conservation Success: Using ...,no_bmp,no_bmp,NA,NA,NA,NA,NA,NA,NA,NA,no_bmp,NA
5G5U4RUN,yes,Miller et al. 2011,Occupancy And Abundance Of Wintering Bir...,edge_and_shrub_habitat,edge_and_shrub_habitat; provide_overwintering_habitat,research,state,americas,florida,occupancy; abundance,yes,no,NA,unusable_treatment,"They look at vegetation state, but do not apparently run models of edge vs. no edge, even though it is described as such."
5G5U4RUN,yes,Miller et al. 2011,Occupancy And Abundance Of Wintering Bir...,provide_overwintering_habitat,edge_and_shrub_habitat; provide_overwintering_habitat,research,state,americas,florida,occupancy; abundance,yes,no,NA,unusable_treatment,"They look at vegetation state, but do not apparently run models of edge vs. no edge, even though it is described as such."
IECVMZ4Z,yes,Mineau 2013,Avian Mortality From Pesticides Used In ...,eliminate_pesticides,eliminate_pesticides,research,country,americas,canada,total_mortality,no,no,NA,unusable_response,This is just an estimate of the number of birds killed by pesticides in different areas in Canada
C2WK7MRJ,yes,Mineau and Whiteside 2013,Pesticide Acute Toxicity Is A Better Cor...,eliminate_pesticides,eliminate_pesticides,research,country,americas,united_states,abundance,no,no,NA,unusable_response,Uses BBS trend data; no effect size provided
SKTLJM84,yes,Mineau et al. 2005,Patterns Of Bird Species Abundance In Re...,eliminate_pesticides,eliminate_pesticides,research,province,americas,alberta,abundance,yes,yes,beta_continuous,continuous,Granular pesticide index is an estimate of the amount of pesticides used at a given location
SKTLJM84,yes,Mineau et al. 2005,Patterns Of Bird Species Abundance In Re...,eliminate_pesticides,eliminate_pesticides,research,province,americas,manitoba,abundance,yes,yes,beta_continuous,continuous,Granular pesticide index is an estimate of the amount of pesticides used at a given location
SKTLJM84,yes,Mineau et al. 2005,Patterns Of Bird Species Abundance In Re...,eliminate_pesticides,eliminate_pesticides,research,province,americas,saskatchewan,abundance,yes,yes,beta_continuous,continuous,Granular pesticide index is an estimate of the amount of pesticides used at a given location
SKTLJM84,yes,Mineau et al. 2005,Patterns Of Bird Species Abundance In Re...,eliminate_pesticides,eliminate_pesticides,research,country,americas,canada,abundance,yes,yes,beta_continuous,continuous,Granular pesticide index is an estimate of the amount of pesticides used at a given location
A9WVG6GZ,yes,Moller 1994,Facts And Artefacts In Nest-Box Studies:...,install_nest_boxes,install_nest_boxes,review,NA,NA,NA,NA,no,no,NA,review,This review could be helpful to find other studies
4AIDB2L3,yes,Monroe and O'Connell 2014,Winter Bird Habitat Use In A Heterogeneo...,provide_overwintering_habitat,provide_overwintering_habitat; prescribed_fire,research,state,americas,oklahoma,occupancy,yes,yes,NA,NA,NA
4AIDB2L3,yes,Monroe and O'Connell 2014,Winter Bird Habitat Use In A Heterogeneo...,prescribed_fire,provide_overwintering_habitat; prescribed_fire,research,state,americas,oklahoma,occupancy,yes,yes,NA,NA,NA
L3NEIUFB,yes,Monroe et al. 2016,Converting Exotic Forages To Native Warm...,plant_nwsg,plant_nwsg,research,state,americas,mississippi,nest_success,yes,yes,mean_diff,NA,We were not able to find the sample size per treatment!
ERL3H2FK,yes,Monroe et al. 2019,Pasture-Scale Vegetation Predicts Dickci...,plant_nwsg,plant_nwsg,research,state,americas,mississippi,nest_success,calculated,yes,mean_diff,trace_plot,We need to use table 2 for the sample sizes and trace Figure 3 for the effect sizes
EM65W494,yes,Monroe et al. 2021,Prioritizing Landscapes For Grassland Bi...,edge_and_shrub_habitat,edge_and_shrub_habitat,research,state,americas,wyoming,species_richness; density,yes,yes,beta_continuous,continuous,Supplemental table S1
D4T32U3E,yes,Moore et al. 2024,Using Remote Sensing To Identify Habitat...,provide_overwintering_habitat,provide_overwintering_habitat,research,state,americas,georgia,NA,no,no,NA,unusable_response,This is just a habitat suitability model based on previous Henslow Sparrow minimum convex polygons
5EM6FIBL,yes,Moorman et al. 2017,Breeding Songbird Use Of Native Warm-Sea...,plant_nwsg,plant_nwsg,research,state,americas,north_carolina,density,yes,yes,mean_diff,NA,NA
Z45MVGPH,yes,Moreau et al. 2022,Organic Farming Positively Affects The V...,eliminate_pesticides,eliminate_pesticides,research,country,europe,france,behavioral_impacts,yes,no,NA,unusable_response,Response to handling in organic and conventional farms
RX5PATNI,yes,Morgan et al. 2010,Evaluation Of A Reproductive Index For E...,no_bmp,no_bmp,research,state,americas,new_york,nest_success,yes,no,NA,no_bmp,Comparison between nest success monitoring vs. a territory-based index
XT2QGG98,yes,Mori et al. 2019,License To Kill? Domestic Cats Affect A ...,keep_cats_indoors,keep_cats_indoors,research,country,europe,italy,predation_rate,no,no,NA,unusable_response,Counted the number of predation events for 21 tracked cats and counted the number killed by species. No stats provided on this.
V5IZTLTK,yes,Müller et al. 2005,Effects of changes in farming of subalpine ...,delay_hay,delay_hay,research,country,europe,switzerland,nest_success,yes,yes,beta_continuous,continuous,This is the paper Grüebler et al. 2008 and others in Switzerland are referencing
PUDW4DXM,yes,Murphy et al. 2017,Sparrow Nest Survival In Relation To Pre...,edge_and_shrub_habitat,edge_and_shrub_habitat,research,state,americas,north_dakota,nest_success,yes,yes,beta_continuous,continuous,"Did not provide estimates for fire, but did provide estimates of nest success with shrub cover"
NSTLJ8I6,yes,Nack and Ribic 2005,Apparent Predation By Cattle At Grasslan...,no_bmp,no_bmp,NA,NA,NA,NA,NA,NA,NA,NA,no_bmp,NA
YC8S5ZHT,yes,Nelson et al. 2017,Patterns And Mechanisms Of Invasive Plan...,remove_non_native_species,remove_non_native_species,review,continent,NA,north_america,NA,no,no,NA,review,Review; though this one could be useful investigating ... they got 128 papers!
9AEJZWAW,yes,Nelson et al. 2018,Contrasting Impacts Of Invasive Plants A...,remove_non_native_species,remove_non_native_species,research,state,americas,iowa,nest_success,yes,yes,beta_continuous,continuous,Fescue
DUBLVP3I,yes,Nicoll and Norris 2010,Detecting An Impact Of Predation On Bird...,keep_cats_indoors,keep_cats_indoors,review,country,europe,united_kingdom,NA,no,no,NA,review,Review
R9KBFI6I,yes,Niemuth et al. 2017,Developing Spatial Models To Guide Conse...,edge_and_shrub_habitat,edge_and_shrub_habitat,research,state,americas,montana,occupancy,yes,yes,beta_continuous,continuous,NA
R9KBFI6I,yes,Niemuth et al. 2017,Developing Spatial Models To Guide Conse...,edge_and_shrub_habitat,edge_and_shrub_habitat,research,state,americas,north_dakota,occupancy,yes,yes,beta_continuous,continuous,NA
R9KBFI6I,yes,Niemuth et al. 2017,Developing Spatial Models To Guide Conse...,edge_and_shrub_habitat,edge_and_shrub_habitat,research,state,americas,south_dakota,occupancy,yes,yes,beta_continuous,continuous,NA
R9KBFI6I,yes,Niemuth et al. 2017,Developing Spatial Models To Guide Conse...,edge_and_shrub_habitat,edge_and_shrub_habitat,research,state,americas,nebraska,occupancy,yes,yes,beta_continuous,continuous,NA
R9KBFI6I,yes,Niemuth et al. 2017,Developing Spatial Models To Guide Conse...,edge_and_shrub_habitat,edge_and_shrub_habitat,research,state,americas,kansas,occupancy,yes,yes,beta_continuous,continuous,NA
R9KBFI6I,yes,Niemuth et al. 2017,Developing Spatial Models To Guide Conse...,edge_and_shrub_habitat,edge_and_shrub_habitat,research,state,americas,colorado,occupancy,yes,yes,beta_continuous,continuous,NA
R9KBFI6I,yes,Niemuth et al. 2017,Developing Spatial Models To Guide Conse...,edge_and_shrub_habitat,edge_and_shrub_habitat,research,state,americas,wyoming,occupancy,yes,yes,beta_continuous,continuous,NA
E5R4QJFR,no,Nocera et al. 2005,Compatibility Of Delayed Cutting Regime ...,delay_hay,delay_hay,research,province,americas,nova_scotia,nest_success; hay_quality,unknown,unknown,NA,no_access,Unable to access the paper
Q8UCS2AX,yes,Novak et al. 2016,Nesting Ecology Of Early-Successional Bi...,edge_and_shrub_habitat,edge_and_shrub_habitat,research,state,americas,texas,nest_success; nest_density,yes,no,NA,no_quantitative_results,"Edge density is described in an AIC table, but they do not provide a DSR"
QRQKYSEI,yes,O'Leary and Nyberg 2000,Treelines Between Fields Reduce The Dens...,edge_and_shrub_habitat,edge_and_shrub_habitat,research,state,americas,illinois,occupancy; abundance,yes,no,NA,no_error,See Table 2 & 3
8Q698FZ7,yes,O'Loughlin et al. 2019,Invasive shrub re-establishment following management has contrasting effects on biodiversity,remove_non_native_species,remove_non_native_species,research,country,oceania,australia,abundance; species_richness,yes,yes,beta_continuous,continuous,Bitou bush
ICP8CBC2,yes,Ogden et al. 2019,Grassland Bird And Butterfly Responses T...,no_bmp,no_bmp,research,state,americas,kansas,abundance; nest_success,yes,no,NA,unusable_treatment,Fire + early-season steer grazing + late-season sheep grazing vs. fire + early-season steer grazing
Y8JKIFKK,yes,Olimpi et al. 2024,Ungrazed Seminatural Habitats Around Far...,no_bmp,no_bmp,research,state,americas,california,abundance; species_richness,no,no,NA,no_bmp,"Effect size might be in their supplemental, but it's not worth looking"
LF7LYQ8I,yes,Oppel et al. 2014,Habitat-Specific Effectiveness Of Feral ...,keep_cats_indoors,keep_cats_indoors,research,continent,NA,africa,nest_predation,yes,yes,mean_diff,NA,Nest success of the Saint Helena plover pre and post feral cat control
LF7LYQ8I,yes,Oppel et al. 2014,Habitat-Specific Effectiveness Of Feral ...,keep_cats_indoors,keep_cats_indoors,research,territory,africa,saint_helena,nest_predation,yes,yes,mean_diff,NA,Nest success of the Saint Helena plover pre and post feral cat control
ZMFPZIW4,yes,Paine et al. 1996,Cattle trampling of simulated ground nests in rotationally grazed pastures,rotational_grazing,rotational_grazing,research,state,americas,wisconsin,fake nests being trampled,yes,no,NA,unusable_response,Trampling of fake nests
6DZHYDEB,yes,Paker et al. 2014,The Effect Of Plant Richness And Urban G...,keep_cats_indoors,keep_cats_indoors,research,country,asia,israel,species_richness,no,no,other_continuous,unusable_response,"Cat is one of the variables in the models that look at bird species richness and diversity, but only a correlation coefficient is provided"
LU7TGZGG,yes,Palasz et al. 2010,Regional Variation In Abundance And Resp...,prescribed_fire,prescribed_fire; provide_overwintering_habitat,research,state,americas,louisiana,abundance,calculated,yes,NA,NA,"F-stat for fire, was significant as an interaction term, but this is not shown here; no usable data for overwintering habitat (unusable treatment)"
LU7TGZGG,yes,Palasz et al. 2010,Regional Variation In Abundance And Resp...,provide_overwintering_habitat,prescribed_fire; provide_overwintering_habitat,research,state,americas,louisiana,abundance,calculated,yes,NA,NA,"F-stat for fire, was significant as an interaction term, but this is not shown here; no usable data for overwintering habitat (unusable treatment)"
8VPMM3LQ,yes,Pasitschniakarts and Messier 1995,Risk Of Predation On Waterfowl Nests In ...,edge_and_shrub_habitat,edge_and_shrub_habitat; delay_hay,research,province,americas,saskatchewan,nest_success,yes,no,NA,no_error,Artificial nests; see table 2
8VPMM3LQ,yes,Pasitschniakarts and Messier 1995,Risk Of Predation On Waterfowl Nests In ...,edge_and_shrub_habitat,edge_and_shrub_habitat; delay_hay,research,country,americas,canada,nest_success,yes,no,NA,no_error,Artificial nests; see table 2
E6GJYPD7,yes,Palacio 2024,Implications of pasture improvement for bird conservation in the high plains of the Colombian Llanos,rotational_grazing,rotational_grazing; prescribed_fire,research,country,americas,colombia,abundance; species_richness,yes,yes,NA,NA,NA
E6GJYPD7,yes,Palacio 2024,Implications of pasture improvement for bird conservation in the high plains of the Colombian Llanos,prescribed_fire,rotational_grazing; prescribed_fire,research,country,americas,colombia,abundance; species_richness,yes,yes,NA,NA,NA
UZIU38JN,yes,PasitschniakArts and Messier 1996,Predation On Artificial Duck Nests In A ...,edge_and_shrub_habitat,edge_and_shrub_habitat,research,province,americas,saskatchewan,nest_success,no,no,NA,no_quantitative_results,"Artificial nests, so no big loss"
UZIU38JN,yes,PasitschniakArts and Messier 1996,Predation On Artificial Duck Nests In A ...,edge_and_shrub_habitat,edge_and_shrub_habitat,research,country,americas,canada,nest_success,no,no,NA,no_quantitative_results,"Artificial nests, so no big loss"
VRD2T7Z7,yes,Patnode and White 1991,Effects Of Pesticides On Songbird Produc...,eliminate_pesticides,eliminate_pesticides,research,state,americas,georgia,nest_success,yes,no,NA,no_error,Nest success by toxicity frequency class (an index combining pesticide toxicity and application frequency) in pecan orchards; no error is provided
8VPMM3LQ,yes,Pasitschniakarts and Messier 1995,Risk Of Predation On Waterfowl Nests In ...,delay_hay,edge_and_shrub_habitat; delay_hay,research,province,americas,saskatchewan,nest_success,yes,no,NA,no_error,Artificial nests; see table 2
8VPMM3LQ,yes,Pasitschniakarts and Messier 1995,Risk Of Predation On Waterfowl Nests In ...,delay_hay,edge_and_shrub_habitat; delay_hay,research,country,americas,canada,nest_success,yes,no,NA,no_error,Artificial nests; see table 2
EF9SGNSA,yes,Patten et al. 2006,"Habitat Edge, Land Management, And Rates...",edge_and_shrub_habitat,edge_and_shrub_habitat; prescribed_fire,research,state,americas,oklahoma,nest_success; density,yes,yes,mean_diff,NA,Regression tree in Figure 3 (edge: distance <= 21 m and distance > 21 m
EF9SGNSA,yes,Patten et al. 2006,"Habitat Edge, Land Management, And Rates...",prescribed_fire,edge_and_shrub_habitat; prescribed_fire,research,state,americas,oklahoma,nest_success; density,yes,yes,mean_diff,NA,Regression tree in Figure 3
VQKW9YRS,yes,Patterson et al. 2016,Predation Of Artificial Bird Nests In Su...,keep_cats_indoors,keep_cats_indoors,research,country,africa,south_africa,nest_predation,no,no,NA,unusable_response,Just the number of cats (n = 2) messing with artificial eggs. Vervet monkeys were the bigger deal (n = 17).
BXJHLH2E,yes,Pavlacky et al. 2022,Landscape-Scale Conservation Mitigates T...,edge_and_shrub_habitat,edge_and_shrub_habitat,research,state,americas,montana,occupancy,yes,yes,beta_continuous,continuous,"Supplemental information, table S4"
BXJHLH2E,yes,Pavlacky et al. 2022,Landscape-Scale Conservation Mitigates T...,edge_and_shrub_habitat,edge_and_shrub_habitat,research,state,americas,north_dakota,occupancy,yes,yes,beta_continuous,continuous,"Supplemental information, table S4"
BXJHLH2E,yes,Pavlacky et al. 2022,Landscape-Scale Conservation Mitigates T...,edge_and_shrub_habitat,edge_and_shrub_habitat,research,state,americas,south_dakota,occupancy,yes,yes,beta_continuous,continuous,"Supplemental information, table S4"
BXJHLH2E,yes,Pavlacky et al. 2022,Landscape-Scale Conservation Mitigates T...,edge_and_shrub_habitat,edge_and_shrub_habitat,research,state,americas,nebraska,occupancy,yes,yes,beta_continuous,continuous,"Supplemental information, table S4"
BXJHLH2E,yes,Pavlacky et al. 2022,Landscape-Scale Conservation Mitigates T...,edge_and_shrub_habitat,edge_and_shrub_habitat,research,state,americas,kansas,occupancy,yes,yes,beta_continuous,continuous,"Supplemental information, table S4"
BXJHLH2E,yes,Pavlacky et al. 2022,Landscape-Scale Conservation Mitigates T...,edge_and_shrub_habitat,edge_and_shrub_habitat,research,state,americas,oklahoma,occupancy,yes,yes,beta_continuous,continuous,"Supplemental information, table S4"
BXJHLH2E,yes,Pavlacky et al. 2022,Landscape-Scale Conservation Mitigates T...,edge_and_shrub_habitat,edge_and_shrub_habitat,research,state,americas,texas,occupancy,yes,yes,beta_continuous,continuous,"Supplemental information, table S4"
BXJHLH2E,yes,Pavlacky et al. 2022,Landscape-Scale Conservation Mitigates T...,edge_and_shrub_habitat,edge_and_shrub_habitat,research,state,americas,new_mexico,occupancy,yes,yes,beta_continuous,continuous,"Supplemental information, table S4"
BXJHLH2E,yes,Pavlacky et al. 2022,Landscape-Scale Conservation Mitigates T...,edge_and_shrub_habitat,edge_and_shrub_habitat,research,state,americas,colorado,occupancy,yes,yes,beta_continuous,continuous,"Supplemental information, table S4"
BXJHLH2E,yes,Pavlacky et al. 2022,Landscape-Scale Conservation Mitigates T...,edge_and_shrub_habitat,edge_and_shrub_habitat,research,state,americas,wyoming,occupancy,yes,yes,beta_continuous,continuous,"Supplemental information, table S4"
M977A9KJ,yes,Payne and Payne 1998,Brood Parasitism By Cowbirds: Risks And ...,no_bmp,no_bmp,research,state,americas,michigan,nest_success,yes,no,NA,no_bmp,Did not look explicitly at habitat variables
DM2J4K2V,no,Paz Luna et al. 2020,Nest-Boxes For Raptors As A Biological C...,install_nest_boxes,install_nest_boxes,research,country,europe,spain,NA,unknown,no,NA,no_access,Nest boxes for kestrels to reduce vole abundance
PKYELK4R,yes,Peak et al. 2004,Factors Affecting Songbird Nest Survival...,stream_exclusion_and_buffers,stream_exclusion_and_buffers; edge_and_shrub_habitat,research,state,americas,missouri,nest_success,calculated,yes,other_categorical,NA,"Odds ratios, but no per treatment sample size; curious how to deal with the odds ratio of a continuous variable"
PKYELK4R,yes,Peak et al. 2004,Factors Affecting Songbird Nest Survival...,edge_and_shrub_habitat,stream_exclusion_and_buffers; edge_and_shrub_habitat,research,state,americas,missouri,nest_success,calculated,yes,other_continuous,continuous,"Odds ratios, but no per treatment sample size; curious how to deal with the odds ratio of a continuous variable"
VY6E42C6,yes,Perkins 2003,Response Of Riparian Avifauna To Percent...,stream_exclusion_and_buffers,stream_exclusion_and_buffers; edge_and_shrub_habitat,research,state,americas,nebraska,abundance,yes,no,NA,unusable_treatment,"They split their treatments in a ton of different ways, but none of them particularly useful"
VY6E42C6,yes,Perkins 2003,Response Of Riparian Avifauna To Percent...,edge_and_shrub_habitat,stream_exclusion_and_buffers; edge_and_shrub_habitat,research,state,americas,nebraska,abundance,yes,no,NA,unusable_treatment,"They split their treatments in a ton of different ways, but none of them particularly useful"
XW78AT45,yes,Perkins et al. 2003,Spatial Dynamics Of Source-Sink Habitats...,edge_and_shrub_habitat,edge_and_shrub_habitat,research,state,americas,florida,nest_success; abundance; survival,yes,yes,mean_diff,unusable_treatment,"Site-specific response, but usable"
JY5TGHZ6,no,Perkins et al. 2013,Delayed Mowing Increases Corn Bunting <I...,delay_hay,delay_hay,research,country,europe,united_kingdom,nest_success,unknown,unknown,NA,no_access,Unable to access the paper
JY7UF4YC,yes,Perkins et al. 2013,Minor Fitness Benefits For Edge Avoidanc...,edge_and_shrub_habitat,edge_and_shrub_habitat; delay_hay; rotational_grazing,research,state,americas,vermont,nest_success,calculated,yes,mean_diff,trace_plot,Will require tracing Figures 3 & 4
JY7UF4YC,yes,Perkins et al. 2013,Minor Fitness Benefits For Edge Avoidanc...,delay_hay,edge_and_shrub_habitat; delay_hay; rotational_grazing,research,state,americas,vermont,nest_success,calculated,yes,NA,trace_plot,Will require tracing Figures 3 & 4
JY7UF4YC,yes,Perkins et al. 2013,Minor Fitness Benefits For Edge Avoidanc...,rotational_grazing,edge_and_shrub_habitat; delay_hay; rotational_grazing,research,state,americas,vermont,nest_success,calculated,yes,NA,trace_plot,Will require tracing Figures 3 & 4
DTGJIKZ5,yes,Perlut 2014,Grassland Birds And Dairy Farms In The N...,no_bmp,no_bmp,research,state,americas,new_york,population_growth,yes,no,NA,no_bmp,NA
DTGJIKZ5,yes,Perlut 2014,Grassland Birds And Dairy Farms In The N...,no_bmp,no_bmp,research,state,americas,vermont,population_growth,yes,no,NA,no_bmp,NA
DTGJIKZ5,yes,Perlut 2014,Grassland Birds And Dairy Farms In The N...,no_bmp,no_bmp,research,state,americas,new_hampshire,population_growth,yes,no,NA,no_bmp,NA
DTGJIKZ5,yes,Perlut 2014,Grassland Birds And Dairy Farms In The N...,no_bmp,no_bmp,research,state,americas,maine,population_growth,yes,no,NA,no_bmp,NA
DTGJIKZ5,yes,Perlut 2014,Grassland Birds And Dairy Farms In The N...,no_bmp,no_bmp,research,state,americas,massachusetts,population_growth,yes,no,NA,no_bmp,NA
DTGJIKZ5,yes,Perlut 2014,Grassland Birds And Dairy Farms In The N...,no_bmp,no_bmp,research,state,americas,rhode_island,population_growth,yes,no,NA,no_bmp,NA
DTGJIKZ5,yes,Perlut 2014,Grassland Birds And Dairy Farms In The N...,no_bmp,no_bmp,research,state,americas,connecticut,population_growth,yes,no,NA,no_bmp,NA
DJAQRYKZ,yes,Perlut and Strong 2011,Grassland Birds And Rotational-Grazing I...,rotational_grazing,rotational_grazing,research,state,americas,vermont,nest_success,no,no,NA,unusable_treatment,They did not separate between rotational grazing systems in their analysis
DJAQRYKZ,yes,Perlut and Strong 2011,Grassland Birds And Rotational-Grazing I...,rotational_grazing,rotational_grazing,research,state,americas,new_york,nest_success,no,no,NA,unusable_treatment,They did not separate between rotational grazing systems in their analysis
IXNBX5LG,yes,Perlut et al. 2006,Grassland Songbirds In A Dynamic Managem...,delay_hay,delay_hay,research,state,americas,vermont,nest_success,yes,yes,NA,NA,Our beloved Perlut overlord
IXNBX5LG,yes,Perlut et al. 2006,Grassland Songbirds In A Dynamic Managem...,delay_hay,delay_hay,research,state,americas,new_york,nest_success,yes,yes,NA,NA,Our beloved Perlut overlord
FIB2A7IN,yes,Perlut et al. 2008,Grassland Songbird Survival And Recruitm...,delay_hay,delay_hay,research,state,americas,new_york,survival,yes,yes,mean_diff,NA,NA
FIB2A7IN,yes,Perlut et al. 2008,Grassland Songbird Survival And Recruitm...,delay_hay,delay_hay,research,state,americas,vermont,survival,yes,yes,mean_diff,NA,NA
E2DZAQQ4,yes,Perlut et al. 2008b,Regional Population Viability Of Grassla...,delay_hay,delay_hay,research,state,americas,new_york,nest_success; survival; population_trajectory,yes,yes,mean_diff,NA,Adult survival is not useful because it's a repeat of the previous Perlut
E2DZAQQ4,yes,Perlut et al. 2008b,Regional Population Viability Of Grassla...,delay_hay,delay_hay,research,state,americas,vermont,nest_success; survival; population_trajectory,yes,yes,mean_diff,NA,Adult survival is not useful because it's a repeat of the previous Perlut
LVS3NMPI,yes,Perlut et al. 2011,A Model For Integrating Wildlife Science...,delay_hay,delay_hay,research,state,americas,new_york,nest_success; density,yes,yes,mean_diff,NA,Sample size is in Fig 2
LVS3NMPI,yes,Perlut et al. 2011,A Model For Integrating Wildlife Science...,delay_hay,delay_hay,research,state,americas,vermont,nest_success; density,yes,yes,mean_diff,NA,Sample size is in Fig 2
GY6GCBHF,yes,Peterjohn 2003,Agricultural Landscapes: Can They Suppor...,no_bmp,no_bmp,review,NA,NA,NA,NA,no,no,NA,review,Review
YSAVDL5T,yes,Pharr et al. 2023,Using Citizen Science Data To Investigat...,upgrade_to_darksky,upgrade_to_darksky,research,state,americas,virginia,survival,calculated,yes,beta_continuous,trace_plot,Only issue here is that Brian is an author on this paper; Also beta's not reported if the confidence intervals crossed zero ... these can be extracted from the plots though
YSAVDL5T,yes,Pharr et al. 2023,Using Citizen Science Data To Investigat...,upgrade_to_darksky,upgrade_to_darksky,research,state,americas,maryland,survival,calculated,yes,beta_continuous,trace_plot,Only issue here is that Brian is an author on this paper; Also beta's not reported if the confidence intervals crossed zero ... these can be extracted from the plots though
YSAVDL5T,yes,Pharr et al. 2023,Using Citizen Science Data To Investigat...,upgrade_to_darksky,upgrade_to_darksky,research,district,americas,district_of_columbia,survival,calculated,yes,beta_continuous,trace_plot,Only issue here is that Brian is an author on this paper; Also beta's not reported if the confidence intervals crossed zero ... these can be extracted from the plots though
G2AQJ3PG,yes,Phillips et al. 2004,Analysis Of Predator Movement In Prairie...,no_bmp,no_bmp,research,state,americas,north_dakota,predator_movement,NA,no,NA,unusable_response,Mammalian predator movement
WQDZ5GX5,yes,Piha et al. 2007,Effects Of Land-Use And Landscape Charac...,eliminate_pesticides,eliminate_pesticides,research,country,europe,finland,species_richness; abundance,calculated,yes,mean_diff,trace_plot,"Only significant (p < 0.10) results are shown, no error. Will have to extract from the plots."
MNNET46F,yes,Pillsbury et al. 2011,Another Tool In The Toolbox? Using Fire ...,prescribed_fire,prescribed_fire; manage_in_patches,research,state,americas,iowa,density,yes,no,NA,no_error,"If we decide to use a effect size method that does not include error, table 1 will be of use."
MNNET46F,yes,Pillsbury et al. 2011,Another Tool In The Toolbox? Using Fire ...,prescribed_fire,prescribed_fire; manage_in_patches,research,state,americas,missouri,density,yes,no,NA,no_error,"If we decide to use a effect size method that does not include error, table 1 will be of use."
MNNET46F,yes,Pillsbury et al. 2011,Another Tool In The Toolbox? Using Fire ...,manage_in_patches,prescribed_fire; manage_in_patches,research,state,americas,iowa,density,yes,no,NA,no_error,"If we decide to use a effect size method that does not include error, table 1 will be of use."
MNNET46F,yes,Pillsbury et al. 2011,Another Tool In The Toolbox? Using Fire ...,manage_in_patches,prescribed_fire; manage_in_patches,research,state,americas,missouri,density,yes,no,NA,no_error,"If we decide to use a effect size method that does not include error, table 1 will be of use."
S9JEF6KQ,yes,Pintaric et al. 2019,Variation In Surrogate Breeding Habitat ...,delay_hay,delay_hay; reduce_grazing_intensity,research,province,americas,ontario,abundance; nest_success,yes,yes,mean_diff,NA,"They have a lot of betas, but the comparison is between nests in hayed fields vs pastures."
S9JEF6KQ,yes,Pintaric et al. 2019,Variation In Surrogate Breeding Habitat ...,reduce_grazing_intensity,delay_hay; reduce_grazing_intensity,research,province,americas,ontario,NA,yes,no,NA,unusable_treatment,"They have a lot of betas, but the comparison is between nests in hayed fields vs pastures."
CAGIEGRC,yes,Pipher et al. 2016,Cattle Grazing Intensity And Duration Ha...,reduce_grazing_intensity,reduce_grazing_intensity,research,province,americas,saskatchewan,nest_success,yes,yes,beta_continuous,continuous,Logistic exposure models of nest survival; No numbers for Baird's of Savannah sparrows there were no significant effects
CAGIEGRC,yes,Pipher et al. 2016,Cattle Grazing Intensity And Duration Ha...,reduce_grazing_intensity,reduce_grazing_intensity,research,country,americas,canada,nest_success,yes,yes,beta_continuous,continuous,Logistic exposure models of nest survival; No numbers for Baird's of Savannah sparrows there were no significant effects
9KZCR9YH,yes,Pirez and Aldabe 2023,Comparison Of The Bird Community In Live...,rotational_grazing,rotational_grazing,research,country,americas,uruguay,species_richness,yes,yes,mean_diff,NA,Rotationally grazed fields were rested anywhere from 20 days (not summer pasture stockpiling) to six months
Y4XQ6NYG,yes,Pirie et al. 2022,Pet Cats (<I>Felis Catus</I>) From Urban...,keep_cats_indoors,keep_cats_indoors,research,country,europe,united_kingdom,predation_rate,yes,no,NA,unusable_response,"Some usable stats for the number of prey returns (and a surprising response that cats wearing a bell returned *more* prey ... though prey returns were recorded by owners), but i don’t think that it would be related to anything that we’d want to test in this context."
XXILUEDP,yes,Plush et al. 2013,Overwintering Sparrow Use Of Field Borde...,edge_and_shrub_habitat,edge_and_shrub_habitat; provide_overwintering_habitat; plant_nwsg,research,state,americas,north_carolina,density,calculated,yes,NA,trace_plot,Will need to trace Fig 1 for effect size
XXILUEDP,yes,Plush et al. 2013,Overwintering Sparrow Use Of Field Borde...,provide_overwintering_habitat,edge_and_shrub_habitat; provide_overwintering_habitat; plant_nwsg,research,state,americas,north_carolina,density,calculated,yes,NA,trace_plot,Will need to trace Fig 1 for effect size
XXILUEDP,yes,Plush et al. 2013,Overwintering Sparrow Use Of Field Borde...,plant_nwsg,edge_and_shrub_habitat; provide_overwintering_habitat; plant_nwsg,research,state,americas,north_carolina,density,calculated,yes,NA,trace_plot,Will need to trace Fig 1 for effect size
G24CXXXA,yes,Poisson et al. 2021,Assessing Pesticides Exposure Effects On...,eliminate_pesticides,eliminate_pesticides,research,province,americas,quebec,nest_success,yes,no,NA,unusable_response,A mess of AIC models associated with tree swallow bolis collections on farm and a variety of nest success data
G24CXXXA,yes,Poisson et al. 2021,Assessing Pesticides Exposure Effects On...,eliminate_pesticides,eliminate_pesticides,research,country,americas,canada,nest_success,yes,no,NA,unusable_response,A mess of AIC models associated with tree swallow bolis collections on farm and a variety of nest success data
BIX49B34,yes,Ponce et al. 2018,Effects Of Farming Practices On Nesting ...,edge_and_shrub_habitat,edge_and_shrub_habitat,research,country,europe,spain,nest_success,yes,no,NA,unusable_response,Artificial nests
L2QEJV7P,yes,Port and Schottler 2017,The Effect Of Floristic Composition On B...,plant_nwsg,plant_nwsg,research,state,americas,minnesota,species_richness; abundance,yes,yes,mean_diff,NA,We could not include abundance because they only reported average abundance per census.
B34SZBUU,yes,Powell 2006,Effects Of Prescribed Burns And Bison (<...,prescribed_fire,prescribed_fire,research,state,americas,kansas,abundance,yes,yes,mean_diff,NA,"We put this in mean diff, but it's really a comparison between the betas; there is also 0-3 years post burn but we didn't use that because it was difficult to understand the control"
2QBFIFCW,yes,Powell 2008,Responses Of Breeding Birds In Tallgrass...,prescribed_fire,prescribed_fire,research,state,americas,kansas,abundance,calculated,yes,NA,unusable_treatment,"Could have plotted this (Fig. 3), but no control (annual vs. 2-yr vs. 4 yr. burn)"
5UK425N9,yes,Powell and Busby 2013,Effects Of Grassland Management On Breed...,prescribed_fire,prescribed_fire,research,state,americas,kansas,species_richness; abundance,yes,yes,mean_diff,NA,NA
IIKJHQSN,yes,Pretelli et al. 2015,Effects Of Fragmentation And Landscape M...,edge_and_shrub_habitat,edge_and_shrub_habitat,research,country,americas,argentina,nest_success,yes,no,NA,unusable_treatment,Treatment was just reserve large patch vs. small patches in urban or agricultural landscapes
2LS484PE,yes,Pretelli et al. 2023,Location Matters: Survival Of Artificial...,edge_and_shrub_habitat,edge_and_shrub_habitat,research,country,americas,argentina,nest_success,yes,no,NA,unusable_response,Artificial nests
X4XTED4A,yes,Pulliam et al. 2020,Habitat Targets For Imperiled Grassland ...,edge_and_shrub_habitat,edge_and_shrub_habitat,research,state,americas,montana,abundance,yes,yes,beta_continuous,continuous,"There is likely more information in the supplemental, but we cannot access it"
9TTSRV56,yes,Pulliam et al. 2021,Nest Density Drives Productivity In Ches...,remove_non_native_species,remove_non_native_species,research,state,americas,montana,nest_success,calculated,yes,beta_continuous,trace_plot,beta estimates can be obtained from the Figure 3 (percent exotic cover as a predictor of Chesnut-collared longspur nest success)
ABXAGBLU,yes,Purcell et al. 1997,A Comparison Of The Breeding Ecology Of ...,install_nest_boxes,install_nest_boxes,research,state,americas,california,nest_success,yes,yes,mean_diff,NA,May need to replace daily mortality with DSR
VH2F7DU9,yes,Put et al. 2020,Determining When Bobolink Finish Breedin...,delay_hay,delay_hay,research,province,americas,ontario,detections,yes,no,NA,unusable_treatment,This study was comparing different methods of detecting bobolinks across the breeding season
MJUZTM3F,yes,Pylypec 1991,Impacts Of Fire On Bird Populations In A...,prescribed_fire,prescribed_fire,research,province,americas,saskatchewan,density,yes,no,NA,no_error,"No error provided (but Table 1 could be useful, if necessary) ... moreove, this is maximum density, not mean density"
MJUZTM3F,yes,Pylypec 1991,Impacts Of Fire On Bird Populations In A...,prescribed_fire,prescribed_fire,research,country,americas,canada,density,yes,no,NA,no_error,"No error provided (but Table 1 could be useful, if necessary) ... moreove, this is maximum density, not mean density"
7KTW2PPE,yes,Quinn et al. 2012,The Effects Of Land Sparing And Wildlife...,eliminate_pesticides,eliminate_pesticides; stream_exclusion_and_buffers,research,state,americas,nebraska,abundance,yes,no,NA,unusable_treatment,"All of samples are from organic farms, so no control ... come back to this with the buffers section"
7KTW2PPE,yes,Quinn et al. 2012,The Effects Of Land Sparing And Wildlife...,eliminate_pesticides,eliminate_pesticides; stream_exclusion_and_buffers,research,state,americas,kansas,abundance,yes,no,NA,unusable_treatment,"All of samples are from organic farms, so no control ... come back to this with the buffers section"
7KTW2PPE,yes,Quinn et al. 2012,The Effects Of Land Sparing And Wildlife...,eliminate_pesticides,eliminate_pesticides; stream_exclusion_and_buffers,research,state,americas,oklahoma,abundance,yes,no,NA,unusable_treatment,"All of samples are from organic farms, so no control ... come back to this with the buffers section"
7KTW2PPE,yes,Quinn et al. 2012,The Effects Of Land Sparing And Wildlife...,eliminate_pesticides,eliminate_pesticides; stream_exclusion_and_buffers,research,state,americas,texas,abundance,yes,no,NA,unusable_treatment,"All of samples are from organic farms, so no control ... come back to this with the buffers section"
7KTW2PPE,yes,Quinn et al. 2012,The Effects Of Land Sparing And Wildlife...,stream_exclusion_and_buffers,eliminate_pesticides; stream_exclusion_and_buffers,research,state,americas,nebraska,abundance,yes,no,NA,unusable_treatment,"All of samples are from organic farms, so no control ... come back to this with the buffers section"
7KTW2PPE,yes,Quinn et al. 2012,The Effects Of Land Sparing And Wildlife...,stream_exclusion_and_buffers,eliminate_pesticides; stream_exclusion_and_buffers,research,state,americas,kansas,abundance,yes,no,NA,unusable_treatment,"All of samples are from organic farms, so no control ... come back to this with the buffers section"
7KTW2PPE,yes,Quinn et al. 2012,The Effects Of Land Sparing And Wildlife...,stream_exclusion_and_buffers,eliminate_pesticides; stream_exclusion_and_buffers,research,state,americas,oklahoma,abundance,yes,no,NA,unusable_treatment,"All of samples are from organic farms, so no control ... come back to this with the buffers section"
7KTW2PPE,yes,Quinn et al. 2012,The Effects Of Land Sparing And Wildlife...,stream_exclusion_and_buffers,eliminate_pesticides; stream_exclusion_and_buffers,research,state,americas,texas,abundance,yes,no,NA,unusable_treatment,"All of samples are from organic farms, so no control ... come back to this with the buffers section"
7KTW2PPE,yes,Quinn et al. 2012,The Effects Of Land Sparing And Wildlife...,no_bmp,no_bmp,research,state,americas,nebraska,abundance,yes,no,NA,unusable_treatment,Worth a future Tara look for land-sparing vs. land sharing!
7KTW2PPE,yes,Quinn et al. 2012,The Effects Of Land Sparing And Wildlife...,no_bmp,no_bmp,research,state,americas,kansas,abundance,yes,no,NA,unusable_treatment,Worth a future Tara look for land-sparing vs. land sharing!
7KTW2PPE,yes,Quinn et al. 2012,The Effects Of Land Sparing And Wildlife...,no_bmp,no_bmp,research,state,americas,oklahoma,abundance,yes,no,NA,unusable_treatment,Worth a future Tara look for land-sparing vs. land sharing!
7KTW2PPE,yes,Quinn et al. 2012,The Effects Of Land Sparing And Wildlife...,no_bmp,no_bmp,research,state,americas,texas,abundance,yes,no,NA,unusable_treatment,Worth a future Tara look for land-sparing vs. land sharing!
8JE6UHFB,yes,Rabbetts et al. 2023,Direct And Indirect Effects Of Agricultu...,no_bmp,no_bmp,NA,NA,NA,NA,NA,NA,NA,NA,no_bmp,NA
SP7ZAPCE,yes,Ragheb et al. 2019,Optimizing Reproductive Opportunity For ...,prescribed_fire,prescribed_fire,research,state,americas,florida,nest_success,no,no,NA,no_quantitative_results,"Really wanted this, love that tiny Florida grasshopper sparrow!\"
NTZGIVPJ,yes,Raginski et al. 2024,Prescribed Fire Influences Occupancy And...,prescribed_fire,prescribed_fire; provide_overwintering_habitat,research,state,americas,louisiana,abundance; occupancy,no,no,NA,no_quantitative_results,"Provide estimates for detection, but just AIC when it comes to abundance/density ... what is wrong with people's brains!"
NTZGIVPJ,yes,Raginski et al. 2024,Prescribed Fire Influences Occupancy And...,provide_overwintering_habitat,prescribed_fire; provide_overwintering_habitat,research,state,americas,louisiana,abundance; occupancy,no,no,NA,no_quantitative_results,"Provide estimates for detection, but just AIC when it comes to abundance/density ... what is wrong with people's brains!"
86IBQ28G,yes,Rahmig et al. 2009,Grassland Bird Responses To Land Managem...,prescribed_fire,prescribed_fire; reduce_grazing_intensity,research,state,americas,kansas,nest_success; density; species_richness,yes,yes,mean_diff,NA,Appendix had the data!
86IBQ28G,yes,Rahmig et al. 2009,Grassland Bird Responses To Land Managem...,prescribed_fire,prescribed_fire; reduce_grazing_intensity,research,state,americas,oklahoma,nest_success; density; species_richness,yes,yes,mean_diff,NA,Appendix had the data!
86IBQ28G,yes,Rahmig et al. 2009,Grassland Bird Responses To Land Managem...,reduce_grazing_intensity,prescribed_fire; reduce_grazing_intensity,research,state,americas,kansas,nest_success; density; species_richness,yes,yes,mean_diff,NA,Appendix had the data!
86IBQ28G,yes,Rahmig et al. 2009,Grassland Bird Responses To Land Managem...,reduce_grazing_intensity,prescribed_fire; reduce_grazing_intensity,research,state,americas,oklahoma,nest_success; density; species_richness,yes,yes,mean_diff,NA,Appendix had the data!
9WPH8J6A,yes,Ranellucci et al. 2012,Twice-Over Rotational Grazing And Its Im...,rotational_grazing,rotational_grazing,research,province,americas,manitoba,abundance; species_richness,yes,yes,NA,NA,Table 1; Twice-over grazing seems to promote grazing during the nesting period? Seems like this is not summer pasture stockpiling?
9WPH8J6A,yes,Ranellucci et al. 2012,Twice-Over Rotational Grazing And Its Im...,rotational_grazing,rotational_grazing,research,country,americas,canada,abundance; species_richness,yes,yes,NA,NA,Table 1; Twice-over grazing seems to promote grazing during the nesting period? Seems like this is not summer pasture stockpiling?
6XY46ELP,yes,Ratcliffe and Crowe 2001,The Effects Of Agriculture And The Avail...,edge_and_shrub_habitat,edge_and_shrub_habitat,research,country,africa,south_africa,community,no,no,NA,unknown,Revisit to find reason for rejection
A9QQKZTZ,yes,Raynor et al. 2017,Effects of Tamarix removal on the community dynamics of riparian birds in a semiarid grassland,remove_non_native_species,remove_non_native_species,research,state,americas,kansas,occupancy; abundance,yes,yes,mean_diff,NA,NA
SDG3KUBT,yes,Read et al. 2021,Bluebirds Experience Impaired Hatching S...,eliminate_pesticides,eliminate_pesticides,research,province,americas,ontario,nest_success,yes,yes,beta_categorical,NA,Nest survival of Eastern bluebirds in conventional orchards vs. non-orchard sites
8XGQ4Z5C,yes,Rebke et al. 2019,Attraction Of Nocturnally Migrating Bird...,upgrade_to_darksky,upgrade_to_darksky,research,country,europe,germany,abundance,calculated,no,NA,unusable_treatment,"From the appendix we have song thrush abundance with artificial lights on or off ... they do not describe however, whether L represents simply on-off or whether it represents their 21 light encodings"
QL3AQEQS,yes,Rebollo et al. 2025,Habitat restoration for the endangered Yellow Cardinal (Gubernatrix cristata): a forest treatment without affecting bird diversity at the center of Argentina,remove_non_native_species,remove_non_native_species,research,country,americas,argentina,abundance; species_richness,yes,no,NA,unusable_treatment,"mechanical removal to address woody encroachment, but no indication of whether plants removed were native or non-native"
U2MLB3CF,yes,Reif et al. 2016,Conservation implications of cascading effects among groups of organisms: The alien tree <i>Robinia pseudacacia</i> in the Czech Republic as a case study,remove_non_native_species,remove_non_native_species,research,country,europe,czech_republic,species_richness,yes,yes,mean_diff,NA,Pulled and calculated additional stats from the appendix
2YJWE5MW,yes,Reiley and Benson 2019,Differential Effects Of Landscape Compos...,edge_and_shrub_habitat,edge_and_shrub_habitat,research,state,americas,illinois,density,yes,no,NA,no_quantitative_results,"The provide quantitative results for other variables, but not shrub cover ... percent forest is in there, but should not be used as a proxy for edge (because we don't know the configuration)"
QIGJWJEW,yes,Reino et al. 2010,Does Afforestation Increase Bird Nest Pr...,edge_and_shrub_habitat,edge_and_shrub_habitat,research,country,europe,portugal,nest_predation_rate,yes,no,NA,unusable_treatment,"artificial nests; edge is evaluated based on PCA, so not usable here"
LIZQ6R64,yes,Renfrew and Ribic 2001,Grassland birds associated with agricultural riparian prac,stream_exclusion_and_buffers,stream_exclusion_and_buffers; rotational_grazing,research,state,americas,wisconsin,species_richness; abundance,yes,no,NA,unusable_treatment,Unusable treatment for riparian buffers
LIZQ6R64,yes,Renfrew and Ribic 2001,Grassland birds associated with agricultural riparian prac,rotational_grazing,stream_exclusion_and_buffers; rotational_grazing,research,state,americas,wisconsin,species_richness; abundance,yes,yes,mean_diff,NA,Unusable treatment for riparian buffers
L7SDYTND,yes,Renfrew and Ribic 2003,Grassland Passerine Nest Predators Near ...,edge_and_shrub_habitat,edge_and_shrub_habitat,research,state,americas,wisconsin,nest_predation_rate,yes,no,NA,unusable_treatment,Looked at nests depredated by edge and non-edge predators
CWE63WWI,yes,Renfrew et al. 2005,Edge Avoidance By Nesting Grassland Bird...,edge_and_shrub_habitat,edge_and_shrub_habitat,research,state,americas,wisconsin,nest_predation_rate; nest_success,yes,no,NA,no_quantitative_results,"They have effect sizes, but do not include their sample size by treatment for the reported species"
6G67D99K,yes,Ribic et al. 2009,Area Sensitivity In North American Grass...,edge_and_shrub_habitat,edge_and_shrub_habitat,review,NA,NA,NA,NA,NA,NA,NA,review,NA
FAJTHEWI,yes,Ribic et al. 2009,Grassland Bird Use Of Remnant Prairie An...,no_bmp,no_bmp,research,state,americas,wisconsin,abundance,yes,no,NA,no_bmp,CRP
ZD83N347,yes,Ribic et al. 2021,Diel Patterns Of Predation And Fledging ...,plant_nwsg,plant_nwsg,research,state,americas,north_dakota,phenology,no,no,NA,unusable_response,Time of day of fledging
H3X4V4WQ,yes,Richard et al. 2021,Warning On Nine Pollutants And Their Eff...,eliminate_pesticides,eliminate_pesticides,review,NA,NA,NA,NA,no,no,NA,review,Review
TLFA9Z5I,yes,Richardson et al. 2009,Review and Meta-Analysis of Camera Effects on Avian Nest Success,no_bmp,no_bmp,review,NA,NA,NA,nest_success,NA,NA,NA,review,meta-analysis
WIGT6A3G,yes,Richardson et al. 2020,Nesting Ecology Of Northern Bobwhite On ...,edge_and_shrub_habitat,edge_and_shrub_habitat; plant_nwsg,research,state,americas,north_carolina,nest_success; nest_site_selection,yes,yes,beta_continuous,continuous,No effect size provided for DSR because the null model received the greatest support (bias danger!)
WIGT6A3G,yes,Richardson et al. 2020,Nesting Ecology Of Northern Bobwhite On ...,plant_nwsg,edge_and_shrub_habitat; plant_nwsg,research,state,americas,north_carolina,nest_success; nest_site_selection,yes,yes,beta_continuous,continuous,No effect size provided for DSR because the null model received the greatest support (bias danger!)
SGCV86Y5,yes,Ricketts and Ritchison 2000,Nesting Success Of Yellow-Breasted Chats...,no_bmp,no_bmp,NA,NA,NA,NA,NA,NA,NA,NA,no_bmp,NA
RYCYMRRZ,yes,Riddle and Moorman 2010,The Importance Of Agriculture-Dominated ...,edge_and_shrub_habitat,edge_and_shrub_habitat,research,state,americas,north_carolina,nest_success; brood_parasitism,yes,yes,mean_diff,NA,NA
GP94VHUQ,yes,Riffell et al. 2015,Response Of Non‐Grassland Avian Guilds T...,edge_and_shrub_habitat,edge_and_shrub_habitat,research,state,americas,mississippi,species_richness; abundance,yes,yes,mean_diff,NA,Species richness would only be obtainable using the plots; sample size worth questioning
Y95E74XD,yes,Roberts et al. 2012,Grassland Bird Communtiy Response To Lar...,prescribed_fire,prescribed_fire,research,state,americas,texas,species_richness,yes,yes,mean_diff,NA,The only error that was provided was for the shannon diversity index
ASXX3FVX,yes,Robertson and Rendell 1990,A Comparison Of The Breeding Ecology Of ...,install_nest_boxes,install_nest_boxes,research,province,americas,ontario,nest_success,calculated,yes,other_categorical,NA,Chi-squared of nest success for tree swallows
ASXX3FVX,yes,Robertson and Rendell 1990,A Comparison Of The Breeding Ecology Of ...,install_nest_boxes,install_nest_boxes,research,country,americas,canada,nest_success,calculated,yes,other_categorical,NA,Chi-squared of nest success for tree swallows
L7FVZH2V,yes,Robertson et al. 2011,Perennial Biomass Feedstocks Enhance Avi...,no_bmp,no_bmp,NA,NA,NA,NA,NA,NA,NA,NA,no_bmp,NA
FK52S6PF,yes,Robinson and McChesney 2022,Nesting Success Of Red-Winged Blackbirds...,edge_and_shrub_habitat,edge_and_shrub_habitat,research,state,americas,new_york,nest_success,yes,yes,beta_continuous,continuous,NA
YZC4YM2A,yes,Robles et al. 2012,Responses To Experimental Reduction And ...,install_nest_boxes,install_nest_boxes,research,country,europe,spain,nest_density,yes,yes,beta_categorical,NA,NA
LUTCPDZB,yes,Rodewald et al. 2015,Does removal of invasives restore ecological networks? An experimental approach,remove_non_native_species,remove_non_native_species,research,state,americas,ohio,abundance,yes,yes,mean_diff,NA,"They did nest success as well (and certainly found reduced nest success in removal sites), but there was no way to pull usable stats"
3H58NCYA,yes,Rolek et al. 2016,Risk From Cattle Trampling To Nests Of A...,reduce_grazing_intensity,rotational_grazing; reduce_grazing_intensity,research,state,americas,florida,nest_success,yes,yes,NA,NA,Grazing intensity on clay targets (trampling)
3H58NCYA,yes,Rolek et al. 2016,Risk From Cattle Trampling To Nests Of A...,rotational_grazing,rotational_grazing; reduce_grazing_intensity,research,state,americas,florida,nest_success,yes,yes,NA,NA,Ungrazed on clay targets (trampling)
BT92EEE8,yes,Rosenblatt et al. 2022,Are Northern Bobwhites An Umbrella Speci...,edge_and_shrub_habitat,edge_and_shrub_habitat,research,state,americas,ohio,abundance,yes,yes,beta_continuous,continuous,Table MF 5
6Q5B6N44,yes,Russell et al. 2009,Modeling The Effects Of Environmental Di...,prescribed_fire,prescribed_fire,research,state,americas,washington,species_richness; occupancy,calculated,yes,mean_diff,trace_plot,"Need to gather from plots -- fig 1 (species richness), fig 3 (occupancy)"
6G98FWBF,yes,Saab 1999,Importance Of Spatial Scale To Habitat U...,edge_and_shrub_habitat,edge_and_shrub_habitat,research,state,americas,idaho,abundance,no,no,NA,unusable_response,Principle components stuff
FQ4DXWJU,yes,Saalfeld et al. 2016,Wintering Grassland Bird Responses To Ve...,provide_overwintering_habitat,provide_overwintering_habitat; prescribed_fire; plant_nwsg; edge_and_shrub_habitat,research,state,americas,texas,species_richness; density,yes,yes,mean_diff,NA,NA
FQ4DXWJU,yes,Saalfeld et al. 2016,Wintering Grassland Bird Responses To Ve...,prescribed_fire,provide_overwintering_habitat; prescribed_fire; plant_nwsg; edge_and_shrub_habitat,research,state,americas,texas,species_richness; density,yes,yes,NA,NA,NA
FQ4DXWJU,yes,Saalfeld et al. 2016,Wintering Grassland Bird Responses To Ve...,plant_nwsg,provide_overwintering_habitat; prescribed_fire; plant_nwsg; edge_and_shrub_habitat,research,state,americas,texas,species_richness; density,yes,yes,NA,NA,NA
FQ4DXWJU,yes,Saalfeld et al. 2016,Wintering Grassland Bird Responses To Ve...,edge_and_shrub_habitat,provide_overwintering_habitat; prescribed_fire; plant_nwsg; edge_and_shrub_habitat,research,state,americas,texas,species_richness; density,yes,yes,NA,NA,NA
NZEWI4MR,yes,Sabatier et al. 2014,Heterogeneity And The Trade-Off Between ...,manage_in_patches,manage_in_patches,review,country,europe,france,NA,NA,NA,NA,review,NA
6PAX2C5U,yes,Sabo et al. 2005,Riparian Zones Increase Regional Species...,stream_exclusion_and_buffers,stream_exclusion_and_buffers,review,NA,NA,NA,NA,no,no,NA,review,Review
TPZAX73L,yes,Sadoti et al. 2018,Influences Of Spatial Variation In Veget...,provide_overwintering_habitat,provide_overwintering_habitat; edge_and_shrub_habitat,research,country,americas,mexico,species_richness,calculated,yes,NA,trace_plot,Effect sizes and error only available by tracing Figure 3
TPZAX73L,yes,Sadoti et al. 2018,Influences Of Spatial Variation In Veget...,edge_and_shrub_habitat,provide_overwintering_habitat; edge_and_shrub_habitat,research,country,americas,mexico,species_richness,calculated,yes,beta_continuous,trace_plot,Effect sizes and error only available by tracing Figure 3
BXPTR8U7,yes,Salek et al. 2010,Do Prey Densities Determine Preferences ...,edge_and_shrub_habitat,edge_and_shrub_habitat,research,country,europe,czech_republic,mammalian_prey_abundance; mammalian_predators,yes,no,NA,unusable_response,Mammalian prey abundance (not birds)
VGVWR7ZM,yes,Sandercock et al. 2015,Effects Of Grazing And Prescribed Fire O...,prescribed_fire,prescribed_fire,research,state,americas,kansas,nest_success,yes,yes,mean_diff,NA,DSR and nest survival estimates
ZQEAV9ZK,yes,Sanderson et al. 2009,Predicting The Effects Of Agricultural C...,edge_and_shrub_habitat,edge_and_shrub_habitat,research,country,europe,poland,species_richness; abundance,yes,yes,beta_continuous,continuous,Total length of woody edge habitat
ZYIJBFDL,yes,Sanz 2001,Experimentally Increased Insectivorous B...,install_nest_boxes,install_nest_boxes,research,country,europe,spain,density,calculated,no,NA,no_quantitative_results,"This study measured bird density on plots with and without nest boxes, but don’t test this or include stats on it. Stats on caterpillars only."
SUGK7SWB,yes,Sasvári and Hegyi 1998,Bird Predation By Tawny Owls (<I>Strix A...,install_nest_boxes,install_nest_boxes,research,country,europe,hungary,fledgling_success,yes,yes,NA,NA,Number of young fledged per nest of Great and Blue tit colonies with and without owl nest boxes nearby
PNLEJZJE,yes,Scheiman et al. 2003,Effects of Leafy Spurge Infestation on Grassland Birds,remove_non_native_species,remove_non_native_species,research,state,americas,north_dakota,density; nest_success,yes,yes,mean_diff,NA,Spurge is the non-native species they investigated
MP8YZ72Z,yes,Schill and Yahner 2009,Nest-Site Selection And Nest Survival Of...,no_bmp,no_bmp,research,state,americas,pennsylvania,nest_success,yes,no,NA,no_bmp,Woody stem density was one of the variables ... count as a BMP for edge and shrub?
3CD3EZNC,yes,Schindler et al. 2020,A Multispecies Approach To Manage Effect...,edge_and_shrub_habitat,edge_and_shrub_habitat,research,state,americas,kansas,abundance,yes,yes,beta_continuous,continuous,NA
9WPYUVVF,yes,Schindler et al. 2023,Long-Term Trends In Grassland Bird Relat...,no_bmp,no_bmp,research,state,americas,missouri,abundance,yes,no,NA,no_bmp,NA
97W7XZX9,yes,Schlossberg and King 2008,Are Shrubland Birds Edge Specialists?,edge_and_shrub_habitat,edge_and_shrub_habitat,review,NA,NA,NA,abundance,yes,no,NA,review,NA
D7FXG82E,yes,Schmidt et al. 2013,Do Native Warm-Season Grasslands Near Ai...,plant_nwsg,plant_nwsg,research,state,americas,ohio,abundance,yes,yes,mean_diff,NA,NA
FESJFRPQ,yes,Schneider and Miller 2014,Response of avian communities to invasive vegetation in urban forest fragments,remove_non_native_species,remove_non_native_species,research,state,americas,illinois,abundance,no,no,NA,unusable_treatment,Collapsed environmental variables down to NMDS
HSWCQNBC,yes,Schneider et al. 2012,Contrast In Edge Vegetation Structure Mo...,edge_and_shrub_habitat,edge_and_shrub_habitat,research,country,europe,sweden,nest_predation,yes,yes,beta_continuous,continuous,"Woodland distance as the predictor (Table 1); They also did DSR, but did not provide quantitative results by edge"
VWFV2TLN,yes,Scholtz et al. 2017,Land Cover Dynamics Influence Distributi...,no_bmp,no_bmp,research,state,americas,oklahoma,colonization; extinction; breeding_bird_range,yes,no,NA,unusable_treatment,"Not the right scale or response for this analysis, not a bmp"
VWFV2TLN,yes,Scholtz et al. 2017,Land Cover Dynamics Influence Distributi...,no_bmp,no_bmp,research,state,americas,kansas,colonization; extinction; breeding_bird_range,yes,no,NA,unusable_treatment,"Not the right scale or response for this analysis, not a bmp"
VWFV2TLN,yes,Scholtz et al. 2017,Land Cover Dynamics Influence Distributi...,no_bmp,no_bmp,research,state,americas,nebraska,colonization; extinction; breeding_bird_range,yes,no,NA,unusable_treatment,"Not the right scale or response for this analysis, not a bmp"
VWFV2TLN,yes,Scholtz et al. 2017,Land Cover Dynamics Influence Distributi...,no_bmp,no_bmp,research,state,americas,south_dakota,colonization; extinction; breeding_bird_range,yes,no,NA,unusable_treatment,"Not the right scale or response for this analysis, not a bmp"
VWFV2TLN,yes,Scholtz et al. 2017,Land Cover Dynamics Influence Distributi...,no_bmp,no_bmp,research,state,americas,north_dakota,colonization; extinction; breeding_bird_range,yes,no,NA,unusable_treatment,"Not the right scale or response for this analysis, not a bmp"
RWYNVQIL,yes,Schor et al. 2015,Intensive land-use and high native fruit availability reduce fruit removal of the invasive <i>Solanum mauritianum</i> in South Africa,remove_non_native_species,remove_non_native_species,research,country,africa,south_africa,fruit,yes,no,NA,unusable_response,Somehow the effect of frugivores on invasive fruit? Could also be unusable treatment
H3LDUGC9,yes,Scott et al. 2022,Age-Specific Effects On Reproductive Per...,no_bmp,no_bmp,NA,NA,NA,NA,NA,NA,NA,NA,no_bmp,NA
AIXF6MH4,yes,Seigel and Lockwood 2010,How Increasing Levels Of Private Land En...,no_bmp,no_bmp,research,state,americas,new_jersey,population_viability,no,no,NA,no_bmp,"metapopulation model that would likely be worth exploring in the future, but not useful betas for this study; mow vs. no-mow"
IZ8MFXCI,yes,Shahan et al. 2017,Grassland Songbird Occurrence On Remnant...,edge_and_shrub_habitat,edge_and_shrub_habitat; plant_nwsg; stream_exclusion_and_buffers,research,state,americas,minnesota,occupancy,no,no,NA,no_quantitative_results,kitchen sink
IZ8MFXCI,yes,Shahan et al. 2017,Grassland Songbird Occurrence On Remnant...,edge_and_shrub_habitat,edge_and_shrub_habitat; plant_nwsg; stream_exclusion_and_buffers,research,state,americas,north_dakota,occupancy,no,no,NA,no_quantitative_results,kitchen sink
IZ8MFXCI,yes,Shahan et al. 2017,Grassland Songbird Occurrence On Remnant...,edge_and_shrub_habitat,edge_and_shrub_habitat; plant_nwsg; stream_exclusion_and_buffers,research,state,americas,south_dakota,occupancy,no,no,NA,no_quantitative_results,kitchen sink
QIAZV4LA,yes,Shake et al. 2011,"Cropland Edge, Forest Succession, And La...",edge_and_shrub_habitat,edge_and_shrub_habitat,research,state,americas,north_carolina,nest_predation,yes,yes,beta_continuous,continuous,NA
APW8GBU8,yes,Shamon et al. 2021,Grassland Bird Diversity And Abundance I...,rotational_grazing,rotational_grazing; edge_and_shrub_habitat,research,state,americas,montana,abundance; species_richness; species_diversity,no,no,NA,no_quantitative_results,"Although they discuss rotational grazing, no quantitative response is provided for this"
APW8GBU8,yes,Shamon et al. 2021,Grassland Bird Diversity And Abundance I...,edge_and_shrub_habitat,rotational_grazing; edge_and_shrub_habitat,research,state,americas,montana,abundance; species_richness; species_diversity,yes,yes,beta_continuous,continuous,NA
2BZJQK83,yes,Shave et al. 2018,Falcons Using Orchard Nest Boxes Reduce ...,install_nest_boxes,install_nest_boxes,research,state,americas,michigan,abundance,no,yes,beta_categorical,NA,Sample size obtained from data available online; sites with and without kestrel nest boxes ... response is the abundance of fruit-eating birds.
9UYTDGIE,yes,Shew and Nielsen 2021,Differential Effects Of Policy-Based Man...,no_bmp,no_bmp,research,state,americas,illinois,NA,no,no,NA,no_bmp,NA
IZ8MFXCI,yes,Shahan et al. 2017,Grassland Songbird Occurrence On Remnant...,plant_nwsg,edge_and_shrub_habitat; plant_nwsg; stream_exclusion_and_buffers,research,state,americas,minnesota,occupancy,no,no,NA,no_quantitative_results,kitchen sink
IZ8MFXCI,yes,Shahan et al. 2017,Grassland Songbird Occurrence On Remnant...,plant_nwsg,edge_and_shrub_habitat; plant_nwsg; stream_exclusion_and_buffers,research,state,americas,north_dakota,occupancy,no,no,NA,no_quantitative_results,kitchen sink
IZ8MFXCI,yes,Shahan et al. 2017,Grassland Songbird Occurrence On Remnant...,plant_nwsg,edge_and_shrub_habitat; plant_nwsg; stream_exclusion_and_buffers,research,state,americas,south_dakota,occupancy,no,no,NA,no_quantitative_results,kitchen sink
IZ8MFXCI,yes,Shahan et al. 2017,Grassland Songbird Occurrence On Remnant...,stream_exclusion_and_buffers,edge_and_shrub_habitat; plant_nwsg; stream_exclusion_and_buffers,research,state,americas,minnesota,occupancy,no,no,NA,no_quantitative_results,kitchen sink
IZ8MFXCI,yes,Shahan et al. 2017,Grassland Songbird Occurrence On Remnant...,stream_exclusion_and_buffers,edge_and_shrub_habitat; plant_nwsg; stream_exclusion_and_buffers,research,state,americas,north_dakota,occupancy,no,no,NA,no_quantitative_results,kitchen sink
IZ8MFXCI,yes,Shahan et al. 2017,Grassland Songbird Occurrence On Remnant...,stream_exclusion_and_buffers,edge_and_shrub_habitat; plant_nwsg; stream_exclusion_and_buffers,research,state,americas,south_dakota,occupancy,no,no,NA,no_quantitative_results,kitchen sink
UU8ZEM6A,yes,Shew et al. 2019,Finer-Scale Habitat Predicts Nest Surviv...,edge_and_shrub_habitat,edge_and_shrub_habitat; plant_nwsg,research,state,americas,illinois,nest_success,no,no,NA,no_quantitative_results,"Cannot even use their plots ... they don't include the estimate, just the confidence intervals about that estimate"
9I8F9LQV,yes,Shochat et al. 2005,Tallgrass Prairie Management And Bird Ne...,prescribed_fire,prescribed_fire,research,state,americas,oklahoma,nest_success,yes,yes,mean_diff,NA,"Sample size obtained from Table 1, beta estimates from Table 2"
UU8ZEM6A,yes,Shew et al. 2019,Finer-Scale Habitat Predicts Nest Surviv...,plant_nwsg,edge_and_shrub_habitat; plant_nwsg,research,state,americas,illinois,nest_success,no,no,NA,no_quantitative_results,"Cannot even trace their plots ... they don't include the estimate, just the confidence intervals about that estimate"
KB588TAI,yes,Shustack et al. 2010,Habitat Use Patterns Of Bobolinks And Sa...,edge_and_shrub_habitat,edge_and_shrub_habitat; delay_hay,research,state,americas,vermont,occupancy; abundance,yes,no,NA,no_quantitative_results,Only provide estimates for models that include multiple variables ... model selection slop factory
KB588TAI,yes,Shustack et al. 2010,Habitat Use Patterns Of Bobolinks And Sa...,edge_and_shrub_habitat,edge_and_shrub_habitat; delay_hay,research,state,americas,new_york,occupancy; abundance,yes,no,NA,no_quantitative_results,Only provide estimates for models that include multiple variables ... model selection slop factory
AQQVSF8L,yes,Shutler et al. 2000,Bird Communities Of Prairie Uplands And ...,eliminate_pesticides,eliminate_pesticides,research,province,americas,saskatchewan,species_richness; abundance,no,no,NA,unusable_response,Stats only provided for ANOVAs that included multiple categories
AQQVSF8L,yes,Shutler et al. 2000,Bird Communities Of Prairie Uplands And ...,eliminate_pesticides,eliminate_pesticides,research,country,americas,canada,species_richness; abundance,no,no,NA,unusable_response,Stats only provided for ANOVAs that included multiple categories
9IBHD729,yes,Sigouin et al. 2021,Agricultural Pesticides And Ectoparasite...,eliminate_pesticides,eliminate_pesticides,research,province,americas,quebec,physiological_impacts,yes,no,NA,unusable_response,Effect of pesticides and ectoparasites on nestling physiology of tree swallows
9IBHD729,yes,Sigouin et al. 2021,Agricultural Pesticides And Ectoparasite...,eliminate_pesticides,eliminate_pesticides,research,country,americas,canada,physiological_impacts,yes,no,NA,unusable_response,Effect of pesticides and ectoparasites on nestling physiology of tree swallows
KB588TAI,yes,Shustack et al. 2010,Habitat Use Patterns Of Bobolinks And Sa...,delay_hay,edge_and_shrub_habitat; delay_hay,research,state,americas,vermont,occupancy; abundance,yes,no,NA,no_quantitative_results,Only provide estimates for models that include multiple variables ... model selection slop factory
KB588TAI,yes,Shustack et al. 2010,Habitat Use Patterns Of Bobolinks And Sa...,delay_hay,edge_and_shrub_habitat; delay_hay,research,state,americas,new_york,occupancy; abundance,yes,no,NA,no_quantitative_results,Only provide estimates for models that include multiple variables ... model selection slop factory
39QX98BA,yes,Siegel et al. 2024,A global meta-analysis of the impacts of forest fragmentation on biotic mutualisms and antagonisms,no_bmp,no_bmp,review,NA,NA,NA,NA,no,no,NA,review,meta-analysis
WZAFZTLQ,yes,Silber et al. 2024,The Long Shadow Of Woody Encroachment: A...,edge_and_shrub_habitat,edge_and_shrub_habitat,research,state,americas,kansas,occupancy,yes,yes,beta_continuous,continuous,Questionable whether resource selection will be a useful response given the other papers
2SGI2APK,yes,Simonsen and Fontaine 2016,Landscape Context Influences Nest Surviv...,no_bmp,no_bmp,research,state,americas,nebraska,nest_success,yes,no,NA,no_bmp,Artificial nests
8Q8KIGBU,yes,Sims et al. 2008,Avian Assemblage Structure And Domestic ...,keep_cats_indoors,keep_cats_indoors,research,country,europe,united_kingdom,species_richness; density,yes,no,other_continuous,continous_no_error,Effect size from partial r-squared values? Only for a subset in which we do not include the error
8LKL4MNS,yes,Sinnott et al. 2021,Resource Selection And Movement By North...,plant_nwsg,plant_nwsg; prescribed_fire; edge_and_shrub_habitat,research,state,americas,missouri,occupancy,yes,no,NA,unusable_response,selection probability; revisit the supplemental ... maybe this will work? see: https://link.springer.com/article/10.1007/s00442-021-04893-z#Sec18
8LKL4MNS,yes,Sinnott et al. 2021,Resource Selection And Movement By North...,prescribed_fire,plant_nwsg; prescribed_fire; edge_and_shrub_habitat,research,state,americas,missouri,occupancy,yes,no,NA,unusable_response,selection probability; revisit the supplemental ... maybe this will work? see: https://link.springer.com/article/10.1007/s00442-021-04893-z#Sec18
8LKL4MNS,yes,Sinnott et al. 2021,Resource Selection And Movement By North...,edge_and_shrub_habitat,plant_nwsg; prescribed_fire; edge_and_shrub_habitat,research,state,americas,missouri,occupancy,yes,no,NA,unusable_response,selection probability; revisit the supplemental ... maybe this will work? see: https://link.springer.com/article/10.1007/s00442-021-04893-z#Sec18
JUHBU5DS,yes,Sinnott et al. 2022,Northern Bobwhite Juvenile Survival Is G...,plant_nwsg,plant_nwsg; prescribed_fire,research,state,americas,missouri,fledgling_survival,yes,yes,NA,NA,NA
JUHBU5DS,yes,Sinnott et al. 2022,Northern Bobwhite Juvenile Survival Is G...,prescribed_fire,plant_nwsg; prescribed_fire,research,state,americas,missouri,fledgling_survival,yes,yes,NA,NA,Parameter estimates used as mean df (from table 1)
AW4YIE65,yes,Sinnott et al. 2023,Northern Bobwhite Breeding Season And Ne...,plant_nwsg,plant_nwsg; edge_and_shrub_habitat,research,state,americas,missouri,nest_success; adult_survival,yes,yes,NA,NA,Table 3 for nest survival and Table 4 for adult survival
AW4YIE65,yes,Sinnott et al. 2023,Northern Bobwhite Breeding Season And Ne...,edge_and_shrub_habitat,plant_nwsg; edge_and_shrub_habitat,research,state,americas,missouri,nest_success; adult_survival,yes,yes,NA,NA,Table 3 for nest survival and Table 4 for adult survival
QIGRJQ54,yes,Sitters et al. 2015,Bird Diversity Increases After Patchy Pr...,manage_in_patches,prescribed_fire; manage_in_patches,research,country,oceania,australia,species_richness,yes,yes,NA,NA,NA
QIGRJQ54,yes,Sitters et al. 2015,Bird Diversity Increases After Patchy Pr...,prescribed_fire,prescribed_fire; manage_in_patches,research,country,oceania,australia,species_richness,yes,yes,NA,NA,NA
WWKYXJ2T,yes,Sitters et al. 2016,Bird Functional Diversity Decreases With...,manage_in_patches,prescribed_fire; manage_in_patches,research,country,oceania,australia,species_richness,yes,no,NA,no_quantitative_results,Effect size not provided for the time-since-fire variable
WWKYXJ2T,yes,Sitters et al. 2016,Bird Functional Diversity Decreases With...,prescribed_fire,prescribed_fire; manage_in_patches,research,country,oceania,australia,species_richness,yes,no,NA,no_quantitative_results,They have time-since-fire but do not provide an estimate for that variable on its own
UCK86GY9,yes,Skagen et al. 2005,Nest Survival Relative To Patch Size In ...,edge_and_shrub_habitat,edge_and_shrub_habitat,research,state,americas,colorado,nest_success,yes,yes,mean_diff,NA,NA
E7E7HQL6,yes,Skagen et al. 2018,Semi-Arid Grassland Bird Responses To Pa...,manage_in_patches,prescribed_fire; manage_in_patches,research,state,americas,colorado,nest_success; nest_density,yes,no,NA,unusable_treatment,Did not test for the influence of patch-burn grazing
E7E7HQL6,yes,Skagen et al. 2018,Semi-Arid Grassland Bird Responses To Pa...,prescribed_fire,prescribed_fire; manage_in_patches,research,state,americas,colorado,nest_success; nest_density,yes,no,NA,unusable_treatment,Did not test for the influence of patch-burn grazing
L6HAF4P8,yes,Sliwinski and Koper 2012,Grassland Bird Responses To Three Edge T...,edge_and_shrub_habitat,edge_and_shrub_habitat,research,province,americas,alberta,abundance,yes,no,NA,unusable_treatment,"Crop, road, and wetland edge"
L6HAF4P8,yes,Sliwinski and Koper 2012,Grassland Bird Responses To Three Edge T...,edge_and_shrub_habitat,edge_and_shrub_habitat,research,country,americas,canada,abundance,yes,no,NA,unusable_treatment,"Crop, road, and wetland edge"
LL453N2M,yes,Sliwinski et al. 2020,Similar Bird Communities Across Grazing ...,reduce_grazing_intensity,reduce_grazing_intensity,research,state,americas,nebraska,species_richness,calculated,no,NA,no_quantitative_results,Figure 1C could be traced to determine the estimate associated with grazing intensity (calculated as animal unit months per hectare)
3GLH6XSB,yes,Small et al. 2007,Spotted Towhee Population Dynamics In A ...,stream_exclusion_and_buffers,stream_exclusion_and_buffers,research,state,americas,california,nest_success; population_change,yes,no,NA,unusable_treatment,Comparison was restored riparian areas vs. mature forest riparian areas
TIFDVC4W,yes,Smith et al. 2005,Density And Diversity Of Overwintering B...,provide_overwintering_habitat,edge_and_shrub_habitat; provide_overwintering_habitat,research,state,americas,mississippi,density; species_richness,yes,yes,NA,NA,NA
TIFDVC4W,yes,Smith et al. 2005,Density And Diversity Of Overwintering B...,edge_and_shrub_habitat,edge_and_shrub_habitat; provide_overwintering_habitat,research,state,americas,mississippi,density; species_richness,yes,yes,NA,NA,Sample size had to be guessed for the bordered wood block because they said 10-11 samples per treatment type
5NQRR4P5,yes,Smith et al. 2010,Consequences Of Organic Farming And Land...,eliminate_pesticides,eliminate_pesticides,research,country,europe,sweden,species_richness; abundance,calculated,yes,other_categorical,NA,Conventional and organic farms in homogenous and heterogeneous landscapes
VTSXKSV3,yes,Smith et al. 2020,Highly Diversified Crop–Livestock Farmin...,no_bmp,no_bmp,research,state,americas,california,species_richness; abundance,yes,no,NA,no_bmp,NA
VTSXKSV3,yes,Smith et al. 2020,Highly Diversified Crop–Livestock Farmin...,no_bmp,no_bmp,research,state,americas,oregon,species_richness; abundance,yes,no,NA,no_bmp,NA
VTSXKSV3,yes,Smith et al. 2020,Highly Diversified Crop–Livestock Farmin...,no_bmp,no_bmp,research,state,americas,washington,species_richness; abundance,yes,no,NA,no_bmp,NA
QF9XT9M2,yes,Smith et al. 2020,The Impact Of A Fox- And Cat-Free Safe H...,keep_cats_indoors,keep_cats_indoors,research,country,oceania,australia,occupancy; species_richness,no,no,NA,no_quantitative_results,Tests exclusion of foxes and cats. Results section was uninformative (results provided in figures that could not be interpretted down to numbers). Went to the supplemental file and that was uninformative as well!
2F9Q2KZV,yes,Söderström et al. 1998,Different Nest Predator Faunas And Nest ...,edge_and_shrub_habitat,edge_and_shrub_habitat,research,country,europe,sweden,nest_success,yes,yes,beta_continuous,continuous,Artificial nests
TXG3KVEE,yes,Söderström et al. 2001,Grazing Effects On Between-Year Variatio...,reduce_grazing_intensity,reduce_grazing_intensity,research,country,europe,sweden,species_richness; extinction_colonization,no,no,NA,unusable_response,Extinction and recolonization rates?
GR8C2HMM,yes,Sosa and Lopez de Casenave 2017,Edge Effect On Bird Nest Predation In Th...,edge_and_shrub_habitat,edge_and_shrub_habitat,research,country,americas,argentina,nest_predation,yes,yes,beta_continuous,continuous,artificial nests; see table 2
RFPI4MUW,yes,Stanton et al. 2018,Analysis Of Trends And Agricultural Driv...,eliminate_pesticides,eliminate_pesticides,research,continent,NA,north_america,population_trajectory,yes,no,NA,unusable_response,Scale to wide to be useful
JMNZWV8Z,yes,Stephenson et al. 2024,"Habitat Amount And Edge Effects, Not Per...",edge_and_shrub_habitat,edge_and_shrub_habitat,research,state,americas,iowa,nest_parasitism,no,no,NA,unknown,Revisit to find reason for rejection
6VTP8YBC,yes,Stevens et al. 2008,Predators Of Spotted Flycatcher Muscicap...,keep_cats_indoors,keep_cats_indoors,research,country,europe,united_kingdom,nest_predation,no,no,NA,unusable_treatment,No treatment; Only three nests predated by cats
FKNTZJTV,yes,Stinson and Pejchar 2018,The Effects Of Introduced Plants On Song...,remove_non_native_species,remove_non_native_species,review,NA,NA,NA,NA,no,no,NA,review,Review
H2JEX4SR,yes,Stracey 2011,Resolving The Urban Nest Predator Parado...,keep_cats_indoors,keep_cats_indoors,research,state,americas,florida,nest_predation,no,no,NA,unusable_treatment,"Provides number of cat predation events (and other predation events) per urban and exurban habitats, but little else. Could be defined as both unusable treatment and unusable response."
B4I8J8PC,yes,Strassmann 1987,Effects Of Cattle Grazing And Haying On ...,reduce_grazing_intensity,reduce_grazing_intensity,research,country,americas,united_states,manager_responses,no,no,NA,unusable_response,Based on surveys of land managers
NMR6JN8N,yes,Suarez et al. 1997,Nesting Success Of A Disturbance-Depende...,edge_and_shrub_habitat,edge_and_shrub_habitat,research,state,americas,illinois,nest_predation; nest_parasitism,yes,yes,mean_diff,NA,NA
XRV7BSRZ,yes,Sutter and Brigham 1998,Avifaunal And Habitat Changes Resulting ...,plant_nwsg,plant_nwsg,research,province,americas,saskatchewan,species_richness; abundance,yes,yes,mean_diff,NA,NA
XRV7BSRZ,yes,Sutter and Brigham 1998,Avifaunal And Habitat Changes Resulting ...,plant_nwsg,plant_nwsg,research,country,americas,canada,species_richness; abundance,yes,yes,mean_diff,NA,NA
J5QM4UHJ,yes,Suvorov et al. 2014,Habitat Edges Affect Patterns Of Artific...,edge_and_shrub_habitat,edge_and_shrub_habitat,research,country,europe,czech_republic,nest_predation,yes,yes,beta_continuous,continuous,NA
VBBE3MFP,yes,Svobodova et al. 2011,Testing Mechanistic Explanations For Mam...,edge_and_shrub_habitat,edge_and_shrub_habitat,research,country,europe,czech_republic,mammal_density,calculated,no,NA,unusable_response,Mammalian predators and prey
5H9BFCB2,yes,Swengel 1996,Management responses of three species o...,prescribed_fire,prescribed_fire,research,state,americas,missouri,abundance,yes,yes,mean_diff,NA,NA
DTKILVPL,yes,Swengel and Swengel 2001,Relative Effects Of Litter And Managemen...,prescribed_fire,prescribed_fire,research,state,americas,missouri,abundance,yes,yes,mean_diff,NA,patchily every 1 - 4 years vs. hayed
RNPH5E8K,yes,Swicegood et al. 2023,Detecting Ecological Traps In Human-Alte...,plant_nwsg,plant_nwsg,research,state,americas,montana,density; abundance; nest_success,yes,yes,mean_diff,NA,Native vs. crop sites
LE28TRMA,yes,Sykes and Hannon 2001,Fencerows As Habitat For Birds In An Agr...,edge_and_shrub_habitat,edge_and_shrub_habitat,research,province,americas,alberta,species_richness; density; abundance,yes,yes,NA,no_error,NA
LE28TRMA,yes,Sykes and Hannon 2001,Fencerows As Habitat For Birds In An Agr...,edge_and_shrub_habitat,edge_and_shrub_habitat,research,country,americas,canada,species_richness; density; abundance,yes,yes,NA,no_error,NA
WR7D7A6Q,yes,Tanner et al. 2017,Evidence Of Nest Tenacity In Scaled Quai...,no_bmp,no_bmp,research,state,americas,oklahoma,nest_tenacity,no,no,NA,unusable_response,No effect size either!
P9H88JI8,yes,Tews et al. 2013,Estimated Mortality Of Selected Migrator...,delay_hay,delay_hay,research,country,americas,canada,nest_success; abundance; mortality,no,no,NA,unusable_response,"Too broad a spatial scale to be useful for local management analysis. Something cool, however, is it estimates a *massive* number of incidental takes due to farm machinery. Great for Bernie's work and Tara's future work!"
WJIHQE52,yes,Thieme et al. 2015,Linking Grassland And Early Successional...,keep_cats_indoors,keep_cats_indoors,research,state,americas,illinois,density,yes,yes,beta_continuous,continuous,Cat activity as the predictor and bird density of individual species as the response
T7U6XN8W,yes,Thomas et al. 2012,Spatio-Temporal Variation In Predation B...,keep_cats_indoors,keep_cats_indoors,research,country,europe,united_kingdom,predation_rate,calculated,no,NA,unusable_response,"Correlation coefficients provided between the maximum number of prey killed and the density of cats (this could be close) ... one fig has proportion of total density predated relative to total robin density, but no quantitative results provided for this."
LUU3WC86,yes,Thompson and Burhans 2003,Predation Of Songbird Nests Differs By P...,no_bmp,no_bmp,research,state,americas,missouri,nest_predation,yes,no,NA,unusable_treatment,"Nest mortality rates, but no BMP associated with the treatment"
SEKKC8LJ,yes,Thompson et al. 1999,Video Identification Of Predators At Son...,no_bmp,no_bmp,research,state,americas,missouri,NA,NA,NA,NA,no_bmp,NA
NXUHSS5J,yes,Thompson et al. 2014,A Multiscale Assessment Of Tree Avoidanc...,edge_and_shrub_habitat,edge_and_shrub_habitat,research,state,americas,minnesota,density,yes,yes,beta_continuous,continuous,Table 5; predictor is the number of shrubs within 50 m
MIJ4TVDX,yes,Tortosa et al. 2023,Increasing Landscape Heterogeneity As A ...,manage_in_patches,manage_in_patches; edge_and_shrub_habitat,research,country,europe,france,species_richness,yes,no,NA,no_quantitative_results,Not able to find quantitative response relating to the predictor variables
MIJ4TVDX,yes,Tortosa et al. 2023,Increasing Landscape Heterogeneity As A ...,edge_and_shrub_habitat,manage_in_patches; edge_and_shrub_habitat,research,country,europe,france,species_richness,yes,no,NA,no_quantitative_results,Not able to find quantitative response relating to the predictor variables
MRG4Y4VJ,yes,Trefry 2013,Wing marker woes: a case study and meta-analysis of the impacts of wing and patagial tags,no_bmp,no_bmp,review,NA,NA,NA,NA,no,no,NA,review,review
GGQGCAKN,yes,Twedt and Henne-Kerr 2001,Artificial Cavities Enhance Breeding Bir...,install_nest_boxes,install_nest_boxes,research,state,americas,mississippi,density,yes,yes,NA,NA,Territories per hectare (see Appendix 1 on page 9)
8DSJT8V9,yes,Tyl et al. 2023,Factors Influencing Survival Of Female E...,no_bmp,no_bmp,research,state,americas,south_dakota,survival,yes,no,NA,no_bmp,Wild turkey survival of different age classes
YAFJAZYN,yes,Tyler et al. 1998,Survival And Behaviour Of Corncrake Crex...,mow_towards_refugia,mow_towards_refugia,research,country,europe,scotland,survival,no,no,NA,no_quantitative_results,Another mow towards refugia paper though!
YAFJAZYN,yes,Tyler et al. 1998,Survival And Behaviour Of Corncrake Crex...,mow_towards_refugia,mow_towards_refugia,research,country,europe,ireland,survival,no,no,NA,no_quantitative_results,Another mow towards refugia paper though!
9RMWF59U,yes,Uden et al. 2015,Predicted Avian Responses To Bioenergy D...,plant_nwsg,plant_nwsg,research,state,americas,nebraska,abundance,yes,no,NA,unusable_response,The response variable is predicted abundances for various scenarios
QJ2GLGBC,yes,Ukmar et al. 2007,"The Effects Of Fire On Communities, Guil...",edge_and_shrub_habitat,edge_and_shrub_habitat; prescribed_fire,research,country,europe,italy,community,calculated,no,NA,no_error,NA
QJ2GLGBC,yes,Ukmar et al. 2007,"The Effects Of Fire On Communities, Guil...",prescribed_fire,edge_and_shrub_habitat; prescribed_fire,research,country,europe,italy,community,calculated,no,NA,no_error,NA
5SEWHNW8,yes,Valente et al. 2019,"Removal pattern mitigates negative, short-term effects of stepwise Russian olive eradication on breeding birds",remove_non_native_species,remove_non_native_species,research,state,americas,washington,occupancy,yes,yes,mean_diff,NA,Pulled data from the supplemental information
TY9UGHCS,yes,Valentine et al. 2019,Predation On Artificial Avian Nests Is H...,edge_and_shrub_habitat,edge_and_shrub_habitat,research,state,americas,michigan,nest_predation; abundance,calculated,yes,mean_diff,trace_plot,"Nest study is with artificial nests; For effect size, figure 3 will need to be traced"
FSNMNUII,yes,Valera and Václav 2021,Residency Patterns And Apparent Survival...,install_nest_boxes,install_nest_boxes,research,country,europe,spain,survival,yes,no,NA,no_quantitative_results,No effect size for the model that addresses the BMP
SK4NSZZ7,yes,Valera et al. 2019,Natural Cavity Restoration As An Alterna...,install_nest_boxes,install_nest_boxes,research,country,europe,spain,nest_success,yes,no,NA,unusable_treatment,"comparison is reported as nest cavities with lids (intercept) vs. nest boxes, so it isn't super useful in this context"
YK22YYUE,yes,van Der Burg et al. 2023,Trending Against The Grain: Bird Populat...,no_bmp,no_bmp,research,state,americas,north_dakota,abundance,yes,no,NA,no_bmp,Oil vs. biofuels
APZE5I9A,yes,Van Doren et al. 2017,High-Intensity Urban Light Installation ...,upgrade_to_darksky,upgrade_to_darksky,research,state,americas,new_york,abundance,yes,yes,beta_categorical,NA,9/11 tribute lights turned on or off; quantitative results extracted via the appendix (see page 3)
597YV2YF,yes,Van Dyke et al. 2004,Restoration Efforts For Plant And Bird C...,prescribed_fire,prescribed_fire,research,state,americas,nebraska,species_richness,yes,yes,mean_diff,NA,NA
597YV2YF,yes,Van Dyke et al. 2004,Restoration Efforts For Plant And Bird C...,prescribed_fire,prescribed_fire,research,state,americas,iowa,species_richness,yes,yes,mean_diff,NA,NA
IWRX5UBB,yes,Van Dyke et al. 2006,Responses Of Plant And Bird Communities ...,prescribed_fire,prescribed_fire,research,state,americas,iowa,species_richness,yes,yes,mean_diff,NA,NA
8AI7ES3W,yes,van Heezik et al. 2010,Do Domestic Cats Impose An Unsustainable...,keep_cats_indoors,keep_cats_indoors,research,country,oceania,new_zealand,predation_rate,no,no,NA,unusable_treatment,"Stats on the number of prey brought home by cats, but no real treatment in relation to any of bird variables (e.g., table 4 has mean density estimates of the birds, which would have been a nice comparison)"
KD7CUXI6,yes,van Vliet et al. 2020,The Impacts Of Agriculture On An Obligat...,no_bmp,no_bmp,research,province,americas,ontario,nest_success; survival,yes,no,NA,no_bmp,Agriculture vs. non-agriculture
KD7CUXI6,yes,van Vliet et al. 2020,The Impacts Of Agriculture On An Obligat...,no_bmp,no_bmp,research,country,americas,canada,nest_success; survival,yes,no,NA,no_bmp,Agriculture vs. non-agriculture
8UB42SPA,yes,Vergara and Hahn 2009,Linking Edge Effects And Patch Size Effe...,edge_and_shrub_habitat,edge_and_shrub_habitat,review,NA,NA,NA,nest_density; predator_density; nest_success,no,no,NA,review,"Not really a review, a modeling paper"
PLWJ82Y6,yes,Verheijen et al. 2019,Effects Of Patch-Burn Grazing On Breedin...,manage_in_patches,manage_in_patches,research,state,americas,kansas,density,yes,no,NA,unusable_treatment,Patch-burn-graze vs. burn and graze and burn and ungrazed ... the problem is that the two treatments other than patch-burn-graze were burned annually ... this is an unfair comparison and it would be more appropriate to call this time-since-fire
U5V9ZZEH,yes,Verheijen et al. 2022,"Predation, Parasitism, And Drought Count...",manage_in_patches,manage_in_patches,research,state,americas,kansas,nest_success,yes,yes,mean_diff,NA,"Patch-burn-graze vs. burn and graze and burn and ungrazed; Only reported quantitative results for EAME, not DICK or SAVS"
7QAQPK32,yes,Vetter et al. 2013,A meta-analysis of tropical forest edge effects on bird nest predation risk:: Edge effects in avian nest predation,edge_and_shrub_habitat,edge_and_shrub_habitat,review,NA,NA,NA,nest_success,NA,no,NA,review,meta-analysis
2TABDHQL,yes,Vickery and Herkert 2001,Recent Advances In Grassland Bird Resear...,no_bmp,no_bmp,review,NA,NA,NA,NA,no,no,NA,review,NA
CQ2W48I5,yes,Vickery et al. 2001,The Management Of Lowland Neutral Grassl...,no_bmp,no_bmp,review,NA,NA,NA,NA,no,no,NA,review,Review
43J4RKSJ,yes,Vold et al. 2019,Effects Of Livestock Grazing Management ...,edge_and_shrub_habitat,edge_and_shrub_habitat; reduce_grazing_intensity; rotational_grazing,research,state,americas,montana,abundance,yes,yes,beta_continuous,continuous,Table 4 has the only accessible info
43J4RKSJ,yes,Vold et al. 2019,Effects Of Livestock Grazing Management ...,reduce_grazing_intensity,edge_and_shrub_habitat; reduce_grazing_intensity; rotational_grazing,research,state,americas,montana,abundance,yes,yes,beta_continuous,continuous,Table 4 has the only accessible info
43J4RKSJ,yes,Vold et al. 2019,Effects Of Livestock Grazing Management ...,rotational_grazing,edge_and_shrub_habitat; reduce_grazing_intensity; rotational_grazing,research,state,americas,montana,abundance,yes,yes,mean_diff,NA,Table 4 has the only accessible info
ASHBGR4K,yes,Vos and Ribic 2013,Nesting Success Of Grassland Birds In Oa...,edge_and_shrub_habitat,edge_and_shrub_habitat,research,state,americas,wisconsin,nest_success; nest_density,yes,no,NA,no_quantitative_results,nest density has no usable treatments; nest success does for nests close to edge vs. not ... but no sample sizes for those groups
PH3S49AI,yes,Walk and Warner 2000,Grassland Management For The Conservatio...,plant_nwsg,plant_nwsg,research,state,americas,illinois,abundance,yes,yes,mean_diff,NA,NA
JAHCYCIP,yes,Walk et al. 2010,Nesting Success Of Grassland Birds In Sm...,edge_and_shrub_habitat,edge_and_shrub_habitat,research,state,americas,illinois,nest_success; nest_density,yes,yes,beta_continuous,continuous,Only DSR can be quantified; their distance-to-woody edge is a bit hard to interpret
PYTISVJ6,yes,Warren and Anderson 2005,Grassland Songbird Nest-Site Selection A...,delay_hay,delay_hay,research,state,americas,west_virginia,nest_success,yes,yes,mean_diff,NA,"Species were grouped due to small sample sizes, but they were obligate or facultative grassland species. Fields were mowed prior to the nesting period."
F8XKUC3R,yes,Washburn and Begier 2024,Using Prescribed Fire And Biosolids Appl...,prescribed_fire,prescribed_fire,research,state,americas,north_carolina,abundance,yes,yes,mean_diff,NA,Table 4
HMJXRY6Z,yes,Weisshaupt et al. 2022,Anthropogenic Illumination As Guiding Li...,upgrade_to_darksky,upgrade_to_darksky,research,country,europe,finland,bird_direction; velocity,no,no,NA,unusable_response,"Bird direction and velocity, but no real summary stats as it relates to treatment"
KGGBIEC9,yes,Weldon 2006,How Corridors Reduce Indigo Bunting Nest...,edge_and_shrub_habitat,edge_and_shrub_habitat,research,state,americas,south_carolina,nest_success; abundance,calculated,no,NA,unusable_treatment,"Alas, though I love this study"
TNTKRXN8,yes,Weldon and Haddad 2005,The Effects Of Patch Shape On Indigo Bun...,edge_and_shrub_habitat,edge_and_shrub_habitat,research,state,americas,south_carolina,nest_success,yes,no,NA,unusable_treatment,No reasonable comparison with mensurative studies (edgy vs. not edgy habitat?)
PMPALHP5,yes,West et al. 2016,Grasslands Bird Occupancy Of Native Warm...,plant_nwsg,plant_nwsg,research,state,americas,tennessee,occupancy,yes,no,NA,unusable_treatment,"This paper only examined occupancy in nwsg fields. As such, there is not a control that can be used to look at the effect of nwsg. Rwbl was positively related to nswg cover, so if similar papers can be found on this, it would be worth further exploration."
PMPALHP5,yes,West et al. 2016,Grasslands Bird Occupancy Of Native Warm...,plant_nwsg,plant_nwsg,research,state,americas,kentucky,occupancy,yes,no,NA,unusable_treatment,"This paper only examined occupancy in nwsg fields. As such, there is not a control that can be used to look at the effect of nwsg. Rwbl was positively related to nswg cover, so if similar papers can be found on this, it would be worth further exploration."
JNFD9WTU,yes,White et al. 2021,Diverse Demographic Factors Influence Ap...,no_bmp,no_bmp,research,state,americas,vermont,NA,NA,no,NA,no_bmp,NA
NC6LW669,yes,Wiens et al. 2008,Three Way <I>K</I>-Fold Cross-Validation...,no_bmp,no_bmp,research,province,americas,alberta,research_selection,NA,no,NA,no_bmp,NA
NC6LW669,yes,Wiens et al. 2008,Three Way <I>K</I>-Fold Cross-Validation...,no_bmp,no_bmp,research,country,americas,canada,research_selection,NA,no,NA,no_bmp,NA
T5H59RVD,yes,Wilcox and Beck 2007,Effects of Ligustrum sinense Lour. (Chinese Privet) on Abundance and Diversity of Songbirds and Native Plants in a Southeastern Nature Preserve,remove_non_native_species,remove_non_native_species,research,state,americas,georgia,abundance; species_richness,yes,no,other_continuous,no_error,"Can get effect size from Spearman's Rho, but no indication of error"
CRBK6BMU,yes,Willcox et al. 2010,Avian Community Response To Grazing Inte...,reduce_grazing_intensity,reduce_grazing_intensity,research,state,americas,florida,species_richness; abundance,calculated,yes,mean_diff,trace_plot,"Figures 1 - 8 *could* be traced to get a mean diff ... that being said, grazing intensity is provided as a control, low, medium, and high categorical value. Not worth the time tracing unless other papers use the same/similar binning criteria"
33HT3KC8,yes,Wilsey et al. 2016,Quantifying Avian Relative Abundance And...,no_bmp,no_bmp,research,state,americas,illinois,abundance,NA,no,NA,no_bmp,Ecosystem services
PELBTG9V,yes,Wilson and Brittingham 2012,Initial Response Of Bird Populations To ...,no_bmp,no_bmp,research,state,americas,pennsylvania,population_trend,no,no,NA,no_bmp,"No access, but the abstract made it clear that there is no bmp here"
C3NIZKWQ,yes,Wilson et al. 2022,Cattle Grazing In Crp Grasslands During ...,prescribed_fire,prescribed_fire,research,state,americas,kansas,abundance; occupancy; species_diversity,yes,yes,beta_categorical,NA,Species diveristy is Shannon-Weiner
NJWV66SX,yes,Winter et al. 2000,Evidence For Edge Effects On Multiple Le...,edge_and_shrub_habitat,edge_and_shrub_habitat,research,state,americas,missouri,nest_success,yes,yes,beta_continuous,continuous,Tables 2 & 3
KCEIM3FE,yes,With et al. 2008,Remaining Large Grasslands May Not Be Su...,no_bmp,no_bmp,NA,state,americas,kansas,NA,NA,no,NA,no_bmp,NA
KCEIM3FE,yes,With et al. 2008,Remaining Large Grasslands May Not Be Su...,no_bmp,no_bmp,NA,state,americas,oklahoma,NA,NA,no,NA,no_bmp,NA
KCEIM3FE,yes,With et al. 2008,Remaining Large Grasslands May Not Be Su...,no_bmp,no_bmp,NA,country,americas,united_states,NA,NA,no,NA,no_bmp,NA
FH242YLI,yes,Woinarski et al. 2017,Compilation And Traits Of Australian Bir...,keep_cats_indoors,keep_cats_indoors,review,country,oceania,australia,predation_rate,no,no,NA,review,"Sort of a meta-analysis, not directly related to impact on birds"
BPCYA7BG,yes,Woinarski et al. 2022,Compounding And Complementary Carnivores...,keep_cats_indoors,keep_cats_indoors,review,country,oceania,australia,predation_rate,no,no,NA,review,"Sort of a meta-analysis, not directly related to impact on birds"
EER6RZHG,yes,Wolcott et al. 2023,Potential Impacts Of Land-Management Sch...,delay_hay,delay_hay,research,state,americas,wisconsin,nest_success; survival,no,no,NA,unusable_response,"Really, this is technically a review -- it is a simulation based on known fledge dates"
EER6RZHG,yes,Wolcott et al. 2023,Potential Impacts Of Land-Management Sch...,delay_hay,delay_hay,research,state,americas,illinois,nest_success; survival,no,no,NA,unusable_response,"Really, this is technically a review -- it is a simulation based on known fledge dates"
7JY5XVC5,yes,Woodward et al. 2001,Edge Effects And Ecological Traps: Effec...,edge_and_shrub_habitat,edge_and_shrub_habitat,research,state,americas,missouri,nest_predation; nest_site_selection,yes,no,NA,no_quantitative_results,Table 1 but no treatment-specific sample size
TLAH9AL2,yes,Wyffels et al. 2019,Dormant Season Grazing: Effect Of Supple...,no_bmp,no_bmp,research,state,americas,montana,cows,no,no,NA,no_bmp,"Really, this paper just looked at cattle, not birds"
CLDP8JU6,yes,Xi et al. 2022,A Bayesian Model For Estimating The Effe...,upgrade_to_darksky,upgrade_to_darksky,research,NA,NA,NA,NA,no,no,NA,unusable_response,"Methods papers, but we could only really access the abstract"
MRPSC6G6,yes,Young et al. 2019,Postfledging Habitat Selection And Survi...,prescribed_fire,prescribed_fire; edge_and_shrub_habitat,research,state,americas,missouri,survival,yes,yes,beta_continuous,continuous,NA
MRPSC6G6,yes,Young et al. 2019,Postfledging Habitat Selection And Survi...,edge_and_shrub_habitat,prescribed_fire; edge_and_shrub_habitat,research,state,americas,missouri,survival,yes,yes,beta_continuous,continuous,NA
ZUVT3TNS,yes,Zhang et al. 2016,Nest-Site Microhabitat Association Of Re...,edge_and_shrub_habitat,edge_and_shrub_habitat,research,country,asia,china,nest_success,yes,yes,beta_continuous,continuous,NA
5UCEGHY8,yes,Zhao et al. 2020,Blue Light Attracts Nocturnally Migratin...,upgrade_to_darksky,upgrade_to_darksky,research,country,asia,china,abundance,yes,yes,beta_categorical,NA,Intercept is red light (control) and treatments are the different light colors. Abundance is the rate of capture. Sample size from the appendix.
GYHE8CSK,NA,Gray et al. 2026,"Influence of mowing timing on the breeding success of an endangered ground-nesting migratory bird, Whinchat (Saxicola rubetra)",delay_hay,delay_hay,research,country,europe,ireland,nest_success; population_growth_rate,yes,NA,beta_continuous,continuous,NA
PAM2R2T8,yes,Broyer et al. 2016,How to sustain meadow passerine populations in Europe through alternative mowing management,delay_hay,delay_hay,research,country,europe,france,abundance; nest_success,yes,yes,mean_diff,NA,NA
PAM2R2T8,yes,Broyer et al. 2016,How to sustain meadow passerine populations in Europe through alternative mowing management,delay_hay,delay_hay,research,country,europe,russian_federation,abundance; nest_success,yes,yes,mean_diff,NA,NA
LNPAIC8I,yes,Broyer et al. 2014,Mowing management and density dependence in meadow passerine hatching success,delay_hay,delay_hay,research,country,europe,france,abundance; nest_success,yes,no,NA,no_quantitative_results,Missing sample size
LNPAIC8I,yes,Broyer et al. 2014,Mowing management and density dependence in meadow passerine hatching success,delay_hay,delay_hay,research,country,europe,russian_federation,abundance; nest_success,yes,no,NA,no_quantitative_results,Missing sample size
K2JAW3XV,yes,Canonne et al. 2024,Response of grassland birds to local features strongly depends on landscape context,edge_and_shrub_habitat,edge_and_shrub_habitat; delay_hay,research,country,europe,france,species_richness; occupancy,no,no,NA,no_quantitative_results,No comparisons between treatments
K2JAW3XV,yes,Canonne et al. 2024,Response of grassland birds to local features strongly depends on landscape context,delay_hay,edge_and_shrub_habitat; delay_hay,research,country,europe,france,species_richness; occupancy,no,no,NA,no_quantitative_results,No comparisons between treatments
L85HDI55,no,Tome et al. 2020,Mowing is the greatest threat to Whinchat <i>Saxicola rubetra</i> nests even when compared to several natural induced threats,delay_hay,delay_hay,research,country,europe,slovenia,nest_success,no,no,NA,no_access,NA
