key,paper,bmp,response_class,Treatment,Control,response_var,species,error_class,xbar_e,n_e,sd_e,se_e,lcl_e,ucl_e,xbar_c,n_c,sd_c,se_c,lcl_c,ucl_c,notes
ECNPR7UT,Adams et al. 2013,Prescribed fire,abundance,2-year post-burn field,Control field,nest density,dickcissel,SE,0.75,5,NA,0.46,NA,NA,0.77,31,NA,0.22,NA,NA,"nest_success was also evaluated, but I do not think in a usable way"
ECNPR7UT,Adams et al. 2013,Prescribed fire,abundance,2-year post-burn field,Control field,nest density,red_winged_blackbird,SE,0.92,5,NA,0.59,NA,NA,1.06,31,NA,0.37,NA,NA,"nest_success was also evaluated, but I do not think in a usable way"
ECNPR7UT,Adams et al. 2013,Prescribed fire,abundance,1-year post-burn field,Control field,nest density,dickcissel,SE,0.27,5,NA,0.27,NA,NA,0.53,31,NA,0.14,NA,NA,"nest_success was also evaluated, but I do not think in a usable way"
ECNPR7UT,Adams et al. 2013,Prescribed fire,abundance,1-year post-burn field,Control field,nest density,red_winged_blackbird,SE,2.39,5,NA,1.84,NA,NA,1.04,31,NA,0.35,NA,NA,"nest_success was also evaluated, but I do not think in a usable way"
N87HY4T4,Allen et al. 2019,Manage fields in patches,abundance,Refugia post-harvest of neighboring field,Refugia pre-harvest of neighboring field,abundance 2014,bobolink,standard_error,9.72,5,NA,2.32,NA,NA,0.07,5,NA,0.07,NA,NA,Pretty cool way to test the manage fields in patches idea!
N87HY4T4,Allen et al. 2019,Manage fields in patches,abundance,Refugia post-harvest of neighboring field,Refugia pre-harvest of neighboring field,abundance 2015,bobolink,standard_error,3.57,5,NA,2.19,NA,NA,0,5,NA,0,NA,NA,Pretty cool way to test the manage fields in patches idea!
N87HY4T4,Allen et al. 2019,Manage fields in patches,abundance,Refugia post-harvest of neighboring field,Refugia pre-harvest of neighboring field,abundance 2016,bobolink,standard_error,6.17,5,NA,4.92,NA,NA,0.15,5,NA,0.15,NA,NA,Pretty cool way to test the manage fields in patches idea!
N87HY4T4,Allen et al. 2019,Manage fields in patches,abundance,Refugia post-harvest of neighboring field,Refugia pre-harvest of neighboring field,abundance 2014,grasshopper_sparrow,standard_error,1.61,5,NA,0.68,NA,NA,0.08,5,NA,0.08,NA,NA,Pretty cool way to test the manage fields in patches idea!
N87HY4T4,Allen et al. 2019,Manage fields in patches,abundance,Refugia post-harvest of neighboring field,Refugia pre-harvest of neighboring field,abundance 2015,grasshopper_sparrow,standard_error,7.08,5,NA,2.36,NA,NA,0.36,5,NA,0.36,NA,NA,Pretty cool way to test the manage fields in patches idea!
N87HY4T4,Allen et al. 2019,Manage fields in patches,abundance,Refugia post-harvest of neighboring field,Refugia pre-harvest of neighboring field,abundance 2016,grasshopper_sparrow,standard_error,5.3,5,NA,1.57,NA,NA,0.6,5,NA,0.39,NA,NA,Pretty cool way to test the manage fields in patches idea!
N87HY4T4,Allen et al. 2019,Manage fields in patches,abundance,Refugia post-harvest of neighboring field,Refugia pre-harvest of neighboring field,abundance 2014,eastern_meadowlark,standard_error,0.23,5,NA,0.16,NA,NA,0.74,5,NA,0.27,NA,NA,Pretty cool way to test the manage fields in patches idea!
N87HY4T4,Allen et al. 2019,Manage fields in patches,abundance,Refugia post-harvest of neighboring field,Refugia pre-harvest of neighboring field,abundance 2015,eastern_meadowlark,standard_error,1.32,5,NA,0.81,NA,NA,0.49,5,NA,0.33,NA,NA,Pretty cool way to test the manage fields in patches idea!
N87HY4T4,Allen et al. 2019,Manage fields in patches,abundance,Refugia post-harvest of neighboring field,Refugia pre-harvest of neighboring field,abundance 2016,eastern_meadowlark,standard_error,0.33,5,NA,0.2,NA,NA,0.48,5,NA,0.48,NA,NA,Pretty cool way to test the manage fields in patches idea!
RI9YTV8X,Bakker and Higgins 2009,Plant native warm season grasses (NWSGs) and wildflowers,abundance,NWSG grass mix,CSG grass mix,density,dickcissel,standard_deviation,9.6,26,5.6,NA,NA,NA,36.8,19,16.2,NA,NA,NA,"Looks like SD, but was no readable?"
RI9YTV8X,Bakker and Higgins 2009,Plant native warm season grasses (NWSGs) and wildflowers,abundance,NWSG grass mix,CSG grass mix,abundance,grasshopper_sparrow,standard_deviation,53.8,26,16.6,NA,NA,NA,26.3,19,13.4,NA,NA,NA,"Looks like SD, but was no readable?"
RI9YTV8X,Bakker and Higgins 2009,Plant native warm season grasses (NWSGs) and wildflowers,abundance,NWSG grass mix,CSG grass mix,density,savannah_sparrow,standard_deviation,21.2,26,6.9,NA,NA,NA,15.8,19,7.7,NA,NA,NA,"Looks like SD, but was no readable?"
RI9YTV8X,Bakker and Higgins 2009,Plant native warm season grasses (NWSGs) and wildflowers,abundance,NWSG grass mix,CSG grass mix,density,red_winged_blackbird,standard_deviation,55.8,26,14.8,NA,NA,NA,81.6,19,15.9,NA,NA,NA,"Looks like SD, but was no readable?"
RI9YTV8X,Bakker and Higgins 2009,Plant native warm season grasses (NWSGs) and wildflowers,abundance,NWSG grass mix,CSG grass mix,density,bobolink,standard_deviation,65.4,26,8.1,NA,NA,NA,50,19,13.7,NA,NA,NA,"Looks like SD, but was no readable?"
RI9YTV8X,Bakker and Higgins 2009,Plant native warm season grasses (NWSGs) and wildflowers,abundance,NWSG grass mix,CSG grass mix,density,western_meadowlark,standard_deviation,44.2,26,14.2,NA,NA,NA,23.7,19,11.1,NA,NA,NA,"Looks like SD, but was no readable?"
3NTX2A2K,Benson et al. 2011,Prescribed fire,abundance,Year of burn,Unburned,density,red_winged_blackbird,standard_error,0.64,10,NA,0.13,NA,NA,1.19,10,NA,0.24,NA,NA,NA
3NTX2A2K,Benson et al. 2011,Prescribed fire,abundance,1-year post-burn,Unburned,density,red_winged_blackbird,standard_error,0.24,4,NA,0.06,NA,NA,0.92,9,NA,0.21,NA,NA,NA
3NTX2A2K,Benson et al. 2011,Prescribed fire,abundance,Year of burn,Unburned,density,dickcissel,standard_error,0.68,10,NA,0.17,NA,NA,0.7,10,NA,0.15,NA,NA,NA
3NTX2A2K,Benson et al. 2011,Prescribed fire,abundance,1-year post-burn,Unburned,density,dickcissel,standard_error,0.58,4,NA,0.12,NA,NA,0.75,9,NA,0.17,NA,NA,NA
3NTX2A2K,Benson et al. 2011,Prescribed fire,abundance,Year of burn,Unburned,density,common_yellowthroat,standard_error,0.06,10,NA,0.02,NA,NA,0.43,10,NA,0.11,NA,NA,NA
3NTX2A2K,Benson et al. 2011,Prescribed fire,abundance,1-year post-burn,Unburned,density,common_yellowthroat,standard_error,0.03,4,NA,0.03,NA,NA,0.15,9,NA,0.07,NA,NA,NA
3NTX2A2K,Benson et al. 2011,Prescribed fire,abundance,Year of burn,Unburned,density,american_goldfinch,standard_error,0.1,10,NA,0.03,NA,NA,0.1,10,NA,0.03,NA,NA,NA
3NTX2A2K,Benson et al. 2011,Prescribed fire,abundance,1-year post-burn,Unburned,density,american_goldfinch,standard_error,0.03,4,NA,0.03,NA,NA,0.07,9,NA,0.04,NA,NA,NA
3NTX2A2K,Benson et al. 2011,Prescribed fire,abundance,Year of burn,Unburned,density,grasshopper_sparrow,standard_error,0.06,10,NA,0.06,NA,NA,0,10,NA,0,NA,NA,NA
3NTX2A2K,Benson et al. 2011,Prescribed fire,abundance,1-year post-burn,Unburned,density,grasshopper_sparrow,standard_error,0.06,4,NA,0.04,NA,NA,0.02,9,NA,0.01,NA,NA,NA
3NTX2A2K,Benson et al. 2011,Prescribed fire,species_richness,Year of burn,Unburned,species_richness,all_species,standard_error,5.7,10,NA,0.33,NA,NA,5.8,10,NA,0.39,NA,NA,NA
3NTX2A2K,Benson et al. 2011,Prescribed fire,species_richness,1-year post-burn,Unburned,species_richness,all_species,standard_error,4,4,NA,0.41,NA,NA,5,9,NA,0.67,NA,NA,NA
U3SWA47K,Berges et al. 2010,Stream exclusion and buffer plantings,species_richness,Riparian buffer (2 yr.),pasture,species_richness,all_species,standard_error,18.5,4,NA,0.5,NA,NA,11.5,4,NA,0.5,NA,NA,Estimated from plot; sites were measured before and after buffer plantings
U3SWA47K,Berges et al. 2010,Stream exclusion and buffer plantings,species_richness,Riparian buffer (2 yr.),crop,species_richness,all_species,standard_error,18.5,4,NA,0.5,NA,NA,14.5,4,NA,0.5,NA,NA,Estimated from plot; sites were measured before and after buffer plantings
U3SWA47K,Berges et al. 2010,Stream exclusion and buffer plantings,abundance,Riparian buffer (2 yr.),pasture,abundance,all_species,standard_error,43,4,NA,2,NA,NA,26,4,NA,2,NA,NA,Estimated from plot; sites were measured before and after buffer plantings
U3SWA47K,Berges et al. 2010,Stream exclusion and buffer plantings,abundance,Riparian buffer (2 yr.),crop,abundance,all_species,standard_error,43,4,NA,2,NA,NA,25,4,NA,1.5,NA,NA,Estimated from plot; sites were measured before and after buffer plantings
55UE5VCT,Blank et al. 2011,Stream exclusion and buffer plantings; Edge and shrub habitat,abundance,filter strips,non-buffered field edges,density,breeding_grassland_species,confidence_intervals,1.9,67,NA,NA,1.3,2.7,0.2,15,NA,NA,-0.2,0.7,NA
55UE5VCT,Blank et al. 2011,Plant native warm season grasses (NWSGs) and wildflowers,abundance,Warm-season grass filter strips,Cool-season grass filter strips,density,common_yellowthroat,confidence_intervals,0.9,45,NA,NA,0.5,1.4,0.3,22,NA,NA,0,0.8,"They only report these stats because there was a detectable difference for this species. For all other species, there was not a detectable difference."
55UE5VCT,Blank et al. 2011,Stream exclusion and buffer plantings; Edge and shrub habitat,abundance,narrow filter strips (<30),medium filter strips (30-60 m),density,breeding_grassland_species,confidence_intervals,1.8,35,NA,NA,0.9,3.1,2.4,14,NA,NA,1,4.8,NA
55UE5VCT,Blank et al. 2011,Stream exclusion and buffer plantings; Edge and shrub habitat,abundance,narrow filter strips (<30),wide filter strips (>60 m),density,breeding_grassland_species,confidence_intervals,1.8,35,NA,NA,0.9,3.1,2,18,NA,NA,0.9,3.6,NA
55UE5VCT,Blank et al. 2011,Stream exclusion and buffer plantings; Edge and shrub habitat,abundance,medium filter strips (30-60 m),wide filter strips (>60 m),density,breeding_grassland_species,confidence_intervals,2.4,14,NA,NA,1,4.8,2,18,NA,NA,0.9,3.6,NA
7SS4IEI5,Blank et al. 2011b,Provide overwintering habitat; Stream exclusion and buffer plantings; Delay hay,abundance,unmowed buffers,mowed buffers,winter density (birds/10 ha),american_kestrel,standard_deviation,0.1,13,0.5,NA,NA,NA,0,13,0,NA,NA,NA,"For the delay hay treatment, the treatment and control should be switched"
7SS4IEI5,Blank et al. 2011b,Provide overwintering habitat; Stream exclusion and buffer plantings; Delay hay,abundance,unmowed buffers,mowed buffers,winter density (birds/10 ha),eastern_bluebird,standard_deviation,0.1,13,4,NA,NA,NA,0,13,0,NA,NA,NA,"For the delay hay treatment, the treatment and control should be switched"
7SS4IEI5,Blank et al. 2011b,Provide overwintering habitat; Stream exclusion and buffer plantings; Delay hay,abundance,unmowed buffers,mowed buffers,winter density (birds/10 ha),field_sparrow,standard_deviation,11.3,13,34.7,NA,NA,NA,0,13,0,NA,NA,NA,"For the delay hay treatment, the treatment and control should be switched"
7SS4IEI5,Blank et al. 2011b,Provide overwintering habitat; Stream exclusion and buffer plantings; Delay hay,abundance,unmowed buffers,mowed buffers,winter density (birds/10 ha),savannah_sparrow,standard_deviation,7.2,13,16.2,NA,NA,NA,0.6,13,2.1,NA,NA,NA,"For the delay hay treatment, the treatment and control should be switched"
7SS4IEI5,Blank et al. 2011b,Provide overwintering habitat; Stream exclusion and buffer plantings; Delay hay,abundance,unmowed buffers,mowed buffers,winter density (birds/10 ha),song_sparrow,standard_deviation,70.1,13,60.1,NA,NA,NA,2.1,13,5.3,NA,NA,NA,"For the delay hay treatment, the treatment and control should be switched"
7SS4IEI5,Blank et al. 2011b,Provide overwintering habitat; Stream exclusion and buffer plantings; Delay hay,abundance,unmowed buffers,mowed buffers,winter density (birds/10 ha),swamp_sparrow,standard_deviation,5.5,13,13.3,NA,NA,NA,0,13,0,NA,NA,NA,"For the delay hay treatment, the treatment and control should be switched"
7SS4IEI5,Blank et al. 2011b,Provide overwintering habitat; Stream exclusion and buffer plantings; Delay hay,abundance,unmowed buffers,mowed buffers,winter density (birds/10 ha),white_throated_sparrow,standard_deviation,15.9,13,51,NA,NA,NA,1.6,13,5.7,NA,NA,NA,"For the delay hay treatment, the treatment and control should be switched"
7SS4IEI5,Blank et al. 2011b,Provide overwintering habitat; Stream exclusion and buffer plantings; Delay hay,abundance,unmowed buffers,mowed buffers,winter density (birds/10 ha),dark_eyed_junco,standard_deviation,3.4,13,12.2,NA,NA,NA,0.7,13,2.4,NA,NA,NA,"For the delay hay treatment, the treatment and control should be switched"
IF3VCNWP,Bock and Bock 1999,provide_overwintering_habitat,abundance,Ungrazed,Grazed,abundance - 96-97,montezuma_quail,standard_error,0.33,7,NA,0.33,NA,NA,0,7,NA,0,NA,NA,NA
IF3VCNWP,Bock and Bock 1999,provide_overwintering_habitat,abundance,Ungrazed,Grazed,abundance - 97-98,montezuma_quail,standard_error,0,7,NA,0,NA,NA,0,7,NA,0,NA,NA,NA
IF3VCNWP,Bock and Bock 1999,provide_overwintering_habitat,abundance,Ungrazed,Grazed,abundance - 96-97,scaled_quail,standard_error,0.24,7,NA,0.24,NA,NA,0,7,NA,0,NA,NA,NA
IF3VCNWP,Bock and Bock 1999,provide_overwintering_habitat,abundance,Ungrazed,Grazed,abundance - 97-98,scaled_quail,standard_error,0.18,7,NA,0.18,NA,NA,0.21,7,NA,0.21,NA,NA,NA
IF3VCNWP,Bock and Bock 1999,provide_overwintering_habitat,abundance,Ungrazed,Grazed,abundance - 96-97,mourning_dove,standard_error,0.29,7,NA,0.24,NA,NA,0.24,7,NA,0.16,NA,NA,NA
IF3VCNWP,Bock and Bock 1999,provide_overwintering_habitat,abundance,Ungrazed,Grazed,abundance - 97-98,mourning_dove,standard_error,1.36,7,NA,0.48,NA,NA,1.86,7,NA,0.74,NA,NA,NA
IF3VCNWP,Bock and Bock 1999,provide_overwintering_habitat,abundance,Ungrazed,Grazed,abundance - 96-97,horned_lark,standard_error,2.05,7,NA,1.2,NA,NA,2.38,7,NA,1.6,NA,NA,NA
IF3VCNWP,Bock and Bock 1999,provide_overwintering_habitat,abundance,Ungrazed,Grazed,abundance - 97-98,horned_lark,standard_error,2.25,7,NA,2.13,NA,NA,3.43,7,NA,1.98,NA,NA,NA
IF3VCNWP,Bock and Bock 1999,provide_overwintering_habitat,abundance,Ungrazed,Grazed,abundance - 96-97,canyon_towhee,standard_error,0.52,7,NA,0.23,NA,NA,0.14,7,NA,0.1,NA,NA,NA
IF3VCNWP,Bock and Bock 1999,provide_overwintering_habitat,abundance,Ungrazed,Grazed,abundance - 97-98,canyon_towhee,standard_error,0.5,7,NA,0.26,NA,NA,0.21,7,NA,0.1,NA,NA,NA
IF3VCNWP,Bock and Bock 1999,provide_overwintering_habitat,abundance,Ungrazed,Grazed,abundance - 96-97,cassins_sparrow,standard_error,0.1,7,NA,0.1,NA,NA,0,7,NA,0,NA,NA,NA
IF3VCNWP,Bock and Bock 1999,provide_overwintering_habitat,abundance,Ungrazed,Grazed,abundance - 97-98,cassins_sparrow,standard_error,0.96,7,NA,0.45,NA,NA,0,7,NA,0,NA,NA,NA
IF3VCNWP,Bock and Bock 1999,provide_overwintering_habitat,abundance,Ungrazed,Grazed,abundance - 96-97,rufous_crowned_sparrow,standard_error,0.95,7,NA,0.11,NA,NA,0.1,7,NA,0.1,NA,NA,NA
IF3VCNWP,Bock and Bock 1999,provide_overwintering_habitat,abundance,Ungrazed,Grazed,abundance - 97-98,rufous_crowned_sparrow,standard_error,1.04,7,NA,0.32,NA,NA,0.07,7,NA,0.07,NA,NA,NA
IF3VCNWP,Bock and Bock 1999,provide_overwintering_habitat,abundance,Ungrazed,Grazed,abundance - 96-97,chipping_sparrow,standard_error,1.67,7,NA,1.03,NA,NA,0.52,7,NA,0.36,NA,NA,NA
IF3VCNWP,Bock and Bock 1999,provide_overwintering_habitat,abundance,Ungrazed,Grazed,abundance - 97-98,chipping_sparrow,standard_error,5.71,7,NA,1.66,NA,NA,6,7,NA,2.8,NA,NA,NA
IF3VCNWP,Bock and Bock 1999,provide_overwintering_habitat,abundance,Ungrazed,Grazed,abundance - 96-97,vesper_sparrow,standard_error,1.76,7,NA,0.64,NA,NA,0,7,NA,0,NA,NA,NA
IF3VCNWP,Bock and Bock 1999,provide_overwintering_habitat,abundance,Ungrazed,Grazed,abundance - 97-98,vesper_sparrow,standard_error,8.96,7,NA,2.67,NA,NA,2.89,7,NA,1.61,NA,NA,NA
IF3VCNWP,Bock and Bock 1999,provide_overwintering_habitat,abundance,Ungrazed,Grazed,abundance - 96-97,lark_sparrow,standard_error,0,7,NA,0,NA,NA,0,7,NA,0,NA,NA,NA
IF3VCNWP,Bock and Bock 1999,provide_overwintering_habitat,abundance,Ungrazed,Grazed,abundance - 97-98,lark_sparrow,standard_error,0,7,NA,0,NA,NA,0.07,7,NA,0.07,NA,NA,NA
IF3VCNWP,Bock and Bock 1999,provide_overwintering_habitat,abundance,Ungrazed,Grazed,abundance - 96-97,lark_bunting,standard_error,0,7,NA,0,NA,NA,0,7,NA,0,NA,NA,NA
IF3VCNWP,Bock and Bock 1999,provide_overwintering_habitat,abundance,Ungrazed,Grazed,abundance - 97-98,lark_bunting,standard_error,0.39,7,NA,0.39,NA,NA,0.21,7,NA,0.21,NA,NA,NA
IF3VCNWP,Bock and Bock 1999,provide_overwintering_habitat,abundance,Ungrazed,Grazed,abundance - 96-97,grasshopper_sparrow,standard_error,0.1,7,NA,0.1,NA,NA,0,7,NA,0,NA,NA,NA
IF3VCNWP,Bock and Bock 1999,provide_overwintering_habitat,abundance,Ungrazed,Grazed,abundance - 97-98,grasshopper_sparrow,standard_error,1.96,7,NA,0.47,NA,NA,0,7,NA,0,NA,NA,NA
IF3VCNWP,Bock and Bock 1999,provide_overwintering_habitat,abundance,Ungrazed,Grazed,abundance - 96-97,dark_eyed_junco,standard_error,1.14,7,NA,0.48,NA,NA,0,7,NA,0,NA,NA,NA
IF3VCNWP,Bock and Bock 1999,provide_overwintering_habitat,abundance,Ungrazed,Grazed,abundance - 97-98,dark_eyed_junco,standard_error,0.18,7,NA,0.18,NA,NA,0.25,7,NA,0.21,NA,NA,NA
IF3VCNWP,Bock and Bock 1999,provide_overwintering_habitat,abundance,Ungrazed,Grazed,abundance - 96-97,chestnut_collared_longspur,standard_error,0,7,NA,0,NA,NA,0,7,NA,0,NA,NA,NA
IF3VCNWP,Bock and Bock 1999,provide_overwintering_habitat,abundance,Ungrazed,Grazed,abundance - 97-98,chestnut_collared_longspur,standard_error,1.79,7,NA,1.79,NA,NA,0,7,NA,0,NA,NA,NA
IF3VCNWP,Bock and Bock 1999,provide_overwintering_habitat,abundance,Ungrazed,Grazed,abundance - 96-97,eastern_meadowlark,standard_error,1.19,7,NA,0.66,NA,NA,0.05,7,NA,0.05,NA,NA,NA
IF3VCNWP,Bock and Bock 1999,provide_overwintering_habitat,abundance,Ungrazed,Grazed,abundance - 97-98,eastern_meadowlark,standard_error,1.14,7,NA,0.6,NA,NA,0.39,7,NA,0.24,NA,NA,NA
IF3VCNWP,Bock and Bock 1999,provide_overwintering_habitat,abundance,Ungrazed,Grazed,abundance - 96-97,house_finch,standard_error,0.19,7,NA,0.19,NA,NA,0,7,NA,0,NA,NA,NA
IF3VCNWP,Bock and Bock 1999,provide_overwintering_habitat,abundance,Ungrazed,Grazed,abundance - 97-98,house_finch,standard_error,0,7,NA,0,NA,NA,0,7,NA,0,NA,NA,NA
IF3VCNWP,Bock and Bock 1999,provide_overwintering_habitat,abundance,Ungrazed,Grazed,abundance - 96-97,northern_harrier,standard_error,0.1,7,NA,0.06,NA,NA,0,7,NA,0,NA,NA,NA
IF3VCNWP,Bock and Bock 1999,provide_overwintering_habitat,abundance,Ungrazed,Grazed,abundance - 97-98,northern_harrier,standard_error,0.07,7,NA,0.05,NA,NA,0,7,NA,0,NA,NA,NA
IF3VCNWP,Bock and Bock 1999,provide_overwintering_habitat,abundance,Ungrazed,Grazed,abundance - 96-97,red_tailed_hawk,standard_error,0.1,7,NA,0.1,NA,NA,0.05,7,NA,0.05,NA,NA,NA
IF3VCNWP,Bock and Bock 1999,provide_overwintering_habitat,abundance,Ungrazed,Grazed,abundance - 97-98,red_tailed_hawk,standard_error,0.07,7,NA,0.05,NA,NA,0.11,7,NA,0.07,NA,NA,NA
IF3VCNWP,Bock and Bock 1999,provide_overwintering_habitat,abundance,Ungrazed,Grazed,abundance - 96-97,american_kestrel,standard_error,0.1,7,NA,0.06,NA,NA,0.1,7,NA,0.06,NA,NA,NA
IF3VCNWP,Bock and Bock 1999,provide_overwintering_habitat,abundance,Ungrazed,Grazed,abundance - 97-98,american_kestrel,standard_error,0.21,7,NA,0.1,NA,NA,0.18,7,NA,0.07,NA,NA,NA
IF3VCNWP,Bock and Bock 1999,provide_overwintering_habitat,abundance,Ungrazed,Grazed,abundance - 96-97,northern_flicker,standard_error,0.29,7,NA,0.2,NA,NA,0.19,7,NA,0.14,NA,NA,NA
IF3VCNWP,Bock and Bock 1999,provide_overwintering_habitat,abundance,Ungrazed,Grazed,abundance - 97-98,northern_flicker,standard_error,0.29,7,NA,0.12,NA,NA,0.25,7,NA,0.13,NA,NA,NA
IF3VCNWP,Bock and Bock 1999,provide_overwintering_habitat,abundance,Ungrazed,Grazed,abundance - 96-97,says_phoebe,standard_error,0.24,7,NA,0.14,NA,NA,0.38,7,NA,0.14,NA,NA,NA
IF3VCNWP,Bock and Bock 1999,provide_overwintering_habitat,abundance,Ungrazed,Grazed,abundance - 97-98,says_phoebe,standard_error,0.04,7,NA,0.04,NA,NA,0.14,7,NA,0.09,NA,NA,NA
IF3VCNWP,Bock and Bock 1999,provide_overwintering_habitat,abundance,Ungrazed,Grazed,abundance - 96-97,chihuahuan_raven,standard_error,0.14,7,NA,0.1,NA,NA,0.1,7,NA,0.06,NA,NA,NA
IF3VCNWP,Bock and Bock 1999,provide_overwintering_habitat,abundance,Ungrazed,Grazed,abundance - 97-98,chihuahuan_raven,standard_error,0.29,7,NA,0.16,NA,NA,0.39,7,NA,0.16,NA,NA,NA
IF3VCNWP,Bock and Bock 1999,provide_overwintering_habitat,abundance,Ungrazed,Grazed,abundance - 96-97,bridled_titmouse,standard_error,0.14,7,NA,0.14,NA,NA,0.33,7,NA,0.22,NA,NA,NA
IF3VCNWP,Bock and Bock 1999,provide_overwintering_habitat,abundance,Ungrazed,Grazed,abundance - 97-98,bridled_titmouse,standard_error,0.07,7,NA,0.07,NA,NA,0,7,NA,0,NA,NA,NA
IF3VCNWP,Bock and Bock 1999,provide_overwintering_habitat,abundance,Ungrazed,Grazed,abundance - 96-97,eastern_bluebird,standard_error,0.1,7,NA,0.06,NA,NA,0.14,7,NA,0.14,NA,NA,NA
IF3VCNWP,Bock and Bock 1999,provide_overwintering_habitat,abundance,Ungrazed,Grazed,abundance - 97-98,eastern_bluebird,standard_error,0,7,NA,0,NA,NA,0,7,NA,0,NA,NA,NA
IF3VCNWP,Bock and Bock 1999,provide_overwintering_habitat,abundance,Ungrazed,Grazed,abundance - 96-97,mountain_bluebird,standard_error,0,7,NA,0,NA,NA,0.33,7,NA,0.19,NA,NA,NA
IF3VCNWP,Bock and Bock 1999,provide_overwintering_habitat,abundance,Ungrazed,Grazed,abundance - 97-98,mountain_bluebird,standard_error,0,7,NA,0,NA,NA,0,7,NA,0,NA,NA,NA
IF3VCNWP,Bock and Bock 1999,provide_overwintering_habitat,abundance,Ungrazed,Grazed,abundance - 96-97,northern_mockingbird,standard_error,0.14,7,NA,0.14,NA,NA,0.14,7,NA,0.14,NA,NA,NA
IF3VCNWP,Bock and Bock 1999,provide_overwintering_habitat,abundance,Ungrazed,Grazed,abundance - 97-98,northern_mockingbird,standard_error,0.07,7,NA,0.05,NA,NA,0.21,7,NA,0.18,NA,NA,NA
5N6IA9AX,Brand and Noon 2011,remove_non-native_species,nest_success,Native cottonwood stands,Non-native saltcedar stands,percent nest survival,yellow_breasted_chat,standard_error,43,71,NA,7,NA,NA,39,25,NA,11,NA,NA,NA
5N6IA9AX,Brand and Noon 2011,remove_non-native_species,nest_success,Native mesquite stands,Non-native saltcedar stands,percent nest survival,yellow_breasted_chat,standard_error,41,58,NA,7,NA,NA,39,25,NA,11,NA,NA,NA
VEK3WELY,Byers et al. 2017,prescribed_fire,abundance,Burned fields (year of burn),Burned fields (3-years post-burn),nest density (nests/ha),bobolink,standard_error,0.07,9,NA,0.05,NA,NA,0.19,4,NA,0.08,NA,NA,NA
VEK3WELY,Byers et al. 2017,prescribed_fire,abundance,Burned fields (year of burn),Burned fields (3-years post-burn),nest density (nests/ha),eastern_meadowlark,standard_error,0.03,9,NA,0.02,NA,NA,0.22,4,NA,0.08,NA,NA,NA
VEK3WELY,Byers et al. 2017,prescribed_fire,abundance,Burned fields (year of burn),Burned fields (3-years post-burn),nest density (nests/ha),grasshopper_sparrow,standard_error,0.25,9,NA,0.13,NA,NA,0.06,4,NA,0.06,NA,NA,NA
VEK3WELY,Byers et al. 2017,prescribed_fire,abundance,Burned fields (year of burn),Burned fields (3-years post-burn),nest density (nests/ha),henslows_sparrow,standard_error,0,9,NA,0,NA,NA,0.06,4,NA,0.06,NA,NA,NA
VEK3WELY,Byers et al. 2017,prescribed_fire,abundance,Burned fields (1-year post-burn),Burned fields (3-years post-burn),nest density (nests/ha),bobolink,standard_error,0.32,7,NA,0.15,NA,NA,0.19,4,NA,0.08,NA,NA,NA
VEK3WELY,Byers et al. 2017,prescribed_fire,abundance,Burned fields (1-year post-burn),Burned fields (3-years post-burn),nest density (nests/ha),eastern_meadowlark,standard_error,0.19,7,NA,0.06,NA,NA,0.22,4,NA,0.08,NA,NA,NA
VEK3WELY,Byers et al. 2017,prescribed_fire,abundance,Burned fields (1-year post-burn),Burned fields (3-years post-burn),nest density (nests/ha),grasshopper_sparrow,standard_error,0.16,7,NA,0.06,NA,NA,0.06,4,NA,0.06,NA,NA,NA
VEK3WELY,Byers et al. 2017,prescribed_fire,abundance,Burned fields (1-year post-burn),Burned fields (3-years post-burn),nest density (nests/ha),henslows_sparrow,standard_error,0.27,7,NA,0.12,NA,NA,0.06,4,NA,0.06,NA,NA,NA
VEK3WELY,Byers et al. 2017,prescribed_fire,abundance,Burned fields (2-year post-burn),Burned fields (3-years post-burn),nest density (nests/ha),bobolink,standard_error,0.4,8,NA,0.22,NA,NA,0.19,4,NA,0.08,NA,NA,NA
VEK3WELY,Byers et al. 2017,prescribed_fire,abundance,Burned fields (2-year post-burn),Burned fields (3-years post-burn),nest density (nests/ha),eastern_meadowlark,standard_error,0.25,8,NA,0.12,NA,NA,0.22,4,NA,0.08,NA,NA,NA
VEK3WELY,Byers et al. 2017,prescribed_fire,abundance,Burned fields (2-year post-burn),Burned fields (3-years post-burn),nest density (nests/ha),grasshopper_sparrow,standard_error,0.05,8,NA,0.03,NA,NA,0.06,4,NA,0.06,NA,NA,NA
VEK3WELY,Byers et al. 2017,prescribed_fire,abundance,Burned fields (2-year post-burn),Burned fields (3-years post-burn),nest density (nests/ha),henslows_sparrow,standard_error,0.05,8,NA,0.02,NA,NA,0.06,4,NA,0.06,NA,NA,NA
DY9N6UPD,Churchwell et al. 2008,Prescribed fire; Manage fields in patches,nest_success,Patch burn (current year),traditional management,dsr,dickcissel,standard_error,0.914,27,NA,0.021,NA,NA,0.926,110,NA,0.008,NA,NA,NA
DY9N6UPD,Churchwell et al. 2008,Prescribed fire; Manage fields in patches,nest_success,Patch burn (1-yr post-burn),traditional management,dsr,dickcissel,standard_error,0.937,63,NA,0.01,NA,NA,0.926,110,NA,0.008,NA,NA,NA
DY9N6UPD,Churchwell et al. 2008,Prescribed fire; Manage fields in patches,nest_success,Patch burn (2-yr post-burn),traditional management,dsr,dickcissel,standard_error,0.945,90,NA,0.008,NA,NA,0.926,110,NA,0.008,NA,NA,NA
DY9N6UPD,Churchwell et al. 2008,Prescribed fire; Manage fields in patches,abundance,Patch burn (current year),traditional management,nests/ha,dickcissel,standard_error,0.41,2,NA,0.16,NA,NA,2,2,NA,0.33,NA,NA,NA
DY9N6UPD,Churchwell et al. 2008,Prescribed fire; Manage fields in patches,abundance,Patch burn (1-yr post-burn),traditional management,nests/ha,dickcissel,standard_error,1.03,2,NA,0.26,NA,NA,2,2,NA,0.33,NA,NA,NA
DY9N6UPD,Churchwell et al. 2008,Prescribed fire; Manage fields in patches,abundance,Patch burn (2-yr post-burn),traditional management,nests/ha,dickcissel,standard_error,1.64,2,NA,0.32,NA,NA,2,2,NA,0.33,NA,NA,NA
TL3GWJHM,Conover et al. 2007,edge_and_shrub_habitat; provide_overwintering_habitat,abundance,Wooded edge (No border treatment),Agricultural field (No border treatment),abundance - 2003,all_species,standard_error,20.53,19,NA,6.69,NA,NA,2,19,NA,9.66,NA,NA,NA
TL3GWJHM,Conover et al. 2007,edge_and_shrub_habitat; provide_overwintering_habitat,abundance,Wooded edge (No border treatment),Agricultural field (No border treatment),abundance - 2004,all_species,standard_error,14.65,17,NA,7.07,NA,NA,10,17,NA,10.21,NA,NA,NA
TL3GWJHM,Conover et al. 2007,edge_and_shrub_habitat; provide_overwintering_habitat,abundance,Wooded edge (Narrow border treatment),Agricultural field (Narrow border treatment),abundance - 2003,all_species,standard_error,24.26,38,NA,4.73,NA,NA,17.63,38,NA,6.83,NA,NA,NA
TL3GWJHM,Conover et al. 2007,edge_and_shrub_habitat; provide_overwintering_habitat,abundance,Wooded edge (Narrow border treatment),Agricultural field (Narrow border treatment),abundance - 2004,all_species,standard_error,17.58,26,NA,5.72,NA,NA,4.42,26,NA,8.26,NA,NA,NA
TL3GWJHM,Conover et al. 2007,edge_and_shrub_habitat; provide_overwintering_habitat,abundance,Wooded edge (Wide border treatment),Agricultural field (Wide border treatment),abundance - 2003,all_species,standard_error,15,5,NA,11.9,NA,NA,19.4,5,NA,18.82,NA,NA,NA
TL3GWJHM,Conover et al. 2007,edge_and_shrub_habitat; provide_overwintering_habitat,abundance,Wooded edge (Wide border treatment),Agricultural field (Wide border treatment),abundance - 2004,all_species,standard_error,38.8,5,NA,13.03,NA,NA,22.3,5,NA,17.8,NA,NA,NA
TL3GWJHM,Conover et al. 2007,edge_and_shrub_habitat; provide_overwintering_habitat,species_richness,Wooded edge (No border treatment),Agricultural field (No border treatment),species_richness - 2003,all_species,standard_error,5.58,19,NA,0.61,NA,NA,1.05,19,NA,0.33,NA,NA,NA
TL3GWJHM,Conover et al. 2007,edge_and_shrub_habitat; provide_overwintering_habitat,species_richness,Wooded edge (No border treatment),Agricultural field (No border treatment),species_richness - 2004,all_species,standard_error,5.18,17,NA,0.64,NA,NA,0.88,17,NA,0.34,NA,NA,NA
TL3GWJHM,Conover et al. 2007,edge_and_shrub_habitat; provide_overwintering_habitat,species_richness,Wooded edge (Narrow border treatment),Agricultural field (Narrow border treatment),species_richness - 2003,all_species,standard_error,5.79,38,NA,0.43,NA,NA,1.17,38,NA,0.23,NA,NA,NA
TL3GWJHM,Conover et al. 2007,edge_and_shrub_habitat; provide_overwintering_habitat,species_richness,Wooded edge (Narrow border treatment),Agricultural field (Narrow border treatment),species_richness - 2004,all_species,standard_error,6,26,NA,0.52,NA,NA,0.65,26,NA,0.28,NA,NA,NA
TL3GWJHM,Conover et al. 2007,edge_and_shrub_habitat; provide_overwintering_habitat,species_richness,Wooded edge (Wide border treatment),Agricultural field (Wide border treatment),species_richness - 2003,all_species,standard_error,4.33,5,NA,1.08,NA,NA,2,5,NA,0.63,NA,NA,NA
TL3GWJHM,Conover et al. 2007,edge_and_shrub_habitat; provide_overwintering_habitat,species_richness,Wooded edge (Wide border treatment),Agricultural field (Wide border treatment),species_richness - 2004,all_species,standard_error,3.6,5,NA,1.19,NA,NA,2.17,5,NA,0.58,NA,NA,NA
TL3GWJHM,Conover et al. 2007,edge_and_shrub_habitat; provide_overwintering_habitat,abundance,Wooded edge (No border treatment),Field border zone (No border treatment),abundance - 2003,all_species,standard_error,20.53,19,NA,6.69,NA,NA,2.21,19,NA,1.78,NA,NA,NA
TL3GWJHM,Conover et al. 2007,edge_and_shrub_habitat; provide_overwintering_habitat,abundance,Wooded edge (No border treatment),Field border zone (No border treatment),abundance - 2004,all_species,standard_error,14.65,17,NA,7.07,NA,NA,3.24,17,NA,1.89,NA,NA,NA
TL3GWJHM,Conover et al. 2007,edge_and_shrub_habitat; provide_overwintering_habitat,abundance,Wooded edge (Narrow border treatment),Field border zone (Narrow border treatment),abundance - 2003,all_species,standard_error,24.26,38,NA,4.73,NA,NA,4.9,38,NA,1.26,NA,NA,NA
TL3GWJHM,Conover et al. 2007,edge_and_shrub_habitat; provide_overwintering_habitat,abundance,Wooded edge (Narrow border treatment),Field border zone (Narrow border treatment),abundance - 2004,all_species,standard_error,17.58,26,NA,5.72,NA,NA,4.62,26,NA,1.53,NA,NA,NA
TL3GWJHM,Conover et al. 2007,edge_and_shrub_habitat; provide_overwintering_habitat,abundance,Wooded edge (Wide border treatment),Field border zone (Wide border treatment),abundance - 2003,all_species,standard_error,15,5,NA,11.9,NA,NA,17.4,5,NA,3.48,NA,NA,NA
TL3GWJHM,Conover et al. 2007,edge_and_shrub_habitat; provide_overwintering_habitat,abundance,Wooded edge (Wide border treatment),Field border zone (Wide border treatment),abundance - 2004,all_species,standard_error,38.8,5,NA,13.03,NA,NA,10.33,5,NA,3.17,NA,NA,NA
TL3GWJHM,Conover et al. 2007,edge_and_shrub_habitat; provide_overwintering_habitat,species_richness,Wooded edge (No border treatment),Field border zone (No border treatment),species_richness - 2003,all_species,standard_error,5.58,19,NA,0.61,NA,NA,1.68,19,NA,0.44,NA,NA,NA
TL3GWJHM,Conover et al. 2007,edge_and_shrub_habitat; provide_overwintering_habitat,species_richness,Wooded edge (No border treatment),Field border zone (No border treatment),species_richness - 2004,all_species,standard_error,5.18,17,NA,0.64,NA,NA,2.47,17,NA,0.46,NA,NA,NA
TL3GWJHM,Conover et al. 2007,edge_and_shrub_habitat; provide_overwintering_habitat,species_richness,Wooded edge (Narrow border treatment),Field border zone (Narrow border treatment),species_richness - 2003,all_species,standard_error,5.79,38,NA,0.43,NA,NA,1.92,38,NA,0.31,NA,NA,NA
TL3GWJHM,Conover et al. 2007,edge_and_shrub_habitat; provide_overwintering_habitat,species_richness,Wooded edge (Narrow border treatment),Field border zone (Narrow border treatment),species_richness - 2004,all_species,standard_error,6,26,NA,0.52,NA,NA,2.96,26,NA,0.38,NA,NA,NA
TL3GWJHM,Conover et al. 2007,edge_and_shrub_habitat; provide_overwintering_habitat,species_richness,Wooded edge (Wide border treatment),Field border zone (Wide border treatment),species_richness - 2003,all_species,standard_error,4.33,5,NA,1.08,NA,NA,5.4,5,NA,0.86,NA,NA,NA
TL3GWJHM,Conover et al. 2007,edge_and_shrub_habitat; provide_overwintering_habitat,species_richness,Wooded edge (Wide border treatment),Field border zone (Wide border treatment),species_richness - 2004,all_species,standard_error,3.6,5,NA,1.19,NA,NA,3.5,5,NA,0.78,NA,NA,NA
ILUKKWJA,Conover et al. 2009,stream_exclusion_and_buffers,abundance,no field margin,narrow field margin,density (birds/0.2 ha),red_winged_blackbird,standard_error,0.119,42,NA,0.061,NA,NA,1.686,51,NA,0.345,NA,NA,Sample size is actually lower than this. They included year in their sample size.
ILUKKWJA,Conover et al. 2009,stream_exclusion_and_buffers,abundance,no field margin,wide-bordered field margin,density (birds/0.2 ha),red_winged_blackbird,standard_error,0.119,42,NA,0.061,NA,NA,4.278,18,NA,0.925,NA,NA,Sample size is actually lower than this. They included year in their sample size.
ILUKKWJA,Conover et al. 2009,stream_exclusion_and_buffers,abundance,narrow field margin,wide-bordered field margin,density (birds/0.2 ha),red_winged_blackbird,standard_error,1.686,51,NA,0.345,NA,NA,4.278,18,NA,0.925,NA,NA,Sample size is actually lower than this. They included year in their sample size.
ILUKKWJA,Conover et al. 2009,stream_exclusion_and_buffers,abundance,no field margin,narrow field margin,density (birds/0.2 ha),dickcissel,standard_error,0,42,NA,0,NA,NA,0.137,51,NA,0.069,NA,NA,Sample size is actually lower than this. They included year in their sample size.
ILUKKWJA,Conover et al. 2009,stream_exclusion_and_buffers,abundance,no field margin,wide-bordered field margin,density (birds/0.2 ha),dickcissel,standard_error,0,42,NA,0,NA,NA,2,18,NA,0.763,NA,NA,Sample size is actually lower than this. They included year in their sample size.
ILUKKWJA,Conover et al. 2009,stream_exclusion_and_buffers,abundance,narrow field margin,wide-bordered field margin,density (birds/0.2 ha),dickcissel,standard_error,0.137,51,NA,0.069,NA,NA,2,18,NA,0.763,NA,NA,Sample size is actually lower than this. They included year in their sample size.
ILUKKWJA,Conover et al. 2009,stream_exclusion_and_buffers,abundance,no field margin,narrow field margin,density (birds/0.2 ha),indigo_bunting,standard_error,0.048,42,NA,0.033,NA,NA,0.392,51,NA,0.119,NA,NA,Sample size is actually lower than this. They included year in their sample size.
ILUKKWJA,Conover et al. 2009,stream_exclusion_and_buffers,abundance,no field margin,wide-bordered field margin,density (birds/0.2 ha),indigo_bunting,standard_error,0.048,42,NA,0.033,NA,NA,0.278,18,NA,0.135,NA,NA,Sample size is actually lower than this. They included year in their sample size.
ILUKKWJA,Conover et al. 2009,stream_exclusion_and_buffers,abundance,narrow field margin,wide-bordered field margin,density (birds/0.2 ha),indigo_bunting,standard_error,0.392,51,NA,0.119,NA,NA,0.278,18,NA,0.135,NA,NA,Sample size is actually lower than this. They included year in their sample size.
ILUKKWJA,Conover et al. 2009,stream_exclusion_and_buffers,abundance,no field margin,narrow field margin,density (birds/0.2 ha),mourning_dove,standard_error,0.143,42,NA,0.073,NA,NA,0.157,51,NA,0.071,NA,NA,Sample size is actually lower than this. They included year in their sample size.
ILUKKWJA,Conover et al. 2009,stream_exclusion_and_buffers,abundance,no field margin,wide-bordered field margin,density (birds/0.2 ha),mourning_dove,standard_error,0.143,42,NA,0.073,NA,NA,0.111,18,NA,0.076,NA,NA,Sample size is actually lower than this. They included year in their sample size.
ILUKKWJA,Conover et al. 2009,stream_exclusion_and_buffers,abundance,narrow field margin,wide-bordered field margin,density (birds/0.2 ha),mourning_dove,standard_error,0.157,51,NA,0.071,NA,NA,0.111,18,NA,0.076,NA,NA,Sample size is actually lower than this. They included year in their sample size.
ILUKKWJA,Conover et al. 2009,stream_exclusion_and_buffers,abundance,no field margin,narrow field margin,density (birds/0.2 ha),common_grackle,standard_error,0.024,42,NA,0.024,NA,NA,0.078,51,NA,0.055,NA,NA,Sample size is actually lower than this. They included year in their sample size.
ILUKKWJA,Conover et al. 2009,stream_exclusion_and_buffers,abundance,no field margin,wide-bordered field margin,density (birds/0.2 ha),common_grackle,standard_error,0.024,42,NA,0.024,NA,NA,0.111,18,NA,0.076,NA,NA,Sample size is actually lower than this. They included year in their sample size.
ILUKKWJA,Conover et al. 2009,stream_exclusion_and_buffers,abundance,narrow field margin,wide-bordered field margin,density (birds/0.2 ha),common_grackle,standard_error,0.078,51,NA,0.055,NA,NA,0.111,18,NA,0.076,NA,NA,Sample size is actually lower than this. They included year in their sample size.
ILUKKWJA,Conover et al. 2009,stream_exclusion_and_buffers,abundance,no field margin,narrow field margin,density (birds/0.2 ha),yellow_billed_cuckoo,standard_error,0,42,NA,0,NA,NA,0.059,51,NA,0.044,NA,NA,Sample size is actually lower than this. They included year in their sample size.
ILUKKWJA,Conover et al. 2009,stream_exclusion_and_buffers,abundance,no field margin,wide-bordered field margin,density (birds/0.2 ha),yellow_billed_cuckoo,standard_error,0,42,NA,0,NA,NA,0.056,18,NA,0.056,NA,NA,Sample size is actually lower than this. They included year in their sample size.
ILUKKWJA,Conover et al. 2009,stream_exclusion_and_buffers,abundance,narrow field margin,wide-bordered field margin,density (birds/0.2 ha),yellow_billed_cuckoo,standard_error,0.059,51,NA,0.044,NA,NA,0.056,18,NA,0.056,NA,NA,Sample size is actually lower than this. They included year in their sample size.
ILUKKWJA,Conover et al. 2009,stream_exclusion_and_buffers,abundance,no field margin,narrow field margin,density (birds/0.2 ha),brown_headed_cowbird,standard_error,0,42,NA,0,NA,NA,0.078,51,NA,0.047,NA,NA,Sample size is actually lower than this. They included year in their sample size.
ILUKKWJA,Conover et al. 2009,stream_exclusion_and_buffers,abundance,no field margin,wide-bordered field margin,density (birds/0.2 ha),brown_headed_cowbird,standard_error,0,42,NA,0,NA,NA,0,18,NA,0,NA,NA,Sample size is actually lower than this. They included year in their sample size.
ILUKKWJA,Conover et al. 2009,stream_exclusion_and_buffers,abundance,narrow field margin,wide-bordered field margin,density (birds/0.2 ha),brown_headed_cowbird,standard_error,0.078,51,NA,0.047,NA,NA,0,18,NA,0,NA,NA,Sample size is actually lower than this. They included year in their sample size.
ILUKKWJA,Conover et al. 2009,stream_exclusion_and_buffers,abundance,no field margin,narrow field margin,density (birds/0.2 ha),ruby_throated_hummingbird,standard_error,0,42,NA,0,NA,NA,0.039,51,NA,0.039,NA,NA,Sample size is actually lower than this. They included year in their sample size.
ILUKKWJA,Conover et al. 2009,stream_exclusion_and_buffers,abundance,no field margin,wide-bordered field margin,density (birds/0.2 ha),ruby_throated_hummingbird,standard_error,0,42,NA,0,NA,NA,0.056,18,NA,0.056,NA,NA,Sample size is actually lower than this. They included year in their sample size.
ILUKKWJA,Conover et al. 2009,stream_exclusion_and_buffers,abundance,narrow field margin,wide-bordered field margin,density (birds/0.2 ha),ruby_throated_hummingbird,standard_error,0.039,51,NA,0.039,NA,NA,0.056,18,NA,0.056,NA,NA,Sample size is actually lower than this. They included year in their sample size.
ILUKKWJA,Conover et al. 2009,stream_exclusion_and_buffers,abundance,no field margin,narrow field margin,density (birds/0.2 ha),eastern_meadowlark,standard_error,0,42,NA,0,NA,NA,0.039,51,NA,0.028,NA,NA,Sample size is actually lower than this. They included year in their sample size.
ILUKKWJA,Conover et al. 2009,stream_exclusion_and_buffers,abundance,no field margin,wide-bordered field margin,density (birds/0.2 ha),eastern_meadowlark,standard_error,0,42,NA,0,NA,NA,0.056,18,NA,0.056,NA,NA,Sample size is actually lower than this. They included year in their sample size.
ILUKKWJA,Conover et al. 2009,stream_exclusion_and_buffers,abundance,narrow field margin,wide-bordered field margin,density (birds/0.2 ha),eastern_meadowlark,standard_error,0.039,51,NA,0.028,NA,NA,0.056,18,NA,0.056,NA,NA,Sample size is actually lower than this. They included year in their sample size.
ILUKKWJA,Conover et al. 2009,stream_exclusion_and_buffers,abundance,no field margin,narrow field margin,density (birds/0.2 ha),northern_bobwhite,standard_error,0,42,NA,0,NA,NA,0.02,51,NA,0.02,NA,NA,Sample size is actually lower than this. They included year in their sample size.
ILUKKWJA,Conover et al. 2009,stream_exclusion_and_buffers,abundance,no field margin,wide-bordered field margin,density (birds/0.2 ha),northern_bobwhite,standard_error,0,42,NA,0,NA,NA,0.056,18,NA,0.056,NA,NA,Sample size is actually lower than this. They included year in their sample size.
ILUKKWJA,Conover et al. 2009,stream_exclusion_and_buffers,abundance,narrow field margin,wide-bordered field margin,density (birds/0.2 ha),northern_bobwhite,standard_error,0.02,51,NA,0.02,NA,NA,0.056,18,NA,0.056,NA,NA,Sample size is actually lower than this. They included year in their sample size.
ILUKKWJA,Conover et al. 2009,stream_exclusion_and_buffers,abundance,no field margin,narrow field margin,density (birds/0.2 ha),northern_mockingbird,standard_error,0,42,NA,0,NA,NA,0.039,51,NA,0.028,NA,NA,Sample size is actually lower than this. They included year in their sample size.
ILUKKWJA,Conover et al. 2009,stream_exclusion_and_buffers,abundance,no field margin,wide-bordered field margin,density (birds/0.2 ha),northern_mockingbird,standard_error,0,42,NA,0,NA,NA,0,18,NA,0,NA,NA,Sample size is actually lower than this. They included year in their sample size.
ILUKKWJA,Conover et al. 2009,stream_exclusion_and_buffers,abundance,narrow field margin,wide-bordered field margin,density (birds/0.2 ha),northern_mockingbird,standard_error,0.039,51,NA,0.028,NA,NA,0,18,NA,0,NA,NA,Sample size is actually lower than this. They included year in their sample size.
ILUKKWJA,Conover et al. 2009,stream_exclusion_and_buffers,abundance,no field margin,narrow field margin,density (birds/0.2 ha),red_tailed_hawk,standard_error,0,42,NA,0,NA,NA,0.02,51,NA,0.02,NA,NA,Sample size is actually lower than this. They included year in their sample size.
ILUKKWJA,Conover et al. 2009,stream_exclusion_and_buffers,abundance,no field margin,wide-bordered field margin,density (birds/0.2 ha),red_tailed_hawk,standard_error,0,42,NA,0,NA,NA,0,18,NA,0,NA,NA,Sample size is actually lower than this. They included year in their sample size.
ILUKKWJA,Conover et al. 2009,stream_exclusion_and_buffers,abundance,narrow field margin,wide-bordered field margin,density (birds/0.2 ha),red_tailed_hawk,standard_error,0.02,51,NA,0.02,NA,NA,0,18,NA,0,NA,NA,Sample size is actually lower than this. They included year in their sample size.
ILUKKWJA,Conover et al. 2009,stream_exclusion_and_buffers,abundance,no field margin,narrow field margin,density (birds/0.2 ha),wild_turkey,standard_error,0,42,NA,0,NA,NA,0.02,51,NA,0.02,NA,NA,Sample size is actually lower than this. They included year in their sample size.
ILUKKWJA,Conover et al. 2009,stream_exclusion_and_buffers,abundance,no field margin,wide-bordered field margin,density (birds/0.2 ha),wild_turkey,standard_error,0,42,NA,0,NA,NA,0,18,NA,0,NA,NA,Sample size is actually lower than this. They included year in their sample size.
ILUKKWJA,Conover et al. 2009,stream_exclusion_and_buffers,abundance,narrow field margin,wide-bordered field margin,density (birds/0.2 ha),wild_turkey,standard_error,0.02,51,NA,0.02,NA,NA,0,18,NA,0,NA,NA,Sample size is actually lower than this. They included year in their sample size.
ILUKKWJA,Conover et al. 2009,stream_exclusion_and_buffers,abundance,no field margin,narrow field margin,density (birds/0.2 ha),killdeer,standard_error,0,42,NA,0,NA,NA,0.02,51,NA,0.02,NA,NA,Sample size is actually lower than this. They included year in their sample size.
ILUKKWJA,Conover et al. 2009,stream_exclusion_and_buffers,abundance,no field margin,wide-bordered field margin,density (birds/0.2 ha),killdeer,standard_error,0,42,NA,0,NA,NA,0,18,NA,0,NA,NA,Sample size is actually lower than this. They included year in their sample size.
ILUKKWJA,Conover et al. 2009,stream_exclusion_and_buffers,abundance,narrow field margin,wide-bordered field margin,density (birds/0.2 ha),killdeer,standard_error,0.02,51,NA,0.02,NA,NA,0,18,NA,0,NA,NA,Sample size is actually lower than this. They included year in their sample size.
ILUKKWJA,Conover et al. 2009,stream_exclusion_and_buffers,abundance,no field margin,narrow field margin,density (birds/0.2 ha),horned_lark,standard_error,0,42,NA,0,NA,NA,0.02,51,NA,0.02,NA,NA,Sample size is actually lower than this. They included year in their sample size.
ILUKKWJA,Conover et al. 2009,stream_exclusion_and_buffers,abundance,no field margin,wide-bordered field margin,density (birds/0.2 ha),horned_lark,standard_error,0,42,NA,0,NA,NA,0,18,NA,0,NA,NA,Sample size is actually lower than this. They included year in their sample size.
ILUKKWJA,Conover et al. 2009,stream_exclusion_and_buffers,abundance,narrow field margin,wide-bordered field margin,density (birds/0.2 ha),horned_lark,standard_error,0.02,51,NA,0.02,NA,NA,0,18,NA,0,NA,NA,Sample size is actually lower than this. They included year in their sample size.
ILUKKWJA,Conover et al. 2009,stream_exclusion_and_buffers,abundance,no field margin,narrow field margin,density (birds/0.2 ha),brown_thrasher,standard_error,0,42,NA,0,NA,NA,0.02,51,NA,0.02,NA,NA,Sample size is actually lower than this. They included year in their sample size.
ILUKKWJA,Conover et al. 2009,stream_exclusion_and_buffers,abundance,no field margin,wide-bordered field margin,density (birds/0.2 ha),brown_thrasher,standard_error,0,42,NA,0,NA,NA,0,18,NA,0,NA,NA,Sample size is actually lower than this. They included year in their sample size.
ILUKKWJA,Conover et al. 2009,stream_exclusion_and_buffers,abundance,narrow field margin,wide-bordered field margin,density (birds/0.2 ha),brown_thrasher,standard_error,0.02,51,NA,0.02,NA,NA,0,18,NA,0,NA,NA,Sample size is actually lower than this. They included year in their sample size.
ILUKKWJA,Conover et al. 2009,stream_exclusion_and_buffers,abundance,no field margin,narrow field margin,density (birds/0.2 ha),blue_grosbeak,standard_error,0,42,NA,0,NA,NA,0,51,NA,0,NA,NA,Sample size is actually lower than this. They included year in their sample size.
ILUKKWJA,Conover et al. 2009,stream_exclusion_and_buffers,abundance,no field margin,wide-bordered field margin,density (birds/0.2 ha),blue_grosbeak,standard_error,0,42,NA,0,NA,NA,0.056,18,NA,0.056,NA,NA,Sample size is actually lower than this. They included year in their sample size.
ILUKKWJA,Conover et al. 2009,stream_exclusion_and_buffers,abundance,narrow field margin,wide-bordered field margin,density (birds/0.2 ha),blue_grosbeak,standard_error,0,51,NA,0,NA,NA,0.056,18,NA,0.056,NA,NA,Sample size is actually lower than this. They included year in their sample size.
ILUKKWJA,Conover et al. 2009,stream_exclusion_and_buffers,abundance,no field margin,narrow field margin,density (birds/0.2 ha),painted_bunting,standard_error,0,42,NA,0,NA,NA,0.02,51,NA,0.02,NA,NA,Sample size is actually lower than this. They included year in their sample size.
ILUKKWJA,Conover et al. 2009,stream_exclusion_and_buffers,abundance,no field margin,wide-bordered field margin,density (birds/0.2 ha),painted_bunting,standard_error,0,42,NA,0,NA,NA,0,18,NA,0,NA,NA,Sample size is actually lower than this. They included year in their sample size.
ILUKKWJA,Conover et al. 2009,stream_exclusion_and_buffers,abundance,narrow field margin,wide-bordered field margin,density (birds/0.2 ha),painted_bunting,standard_error,0.02,51,NA,0.02,NA,NA,0,18,NA,0,NA,NA,Sample size is actually lower than this. They included year in their sample size.
ILUKKWJA,Conover et al. 2009,stream_exclusion_and_buffers,abundance,no field margin,narrow field margin,density (birds/0.2 ha),eastern_towhee,standard_error,0,42,NA,0,NA,NA,0,51,NA,0,NA,NA,Sample size is actually lower than this. They included year in their sample size.
ILUKKWJA,Conover et al. 2009,stream_exclusion_and_buffers,abundance,no field margin,wide-bordered field margin,density (birds/0.2 ha),eastern_towhee,standard_error,0,42,NA,0,NA,NA,0.056,18,NA,0.056,NA,NA,Sample size is actually lower than this. They included year in their sample size.
ILUKKWJA,Conover et al. 2009,stream_exclusion_and_buffers,abundance,narrow field margin,wide-bordered field margin,density (birds/0.2 ha),eastern_towhee,standard_error,0,51,NA,0,NA,NA,0.056,18,NA,0.056,NA,NA,Sample size is actually lower than this. They included year in their sample size.
ILUKKWJA,Conover et al. 2009,stream_exclusion_and_buffers,abundance,no field margin,narrow field margin,density (birds/0.2 ha),orchard_oriole,standard_error,0,42,NA,0,NA,NA,0.02,51,NA,0.02,NA,NA,Sample size is actually lower than this. They included year in their sample size.
ILUKKWJA,Conover et al. 2009,stream_exclusion_and_buffers,abundance,no field margin,wide-bordered field margin,density (birds/0.2 ha),orchard_oriole,standard_error,0,42,NA,0,NA,NA,0,18,NA,0,NA,NA,Sample size is actually lower than this. They included year in their sample size.
ILUKKWJA,Conover et al. 2009,stream_exclusion_and_buffers,abundance,narrow field margin,wide-bordered field margin,density (birds/0.2 ha),orchard_oriole,standard_error,0.02,51,NA,0.02,NA,NA,0,18,NA,0,NA,NA,Sample size is actually lower than this. They included year in their sample size.
ZFUENEQI,Conover et al. 2011,edge_and_shrub_habitat,abundance,Riparian forest buffer adjacent to wooded vegetation,Riparian forest buffer adjacent to non-wooded vegetation,nest density (nests/100 ha),red_winged_blackbird,confidence_intervals,64.81,27,NA,NA,23.61,106.01,103.17,23,NA,NA,43.03,163.31,NA
ZFUENEQI,Conover et al. 2011,edge_and_shrub_habitat,abundance,Riparian forest buffer adjacent to wooded vegetation,Riparian forest buffer adjacent to non-wooded vegetation,nest density (nests/100 ha),dickcissel,confidence_intervals,37.04,27,NA,NA,2.9,71.18,65.22,23,NA,NA,32.82,97.62,NA
47D2B23I,Conover et al. 2014,Plant native warm season grasses (NWSGs) and wildflowers,species_richness,Diverse strips (2005),monotypic filter strips (2005),species_richness,all_species,standard_error,2.45,20,NA,0.1,NA,NA,2.3,20,NA,0.25,NA,NA,Estimated from plot
47D2B23I,Conover et al. 2014,Plant native warm season grasses (NWSGs) and wildflowers,species_richness,Diverse strips (2006),monotypic filter strips (2006),species_richness,all_species,standard_error,1.7,20,NA,0.075,NA,NA,1.25,20,NA,0.1,NA,NA,Estimated from plot
47D2B23I,Conover et al. 2014,Plant native warm season grasses (NWSGs) and wildflowers,species_richness,Diverse strips (2007),monotypic filter strips (2007),species_richness,all_species,standard_error,1.75,20,NA,0.075,NA,NA,1.7,20,NA,0.1,NA,NA,Estimated from plot
47D2B23I,Conover et al. 2014,Stream exclusion and buffer plantings,species_richness,Riparian buffer strips (2005),monotypic filter strips (2005),species_richness,all_species,standard_error,1.8,20,NA,0.1,NA,NA,2.3,20,NA,0.25,NA,NA,Estimated from plot
47D2B23I,Conover et al. 2014,Stream exclusion and buffer plantings,species_richness,Riparian buffer strips (2006),monotypic filter strips (2006),species_richness,all_species,standard_error,1.25,20,NA,0.1,NA,NA,1.25,20,NA,0.1,NA,NA,Estimated from plot
47D2B23I,Conover et al. 2014,Stream exclusion and buffer plantings,species_richness,Riparian buffer strips (2007),monotypic filter strips (2007),species_richness,all_species,standard_error,1.4,20,NA,0.1,NA,NA,1.7,20,NA,0.1,NA,NA,Estimated from plot
47D2B23I,Conover et al. 2014,Plant native warm season grasses (NWSGs) and wildflowers,abundance,Diverse strips (2005),monotypic filter strips (2005),abundance,all_species,standard_error,9.75,20,NA,1,NA,NA,4.75,20,NA,0.75,NA,NA,Estimated from plot
47D2B23I,Conover et al. 2014,Plant native warm season grasses (NWSGs) and wildflowers,abundance,Diverse strips (2006),monotypic filter strips (2006),abundance,all_species,standard_error,4.5,20,NA,0.25,NA,NA,4,20,NA,0.25,NA,NA,Estimated from plot
47D2B23I,Conover et al. 2014,Plant native warm season grasses (NWSGs) and wildflowers,abundance,Diverse strips (2007),monotypic filter strips (2007),abundance,all_species,standard_error,7.5,20,NA,0.75,NA,NA,4.5,20,NA,0.5,NA,NA,Estimated from plot
47D2B23I,Conover et al. 2014,Stream exclusion and buffer plantings,abundance,Riparian buffer strips (2005),monotypic filter strips (2005),abundance,all_species,standard_error,4.5,20,NA,0.5,NA,NA,4.75,20,NA,0.75,NA,NA,Estimated from plot
47D2B23I,Conover et al. 2014,Stream exclusion and buffer plantings,abundance,Riparian buffer strips (2006),monotypic filter strips (2006),abundance,all_species,standard_error,2.75,20,NA,0.25,NA,NA,4,20,NA,0.25,NA,NA,Estimated from plot
47D2B23I,Conover et al. 2014,Stream exclusion and buffer plantings,abundance,Riparian buffer strips (2007),monotypic filter strips (2007),abundance,all_species,standard_error,3.5,20,NA,0.75,NA,NA,4.5,20,NA,0.5,NA,NA,Estimated from plot
KXCFYIJV,Coppedge et al. 2008,Prescribed fire; Manage fields in patches,species_richness,Patch-burn treatment,traditional management,species_richness,all_species,standard_error,9.36,2,NA,0.28,NA,NA,9.33,2,NA,0.32,NA,NA,NA
KXCFYIJV,Coppedge et al. 2008,Prescribed fire; Manage fields in patches,species_richness,Patch-burn treatment,traditional management,species_richness,grassland_obligates,standard_error,4.47,2,NA,0.11,NA,NA,4.11,2,NA,0.1,NA,NA,NA
KXCFYIJV,Coppedge et al. 2008,Prescribed fire; Manage fields in patches,abundance,Patch-burn treatment,traditional management,abundance,all_species,standard_error,8.13,2,NA,0.28,NA,NA,7.52,2,NA,0.27,NA,NA,NA
KXCFYIJV,Coppedge et al. 2008,Prescribed fire; Manage fields in patches,abundance,Patch-burn treatment,traditional management,abundance,grassland_obligates,standard_error,6.96,2,NA,0.27,NA,NA,6.45,2,NA,0.2,NA,NA,NA
LNNCH8TG,Davis 2018,Plant native warm season grasses (NWSGs) and wildflowers,nest_success,native field,planted field,eggs per nest,spragues_pipit,standard_error,4.5,113,NA,0.01,NA,NA,4.7,76,NA,0.01,NA,NA,Treatment is defined here as the native field
LNNCH8TG,Davis 2018,Plant native warm season grasses (NWSGs) and wildflowers,nest_success,native field,planted field,fledglings per nest,spragues_pipit,standard_error,1.2,113,NA,0.01,NA,NA,0.9,76,NA,0.02,NA,NA,Treatment is defined here as the native field; unsure if number fledged is all nests or only successful nests
HZBZKNRR,Davis et al. 2013,Plant native warm season grasses (NWSGs) and wildflowers,abundance,native planted grassland (Saskatchewan),non-native planted grassland (Saskatchewan),abundance,savannah_sparrow,standard_error,5.5,120,NA,0.22,NA,NA,5,120,NA,0.18,NA,NA,NA
HZBZKNRR,Davis et al. 2013,Plant native warm season grasses (NWSGs) and wildflowers,abundance,native planted grassland (Alberta),non-native planted grassland (Alberta),abundance,savannah_sparrow,standard_error,2.1,96,NA,0.15,NA,NA,3.6,96,NA,0.19,NA,NA,NA
HZBZKNRR,Davis et al. 2013,Plant native warm season grasses (NWSGs) and wildflowers,abundance,native planted grassland (Saskatchewan),non-native planted grassland (Saskatchewan),abundance,bobolink,standard_error,0.04,120,NA,0.02,NA,NA,0.5,120,NA,0.08,NA,NA,NA
HZBZKNRR,Davis et al. 2013,Plant native warm season grasses (NWSGs) and wildflowers,abundance,native planted grassland (Saskatchewan),non-native planted grassland (Saskatchewan),abundance,western_meadowlark,standard_error,0.3,120,NA,0.04,NA,NA,0.2,120,NA,0.04,NA,NA,NA
HZBZKNRR,Davis et al. 2013,Plant native warm season grasses (NWSGs) and wildflowers,abundance,native planted grassland (Alberta),non-native planted grassland (Alberta),abundance,western_meadowlark,standard_error,0.4,96,NA,0.07,NA,NA,0.2,96,NA,0.04,NA,NA,NA
SQ8ICKWV,Davis et al. 2016,Plant native warm season grasses (NWSGs) and wildflowers,abundance,native pasture,planted pasture,abundance,savannah_sparrow,confidence_intervals,7.8,14,NA,NA,4.7,10.8,4.7,15,NA,NA,2.5,6.9,NA
SQ8ICKWV,Davis et al. 2016,Plant native warm season grasses (NWSGs) and wildflowers,abundance,native pasture,planted pasture,abundance,grasshopper_sparrow,confidence_intervals,0.6,14,NA,NA,0.1,1,1.5,15,NA,NA,0.4,2.7,NA
SQ8ICKWV,Davis et al. 2016,Plant native warm season grasses (NWSGs) and wildflowers,abundance,native pasture,hay,abundance,savannah_sparrow,confidence_intervals,7.8,14,NA,NA,4.7,10.8,8.4,14,NA,NA,5.9,10.9,"Saskatchewan, Canada"
SQ8ICKWV,Davis et al. 2016,Plant native warm season grasses (NWSGs) and wildflowers,abundance,native pasture,hay,abundance,grasshopper_sparrow,confidence_intervals,0.6,14,NA,NA,0.1,1,1.7,14,NA,NA,0.1,0.33,"Saskatchewan, Canada"
SQ8ICKWV,Davis et al. 2016,Plant native warm season grasses (NWSGs) and wildflowers,nest_success,native pasture,planted pasture,number of nestlings surviving to fledging,savannah_sparrow,standard_error,1.3,61,NA,0.2,NA,NA,0.6,20,NA,0.2,NA,NA,NA
SQ8ICKWV,Davis et al. 2016,Plant native warm season grasses (NWSGs) and wildflowers,nest_success,native pasture,hay,number of nestlings surviving to fledging,savannah_sparrow,standard_error,1.3,61,NA,0.2,NA,NA,1,24,NA,0.3,NA,NA,NA
C8RH4NET,Davis et al. 2020,summer_pasture_stockpiling,abundance,Pulse-grazed,Traditional (season-long) grazed,abundance,mccowns_longspur,confidence_intervals,-0.214,18,NA,NA,-0.729,0.291,-1.781,51,NA,NA,-3.822,-0.262,NA
C8RH4NET,Davis et al. 2020,summer_pasture_stockpiling,abundance,Pulse-grazed,Traditional (season-long) grazed,abundance,horned_lark,confidence_intervals,0.099,18,NA,NA,-0.034,0.233,0.922,51,NA,NA,0.669,1.164,NA
C8RH4NET,Davis et al. 2020,summer_pasture_stockpiling,abundance,Pulse-grazed,Traditional (season-long) grazed,abundance,lark_bunting,confidence_intervals,0.11,18,NA,NA,-0.009,0.228,1.355,51,NA,NA,1.164,1.543,NA
C8RH4NET,Davis et al. 2020,summer_pasture_stockpiling,abundance,Pulse-grazed,Traditional (season-long) grazed,abundance,western_meadowlark,confidence_intervals,-0.048,18,NA,NA,-0.19,0.093,0.275,51,NA,NA,-0.553,0.006,NA
C8RH4NET,Davis et al. 2020,summer_pasture_stockpiling,abundance,Pulse-grazed,Traditional (season-long) grazed,abundance,grasshopper_sparrow,confidence_intervals,-0.023,18,NA,NA,-0.218,0.1,-0.768,51,NA,NA,-1.357,-0.164,NA
YXR6499E,Davis et al. 2020b,plant_nwsg,abundance,Native grassland,Exotic grassland,abundance,horned_lark,standard_error,1.1,192,NA,0.2,NA,NA,2.3,185,NA,0.3,NA,NA,Maximum number of singing males per point count
YXR6499E,Davis et al. 2020b,plant_nwsg,abundance,Native grassland,Exotic grassland,abundance,spragues_pipit,standard_error,1,192,NA,0.1,NA,NA,0,185,NA,0,NA,NA,Maximum number of singing males per point count
YXR6499E,Davis et al. 2020b,plant_nwsg,abundance,Native grassland,Exotic grassland,abundance,chestnut_collared_longspur,standard_error,1.1,192,NA,0.2,NA,NA,0.4,185,NA,0.2,NA,NA,Maximum number of singing males per point count
YXR6499E,Davis et al. 2020b,plant_nwsg,abundance,Native grassland,Exotic grassland,abundance,vesper_sparrow,standard_error,1.6,192,NA,0.2,NA,NA,2.3,185,NA,0.2,NA,NA,Maximum number of singing males per point count
YXR6499E,Davis et al. 2020b,plant_nwsg,abundance,Native grassland,Exotic grassland,abundance,savannah_sparrow,standard_error,3.4,192,NA,0.1,NA,NA,3.4,185,NA,0.2,NA,NA,Maximum number of singing males per point count
YXR6499E,Davis et al. 2020b,plant_nwsg,abundance,Native grassland,Exotic grassland,abundance,bairds_sparrow,standard_error,1.9,192,NA,0.2,NA,NA,0.2,185,NA,0.1,NA,NA,Maximum number of singing males per point count
YXR6499E,Davis et al. 2020b,plant_nwsg,abundance,Native grassland,Exotic grassland,abundance,western_meadowlark,standard_error,0.3,192,NA,0.1,NA,NA,0.3,185,NA,0.1,NA,NA,Maximum number of singing males per point count
YXR6499E,Davis et al. 2020b,plant_nwsg,abundance,Native grassland,Exotic grassland,abundance,brown_headed_cowbird,standard_error,0.1,192,NA,0,NA,NA,0.3,185,NA,0.1,NA,NA,Maximum number of singing males per point count
926Z83RQ,de Zwaan et al. 2024,Edge and Shrub Habitat,abundance,farms with woody features,farms without woody features,abundance,all_species,standard_error,8.7,327,NA,1.6,NA,NA,7.557,326,NA,2.531,NA,NA,"653 study sites total contributed to the prediction, but this was based on a projection from proportion of LWF, so I divided it in half"
IAAZA5MM,Denny et al. 2021,Delay hay,nest_success,late hay,early hay,dsr,savannah_sparrow,confidence_intervals,0.96,35,NA,NA,0.954,0.966,0.929,35,NA,NA,0.899,0.96,"Chose Philopatric, sample size is not provide by treatment, so this is assuming an even number of nests per treatment"
IAAZA5MM,Denny et al. 2021,Delay hay,nest_success,late hay,early hay,nest_success,savannah_sparrow,confidence_intervals,0.377,35,NA,NA,0.323,0.436,0.169,35,NA,NA,0.078,0.292,"Chose Philopatric, sample size is not provide by treatment, so this is assuming an even number of nests per treatment"
IAAZA5MM,Denny et al. 2021,Delay hay,nest_success,late hay,early hay,dsr,bobolink,confidence_intervals,0.967,29,NA,NA,0.957,0.975,0.94,28,NA,NA,0.904,0.963,"Chose Philopatric, sample size is not provide by treatment, so this is assuming an even number of nests per treatment"
IAAZA5MM,Denny et al. 2021,Delay hay,nest_success,late hay,early hay,nest_success,bobolink,confidence_intervals,0.432,29,NA,NA,0.333,0.531,0.216,28,NA,NA,0.08,0.39,"Chose Philopatric, sample size is not provide by treatment, so this is assuming an even number of nests per treatment"
YD99BG64,Duchardt et al. 2016,Prescribed fire; Manage fields in patches,abundance,patch-burn graze,graze-and-burn,density,dickcissel,standard_error,1.048,4,NA,0.132,NA,NA,0.941,4,NA,0.141,NA,NA,"Four pastures, but between 3 and 9 transects per treatment"
YD99BG64,Duchardt et al. 2016,Prescribed fire; Manage fields in patches,abundance,patch-burn graze,graze-and-burn,density,grasshopper_sparrow,standard_error,1.21,4,NA,0.07,NA,NA,1.004,4,NA,0.132,NA,NA,"Four pastures, but between 3 and 9 transects per treatment"
YD99BG64,Duchardt et al. 2016,Prescribed fire; Manage fields in patches,abundance,patch-burn graze,graze-and-burn,density,bobolink,standard_error,0.936,4,NA,0.102,NA,NA,0.722,4,NA,0.15,NA,NA,"Four pastures, but between 3 and 9 transects per treatment"
YD99BG64,Duchardt et al. 2016,Prescribed fire; Manage fields in patches,abundance,patch-burn graze,graze-and-burn,density,eastern_meadowlark,standard_error,0.909,4,NA,0.102,NA,NA,0.661,4,NA,0.062,NA,NA,"Four pastures, but between 3 and 9 transects per treatment"
YD99BG64,Duchardt et al. 2016,Prescribed fire; Manage fields in patches,abundance,patch-burn graze,graze-and-burn,density,red_winged_blackbird,standard_error,0.625,4,NA,0.127,NA,NA,0.775,4,NA,0.117,NA,NA,"Four pastures, but between 3 and 9 transects per treatment"
YD99BG64,Duchardt et al. 2016,Prescribed fire; Manage fields in patches,abundance,patch-burn graze,graze-and-burn,density,common_yellowthroat,standard_error,0.176,4,NA,0.043,NA,NA,0.256,4,NA,0.066,NA,NA,"Four pastures, but between 3 and 9 transects per treatment"
YD99BG64,Duchardt et al. 2016,Prescribed fire; Manage fields in patches,abundance,patch-burn graze,graze-and-burn,density,northern_bobwhite,standard_error,0.038,4,NA,0.027,NA,NA,0.073,4,NA,0.049,NA,NA,"Four pastures, but between 3 and 9 transects per treatment"
YD99BG64,Duchardt et al. 2016,Prescribed fire; Manage fields in patches,abundance,patch-burn graze,graze-and-burn,density,eastern_bluebird,standard_error,0.028,4,NA,0.016,NA,NA,0.045,4,NA,0.018,NA,NA,"Four pastures, but between 3 and 9 transects per treatment"
DS5EPZ93,Eggebo et al. 2003,Plant native warm season grasses (NWSGs) and wildflowers,abundance,Old NWSG field (planted 10-13 years prior),Old CSG fields (planted 10-13 years prior),crowing counts (male count),ring_necked_pheasant,standard_error,7.5,8,NA,2.3,NA,NA,13.9,12,NA,3.1,NA,NA,Crowing counts of males
DS5EPZ93,Eggebo et al. 2003,Plant native warm season grasses (NWSGs) and wildflowers,abundance,New NWSG field (planted 1-3 years prior),New CSG fields (planted 1-3 years prior),crowing counts (male count),ring_necked_pheasant,standard_error,4.9,13,NA,1,NA,NA,5.3,8,NA,0.8,NA,NA,Crowing counts of males
VAP55SP2,Fletcher and Koford 2002,Plant native warm season grasses (NWSGs) and wildflowers,species_richness,Native prairie,restored grassland (CSG and WSG mix),species_richness,all_species,standard_error,6.7,10,NA,0.29,NA,NA,6.5,10,NA,0.3,NA,NA,Treatment is defined here as the native prairie
VAP55SP2,Fletcher and Koford 2002,Plant native warm season grasses (NWSGs) and wildflowers,abundance,Native prairie,restored grassland (CSG and WSG mix),density (male/ha),sedge_wren,confidence_intervals,0.79,10,NA,NA,0.54,1.15,0.6,10,NA,NA,0.4,0.91,Treatment is defined here as the native prairie
VAP55SP2,Fletcher and Koford 2002,Plant native warm season grasses (NWSGs) and wildflowers,abundance,Native prairie,restored grassland (CSG and WSG mix),density (male/ha),common_yellowthroat,confidence_intervals,2.68,10,NA,NA,1.41,5.08,1.04,10,NA,NA,0.55,1.96,Treatment is defined here as the native prairie
VAP55SP2,Fletcher and Koford 2002,Plant native warm season grasses (NWSGs) and wildflowers,abundance,Native prairie,restored grassland (CSG and WSG mix),density (male/ha),savannah_sparrow,confidence_intervals,0.07,10,NA,NA,0.03,0.17,0.67,10,NA,NA,0.38,1.17,Treatment is defined here as the native prairie
VAP55SP2,Fletcher and Koford 2002,Plant native warm season grasses (NWSGs) and wildflowers,abundance,Native prairie,restored grassland (CSG and WSG mix),density (male/ha),grasshopper_sparrow,confidence_intervals,0.08,10,NA,NA,0.05,0.15,0.32,10,NA,NA,0.21,0.5,Treatment is defined here as the native prairie
VAP55SP2,Fletcher and Koford 2002,Plant native warm season grasses (NWSGs) and wildflowers,abundance,Native prairie,restored grassland (CSG and WSG mix),density (male/ha),dickcissel,confidence_intervals,0.38,10,NA,NA,0.28,0.52,0.29,10,NA,NA,0.21,0.4,Treatment is defined here as the native prairie
VAP55SP2,Fletcher and Koford 2002,Plant native warm season grasses (NWSGs) and wildflowers,abundance,Native prairie,restored grassland (CSG and WSG mix),density (male/ha),bobolink,confidence_intervals,1.62,10,NA,NA,1.08,2.44,1.46,10,NA,NA,0.97,2.21,Treatment is defined here as the native prairie
VAP55SP2,Fletcher and Koford 2002,Plant native warm season grasses (NWSGs) and wildflowers,abundance,Native prairie,restored grassland (CSG and WSG mix),density (male/ha),red_winged_blackbird,confidence_intervals,0.68,10,NA,NA,0.54,0.87,0.97,10,NA,NA,0.77,1.23,Treatment is defined here as the native prairie
VAP55SP2,Fletcher and Koford 2002,Plant native warm season grasses (NWSGs) and wildflowers,abundance,Native prairie,restored grassland (CSG and WSG mix),density (male/ha),american_goldfinch,confidence_intervals,0.2,10,NA,NA,0.09,0.47,0.07,10,NA,NA,0.02,0.21,Treatment is defined here as the native prairie
KHQAUEP3,Genghini et al. 2006,"Eliminate the use of pesticides, including insecticides and rodenticides",abundance,Organic farm,Conventional,density,all_species,standard_deviation,2.77,15,2.26,NA,NA,NA,1.75,26,1.39,NA,NA,NA,NA
KHQAUEP3,Genghini et al. 2006,"Eliminate the use of pesticides, including insecticides and rodenticides",species_richness,Organic farm,Conventional,shannon diversity,all_species,standard_deviation,0.68,15,0.23,NA,NA,NA,0.4,26,0.24,NA,NA,NA,Alpha diversity expressed as shannon diversity
LU5JZP88,Giuliano and Daves 2002,Plant native warm season grasses (NWSGs) and wildflowers,species_richness,NWSG,CSG,species_richness,all_species,standard_error,11.1,21,NA,0.9,NA,NA,7.1,21,NA,0.7,NA,NA,Treatment is defined as NWSG; sample size is the minimum across years (three more were added)
LU5JZP88,Giuliano and Daves 2002,Plant native warm season grasses (NWSGs) and wildflowers,nest_success,NWSG,CSG,fledge_rate,all_species,standard_error,0.7,21,NA,0.1,NA,NA,0.48,21,NA,0.1,NA,NA,Treatment is defined as NWSG; sample size is the minimum across years (three more were added)
LU5JZP88,Giuliano and Daves 2002,Plant native warm season grasses (NWSGs) and wildflowers,nest_success,NWSG,CSG,depredation_rate,all_species,standard_error,0.31,21,NA,0.1,NA,NA,0.35,21,NA,0.1,NA,NA,Treatment is defined as NWSG; sample size is the minimum across years (three more were added)
LU5JZP88,Giuliano and Daves 2002,Plant native warm season grasses (NWSGs) and wildflowers,abundance,NWSG,CSG,abundance,all_species,standard_error,11.6,21,NA,1.4,NA,NA,7.1,21,NA,0.8,NA,NA,Treatment is defined as NWSG; sample size is the minimum across years (three more were added)
LU5JZP88,Giuliano and Daves 2002,Plant native warm season grasses (NWSGs) and wildflowers,abundance,NWSG,CSG,abundance,bobolink,standard_error,0.19,21,NA,0.15,NA,NA,0.04,21,NA,0.03,NA,NA,Treatment is defined as NWSG; sample size is the minimum across years (three more were added)
LU5JZP88,Giuliano and Daves 2002,Plant native warm season grasses (NWSGs) and wildflowers,abundance,NWSG,CSG,abundance,savannah_sparrow,standard_error,1.06,21,NA,0.04,NA,NA,0.61,21,NA,0.13,NA,NA,Treatment is defined as NWSG; sample size is the minimum across years (three more were added)
LU5JZP88,Giuliano and Daves 2002,Plant native warm season grasses (NWSGs) and wildflowers,abundance,NWSG,CSG,abundance,grasshopper_sparrow,standard_error,0.56,21,NA,0.18,NA,NA,0.46,21,NA,0.33,NA,NA,Treatment is defined as NWSG; sample size is the minimum across years (three more were added)
LU5JZP88,Giuliano and Daves 2002,Plant native warm season grasses (NWSGs) and wildflowers,abundance,NWSG,CSG,abundance,song_sparrow,standard_error,0.96,21,NA,0.27,NA,NA,0.17,21,NA,0.26,NA,NA,Treatment is defined as NWSG; sample size is the minimum across years (three more were added)
LU5JZP88,Giuliano and Daves 2002,Plant native warm season grasses (NWSGs) and wildflowers,abundance,NWSG,CSG,abundance,field_sparrow,standard_error,0.72,21,NA,0.26,NA,NA,0.18,21,NA,0.08,NA,NA,Treatment is defined as NWSG; sample size is the minimum across years (three more were added)
LU5JZP88,Giuliano and Daves 2002,Plant native warm season grasses (NWSGs) and wildflowers,abundance,NWSG,CSG,abundance,eastern_meadowlark,standard_error,0.31,21,NA,0.11,NA,NA,0.2,21,NA,0.06,NA,NA,Treatment is defined as NWSG; sample size is the minimum across years (three more were added)
LU5JZP88,Giuliano and Daves 2002,Plant native warm season grasses (NWSGs) and wildflowers,abundance,NWSG,CSG,abundance,red_winged_blackbird,standard_error,1.86,21,NA,0.4,NA,NA,2.68,21,NA,0.56,NA,NA,Treatment is defined as NWSG; sample size is the minimum across years (three more were added)
LU5JZP88,Giuliano and Daves 2002,Plant native warm season grasses (NWSGs) and wildflowers,abundance,NWSG,CSG,abundance,american_goldfinch,standard_error,0.31,21,NA,0.18,NA,NA,0.05,21,NA,0.04,NA,NA,Treatment is defined as NWSG; sample size is the minimum across years (three more were added)
LU5JZP88,Giuliano and Daves 2002,Plant native warm season grasses (NWSGs) and wildflowers,abundance,NWSG,CSG,abundance,common_yellowthroat,standard_error,0.29,21,NA,0.12,NA,NA,0.06,21,NA,0.04,NA,NA,Treatment is defined as NWSG; sample size is the minimum across years (three more were added)
9VXKLDSA,Gowdy et al. 2022,Plant native warm season grasses (NWSGs) and wildflowers,species_richness,pre-restoration,post-restoration,species_richness,all_species,standard_error,3.42,23,NA,0.08,NA,NA,1.87,15,NA,0.15,NA,NA,NA
9VXKLDSA,Gowdy et al. 2022,Plant native warm season grasses (NWSGs) and wildflowers,species_richness,pre-restoration,post-restoration,species_richness,all_species,standard_error,3.42,23,NA,0.08,NA,NA,1.87,15,NA,0.15,NA,NA,NA
9VXKLDSA,Gowdy et al. 2022,Plant native warm season grasses (NWSGs) and wildflowers,abundance,pre-restoration,post-restoration,relative abundance,all_species,standard_error,9.36,23,NA,0.13,NA,NA,3.08,15,NA,0.12,NA,NA,NA
JFJNVKAK,Grahmann et al. 2018,prescribed_fire; manage_in_patches,abundance,Patch-burn grazed fields,Grazed fields,density,northern_bobwhite,standard_error,2.9,2,NA,0.5,NA,NA,2.6,2,NA,0.6,NA,NA,NA
JFJNVKAK,Grahmann et al. 2018,prescribed_fire; manage_in_patches,survival,Patch-burn grazed fields,Grazed fields,survival,northern_bobwhite,standard_error,25,2,NA,12,NA,NA,30.8,2,NA,13.1,NA,NA,NA
M8T4QVJ5,Grueebler et al. 2012,delay_hay,nest_success,Late mowed fields,Early mowed fields,nest survival probability,whinchat,standard_error,0.701,18,NA,0.03,NA,NA,0.085,34,NA,0.004,NA,NA,NA
3J65GCSW,Harrison et al. 2010,grazing_intensity,abundance,Moderate intensity grazing,High intensity grazing,abundance,western_meadowlark,standard_error,-1.63,2,NA,0.63,NA,NA,-0.14,3,NA,0.32,NA,NA,Estimates represent betas
9HH6YMIM,Henningsen and Best 2005,Plant native warm season grasses (NWSGs) and wildflowers,abundance,WSG non-wooded riparian filter strips,CSG non-wooded riparian filter strips,density (birds/count/100 ha),ring_necked_pheasant,standard_error,5.6,6,NA,2.3,NA,NA,9.4,14,NA,3.8,NA,NA,NA
9HH6YMIM,Henningsen and Best 2005,Plant native warm season grasses (NWSGs) and wildflowers,abundance,WSG non-wooded riparian filter strips,CSG non-wooded riparian filter strips,density (birds/count/100 ha),barn_swallow,standard_error,39.3,6,NA,8.9,NA,NA,64.7,14,NA,19.2,NA,NA,NA
9HH6YMIM,Henningsen and Best 2005,Plant native warm season grasses (NWSGs) and wildflowers,abundance,WSG non-wooded riparian filter strips,CSG non-wooded riparian filter strips,density (birds/count/100 ha),cliff_swallow,standard_error,49.7,6,NA,22.8,NA,NA,6.4,14,NA,2.6,NA,NA,NA
9HH6YMIM,Henningsen and Best 2005,Plant native warm season grasses (NWSGs) and wildflowers,abundance,WSG non-wooded riparian filter strips,CSG non-wooded riparian filter strips,density (birds/count/100 ha),sedge_wren,standard_error,10.6,6,NA,5,NA,NA,17.5,14,NA,6.2,NA,NA,NA
9HH6YMIM,Henningsen and Best 2005,Plant native warm season grasses (NWSGs) and wildflowers,abundance,WSG non-wooded riparian filter strips,CSG non-wooded riparian filter strips,density (birds/count/100 ha),common_yellowthroat,standard_error,112.2,6,NA,21.3,NA,NA,94,14,NA,18.6,NA,NA,NA
9HH6YMIM,Henningsen and Best 2005,Plant native warm season grasses (NWSGs) and wildflowers,abundance,WSG non-wooded riparian filter strips,CSG non-wooded riparian filter strips,density (birds/count/100 ha) - 2001,eastern_meadowlark,standard_error,2.2,6,NA,1.5,NA,NA,1.4,14,NA,1,NA,NA,NA
9HH6YMIM,Henningsen and Best 2005,Plant native warm season grasses (NWSGs) and wildflowers,abundance,WSG non-wooded riparian filter strips,CSG non-wooded riparian filter strips,density (birds/count/100 ha) - 2002,eastern_meadowlark,standard_error,4.8,6,NA,3.7,NA,NA,6.7,14,NA,2.4,NA,NA,NA
9HH6YMIM,Henningsen and Best 2005,Plant native warm season grasses (NWSGs) and wildflowers,abundance,WSG non-wooded riparian filter strips,CSG non-wooded riparian filter strips,density (birds/count/100 ha),red_winged_blackbird,standard_error,428,6,NA,57,NA,NA,592.3,14,NA,39.6,NA,NA,NA
9HH6YMIM,Henningsen and Best 2005,Plant native warm season grasses (NWSGs) and wildflowers,abundance,WSG non-wooded riparian filter strips,CSG non-wooded riparian filter strips,density (birds/count/100 ha),indigo_bunting,standard_error,1.9,6,NA,1.4,NA,NA,3.6,14,NA,1.9,NA,NA,NA
9HH6YMIM,Henningsen and Best 2005,Plant native warm season grasses (NWSGs) and wildflowers,abundance,WSG non-wooded riparian filter strips,CSG non-wooded riparian filter strips,density (birds/count/100 ha),dickcissel,standard_error,103.3,6,NA,21,NA,NA,76.7,14,NA,16.5,NA,NA,NA
9HH6YMIM,Henningsen and Best 2005,Plant native warm season grasses (NWSGs) and wildflowers,abundance,WSG non-wooded riparian filter strips,CSG non-wooded riparian filter strips,density (birds/count/100 ha),american_goldfinch,standard_error,3.6,6,NA,2.1,NA,NA,6.5,14,NA,2.2,NA,NA,NA
9HH6YMIM,Henningsen and Best 2005,Plant native warm season grasses (NWSGs) and wildflowers,abundance,WSG non-wooded riparian filter strips,CSG non-wooded riparian filter strips,density (birds/count/100 ha),song_sparrow,standard_error,93.5,6,NA,14.5,NA,NA,63,14,NA,11.4,NA,NA,NA
9HH6YMIM,Henningsen and Best 2005,Plant native warm season grasses (NWSGs) and wildflowers,species_richness,WSG non-wooded riparian filter strips,CSG non-wooded riparian filter strips,species_richness,all_species,standard_error,8.6,6,NA,0.4,NA,NA,7.3,14,NA,0.3,NA,NA,NA
9HH6YMIM,Henningsen and Best 2005,Plant native warm season grasses (NWSGs) and wildflowers,abundance,WSG wooded riparian filter strips,CSG wooded riparian filter strips,density (birds/count/100 ha),ring_necked_pheasant,standard_error,5.2,7,NA,3,NA,NA,0.9,6,NA,0.9,NA,NA,NA
9HH6YMIM,Henningsen and Best 2005,Plant native warm season grasses (NWSGs) and wildflowers,abundance,WSG wooded riparian filter strips,CSG wooded riparian filter strips,density (birds/count/100 ha),barn_swallow,standard_error,35,7,NA,12.4,NA,NA,24.4,6,NA,9.7,NA,NA,NA
9HH6YMIM,Henningsen and Best 2005,Plant native warm season grasses (NWSGs) and wildflowers,abundance,WSG wooded riparian filter strips,CSG wooded riparian filter strips,density (birds/count/100 ha),cliff_swallow,standard_error,6.9,7,NA,4.3,NA,NA,0.7,6,NA,0.7,NA,NA,NA
9HH6YMIM,Henningsen and Best 2005,Plant native warm season grasses (NWSGs) and wildflowers,abundance,WSG wooded riparian filter strips,CSG wooded riparian filter strips,density (birds/count/100 ha),sedge_wren,standard_error,4.1,7,NA,2.6,NA,NA,1.3,6,NA,0.9,NA,NA,NA
9HH6YMIM,Henningsen and Best 2005,Plant native warm season grasses (NWSGs) and wildflowers,abundance,WSG wooded riparian filter strips,CSG wooded riparian filter strips,density (birds/count/100 ha),common_yellowthroat,standard_error,30.6,7,NA,9.2,NA,NA,17.7,6,NA,4.8,NA,NA,NA
9HH6YMIM,Henningsen and Best 2005,Plant native warm season grasses (NWSGs) and wildflowers,abundance,WSG wooded riparian filter strips,CSG wooded riparian filter strips,density (birds/count/100 ha) - 2001,eastern_meadowlark,standard_error,0,7,NA,0,NA,NA,0,6,NA,0,NA,NA,NA
9HH6YMIM,Henningsen and Best 2005,Plant native warm season grasses (NWSGs) and wildflowers,abundance,WSG wooded riparian filter strips,CSG wooded riparian filter strips,density (birds/count/100 ha) - 2002,eastern_meadowlark,standard_error,1.4,7,NA,3.4,NA,NA,4.1,6,NA,3.7,NA,NA,NA
9HH6YMIM,Henningsen and Best 2005,Plant native warm season grasses (NWSGs) and wildflowers,abundance,WSG wooded riparian filter strips,CSG wooded riparian filter strips,density (birds/count/100 ha),red_winged_blackbird,standard_error,65.7,7,NA,14.5,NA,NA,27.6,6,NA,8.4,NA,NA,NA
9HH6YMIM,Henningsen and Best 2005,Plant native warm season grasses (NWSGs) and wildflowers,abundance,WSG wooded riparian filter strips,CSG wooded riparian filter strips,density (birds/count/100 ha),indigo_bunting,standard_error,9.5,7,NA,4,NA,NA,4.7,6,NA,2.3,NA,NA,NA
9HH6YMIM,Henningsen and Best 2005,Plant native warm season grasses (NWSGs) and wildflowers,abundance,WSG wooded riparian filter strips,CSG wooded riparian filter strips,density (birds/count/100 ha),dickcissel,standard_error,8,7,NA,3.8,NA,NA,10.6,6,NA,3.8,NA,NA,NA
9HH6YMIM,Henningsen and Best 2005,Plant native warm season grasses (NWSGs) and wildflowers,abundance,WSG wooded riparian filter strips,CSG wooded riparian filter strips,density (birds/count/100 ha),american_goldfinch,standard_error,5.6,7,NA,3.4,NA,NA,3.2,6,NA,3.2,NA,NA,NA
9HH6YMIM,Henningsen and Best 2005,Plant native warm season grasses (NWSGs) and wildflowers,abundance,WSG wooded riparian filter strips,CSG wooded riparian filter strips,density (birds/count/100 ha),song_sparrow,standard_error,43.4,7,NA,10.2,NA,NA,18.1,6,NA,4.5,NA,NA,NA
9HH6YMIM,Henningsen and Best 2005,Plant native warm season grasses (NWSGs) and wildflowers,species_richness,WSG wooded riparian filter strips,CSG wooded riparian filter strips,species_richness,all_species,standard_error,6.4,7,NA,0.5,NA,NA,5.8,6,NA,0.9,NA,NA,NA
9HH6YMIM,Henningsen and Best 2005,Edge and shrub habitat,abundance,CSG wooded riparian filter strips,CSG non-wooded riparian filter strips,density (birds/count/100 ha),ring_necked_pheasant,standard_error,0.9,6,NA,0.9,NA,NA,9.4,14,NA,3.8,NA,NA,NA
9HH6YMIM,Henningsen and Best 2005,Edge and shrub habitat,abundance,CSG wooded riparian filter strips,CSG non-wooded riparian filter strips,density (birds/count/100 ha),barn_swallow,standard_error,24.4,6,NA,9.7,NA,NA,64.7,14,NA,19.2,NA,NA,NA
9HH6YMIM,Henningsen and Best 2005,Edge and shrub habitat,abundance,CSG wooded riparian filter strips,CSG non-wooded riparian filter strips,density (birds/count/100 ha),cliff_swallow,standard_error,0.7,6,NA,0.7,NA,NA,6.4,14,NA,2.6,NA,NA,NA
9HH6YMIM,Henningsen and Best 2005,Edge and shrub habitat,abundance,CSG wooded riparian filter strips,CSG non-wooded riparian filter strips,density (birds/count/100 ha),sedge_wren,standard_error,1.3,6,NA,0.9,NA,NA,17.5,14,NA,6.2,NA,NA,NA
9HH6YMIM,Henningsen and Best 2005,Edge and shrub habitat,abundance,CSG wooded riparian filter strips,CSG non-wooded riparian filter strips,density (birds/count/100 ha),common_yellowthroat,standard_error,17.7,6,NA,4.8,NA,NA,94,14,NA,18.6,NA,NA,NA
9HH6YMIM,Henningsen and Best 2005,Edge and shrub habitat,abundance,CSG wooded riparian filter strips,CSG non-wooded riparian filter strips,density (birds/count/100 ha) - 2001,eastern_meadowlark,standard_error,0,6,NA,0,NA,NA,1.4,14,NA,1,NA,NA,NA
9HH6YMIM,Henningsen and Best 2005,Edge and shrub habitat,abundance,CSG wooded riparian filter strips,CSG non-wooded riparian filter strips,density (birds/count/100 ha) - 2002,eastern_meadowlark,standard_error,4.1,6,NA,3.7,NA,NA,6.7,14,NA,2.4,NA,NA,NA
9HH6YMIM,Henningsen and Best 2005,Edge and shrub habitat,abundance,CSG wooded riparian filter strips,CSG non-wooded riparian filter strips,density (birds/count/100 ha),red_winged_blackbird,standard_error,27.6,6,NA,8.4,NA,NA,592.3,14,NA,39.6,NA,NA,NA
9HH6YMIM,Henningsen and Best 2005,Edge and shrub habitat,abundance,CSG wooded riparian filter strips,CSG non-wooded riparian filter strips,density (birds/count/100 ha),indigo_bunting,standard_error,4.7,6,NA,2.3,NA,NA,3.6,14,NA,1.9,NA,NA,NA
9HH6YMIM,Henningsen and Best 2005,Edge and shrub habitat,abundance,CSG wooded riparian filter strips,CSG non-wooded riparian filter strips,density (birds/count/100 ha),dickcissel,standard_error,10.6,6,NA,3.8,NA,NA,76.7,14,NA,16.5,NA,NA,NA
9HH6YMIM,Henningsen and Best 2005,Edge and shrub habitat,abundance,CSG wooded riparian filter strips,CSG non-wooded riparian filter strips,density (birds/count/100 ha),american_goldfinch,standard_error,3.2,6,NA,3.2,NA,NA,6.5,14,NA,2.2,NA,NA,NA
9HH6YMIM,Henningsen and Best 2005,Edge and shrub habitat,abundance,CSG wooded riparian filter strips,CSG non-wooded riparian filter strips,density (birds/count/100 ha),song_sparrow,standard_error,18.1,6,NA,4.5,NA,NA,63,14,NA,11.4,NA,NA,NA
9HH6YMIM,Henningsen and Best 2005,Edge and shrub habitat,species_richness,CSG wooded riparian filter strips,CSG non-wooded riparian filter strips,species_richness,all_species,standard_error,5.8,6,NA,0.9,NA,NA,7.3,14,NA,0.3,NA,NA,NA
9HH6YMIM,Henningsen and Best 2005,Edge and shrub habitat,abundance,WSG wooded riparian filter strips,WSG non-wooded riparian filter strips,density (birds/count/100 ha),ring_necked_pheasant,standard_error,5.2,7,NA,3,NA,NA,5.6,6,NA,2.3,NA,NA,NA
9HH6YMIM,Henningsen and Best 2005,Edge and shrub habitat,abundance,WSG wooded riparian filter strips,WSG non-wooded riparian filter strips,density (birds/count/100 ha),barn_swallow,standard_error,35,7,NA,12.4,NA,NA,39.3,6,NA,8.9,NA,NA,NA
9HH6YMIM,Henningsen and Best 2005,Edge and shrub habitat,abundance,WSG wooded riparian filter strips,WSG non-wooded riparian filter strips,density (birds/count/100 ha),cliff_swallow,standard_error,6.9,7,NA,4.3,NA,NA,49.7,6,NA,22.8,NA,NA,NA
9HH6YMIM,Henningsen and Best 2005,Edge and shrub habitat,abundance,WSG wooded riparian filter strips,WSG non-wooded riparian filter strips,density (birds/count/100 ha),sedge_wren,standard_error,4.1,7,NA,2.6,NA,NA,10.6,6,NA,5,NA,NA,NA
9HH6YMIM,Henningsen and Best 2005,Edge and shrub habitat,abundance,WSG wooded riparian filter strips,WSG non-wooded riparian filter strips,density (birds/count/100 ha),common_yellowthroat,standard_error,30.6,7,NA,9.2,NA,NA,112.2,6,NA,21.3,NA,NA,NA
9HH6YMIM,Henningsen and Best 2005,Edge and shrub habitat,abundance,WSG wooded riparian filter strips,WSG non-wooded riparian filter strips,density (birds/count/100 ha) - 2001,eastern_meadowlark,standard_error,0,7,NA,0,NA,NA,2.2,6,NA,1.5,NA,NA,NA
9HH6YMIM,Henningsen and Best 2005,Edge and shrub habitat,abundance,WSG wooded riparian filter strips,WSG non-wooded riparian filter strips,density (birds/count/100 ha) - 2002,eastern_meadowlark,standard_error,1.4,7,NA,3.4,NA,NA,4.8,6,NA,3.7,NA,NA,NA
9HH6YMIM,Henningsen and Best 2005,Edge and shrub habitat,abundance,WSG wooded riparian filter strips,WSG non-wooded riparian filter strips,density (birds/count/100 ha),red_winged_blackbird,standard_error,65.7,7,NA,14.5,NA,NA,428,6,NA,57,NA,NA,NA
9HH6YMIM,Henningsen and Best 2005,Edge and shrub habitat,abundance,WSG wooded riparian filter strips,WSG non-wooded riparian filter strips,density (birds/count/100 ha),indigo_bunting,standard_error,9.5,7,NA,4,NA,NA,1.9,6,NA,1.4,NA,NA,NA
9HH6YMIM,Henningsen and Best 2005,Edge and shrub habitat,abundance,WSG wooded riparian filter strips,WSG non-wooded riparian filter strips,density (birds/count/100 ha),dickcissel,standard_error,8,7,NA,3.8,NA,NA,103.3,6,NA,21,NA,NA,NA
9HH6YMIM,Henningsen and Best 2005,Edge and shrub habitat,abundance,WSG wooded riparian filter strips,WSG non-wooded riparian filter strips,density (birds/count/100 ha),american_goldfinch,standard_error,5.6,7,NA,3.4,NA,NA,3.6,6,NA,2.1,NA,NA,NA
9HH6YMIM,Henningsen and Best 2005,Edge and shrub habitat,abundance,WSG wooded riparian filter strips,WSG non-wooded riparian filter strips,density (birds/count/100 ha),song_sparrow,standard_error,43.4,7,NA,10.2,NA,NA,93.5,6,NA,14.5,NA,NA,NA
9HH6YMIM,Henningsen and Best 2005,Edge and shrub habitat,species_richness,WSG wooded riparian filter strips,WSG non-wooded riparian filter strips,species_richness,all_species,standard_error,6.4,7,NA,0.5,NA,NA,8.6,6,NA,0.4,NA,NA,NA
9HH6YMIM,Henningsen and Best 2005,Plant native warm season grasses (NWSGs) and wildflowers,abundance,WSG non-wooded riparian filter strips,CSG non-wooded riparian filter strips,nest density (nests/100 ha),ring_necked_pheasant,standard_error,0,4,NA,0,NA,NA,2.8,11,NA,7,NA,NA,NA
9HH6YMIM,Henningsen and Best 2005,Plant native warm season grasses (NWSGs) and wildflowers,abundance,WSG non-wooded riparian filter strips,CSG non-wooded riparian filter strips,nest density (nests/100 ha),common_yellowthroat,standard_error,34.2,4,NA,18.1,NA,NA,10.2,11,NA,10.9,NA,NA,NA
9HH6YMIM,Henningsen and Best 2005,Plant native warm season grasses (NWSGs) and wildflowers,abundance,WSG non-wooded riparian filter strips,CSG non-wooded riparian filter strips,nest density (nests/100 ha),red_winged_blackbird,standard_error,1141.9,4,NA,248.9,NA,NA,835.8,11,NA,150.1,NA,NA,NA
9HH6YMIM,Henningsen and Best 2005,Plant native warm season grasses (NWSGs) and wildflowers,abundance,WSG non-wooded riparian filter strips,CSG non-wooded riparian filter strips,nest density (nests/100 ha),dickcissel,standard_error,153.8,4,NA,38.1,NA,NA,68.5,11,NA,23,NA,NA,NA
9HH6YMIM,Henningsen and Best 2005,Plant native warm season grasses (NWSGs) and wildflowers,abundance,WSG non-wooded riparian filter strips,CSG non-wooded riparian filter strips,nest density (nests/100 ha),song_sparrow,standard_error,6.4,4,NA,20.3,NA,NA,26.6,11,NA,12.2,NA,NA,NA
9HH6YMIM,Henningsen and Best 2005,Plant native warm season grasses (NWSGs) and wildflowers,abundance,WSG wooded riparian filter strips,CSG wooded riparian filter strips,nest density (nests/100 ha),ring_necked_pheasant,standard_error,18.7,5,NA,10.4,NA,NA,15.8,4,NA,11.7,NA,NA,NA
9HH6YMIM,Henningsen and Best 2005,Plant native warm season grasses (NWSGs) and wildflowers,abundance,WSG wooded riparian filter strips,CSG wooded riparian filter strips,nest density (nests/100 ha),common_yellowthroat,standard_error,35,5,NA,16.2,NA,NA,34.4,4,NA,18.1,NA,NA,NA
9HH6YMIM,Henningsen and Best 2005,Plant native warm season grasses (NWSGs) and wildflowers,abundance,WSG wooded riparian filter strips,CSG wooded riparian filter strips,nest density (nests/100 ha),red_winged_blackbird,standard_error,181.6,5,NA,222.6,NA,NA,154.7,4,NA,248.9,NA,NA,NA
9HH6YMIM,Henningsen and Best 2005,Plant native warm season grasses (NWSGs) and wildflowers,abundance,WSG wooded riparian filter strips,CSG wooded riparian filter strips,nest density (nests/100 ha),dickcissel,standard_error,0,5,NA,0,NA,NA,0,4,NA,0,NA,NA,NA
9HH6YMIM,Henningsen and Best 2005,Plant native warm season grasses (NWSGs) and wildflowers,abundance,WSG wooded riparian filter strips,CSG wooded riparian filter strips,nest density (nests/100 ha),song_sparrow,standard_error,45.6,5,NA,18.1,NA,NA,18.6,4,NA,20.3,NA,NA,NA
9HH6YMIM,Henningsen and Best 2005,Edge and shrub habitat,abundance,CSG wooded riparian filter strips,CSG non-wooded riparian filter strips,nest density (nests/100 ha),ring_necked_pheasant,standard_error,15.8,4,NA,11.7,NA,NA,2.8,11,NA,7,NA,NA,NA
9HH6YMIM,Henningsen and Best 2005,Edge and shrub habitat,abundance,CSG wooded riparian filter strips,CSG non-wooded riparian filter strips,nest density (nests/100 ha),common_yellowthroat,standard_error,34.4,4,NA,18.1,NA,NA,20.2,11,NA,10.9,NA,NA,NA
9HH6YMIM,Henningsen and Best 2005,Edge and shrub habitat,abundance,CSG wooded riparian filter strips,CSG non-wooded riparian filter strips,nest density (nests/100 ha),red_winged_blackbird,standard_error,154.7,4,NA,248.9,NA,NA,834.8,11,NA,150.1,NA,NA,NA
9HH6YMIM,Henningsen and Best 2005,Edge and shrub habitat,abundance,CSG wooded riparian filter strips,CSG non-wooded riparian filter strips,nest density (nests/100 ha),dickcissel,standard_error,0,4,NA,0,NA,NA,68.5,11,NA,23,NA,NA,NA
9HH6YMIM,Henningsen and Best 2005,Edge and shrub habitat,abundance,CSG wooded riparian filter strips,CSG non-wooded riparian filter strips,nest density (nests/100 ha),song_sparrow,standard_error,18.6,4,NA,10.3,NA,NA,26.6,11,NA,12.2,NA,NA,NA
9HH6YMIM,Henningsen and Best 2005,Edge and shrub habitat,abundance,WSG wooded riparian filter strips,WSG non-wooded riparian filter strips,nest density (nests/100 ha),ring_necked_pheasant,standard_error,18.7,5,NA,10.4,NA,NA,0,4,NA,0,NA,NA,NA
9HH6YMIM,Henningsen and Best 2005,Edge and shrub habitat,abundance,WSG wooded riparian filter strips,WSG non-wooded riparian filter strips,nest density (nests/100 ha),common_yellowthroat,standard_error,35,5,NA,16.2,NA,NA,34.2,4,NA,18.1,NA,NA,NA
9HH6YMIM,Henningsen and Best 2005,Edge and shrub habitat,abundance,WSG wooded riparian filter strips,WSG non-wooded riparian filter strips,nest density (nests/100 ha),red_winged_blackbird,standard_error,181.6,5,NA,222.6,NA,NA,1141.9,4,NA,248.9,NA,NA,NA
9HH6YMIM,Henningsen and Best 2005,Edge and shrub habitat,abundance,WSG wooded riparian filter strips,WSG non-wooded riparian filter strips,nest density (nests/100 ha),dickcissel,standard_error,0,5,NA,0,NA,NA,153.8,4,NA,38.1,NA,NA,NA
9HH6YMIM,Henningsen and Best 2005,Edge and shrub habitat,abundance,WSG wooded riparian filter strips,WSG non-wooded riparian filter strips,nest density (nests/100 ha),song_sparrow,standard_error,45.6,5,NA,18.1,NA,NA,6.4,4,NA,20.3,NA,NA,NA
6L2Y9PFL,Herakovich et al. 2021,prescribed_fire,abundance,Sites burned that year,Sites not burned that year,detection frequency,grasshopper_sparrow,standard_deviation,0.38,12,0.27,NA,NA,NA,0.1,6,0.18,NA,NA,NA,NA
6L2Y9PFL,Herakovich et al. 2021,prescribed_fire,abundance,Sites burned that year,Sites not burned that year,detection frequency,dickcissel,standard_deviation,0.98,12,0.03,NA,NA,NA,0.93,6,0.09,NA,NA,NA,NA
QI6DHMSY,Holcomb et al. 2014,prescribed_fire,abundance,Patch-burn sites,Traditional sites,density (birds/ha),brown_headed_cowbird,standard_error,0.09,3,NA,0.02,NA,NA,0.28,2,NA,0.05,NA,NA,NA
QI6DHMSY,Holcomb et al. 2014,prescribed_fire,abundance,Patch-burn sites,Traditional sites,density (birds/ha),cassins_sparrow,standard_error,1.63,3,NA,0.4,NA,NA,1.02,2,NA,0.3,NA,NA,NA
QI6DHMSY,Holcomb et al. 2014,prescribed_fire,abundance,Patch-burn sites,Traditional sites,density (birds/ha),dickcissel,standard_error,0.63,3,NA,0.18,NA,NA,1.08,2,NA,0.39,NA,NA,NA
QI6DHMSY,Holcomb et al. 2014,prescribed_fire,abundance,Patch-burn sites,Traditional sites,density (birds/ha),eastern_meadowlark,standard_error,0.04,3,NA,0.02,NA,NA,0.13,2,NA,0.05,NA,NA,NA
QI6DHMSY,Holcomb et al. 2014,prescribed_fire,abundance,Patch-burn sites,Traditional sites,density (birds/ha),field_sparrow,standard_error,1.54,3,NA,0.41,NA,NA,1.49,2,NA,0.45,NA,NA,NA
QI6DHMSY,Holcomb et al. 2014,prescribed_fire,abundance,Patch-burn sites,Traditional sites,density (birds/ha),grasshopper_sparrow,standard_error,0.13,3,NA,0.05,NA,NA,0.53,2,NA,0.13,NA,NA,NA
QI6DHMSY,Holcomb et al. 2014,prescribed_fire,abundance,Patch-burn sites,Traditional sites,density (birds/ha),lark_sparrow,standard_error,3.55,3,NA,1.02,NA,NA,0.7,2,NA,0.38,NA,NA,NA
QI6DHMSY,Holcomb et al. 2014,prescribed_fire,abundance,Patch-burn sites,Traditional sites,density (birds/ha),mourning_dove,standard_error,0.08,3,NA,0.02,NA,NA,0.06,2,NA,0.01,NA,NA,NA
QI6DHMSY,Holcomb et al. 2014,prescribed_fire,abundance,Patch-burn sites,Traditional sites,density (birds/ha),northern_bobwhite,standard_error,0.31,3,NA,0.07,NA,NA,0.24,2,NA,0.07,NA,NA,NA
QI6DHMSY,Holcomb et al. 2014,prescribed_fire,abundance,Patch-burn sites,Traditional sites,density (birds/ha),northern_mockingbird,standard_error,0.04,3,NA,0.02,NA,NA,0.01,2,NA,0.01,NA,NA,NA
QI6DHMSY,Holcomb et al. 2014,prescribed_fire,abundance,Patch-burn sites,Traditional sites,density (birds/ha),western_meadowlark,standard_error,0.38,3,NA,0.1,NA,NA,0.36,2,NA,0.11,NA,NA,NA
QI6DHMSY,Holcomb et al. 2014,prescribed_fire,nest_success,Patch-burn sites,Traditional sites,nest_success,cassins_sparrow,standard_error,50.9,38,NA,4,NA,NA,57.6,5,NA,5,NA,NA,NA
QI6DHMSY,Holcomb et al. 2014,prescribed_fire,nest_success,Patch-burn sites,Traditional sites,nest_success,field_sparrow,standard_error,17.6,44,NA,7,NA,NA,21.8,20,NA,4,NA,NA,NA
QI6DHMSY,Holcomb et al. 2014,prescribed_fire,nest_success,Patch-burn sites,Traditional sites,nest_success,lark_sparrow,standard_error,14.3,96,NA,6,NA,NA,12.4,8,NA,8,NA,NA,NA
XDNK38QY,Jedlicka et al. 2011,Install nest boxes,species_richness,sites with nest boxes,sites without nest boxes,species_richness,all_species,standard_error,4.23,6,NA,0.39,NA,NA,3.67,6,NA,0.16,NA,NA,Treatment is defined here as sites with nest boxes
XDNK38QY,Jedlicka et al. 2011,Install nest boxes,abundance,sites with nest boxes,sites without nest boxes,abundance,all_species,standard_error,3.71,6,NA,0.43,NA,NA,2.09,6,NA,0.33,NA,NA,Treatment is defined here as sites with nest boxes
2DXYTUJ6,Kempema et al. 2023,summer_pasture_stockpiling,species_richness,Short duration grazing system,Long duration grazing system,species_richness,all_species,standard_error,36.3,4,NA,2.8,NA,NA,52.7,4,NA,4,NA,NA,NA
6RIJF37M,Kentie et al. 2015,Set aside unmown areas adjacent to mowed areas,nest_success,Nests in unmown large patches (surrounded by mowed),nests in small unmown patches (surrounded by mown),nest_success (%),black_tailed_godwit,confidence_intervals,32,58,NA,NA,20,46,21,58,NA,NA,12,34,NA
9WTCPMT2,King et al. 2009,Edge and shrub habitat,abundance,wildlife openings,silvaculture openings,density - 2004,common_yellowthroat,standard_error,0.9,21,NA,0.13,NA,NA,0.92,15,NA,0.17,NA,NA,NA
9WTCPMT2,King et al. 2009,Edge and shrub habitat,abundance,wildlife openings,silvaculture openings,density - 2005,common_yellowthroat,standard_error,1.07,21,NA,0.06,NA,NA,0.88,15,NA,0.08,NA,NA,NA
65GGK69H,Kirk and Lindsay 2017,"Eliminate the use of pesticides, including insecticides and rodenticides",species_richness,Organic farm,Conventional farm,species_richness,all_species,confidence_intervals,8.4,10,NA,NA,6.6,10.8,7.6,10,NA,NA,5.9,9.7,NA
65GGK69H,Kirk and Lindsay 2017,"Eliminate the use of pesticides, including insecticides and rodenticides",species_richness,Organic farm,Conventional farm,species_richness,grassland_species,confidence_intervals,3.3,10,NA,NA,2.7,3.9,3.4,10,NA,NA,2.7,4,NA
65GGK69H,Kirk and Lindsay 2017,"Eliminate the use of pesticides, including insecticides and rodenticides",abundance,Organic farm,Conventional farm,abundance,all_species,confidence_intervals,3,10,NA,NA,2.7,3.3,2.8,10,NA,NA,2.6,3.1,NA
65GGK69H,Kirk and Lindsay 2017,"Eliminate the use of pesticides, including insecticides and rodenticides",abundance,Organic farm,Conventional farm,abundance,grassland_species,confidence_intervals,10.8,10,NA,NA,8.7,13.3,10.4,10,NA,NA,8.4,12.9,NA
H9PA8BNU,Kragten and de Snoo 2007,eliminate_pesticides,abundance,Organic farm,Conventional farm,nest density - 2005,northern_lapwing,standard_deviation,11.9,80,16.1,NA,NA,NA,6,45,7.6,NA,NA,NA,NA
H9PA8BNU,Kragten and de Snoo 2007,eliminate_pesticides,abundance,Organic farm,Conventional farm,nest density - 2006,northern_lapwing,standard_deviation,11,71,14.8,NA,NA,NA,6.3,46,8.3,NA,NA,NA,NA
H9PA8BNU,Kragten and de Snoo 2007,eliminate_pesticides,nest_success,Organic farm,Conventional farm,successful nests per 100 ha - 2005,northern_lapwing,standard_error,3.3,80,NA,1,NA,NA,2.8,45,NA,0.8,NA,NA,NA
H9PA8BNU,Kragten and de Snoo 2007,eliminate_pesticides,nest_success,Organic farm,Conventional farm,successful nests per 100 ha - 2006,northern_lapwing,standard_error,2.6,71,NA,0.8,NA,NA,1.7,46,NA,0.5,NA,NA,NA
H9PA8BNU,Kragten and de Snoo 2007,eliminate_pesticides,nest_success,Organic farm,Conventional farm,successful nests per breeding pair - 2005,northern_lapwing,confidence_intervals,0.26,80,NA,NA,0.098,0.5,0.35,45,NA,NA,0.141,0.673,NA
7DEL2BXP,Lautenbach et al. 2020,remove_non-native_species,abundance,Herbicide-only treated sites,Untreated (with invasive shrubs),density (birds/ha),common_yellowthroat,standard_error; confidence_intervals,2.87,28,NA,3.35,0.29,28.21,2.21,28,NA,2.54,0.23,21.03,NA
7DEL2BXP,Lautenbach et al. 2020,remove_non-native_species,abundance,Herbicide-only treated sites,Untreated (with invasive shrubs),density (birds/ha),eastern_meadowlark,standard_error; confidence_intervals,0.15,28,NA,0.09,0.05,0.47,0.04,28,NA,0.03,0.01,0.17,NA
7DEL2BXP,Lautenbach et al. 2020,remove_non-native_species,abundance,Herbicide-only treated sites,Untreated (with invasive shrubs),density (birds/ha),eastern_towhee,standard_error; confidence_intervals,0.12,28,NA,0.04,0.06,0.25,0.27,28,NA,0.08,0.15,0.49,NA
7DEL2BXP,Lautenbach et al. 2020,remove_non-native_species,abundance,Herbicide-only treated sites,Untreated (with invasive shrubs),density (birds/ha),field_sparrow,standard_error; confidence_intervals,3.74,28,NA,2.42,1.05,13.32,5.2,28,NA,3.34,1.48,18.33,NA
7DEL2BXP,Lautenbach et al. 2020,remove_non-native_species,abundance,Herbicide-only treated sites,Untreated (with invasive shrubs),density (birds/ha),grasshopper_sparrow,standard_error; confidence_intervals,0.33,28,NA,0.09,0.19,0.58,0.04,28,NA,0.03,0.01,0.17,NA
7DEL2BXP,Lautenbach et al. 2020,remove_non-native_species,abundance,Herbicide-only treated sites,Untreated (with invasive shrubs),density (birds/ha),henslows_sparrow,standard_error; confidence_intervals,2.35,28,NA,0.35,1.76,3.15,0.92,28,NA,0.19,0.61,1.39,NA
7DEL2BXP,Lautenbach et al. 2020,remove_non-native_species,abundance,Herbicide-only treated sites,Untreated (with invasive shrubs),density (birds/ha),prairie_warbler,standard_error; confidence_intervals,0.05,28,NA,0.01,0.03,0.09,0.14,28,NA,0.03,0.09,0.2,NA
7DEL2BXP,Lautenbach et al. 2020,remove_non-native_species,abundance,Herbicide-only treated sites,Untreated (with invasive shrubs),density (birds/ha),willow_flycatcher,standard_error; confidence_intervals,0.22,28,NA,0.04,0.16,0.32,0.23,28,NA,0.04,0.16,0.33,NA
7DEL2BXP,Lautenbach et al. 2020,remove_non-native_species,abundance,Herbicide-only treated sites,Untreated (with invasive shrubs),density (birds/ha),yellow_breasted_chat,standard_error; confidence_intervals,0.07,28,NA,0.02,0.04,0.11,0.11,28,NA,0.02,0.08,0.17,NA
7DEL2BXP,Lautenbach et al. 2020,remove_non-native_species,abundance,Herbicide-only treated sites,Untreated (with invasive shrubs),density (birds/ha),yellow_warbler,standard_error; confidence_intervals,0.32,28,NA,0.08,0.2,0.5,0.39,28,NA,0.09,0.25,0.59,NA
7DEL2BXP,Lautenbach et al. 2020,remove_non-native_species,abundance,Herbicide and shredded sites,Untreated (with invasive shrubs),density (birds/ha),common_yellowthroat,standard_error; confidence_intervals,2.95,28,NA,3.42,0.3,28.6,2.21,28,NA,2.54,0.23,21.03,NA
7DEL2BXP,Lautenbach et al. 2020,remove_non-native_species,abundance,Herbicide and shredded sites,Untreated (with invasive shrubs),density (birds/ha),eastern_meadowlark,standard_error; confidence_intervals,0.3,28,NA,0.17,0.1,0.92,0.04,28,NA,0.03,0.01,0.17,NA
7DEL2BXP,Lautenbach et al. 2020,remove_non-native_species,abundance,Herbicide and shredded sites,Untreated (with invasive shrubs),density (birds/ha),eastern_towhee,standard_error; confidence_intervals,0.16,28,NA,0.05,0.09,0.3,0.27,28,NA,0.08,0.15,0.49,NA
7DEL2BXP,Lautenbach et al. 2020,remove_non-native_species,abundance,Herbicide and shredded sites,Untreated (with invasive shrubs),density (birds/ha),field_sparrow,standard_error; confidence_intervals,5.53,28,NA,3.45,1.63,18.8,5.2,28,NA,3.34,1.48,18.33,NA
7DEL2BXP,Lautenbach et al. 2020,remove_non-native_species,abundance,Herbicide and shredded sites,Untreated (with invasive shrubs),density (birds/ha),grasshopper_sparrow,standard_error; confidence_intervals,0.46,28,NA,0.12,0.28,0.75,0.04,28,NA,0.03,0.01,0.17,NA
7DEL2BXP,Lautenbach et al. 2020,remove_non-native_species,abundance,Herbicide and shredded sites,Untreated (with invasive shrubs),density (birds/ha),henslows_sparrow,standard_error; confidence_intervals,2.78,28,NA,0.38,2.12,3.63,0.92,28,NA,0.19,0.61,1.39,NA
7DEL2BXP,Lautenbach et al. 2020,remove_non-native_species,abundance,Herbicide and shredded sites,Untreated (with invasive shrubs),density (birds/ha),prairie_warbler,standard_error; confidence_intervals,0.03,28,NA,0.01,0.02,0.06,0.14,28,NA,0.03,0.09,0.2,NA
7DEL2BXP,Lautenbach et al. 2020,remove_non-native_species,abundance,Herbicide and shredded sites,Untreated (with invasive shrubs),density (birds/ha),willow_flycatcher,standard_error; confidence_intervals,0.18,28,NA,0.04,0.12,0.27,0.23,28,NA,0.04,0.16,0.33,NA
7DEL2BXP,Lautenbach et al. 2020,remove_non-native_species,abundance,Herbicide and shredded sites,Untreated (with invasive shrubs),density (birds/ha),yellow_breasted_chat,standard_error; confidence_intervals,0.07,28,NA,0.02,0.04,0.11,0.11,28,NA,0.02,0.08,0.17,NA
7DEL2BXP,Lautenbach et al. 2020,remove_non-native_species,abundance,Herbicide and shredded sites,Untreated (with invasive shrubs),density (birds/ha),yellow_warbler,standard_error; confidence_intervals,0.22,28,NA,0.06,0.13,0.39,0.39,28,NA,0.09,0.25,0.59,NA
8IQ6TE6A,Lituma et al. 2012,plant_nwsg,abundance,NWSG restored sites,Exotic sites,abundance,dickcissel,standard_error,0.323,8,NA,0.082,NA,NA,0.181,8,NA,0.067,NA,NA,NA
8IQ6TE6A,Lituma et al. 2012,plant_nwsg,nest_success,NWSG restored sites,Exotic sites,Daily nest survival,dickcissel,standard_error,0.895,63,NA,0.013,NA,NA,0.93,23,NA,0.017,NA,NA,NA
GE3868HZ,Lloyd and Martin 2005,Plant native warm season grasses (NWSGs) and wildflowers,abundance,Native NSWG prairie,CSG plots,breeding pairs/ha,chestnut_collared_longspur,confidence_intervals,1.8,3,NA,NA,1.7,1.9,1.2,3,NA,NA,0.6,1.8,Treatment is defined here as the NWSG prairie
GE3868HZ,Lloyd and Martin 2005,Plant native warm season grasses (NWSGs) and wildflowers,nest_success,Native NSWG prairie,CSG,clutch size,chestnut_collared_longspur,confidence_intervals,4,116,NA,NA,3.8,4.1,4,98,NA,NA,3.8,4.1,Treatment is defined here as the NWSG prairie
J6EY9D55,Lokemoen and Beiser 1997,eliminate_pesticides,species_richness,Organic farm,Conventional farm,species per field,all_species,standard_error,1.6,45,NA,0.18,NA,NA,0.9,45,NA,0.18,NA,NA,Sample size estimated based on the degrees of freedom in their anova for summer fields
J6EY9D55,Lokemoen and Beiser 1997,eliminate_pesticides,abundance,Organic farm,Conventional farm,nest density,all_species,standard_error,1,45,NA,0.02,NA,NA,0.5,45,NA,0.02,NA,NA,Sample size estimated based on the degrees of freedom in their anova for summer fields
DNJ2A44M,Long et al. 2012,prescribed_fire,nest_success,2-year burn sites,4-year burn sites,dsr,lark_sparrow,confidence_intervals,9,150,NA,NA,0.7,31.5,7,102,NA,NA,0.4,28.6,NA
DNJ2A44M,Long et al. 2012,prescribed_fire,nest_success,2-year burn sites,10-year burn sites,dsr,lark_sparrow,confidence_intervals,9,150,NA,NA,0.7,31.5,2.7,66,NA,NA,0.5,8.6,NA
DNJ2A44M,Long et al. 2012,prescribed_fire,nest_success,4-year burn sites,10-year burn sites,dsr,lark_sparrow,confidence_intervals,7,102,NA,NA,0.4,28.6,2.7,66,NA,NA,0.5,8.6,NA
K2FW7NWY,Madden et al. 1999,prescribed_fire,abundance,Time since fire (<1 year),More than 80 years since fire,number of singing males - 1993,bairds_sparrow,standard_error,0,10,NA,0,NA,NA,0,32,NA,0,NA,NA,Sample size is number of point counts
K2FW7NWY,Madden et al. 1999,prescribed_fire,abundance,Time since fire (<1 year),More than 80 years since fire,number of singing males - 1993,brown_headed_cowbird,standard_error,0.27,10,NA,0.2,NA,NA,0.03,32,NA,0.02,NA,NA,Sample size is number of point counts
K2FW7NWY,Madden et al. 1999,prescribed_fire,abundance,Time since fire (<1 year),More than 80 years since fire,number of singing males - 1993,bobolink,standard_error,0,10,NA,0,NA,NA,0.04,32,NA,0.04,NA,NA,Sample size is number of point counts
K2FW7NWY,Madden et al. 1999,prescribed_fire,abundance,Time since fire (<1 year),More than 80 years since fire,number of singing males - 1993,clay_colored_sparrow,standard_error,33,10,NA,0.12,NA,NA,0.57,32,NA,0.08,NA,NA,Sample size is number of point counts
K2FW7NWY,Madden et al. 1999,prescribed_fire,abundance,Time since fire (<1 year),More than 80 years since fire,number of singing males - 1993,common_yellowthroat,standard_error,0,10,NA,0,NA,NA,0.24,32,NA,0.04,NA,NA,Sample size is number of point counts
K2FW7NWY,Madden et al. 1999,prescribed_fire,abundance,Time since fire (<1 year),More than 80 years since fire,number of singing males - 1993,grasshopper_sparrow,standard_error,0,10,NA,0,NA,NA,0,32,NA,0,NA,NA,Sample size is number of point counts
K2FW7NWY,Madden et al. 1999,prescribed_fire,abundance,Time since fire (<1 year),More than 80 years since fire,number of singing males - 1993,savannah_sparrow,standard_error,0.17,10,NA,0.07,NA,NA,0.25,32,NA,0.06,NA,NA,Sample size is number of point counts
K2FW7NWY,Madden et al. 1999,prescribed_fire,abundance,Time since fire (<1 year),More than 80 years since fire,number of singing males - 1993,spragues_pipit,standard_error,0,10,NA,0,NA,NA,0,32,NA,0,NA,NA,Sample size is number of point counts
K2FW7NWY,Madden et al. 1999,prescribed_fire,abundance,Time since fire (<1 year),More than 80 years since fire,number of singing males - 1993,western_meadowlark,standard_error,0,10,NA,0,NA,NA,0,32,NA,0,NA,NA,Sample size is number of point counts
K2FW7NWY,Madden et al. 1999,prescribed_fire,abundance,Time since fire (<1 year),More than 80 years since fire,number of singing males - 1993,all_species,standard_error,0.97,10,NA,0.29,NA,NA,1.22,32,NA,0.14,NA,NA,Sample size is number of point counts
K2FW7NWY,Madden et al. 1999,prescribed_fire,species_richness,Time since fire (<1 year),More than 80 years since fire,species_richness - 1993,all_species,standard_error,2.1,10,NA,0.31,NA,NA,2.25,32,NA,0.2,NA,NA,Sample size is number of point counts
K2FW7NWY,Madden et al. 1999,prescribed_fire,abundance,Time since fire (1 year),More than 80 years since fire,number of singing males - 1993,bairds_sparrow,standard_error,0.13,42,NA,0.03,NA,NA,0,32,NA,0,NA,NA,Sample size is number of point counts
K2FW7NWY,Madden et al. 1999,prescribed_fire,abundance,Time since fire (1 year),More than 80 years since fire,number of singing males - 1993,brown_headed_cowbird,standard_error,0.14,42,NA,0.04,NA,NA,0.03,32,NA,0.02,NA,NA,Sample size is number of point counts
K2FW7NWY,Madden et al. 1999,prescribed_fire,abundance,Time since fire (1 year),More than 80 years since fire,number of singing males - 1993,bobolink,standard_error,0.48,42,NA,0.06,NA,NA,0.04,32,NA,0.04,NA,NA,Sample size is number of point counts
K2FW7NWY,Madden et al. 1999,prescribed_fire,abundance,Time since fire (1 year),More than 80 years since fire,number of singing males - 1993,clay_colored_sparrow,standard_error,0.25,42,NA,0.06,NA,NA,0.57,32,NA,0.08,NA,NA,Sample size is number of point counts
K2FW7NWY,Madden et al. 1999,prescribed_fire,abundance,Time since fire (1 year),More than 80 years since fire,number of singing males - 1993,common_yellowthroat,standard_error,0.02,42,NA,0.01,NA,NA,0.24,32,NA,0.04,NA,NA,Sample size is number of point counts
K2FW7NWY,Madden et al. 1999,prescribed_fire,abundance,Time since fire (1 year),More than 80 years since fire,number of singing males - 1993,grasshopper_sparrow,standard_error,0.17,42,NA,0.04,NA,NA,0,32,NA,0,NA,NA,Sample size is number of point counts
K2FW7NWY,Madden et al. 1999,prescribed_fire,abundance,Time since fire (1 year),More than 80 years since fire,number of singing males - 1993,savannah_sparrow,standard_error,0.32,42,NA,0.05,NA,NA,0.25,32,NA,0.06,NA,NA,Sample size is number of point counts
K2FW7NWY,Madden et al. 1999,prescribed_fire,abundance,Time since fire (1 year),More than 80 years since fire,number of singing males - 1993,spragues_pipit,standard_error,0.08,42,NA,0.03,NA,NA,0,32,NA,0,NA,NA,Sample size is number of point counts
K2FW7NWY,Madden et al. 1999,prescribed_fire,abundance,Time since fire (1 year),More than 80 years since fire,number of singing males - 1993,western_meadowlark,standard_error,0.09,42,NA,0.03,NA,NA,0,32,NA,0,NA,NA,Sample size is number of point counts
K2FW7NWY,Madden et al. 1999,prescribed_fire,abundance,Time since fire (1 year),More than 80 years since fire,number of singing males - 1993,all_species,standard_error,1.82,42,NA,0.12,NA,NA,1.22,32,NA,0.14,NA,NA,Sample size is number of point counts
K2FW7NWY,Madden et al. 1999,prescribed_fire,species_richness,Time since fire (1 year),More than 80 years since fire,species_richness- 1993,all_species,standard_error,3.55,42,NA,0.19,NA,NA,2.25,32,NA,0.2,NA,NA,Sample size is number of point counts
K2FW7NWY,Madden et al. 1999,prescribed_fire,abundance,Time since fire (3 years),More than 80 years since fire,number of singing males - 1993,bairds_sparrow,standard_error,0.13,23,NA,0.06,NA,NA,0,32,NA,0,NA,NA,Sample size is number of point counts
K2FW7NWY,Madden et al. 1999,prescribed_fire,abundance,Time since fire (3 years),More than 80 years since fire,number of singing males - 1993,brown_headed_cowbird,standard_error,0.08,23,NA,0.03,NA,NA,0.03,32,NA,0.02,NA,NA,Sample size is number of point counts
K2FW7NWY,Madden et al. 1999,prescribed_fire,abundance,Time since fire (3 years),More than 80 years since fire,number of singing males - 1993,bobolink,standard_error,0.07,23,NA,0.03,NA,NA,0.04,32,NA,0.04,NA,NA,Sample size is number of point counts
K2FW7NWY,Madden et al. 1999,prescribed_fire,abundance,Time since fire (3 years),More than 80 years since fire,number of singing males - 1993,clay_colored_sparrow,standard_error,0.34,23,NA,7,NA,NA,0.57,32,NA,0.08,NA,NA,Sample size is number of point counts
K2FW7NWY,Madden et al. 1999,prescribed_fire,abundance,Time since fire (3 years),More than 80 years since fire,number of singing males - 1993,common_yellowthroat,standard_error,0,23,NA,0,NA,NA,0.24,32,NA,0.04,NA,NA,Sample size is number of point counts
K2FW7NWY,Madden et al. 1999,prescribed_fire,abundance,Time since fire (3 years),More than 80 years since fire,number of singing males - 1993,grasshopper_sparrow,standard_error,0.3,23,NA,0.08,NA,NA,0,32,NA,0,NA,NA,Sample size is number of point counts
K2FW7NWY,Madden et al. 1999,prescribed_fire,abundance,Time since fire (3 years),More than 80 years since fire,number of singing males - 1993,savannah_sparrow,standard_error,0.57,23,NA,0.09,NA,NA,0.25,32,NA,0.06,NA,NA,Sample size is number of point counts
K2FW7NWY,Madden et al. 1999,prescribed_fire,abundance,Time since fire (3 years),More than 80 years since fire,number of singing males - 1993,spragues_pipit,standard_error,0.1,23,NA,0.04,NA,NA,0,32,NA,0,NA,NA,Sample size is number of point counts
K2FW7NWY,Madden et al. 1999,prescribed_fire,abundance,Time since fire (3 years),More than 80 years since fire,number of singing males - 1993,western_meadowlark,standard_error,0.1,23,NA,0.04,NA,NA,0,32,NA,0,NA,NA,Sample size is number of point counts
K2FW7NWY,Madden et al. 1999,prescribed_fire,abundance,Time since fire (3 years),More than 80 years since fire,number of singing males - 1993,all_species,standard_error,1.73,23,NA,0.16,NA,NA,1.22,32,NA,0.14,NA,NA,Sample size is number of point counts
K2FW7NWY,Madden et al. 1999,prescribed_fire,species_richness,Time since fire (3 years),More than 80 years since fire,species_richness - 1993,all_species,standard_error,3.04,23,NA,0.26,NA,NA,2.25,32,NA,0.2,NA,NA,Sample size is number of point counts
K2FW7NWY,Madden et al. 1999,prescribed_fire,abundance,Time since fire (5 years),More than 80 years since fire,number of singing males - 1993,bairds_sparrow,standard_error,0.11,34,NA,0.04,NA,NA,0,32,NA,0,NA,NA,Sample size is number of point counts
K2FW7NWY,Madden et al. 1999,prescribed_fire,abundance,Time since fire (5 years),More than 80 years since fire,number of singing males - 1993,brown_headed_cowbird,standard_error,0.1,34,NA,0.05,NA,NA,0.03,32,NA,0.02,NA,NA,Sample size is number of point counts
K2FW7NWY,Madden et al. 1999,prescribed_fire,abundance,Time since fire (5 years),More than 80 years since fire,number of singing males - 1993,bobolink,standard_error,0.05,34,NA,0.02,NA,NA,0.04,32,NA,0.04,NA,NA,Sample size is number of point counts
K2FW7NWY,Madden et al. 1999,prescribed_fire,abundance,Time since fire (5 years),More than 80 years since fire,number of singing males - 1993,clay_colored_sparrow,standard_error,0.53,34,NA,0.09,NA,NA,0.57,32,NA,0.08,NA,NA,Sample size is number of point counts
K2FW7NWY,Madden et al. 1999,prescribed_fire,abundance,Time since fire (5 years),More than 80 years since fire,number of singing males - 1993,common_yellowthroat,standard_error,0.05,34,NA,0.02,NA,NA,0.24,32,NA,0.04,NA,NA,Sample size is number of point counts
K2FW7NWY,Madden et al. 1999,prescribed_fire,abundance,Time since fire (5 years),More than 80 years since fire,number of singing males - 1993,grasshopper_sparrow,standard_error,0.06,34,NA,0.02,NA,NA,0,32,NA,0,NA,NA,Sample size is number of point counts
K2FW7NWY,Madden et al. 1999,prescribed_fire,abundance,Time since fire (5 years),More than 80 years since fire,number of singing males - 1993,savannah_sparrow,standard_error,0.32,34,NA,0.06,NA,NA,0.25,32,NA,0.06,NA,NA,Sample size is number of point counts
K2FW7NWY,Madden et al. 1999,prescribed_fire,abundance,Time since fire (5 years),More than 80 years since fire,number of singing males - 1993,spragues_pipit,standard_error,0.02,34,NA,0.01,NA,NA,0,32,NA,0,NA,NA,Sample size is number of point counts
K2FW7NWY,Madden et al. 1999,prescribed_fire,abundance,Time since fire (5 years),More than 80 years since fire,number of singing males - 1993,western_meadowlark,standard_error,0.07,34,NA,0.02,NA,NA,0,32,NA,0,NA,NA,Sample size is number of point counts
K2FW7NWY,Madden et al. 1999,prescribed_fire,abundance,Time since fire (5 years),More than 80 years since fire,number of singing males - 1993,all_species,standard_error,1.35,34,NA,0.14,NA,NA,1.22,32,NA,0.14,NA,NA,Sample size is number of point counts
K2FW7NWY,Madden et al. 1999,prescribed_fire,species_richness,Time since fire (5 years),More than 80 years since fire,species_richness - 1993,all_species,standard_error,2.59,34,NA,0.2,NA,NA,2.25,32,NA,0.2,NA,NA,Sample size is number of point counts
K2FW7NWY,Madden et al. 1999,prescribed_fire,abundance,Time since fire (6 years),More than 80 years since fire,number of singing males - 1993,bairds_sparrow,standard_error,0,11,NA,0,NA,NA,0,32,NA,0,NA,NA,Sample size is number of point counts
K2FW7NWY,Madden et al. 1999,prescribed_fire,abundance,Time since fire (6 years),More than 80 years since fire,number of singing males - 1993,brown_headed_cowbird,standard_error,0,11,NA,0,NA,NA,0.03,32,NA,0.02,NA,NA,Sample size is number of point counts
K2FW7NWY,Madden et al. 1999,prescribed_fire,abundance,Time since fire (6 years),More than 80 years since fire,number of singing males - 1993,bobolink,standard_error,0.06,11,NA,0.04,NA,NA,0.04,32,NA,0.04,NA,NA,Sample size is number of point counts
K2FW7NWY,Madden et al. 1999,prescribed_fire,abundance,Time since fire (6 years),More than 80 years since fire,number of singing males - 1993,clay_colored_sparrow,standard_error,0.61,11,NA,0.12,NA,NA,0.57,32,NA,0.08,NA,NA,Sample size is number of point counts
K2FW7NWY,Madden et al. 1999,prescribed_fire,abundance,Time since fire (6 years),More than 80 years since fire,number of singing males - 1993,common_yellowthroat,standard_error,0.03,11,NA,0.03,NA,NA,0.24,32,NA,0.04,NA,NA,Sample size is number of point counts
K2FW7NWY,Madden et al. 1999,prescribed_fire,abundance,Time since fire (6 years),More than 80 years since fire,number of singing males - 1993,grasshopper_sparrow,standard_error,0.03,11,NA,0.03,NA,NA,0,32,NA,0,NA,NA,Sample size is number of point counts
K2FW7NWY,Madden et al. 1999,prescribed_fire,abundance,Time since fire (6 years),More than 80 years since fire,number of singing males - 1993,savannah_sparrow,standard_error,0.79,11,NA,0.09,NA,NA,0.25,32,NA,0.06,NA,NA,Sample size is number of point counts
K2FW7NWY,Madden et al. 1999,prescribed_fire,abundance,Time since fire (6 years),More than 80 years since fire,number of singing males - 1993,spragues_pipit,standard_error,0.03,11,NA,0.03,NA,NA,0,32,NA,0,NA,NA,Sample size is number of point counts
K2FW7NWY,Madden et al. 1999,prescribed_fire,abundance,Time since fire (6 years),More than 80 years since fire,number of singing males - 1993,western_meadowlark,standard_error,0,11,NA,0,NA,NA,0,32,NA,0,NA,NA,Sample size is number of point counts
K2FW7NWY,Madden et al. 1999,prescribed_fire,abundance,Time since fire (6 years),More than 80 years since fire,number of singing males - 1993,all_species,standard_error,1.61,11,NA,0.15,NA,NA,1.22,32,NA,0.14,NA,NA,Sample size is number of point counts
K2FW7NWY,Madden et al. 1999,prescribed_fire,species_richness,Time since fire (6 years),More than 80 years since fire,species_richness - 1993,all_species,standard_error,2.55,11,NA,0.25,NA,NA,2.25,32,NA,0.2,NA,NA,Sample size is number of point counts
K2FW7NWY,Madden et al. 1999,prescribed_fire,abundance,Time since fire (7 years),More than 80 years since fire,number of singing males - 1993,bairds_sparrow,standard_error,0,5,NA,0,NA,NA,0,32,NA,0,NA,NA,Sample size is number of point counts
K2FW7NWY,Madden et al. 1999,prescribed_fire,abundance,Time since fire (7 years),More than 80 years since fire,number of singing males - 1993,brown_headed_cowbird,standard_error,0,5,NA,0,NA,NA,0.03,32,NA,0.02,NA,NA,Sample size is number of point counts
K2FW7NWY,Madden et al. 1999,prescribed_fire,abundance,Time since fire (7 years),More than 80 years since fire,number of singing males - 1993,bobolink,standard_error,0.13,5,NA,0.13,NA,NA,0.04,32,NA,0.04,NA,NA,Sample size is number of point counts
K2FW7NWY,Madden et al. 1999,prescribed_fire,abundance,Time since fire (7 years),More than 80 years since fire,number of singing males - 1993,clay_colored_sparrow,standard_error,0.27,5,NA,0.12,NA,NA,0.57,32,NA,0.08,NA,NA,Sample size is number of point counts
K2FW7NWY,Madden et al. 1999,prescribed_fire,abundance,Time since fire (7 years),More than 80 years since fire,number of singing males - 1993,common_yellowthroat,standard_error,0.2,5,NA,0.13,NA,NA,0.24,32,NA,0.04,NA,NA,Sample size is number of point counts
K2FW7NWY,Madden et al. 1999,prescribed_fire,abundance,Time since fire (7 years),More than 80 years since fire,number of singing males - 1993,grasshopper_sparrow,standard_error,0.07,5,NA,0.07,NA,NA,0,32,NA,0,NA,NA,Sample size is number of point counts
K2FW7NWY,Madden et al. 1999,prescribed_fire,abundance,Time since fire (7 years),More than 80 years since fire,number of singing males - 1993,savannah_sparrow,standard_error,0.73,5,NA,0.12,NA,NA,0.25,32,NA,0.06,NA,NA,Sample size is number of point counts
K2FW7NWY,Madden et al. 1999,prescribed_fire,abundance,Time since fire (7 years),More than 80 years since fire,number of singing males - 1993,spragues_pipit,standard_error,0.2,5,NA,0.13,NA,NA,0,32,NA,0,NA,NA,Sample size is number of point counts
K2FW7NWY,Madden et al. 1999,prescribed_fire,abundance,Time since fire (7 years),More than 80 years since fire,number of singing males - 1993,western_meadowlark,standard_error,0,5,NA,0,NA,NA,0,32,NA,0,NA,NA,Sample size is number of point counts
K2FW7NWY,Madden et al. 1999,prescribed_fire,abundance,Time since fire (7 years),More than 80 years since fire,number of singing males - 1993,all_species,standard_error,1.67,5,NA,0.21,NA,NA,1.22,32,NA,0.14,NA,NA,Sample size is number of point counts
K2FW7NWY,Madden et al. 1999,prescribed_fire,species_richness,Time since fire (7 years),More than 80 years since fire,species_richness - 1993,all_species,standard_error,3,5,NA,0.32,NA,NA,2.25,32,NA,0.2,NA,NA,Sample size is number of point counts
K2FW7NWY,Madden et al. 1999,prescribed_fire,abundance,Time since fire (<1 year),More than 80 years since fire,number of singing males - 1994,bairds_sparrow,standard_error,0.3,20,NA,0.1,NA,NA,0,30,NA,0,NA,NA,Sample size is number of point counts
K2FW7NWY,Madden et al. 1999,prescribed_fire,abundance,Time since fire (<1 year),More than 80 years since fire,number of singing males - 1994,brown_headed_cowbird,standard_error,0.08,20,NA,0.05,NA,NA,0.02,30,NA,0.01,NA,NA,Sample size is number of point counts
K2FW7NWY,Madden et al. 1999,prescribed_fire,abundance,Time since fire (<1 year),More than 80 years since fire,number of singing males - 1994,bobolink,standard_error,0.52,20,NA,0.09,NA,NA,0,30,NA,0,NA,NA,Sample size is number of point counts
K2FW7NWY,Madden et al. 1999,prescribed_fire,abundance,Time since fire (<1 year),More than 80 years since fire,number of singing males - 1994,clay_colored_sparrow,standard_error,0.68,20,NA,0.14,NA,NA,2.25,30,NA,0.15,NA,NA,Sample size is number of point counts
K2FW7NWY,Madden et al. 1999,prescribed_fire,abundance,Time since fire (<1 year),More than 80 years since fire,number of singing males - 1994,common_yellowthroat,standard_error,0.02,20,NA,0.02,NA,NA,0.39,30,NA,0.06,NA,NA,Sample size is number of point counts
K2FW7NWY,Madden et al. 1999,prescribed_fire,abundance,Time since fire (<1 year),More than 80 years since fire,number of singing males - 1994,grasshopper_sparrow,standard_error,0.2,20,NA,0.06,NA,NA,0,30,NA,0,NA,NA,Sample size is number of point counts
K2FW7NWY,Madden et al. 1999,prescribed_fire,abundance,Time since fire (<1 year),More than 80 years since fire,number of singing males - 1994,le_contes_sparrow,standard_error,0,20,NA,0,NA,NA,0,30,NA,0,NA,NA,Sample size is number of point counts
K2FW7NWY,Madden et al. 1999,prescribed_fire,abundance,Time since fire (<1 year),More than 80 years since fire,number of singing males - 1994,savannah_sparrow,standard_error,0.93,20,NA,0.16,NA,NA,0.91,30,NA,0.1,NA,NA,Sample size is number of point counts
K2FW7NWY,Madden et al. 1999,prescribed_fire,abundance,Time since fire (<1 year),More than 80 years since fire,number of singing males - 1994,spragues_pipit,standard_error,0.02,20,NA,0.02,NA,NA,0,30,NA,0,NA,NA,Sample size is number of point counts
K2FW7NWY,Madden et al. 1999,prescribed_fire,abundance,Time since fire (<1 year),More than 80 years since fire,number of singing males - 1994,western_meadowlark,standard_error,0.07,20,NA,0.04,NA,NA,0,30,NA,0,NA,NA,Sample size is number of point counts
K2FW7NWY,Madden et al. 1999,prescribed_fire,abundance,Time since fire (<1 year),More than 80 years since fire,number of singing males - 1994,all_species,standard_error,2.93,20,NA,0.28,NA,NA,3.71,30,NA,0.22,NA,NA,Sample size is number of point counts
K2FW7NWY,Madden et al. 1999,prescribed_fire,species_richness,Time since fire (<1 year),More than 80 years since fire,species_richness - 1994,all_species,standard_error,4.1,20,NA,23,NA,NA,3.03,30,NA,0.18,NA,NA,Sample size is number of point counts
K2FW7NWY,Madden et al. 1999,prescribed_fire,abundance,Time since fire (2 year),More than 80 years since fire,number of singing males - 1994,bairds_sparrow,standard_error,0.37,60,NA,0.06,NA,NA,0,30,NA,0,NA,NA,Sample size is number of point counts
K2FW7NWY,Madden et al. 1999,prescribed_fire,abundance,Time since fire (2 year),More than 80 years since fire,number of singing males - 1994,brown_headed_cowbird,standard_error,0.09,60,NA,0.02,NA,NA,0.02,30,NA,0.01,NA,NA,Sample size is number of point counts
K2FW7NWY,Madden et al. 1999,prescribed_fire,abundance,Time since fire (2 year),More than 80 years since fire,number of singing males - 1994,bobolink,standard_error,0.41,60,NA,0.06,NA,NA,0,30,NA,0,NA,NA,Sample size is number of point counts
K2FW7NWY,Madden et al. 1999,prescribed_fire,abundance,Time since fire (2 year),More than 80 years since fire,number of singing males - 1994,clay_colored_sparrow,standard_error,0.86,60,NA,0.08,NA,NA,2.25,30,NA,0.15,NA,NA,Sample size is number of point counts
K2FW7NWY,Madden et al. 1999,prescribed_fire,abundance,Time since fire (2 year),More than 80 years since fire,number of singing males - 1994,common_yellowthroat,standard_error,0.03,60,NA,0.02,NA,NA,0.39,30,NA,0.06,NA,NA,Sample size is number of point counts
K2FW7NWY,Madden et al. 1999,prescribed_fire,abundance,Time since fire (2 year),More than 80 years since fire,number of singing males - 1994,grasshopper_sparrow,standard_error,0.44,60,NA,0.06,NA,NA,0,30,NA,0,NA,NA,Sample size is number of point counts
K2FW7NWY,Madden et al. 1999,prescribed_fire,abundance,Time since fire (2 year),More than 80 years since fire,number of singing males - 1994,le_contes_sparrow,standard_error,0.1,60,NA,0.03,NA,NA,0,30,NA,0,NA,NA,Sample size is number of point counts
K2FW7NWY,Madden et al. 1999,prescribed_fire,abundance,Time since fire (2 year),More than 80 years since fire,number of singing males - 1994,savannah_sparrow,standard_error,0.99,60,NA,0.08,NA,NA,0.91,30,NA,0.1,NA,NA,Sample size is number of point counts
K2FW7NWY,Madden et al. 1999,prescribed_fire,abundance,Time since fire (2 year),More than 80 years since fire,number of singing males - 1994,spragues_pipit,standard_error,0.1,60,NA,0.03,NA,NA,0,30,NA,0,NA,NA,Sample size is number of point counts
K2FW7NWY,Madden et al. 1999,prescribed_fire,abundance,Time since fire (2 year),More than 80 years since fire,number of singing males - 1994,western_meadowlark,standard_error,0.11,60,NA,0.02,NA,NA,0,30,NA,0,NA,NA,Sample size is number of point counts
K2FW7NWY,Madden et al. 1999,prescribed_fire,abundance,Time since fire (2 year),More than 80 years since fire,number of singing males - 1994,all_species,standard_error,3.61,60,NA,0.17,NA,NA,3.71,30,NA,0.22,NA,NA,Sample size is number of point counts
K2FW7NWY,Madden et al. 1999,prescribed_fire,species_richness,Time since fire (2 year),More than 80 years since fire,species_richness - 1994,all_species,standard_error,4.98,60,NA,0.21,NA,NA,3.03,30,NA,0.18,NA,NA,Sample size is number of point counts
K2FW7NWY,Madden et al. 1999,prescribed_fire,abundance,Time since fire (6 years),More than 80 years since fire,number of singing males - 1994,bairds_sparrow,standard_error,0.09,25,NA,0.04,NA,NA,0,30,NA,0,NA,NA,Sample size is number of point counts
K2FW7NWY,Madden et al. 1999,prescribed_fire,abundance,Time since fire (6 years),More than 80 years since fire,number of singing males - 1994,brown_headed_cowbird,standard_error,0.21,25,NA,0.07,NA,NA,0.02,30,NA,0.01,NA,NA,Sample size is number of point counts
K2FW7NWY,Madden et al. 1999,prescribed_fire,abundance,Time since fire (6 years),More than 80 years since fire,number of singing males - 1994,bobolink,standard_error,0.16,25,NA,0.06,NA,NA,0,30,NA,0,NA,NA,Sample size is number of point counts
K2FW7NWY,Madden et al. 1999,prescribed_fire,abundance,Time since fire (6 years),More than 80 years since fire,number of singing males - 1994,clay_colored_sparrow,standard_error,1.53,25,NA,0.17,NA,NA,2.25,30,NA,0.15,NA,NA,Sample size is number of point counts
K2FW7NWY,Madden et al. 1999,prescribed_fire,abundance,Time since fire (6 years),More than 80 years since fire,number of singing males - 1994,common_yellowthroat,standard_error,0.08,25,NA,0.04,NA,NA,0.39,30,NA,0.06,NA,NA,Sample size is number of point counts
K2FW7NWY,Madden et al. 1999,prescribed_fire,abundance,Time since fire (6 years),More than 80 years since fire,number of singing males - 1994,grasshopper_sparrow,standard_error,0.29,25,NA,0.06,NA,NA,0,30,NA,0,NA,NA,Sample size is number of point counts
K2FW7NWY,Madden et al. 1999,prescribed_fire,abundance,Time since fire (6 years),More than 80 years since fire,number of singing males - 1994,le_contes_sparrow,standard_error,0.05,25,NA,0.03,NA,NA,0,30,NA,0,NA,NA,Sample size is number of point counts
K2FW7NWY,Madden et al. 1999,prescribed_fire,abundance,Time since fire (6 years),More than 80 years since fire,number of singing males - 1994,savannah_sparrow,standard_error,1.27,25,NA,0.13,NA,NA,0.91,30,NA,0.1,NA,NA,Sample size is number of point counts
K2FW7NWY,Madden et al. 1999,prescribed_fire,abundance,Time since fire (6 years),More than 80 years since fire,number of singing males - 1994,spragues_pipit,standard_error,0.01,25,NA,0.01,NA,NA,0,30,NA,0,NA,NA,Sample size is number of point counts
K2FW7NWY,Madden et al. 1999,prescribed_fire,abundance,Time since fire (6 years),More than 80 years since fire,number of singing males - 1994,western_meadowlark,standard_error,0.11,25,NA,0.04,NA,NA,0,30,NA,0,NA,NA,Sample size is number of point counts
K2FW7NWY,Madden et al. 1999,prescribed_fire,abundance,Time since fire (6 years),More than 80 years since fire,number of singing males - 1994,all_species,standard_error,4.01,25,NA,0.24,NA,NA,3.71,30,NA,0.22,NA,NA,Sample size is number of point counts
K2FW7NWY,Madden et al. 1999,prescribed_fire,species_richness,Time since fire (6 years),More than 80 years since fire,species_richness - 1994,all_species,standard_error,4.48,25,NA,0.81,NA,NA,3.03,30,NA,0.18,NA,NA,Sample size is number of point counts
K2FW7NWY,Madden et al. 1999,prescribed_fire,abundance,Time since fire (7 years),More than 80 years since fire,number of singing males - 1994,bairds_sparrow,standard_error,0.06,6,NA,0.06,NA,NA,0,30,NA,0,NA,NA,Sample size is number of point counts
K2FW7NWY,Madden et al. 1999,prescribed_fire,abundance,Time since fire (7 years),More than 80 years since fire,number of singing males - 1994,brown_headed_cowbird,standard_error,0,6,NA,0,NA,NA,0.02,30,NA,0.01,NA,NA,Sample size is number of point counts
K2FW7NWY,Madden et al. 1999,prescribed_fire,abundance,Time since fire (7 years),More than 80 years since fire,number of singing males - 1994,bobolink,standard_error,0.06,6,NA,0.06,NA,NA,0,30,NA,0,NA,NA,Sample size is number of point counts
K2FW7NWY,Madden et al. 1999,prescribed_fire,abundance,Time since fire (7 years),More than 80 years since fire,number of singing males - 1994,clay_colored_sparrow,standard_error,1.5,6,NA,0.17,NA,NA,2.25,30,NA,0.15,NA,NA,Sample size is number of point counts
K2FW7NWY,Madden et al. 1999,prescribed_fire,abundance,Time since fire (7 years),More than 80 years since fire,number of singing males - 1994,common_yellowthroat,standard_error,0.22,6,NA,0.14,NA,NA,0.39,30,NA,0.06,NA,NA,Sample size is number of point counts
K2FW7NWY,Madden et al. 1999,prescribed_fire,abundance,Time since fire (7 years),More than 80 years since fire,number of singing males - 1994,grasshopper_sparrow,standard_error,0.5,6,NA,0.11,NA,NA,0,30,NA,0,NA,NA,Sample size is number of point counts
K2FW7NWY,Madden et al. 1999,prescribed_fire,abundance,Time since fire (7 years),More than 80 years since fire,number of singing males - 1994,le_contes_sparrow,standard_error,0,6,NA,0,NA,NA,0,30,NA,0,NA,NA,Sample size is number of point counts
K2FW7NWY,Madden et al. 1999,prescribed_fire,abundance,Time since fire (7 years),More than 80 years since fire,number of singing males - 1994,savannah_sparrow,standard_error,1.61,6,NA,0.38,NA,NA,0.91,30,NA,0.1,NA,NA,Sample size is number of point counts
K2FW7NWY,Madden et al. 1999,prescribed_fire,abundance,Time since fire (7 years),More than 80 years since fire,number of singing males - 1994,spragues_pipit,standard_error,0.06,6,NA,0.06,NA,NA,0,30,NA,0,NA,NA,Sample size is number of point counts
K2FW7NWY,Madden et al. 1999,prescribed_fire,abundance,Time since fire (7 years),More than 80 years since fire,number of singing males - 1994,western_meadowlark,standard_error,0,6,NA,0,NA,NA,0,30,NA,0,NA,NA,Sample size is number of point counts
K2FW7NWY,Madden et al. 1999,prescribed_fire,abundance,Time since fire (7 years),More than 80 years since fire,number of singing males - 1994,all_species,standard_error,4,6,NA,0.56,NA,NA,3.71,30,NA,0.22,NA,NA,Sample size is number of point counts
K2FW7NWY,Madden et al. 1999,prescribed_fire,species_richness,Time since fire (7 years),More than 80 years since fire,species_richness - 1994,all_species,standard_error,3.67,6,NA,0.49,NA,NA,3.03,30,NA,0.18,NA,NA,Sample size is number of point counts
K2FW7NWY,Madden et al. 1999,prescribed_fire,abundance,Time since fire (8 years),More than 80 years since fire,number of singing males - 1994,bairds_sparrow,standard_error,0.07,9,NA,0.05,NA,NA,0,30,NA,0,NA,NA,Sample size is number of point counts
K2FW7NWY,Madden et al. 1999,prescribed_fire,abundance,Time since fire (8 years),More than 80 years since fire,number of singing males - 1994,brown_headed_cowbird,standard_error,0,9,NA,0,NA,NA,0.02,30,NA,0.01,NA,NA,Sample size is number of point counts
K2FW7NWY,Madden et al. 1999,prescribed_fire,abundance,Time since fire (8 years),More than 80 years since fire,number of singing males - 1994,bobolink,standard_error,0.15,9,NA,0.11,NA,NA,0,30,NA,0,NA,NA,Sample size is number of point counts
K2FW7NWY,Madden et al. 1999,prescribed_fire,abundance,Time since fire (8 years),More than 80 years since fire,number of singing males - 1994,clay_colored_sparrow,standard_error,1.22,9,NA,0.33,NA,NA,2.25,30,NA,0.15,NA,NA,Sample size is number of point counts
K2FW7NWY,Madden et al. 1999,prescribed_fire,abundance,Time since fire (8 years),More than 80 years since fire,number of singing males - 1994,common_yellowthroat,standard_error,0.22,9,NA,0.08,NA,NA,0.39,30,NA,0.06,NA,NA,Sample size is number of point counts
K2FW7NWY,Madden et al. 1999,prescribed_fire,abundance,Time since fire (8 years),More than 80 years since fire,number of singing males - 1994,grasshopper_sparrow,standard_error,0,9,NA,0,NA,NA,0,30,NA,0,NA,NA,Sample size is number of point counts
K2FW7NWY,Madden et al. 1999,prescribed_fire,abundance,Time since fire (8 years),More than 80 years since fire,number of singing males - 1994,le_contes_sparrow,standard_error,0,9,NA,0,NA,NA,0,30,NA,0,NA,NA,Sample size is number of point counts
K2FW7NWY,Madden et al. 1999,prescribed_fire,abundance,Time since fire (8 years),More than 80 years since fire,number of singing males - 1994,savannah_sparrow,standard_error,1.52,9,NA,0.19,NA,NA,0.91,30,NA,0.1,NA,NA,Sample size is number of point counts
K2FW7NWY,Madden et al. 1999,prescribed_fire,abundance,Time since fire (8 years),More than 80 years since fire,number of singing males - 1994,spragues_pipit,standard_error,0,9,NA,0,NA,NA,0,30,NA,0,NA,NA,Sample size is number of point counts
K2FW7NWY,Madden et al. 1999,prescribed_fire,abundance,Time since fire (8 years),More than 80 years since fire,number of singing males - 1994,western_meadowlark,standard_error,0,9,NA,0,NA,NA,0,30,NA,0,NA,NA,Sample size is number of point counts
K2FW7NWY,Madden et al. 1999,prescribed_fire,abundance,Time since fire (8 years),More than 80 years since fire,number of singing males - 1994,all_species,standard_error,3.26,9,NA,0.32,NA,NA,3.71,30,NA,0.22,NA,NA,Sample size is number of point counts
K2FW7NWY,Madden et al. 1999,prescribed_fire,species_richness,Time since fire (8 years),More than 80 years since fire,species_richness - 1994,all_species,standard_error,3.22,9,NA,0.28,NA,NA,3.03,30,NA,0.18,NA,NA,Sample size is number of point counts
IWGJXSTQ,Mangachena and Geerts 2019,remove_non-native_species,species_richness,Near-pristine site,Invaded site,species_richness,all_species,standard_error,0.754,5,NA,0.241,NA,NA,0.455,5,NA,0.367,NA,NA,This is actually the comparison of the two betas
IWGJXSTQ,Mangachena and Geerts 2019,remove_non-native_species,abundance,Near-pristine site,Invaded site,abundance,all_species,standard_error,0.823,5,NA,0.165,NA,NA,0.5,5,NA,0.256,NA,NA,This is actually the comparison of the two betas
4RK5Q255,Martinez-Padilla and Fargallo 2008,Install nest boxes,abundance,Sites with kestrel nest boxes,sites without kestrel nest boxes,abundance,eurasian_skylark,standard_deviation,1.72,6,0.7,NA,NA,NA,5.26,6,0.66,NA,NA,NA,"Sample size is questionable. Here, we defined it by the number of samples in high density kestrel sites"
A4K99KR6,Massa et al. 2024,plant_nwsg,occupancy,WSG hayfields,CSG hayfields,occupancy,eastern_meadowlark,confidence_intervals,0.46,22,NA,NA,0.27,0.67,0.3,75,NA,NA,0.21,0.42,NA
A4K99KR6,Massa et al. 2024,plant_nwsg,occupancy,WSG hayfields,CSG hayfields,occupancy,grasshopper_sparrow,confidence_intervals,0.84,22,NA,NA,0.71,0.91,0.73,75,NA,NA,0.66,0.8,NA
BQ6ZPH37,McCusker et al. 2010,remove_non-native_species,abundance,Native sites,Lonicera sites,density (birds/ha) - 2006,american_robin,standard_error,0.75,18,NA,0.29,NA,NA,2.63,20,NA,0.65,NA,NA,NA
BQ6ZPH37,McCusker et al. 2010,remove_non-native_species,abundance,Native sites,Lonicera sites,density (birds/ha) - 2006,brown_headed_cowbird,standard_error,3.23,18,NA,0.65,NA,NA,2.39,20,NA,0.32,NA,NA,NA
BQ6ZPH37,McCusker et al. 2010,remove_non-native_species,abundance,Native sites,Lonicera sites,density (birds/ha) - 2006,common_yellowthroat,standard_error,0.26,18,NA,0.12,NA,NA,0.48,20,NA,0.08,NA,NA,NA
BQ6ZPH37,McCusker et al. 2010,remove_non-native_species,abundance,Native sites,Lonicera sites,density (birds/ha) - 2006,eastern_towhee,standard_error,1.73,18,NA,0.48,NA,NA,0.8,20,NA,0.26,NA,NA,NA
BQ6ZPH37,McCusker et al. 2010,remove_non-native_species,abundance,Native sites,Lonicera sites,density (birds/ha) - 2006,house_wren,standard_error,0.63,18,NA,0.3,NA,NA,1.02,20,NA,0.36,NA,NA,NA
BQ6ZPH37,McCusker et al. 2010,remove_non-native_species,abundance,Native sites,Lonicera sites,density (birds/ha) - 2006,indigo_bunting,standard_error,2.23,18,NA,0.44,NA,NA,2.74,20,NA,0.41,NA,NA,NA
BQ6ZPH37,McCusker et al. 2010,remove_non-native_species,abundance,Native sites,Lonicera sites,density (birds/ha) - 2007,american_robin,standard_error,0.38,18,NA,0.17,NA,NA,2.48,20,NA,1.49,NA,NA,NA
BQ6ZPH37,McCusker et al. 2010,remove_non-native_species,abundance,Native sites,Lonicera sites,density (birds/ha) - 2007,brown_headed_cowbird,standard_error,1.58,18,NA,0.31,NA,NA,3.05,20,NA,0.84,NA,NA,NA
BQ6ZPH37,McCusker et al. 2010,remove_non-native_species,abundance,Native sites,Lonicera sites,density (birds/ha) - 2007,common_yellowthroat,standard_error,0.2,18,NA,0.09,NA,NA,0.23,20,NA,0.11,NA,NA,NA
BQ6ZPH37,McCusker et al. 2010,remove_non-native_species,abundance,Native sites,Lonicera sites,density (birds/ha) - 2007,eastern_towhee,standard_error,1.29,18,NA,0.27,NA,NA,0.89,20,NA,0.21,NA,NA,NA
BQ6ZPH37,McCusker et al. 2010,remove_non-native_species,abundance,Native sites,Lonicera sites,density (birds/ha) - 2007,house_wren,standard_error,0.86,18,NA,0.42,NA,NA,1.94,20,NA,0.59,NA,NA,NA
BQ6ZPH37,McCusker et al. 2010,remove_non-native_species,abundance,Native sites,Lonicera sites,density (birds/ha) - 2007,indigo_bunting,standard_error,2.98,18,NA,0.38,NA,NA,2.53,20,NA,0.44,NA,NA,NA
BQ6ZPH37,McCusker et al. 2010,remove_non-native_species; provide_overwintering_habitat,abundance,Native sites,Lonicera sites,density (birds/ha) - 2006-2007,american_goldfinch,standard_error,0.12,18,NA,0.08,NA,NA,1.2,20,NA,0.75,NA,NA,NA
BQ6ZPH37,McCusker et al. 2010,remove_non-native_species; provide_overwintering_habitat,abundance,Native sites,Lonicera sites,density (birds/ha) - 2006-2007,american_robin,standard_error,0.21,18,NA,0.14,NA,NA,1.24,20,NA,0.99,NA,NA,NA
BQ6ZPH37,McCusker et al. 2010,remove_non-native_species; provide_overwintering_habitat,abundance,Native sites,Lonicera sites,density (birds/ha) - 2006-2007,american_goldfinch,standard_error,0.39,18,NA,0.25,NA,NA,0.49,20,NA,0.16,NA,NA,NA
BQ6ZPH37,McCusker et al. 2010,remove_non-native_species; provide_overwintering_habitat,abundance,Native sites,Lonicera sites,density (birds/ha) - 2006-2007,american_robin,standard_error,0.03,18,NA,0.05,NA,NA,0.75,20,NA,0.46,NA,NA,NA
L3NEIUFB,Monroe et al. 2016,Plant native warm season grasses (NWSGs) and wildflowers,nest_success,Grazed mixed native pasture,grazed mixed exotic pasture,eggs per nest,dickcissel,standard_deviation,4.52,42,0.74,NA,NA,NA,4.37,NA,0.9,NA,NA,NA,"We were not able to find the sample size per treatment ... we know that there were 208 nests and know something about the density distribution of nests, so maybe we can infer?"
L3NEIUFB,Monroe et al. 2016,Plant native warm season grasses (NWSGs) and wildflowers,nest_success,Grazed mixed native pasture,grazed mixed exotic pasture,fledglings per successful nest,dickcissel,standard_deviation,3.22,42,0.83,NA,NA,NA,4.2,43,0.84,NA,NA,NA,"We were not able to find the sample size per treatment ... we know that there were 208 nests and know something about the density distribution of nests, so maybe we can infer?"
5EM6FIBL,Moorman et al. 2017,Plant native warm season grasses (NWSGs) and wildflowers,abundance,Grazed NWSG fields,grazed CSG fields,territory density (territories/40 ha),eastern_meadowlark,standard_deviation,1.98,24,3.31,NA,NA,NA,7.4,24,4.92,NA,NA,NA,Treatment is defined here as the grazed NWSG field
5EM6FIBL,Moorman et al. 2017,Plant native warm season grasses (NWSGs) and wildflowers,abundance,Grazed NWSG fields,grazed CSG fields,territory density (territories/40 ha),grasshopper_sparrow,standard_deviation,6.59,24,11.36,NA,NA,NA,11.56,24,11.14,NA,NA,NA,Treatment is defined here as the grazed NWSG field
5EM6FIBL,Moorman et al. 2017,Plant native warm season grasses (NWSGs) and wildflowers,abundance,Grazed NWSG fields,grazed CSG fields,territory density (territories/40 ha),field_sparrow,standard_deviation,2.6,24,3.46,NA,NA,NA,1.43,24,1.79,NA,NA,NA,Treatment is defined here as the grazed NWSG field
5EM6FIBL,Moorman et al. 2017,Plant native warm season grasses (NWSGs) and wildflowers,abundance,Grazed NWSG fields,grazed CSG fields,territory density (territories/40 ha),indigo_bunting,standard_deviation,13.2,24,5.51,NA,NA,NA,5.79,24,6.21,NA,NA,NA,Treatment is defined here as the grazed NWSG field
5EM6FIBL,Moorman et al. 2017,Plant native warm season grasses (NWSGs) and wildflowers,abundance,Hayed NWSG fields,hayed CSG fields,territory density (territories/40 ha),eastern_meadowlark,standard_deviation,2.48,32,3.73,NA,NA,NA,3.51,32,4.92,NA,NA,NA,Treatment is defined here as the hayed NWSG field
5EM6FIBL,Moorman et al. 2017,Plant native warm season grasses (NWSGs) and wildflowers,abundance,Hayed NWSG fields,hayed CSG fields,territory density (territories/40 ha),grasshopper_sparrow,standard_deviation,8.14,32,10.38,NA,NA,NA,11.42,32,10.94,NA,NA,NA,Treatment is defined here as the hayed NWSG field
5EM6FIBL,Moorman et al. 2017,Plant native warm season grasses (NWSGs) and wildflowers,abundance,Hayed NWSG fields,hayed CSG fields,territory density (territories/40 ha),field_sparrow,standard_deviation,8.29,32,6.78,NA,NA,NA,1.31,32,1.82,NA,NA,NA,Treatment is defined here as the hayed NWSG field
5EM6FIBL,Moorman et al. 2017,Plant native warm season grasses (NWSGs) and wildflowers,abundance,Hayed NWSG fields,hayed CSG fields,territory density (territories/40 ha),indigo_bunting,standard_deviation,21.98,32,23.98,NA,NA,NA,2.22,32,3.63,NA,NA,NA,Treatment is defined here as the hayed NWSG field
LF7LYQ8I,Oppel et al. 2014,Keep all cats indoors,nest_success,post-feral cat control - semi-arid,pre-feral cat control - semi-arid,nest survival,all_species,confidence_intervals,0.77,33,NA,NA,0.53,0.9,0.23,31,NA,NA,0.11,0.39,NA
LF7LYQ8I,Oppel et al. 2014,Keep all cats indoors,nest_success,post-feral cat control - pasture,pre-feral cat control - pasture,nest survival,all_species,confidence_intervals,0.65,23,NA,NA,0.41,0.82,0.55,22,NA,NA,0.32,0.73,NA
IXNBX5LG,Perlut 2006,Delay your first cutting of hay,nest_success,Late hayed field,early hayed field,number of offspring fledged per female,bobolink,standard_error,2.79,127,NA,0.18,NA,NA,0.05,25,NA,0.05,NA,NA,Sample size estimated based on the number of nests with a clutch completion date as provided in figure 1; number of nests/year and number of eggs/year are also provided
IXNBX5LG,Perlut 2006,Delay your first cutting of hay,nest_success,Late hayed field,early hayed field,number of offspring fledged per female,savannah_sparrow,standard_error,3.29,110,NA,0.3,NA,NA,1.28,168,NA,0.16,NA,NA,Sample size estimated based on the number of nests with a clutch completion date as provided in figure 1; number of nests/year and number of eggs/year are also provided
S9JEF6KQ,Pintaric et al. 2019,Delay hay,abundance,Late-hayed field (2015),Continuously grazed pasture (2015),abundance,bobolink,standard_deviation,8.52,6,2.43,NA,NA,NA,5.17,10,1.73,NA,NA,NA,NA
S9JEF6KQ,Pintaric et al. 2019,Delay hay,abundance,Late-hayed field (2016),Continuously grazed pasture (2016),abundance,bobolink,standard_deviation,10.56,6,2.82,NA,NA,NA,3.36,8,1.64,NA,NA,NA,NA
S9JEF6KQ,Pintaric et al. 2019,Delay hay,nest_success,Late-hayed field,Continuously grazed pasture,dsr,bobolink,standard_error,0.978,29,NA,0.008,NA,NA,0.939,58,NA,0.01,NA,NA,NA
9KZCR9YH,Pirez and Aldabe 2023,summer_pasture_stockpiling,species_richness,Rotational grazing,Continuous grazing,species_richness,all_species,standard_error; confidence_intervals,21.52,48,NA,0.05,20.31,23.05,18.72,32,NA,0.04,17.26,20.27,Rotationally grazed fields were rested for 20 days - 6 months
L2QEJV7P,Port and Schottler 2017,Plant native warm season grasses (NWSGs) and wildflowers,species_richness,NWSG plot,CSG plot,species_richness,all_species,standard_error,9.7,2,NA,0.33,NA,NA,7.14,2,NA,0.17,NA,NA,Treatment is defined here as the NWSG plot
B34SZBUU,Powell 2006,prescribed_fire,abundance,Annual burn frequency,20-year burn frequency,abundance,upland_sandpiper,standard_error,0.00482,5,NA,0.06963,NA,NA,-0.03639,6,NA,0.06507,NA,NA,Estimate represents a beta coefficient; Sample size is number of sites
B34SZBUU,Powell 2006,prescribed_fire,abundance,Annual burn frequency,20-year burn frequency,abundance,grasshopper_sparrow,standard_error,0.09331,5,NA,0.06915,NA,NA,-0.13041,7,NA,0.06462,NA,NA,Estimate represents a beta coefficient; Sample size is number of sites
B34SZBUU,Powell 2006,prescribed_fire,abundance,Annual burn frequency,20-year burn frequency,abundance,henslows_sparrow,standard_error,0.03478,5,NA,0.0798,NA,NA,-0.07804,7,NA,0.07153,NA,NA,Estimate represents a beta coefficient; Sample size is number of sites
B34SZBUU,Powell 2006,prescribed_fire,abundance,Annual burn frequency,20-year burn frequency,abundance,dickcissel,standard_error,0.12835,5,NA,0.05374,NA,NA,-0.07613,7,NA,0.04604,NA,NA,Estimate represents a beta coefficient; Sample size is number of sites
B34SZBUU,Powell 2006,prescribed_fire,abundance,Annual burn frequency,20-year burn frequency,abundance,eastern_meadowlark,standard_error,0.11237,5,NA,0.05586,NA,NA,-0.04558,7,NA,0.0522,NA,NA,Estimate represents a beta coefficient; Sample size is number of sites
B34SZBUU,Powell 2006,prescribed_fire,abundance,Annual burn frequency,20-year burn frequency,abundance,brown_headed_cowbird,standard_error,-0.04652,5,NA,0.0732,NA,NA,0.03838,7,NA,0.06841,NA,NA,Estimate represents a beta coefficient; Sample size is number of sites
B34SZBUU,Powell 2006,prescribed_fire,abundance,4-year burn frequency,20-year burn frequency,abundance,upland_sandpiper,standard_error,0.03156,5,NA,0.0829,NA,NA,-0.03639,7,NA,0.06507,NA,NA,Estimate represents a beta coefficient; Sample size is number of sites
B34SZBUU,Powell 2006,prescribed_fire,abundance,4-year burn frequency,20-year burn frequency,abundance,grasshopper_sparrow,standard_error,0.0371,5,NA,0.08232,NA,NA,-0.13041,7,NA,0.06462,NA,NA,Estimate represents a beta coefficient; Sample size is number of sites
B34SZBUU,Powell 2006,prescribed_fire,abundance,4-year burn frequency,20-year burn frequency,abundance,henslows_sparrow,standard_error,0.04326,5,NA,0.08583,NA,NA,-0.07804,7,NA,0.07153,NA,NA,Estimate represents a beta coefficient; Sample size is number of sites
B34SZBUU,Powell 2006,prescribed_fire,abundance,4-year burn frequency,20-year burn frequency,abundance,dickcissel,standard_error,-0.05222,5,NA,0.06042,NA,NA,-0.07613,7,NA,0.04604,NA,NA,Estimate represents a beta coefficient; Sample size is number of sites
B34SZBUU,Powell 2006,prescribed_fire,abundance,4-year burn frequency,20-year burn frequency,abundance,eastern_meadowlark,standard_error,-0.06679,5,NA,0.06651,NA,NA,-0.04558,7,NA,0.0522,NA,NA,Estimate represents a beta coefficient; Sample size is number of sites
B34SZBUU,Powell 2006,prescribed_fire,abundance,4-year burn frequency,20-year burn frequency,abundance,brown_headed_cowbird,standard_error,0.00814,5,NA,0.08715,NA,NA,0.03838,7,NA,0.06841,NA,NA,Estimate represents a beta coefficient; Sample size is number of sites
ABXAGBLU,Purcell et al. 1997,Install nest boxes,nest_success,Nest box,Natural cavity,daily mortality rate,house_wren,standard_deviation,0.005,36,0.002,NA,NA,NA,0.0126,47,0.0035,NA,NA,NA,NA
86IBQ28G,Rahmig et al. 2009,prescribed_fire,abundance,Burned CRP field,Unburned CRP field,density (birds/ha) - 2004,dickcissel,standard_deviation,1.5,4,0.58,NA,NA,NA,2.43,4,1.31,NA,NA,NA,NA
86IBQ28G,Rahmig et al. 2009,prescribed_fire,abundance,Burned CRP field,Unburned CRP field,density (birds/ha) - 2004,grasshopper_sparrow,standard_deviation,0.12,4,0.15,NA,NA,NA,0.32,4,0.63,NA,NA,NA,NA
86IBQ28G,Rahmig et al. 2009,prescribed_fire,abundance,Burned CRP field,Unburned CRP field,density (birds/ha) - 2004,eastern_meadowlark,standard_deviation,0.08,4,0.09,NA,NA,NA,0.12,4,0.15,NA,NA,NA,NA
86IBQ28G,Rahmig et al. 2009,prescribed_fire,abundance,Burned CRP field,Unburned CRP field,density (birds/ha) - 2004,brown_headed_cowbird,standard_deviation,0.14,4,0.12,NA,NA,NA,0.32,4,0.27,NA,NA,NA,NA
86IBQ28G,Rahmig et al. 2009,prescribed_fire,abundance,Burned CRP field,Unburned CRP field,density (birds/ha) - 2004,red_winged_blackbird,standard_deviation,0.02,4,0.04,NA,NA,NA,0,4,0,NA,NA,NA,NA
86IBQ28G,Rahmig et al. 2009,prescribed_fire,abundance,Burned CRP field,Unburned CRP field,density (birds/ha) - 2004,henslows_sparrow,standard_deviation,0,4,0,NA,NA,NA,0,4,0,NA,NA,NA,NA
86IBQ28G,Rahmig et al. 2009,prescribed_fire,abundance,Burned CRP field,Unburned CRP field,density (birds/ha) - 2004,common_nighthawk,standard_deviation,0,4,0,NA,NA,NA,0,4,0,NA,NA,NA,NA
86IBQ28G,Rahmig et al. 2009,prescribed_fire,abundance,Burned CRP field,Unburned CRP field,density (birds/ha) - 2004,mourning_dove,standard_deviation,0.02,4,0.04,NA,NA,NA,0.06,4,0.12,NA,NA,NA,NA
86IBQ28G,Rahmig et al. 2009,prescribed_fire,abundance,Burned CRP field,Unburned CRP field,density (birds/ha) - 2004,upland_sandpiper,standard_deviation,0,4,0,NA,NA,NA,0,4,0,NA,NA,NA,NA
86IBQ28G,Rahmig et al. 2009,prescribed_fire,abundance,Burned CRP field,Unburned CRP field,density (birds/ha) - 2005,dickcissel,standard_deviation,2,4,0.99,NA,NA,NA,3.07,4,2.15,NA,NA,NA,NA
86IBQ28G,Rahmig et al. 2009,prescribed_fire,abundance,Burned CRP field,Unburned CRP field,density (birds/ha) - 2005,grasshopper_sparrow,standard_deviation,0.14,4,0.28,NA,NA,NA,0.13,4,0.19,NA,NA,NA,NA
86IBQ28G,Rahmig et al. 2009,prescribed_fire,abundance,Burned CRP field,Unburned CRP field,density (birds/ha) - 2005,eastern_meadowlark,standard_deviation,0.16,4,0.21,NA,NA,NA,0.48,4,0.38,NA,NA,NA,NA
86IBQ28G,Rahmig et al. 2009,prescribed_fire,abundance,Burned CRP field,Unburned CRP field,density (birds/ha) - 2005,brown_headed_cowbird,standard_deviation,0.1,4,0.2,NA,NA,NA,0.86,4,0.63,NA,NA,NA,NA
86IBQ28G,Rahmig et al. 2009,prescribed_fire,abundance,Burned CRP field,Unburned CRP field,density (birds/ha) - 2005,red_winged_blackbird,standard_deviation,0.24,4,0.38,NA,NA,NA,0.06,4,0.05,NA,NA,NA,NA
86IBQ28G,Rahmig et al. 2009,prescribed_fire,abundance,Burned CRP field,Unburned CRP field,density (birds/ha) - 2005,henslows_sparrow,standard_deviation,0,4,0,NA,NA,NA,0.13,4,0.24,NA,NA,NA,NA
86IBQ28G,Rahmig et al. 2009,prescribed_fire,abundance,Burned CRP field,Unburned CRP field,density (birds/ha) - 2005,mourning_dove,standard_deviation,0.06,4,0.12,NA,NA,NA,0.21,4,0.4,NA,NA,NA,NA
86IBQ28G,Rahmig et al. 2009,prescribed_fire,abundance,Burned CRP field,Unburned CRP field,density (birds/ha) - 2005,northern_bobwhite,standard_deviation,0,4,0,NA,NA,NA,0.06,4,0.08,NA,NA,NA,NA
86IBQ28G,Rahmig et al. 2009,prescribed_fire,abundance,Burned CRP field,Unburned CRP field,density (birds/ha) - 2005,upland_sandpiper,standard_deviation,0,4,0,NA,NA,NA,0,4,0,NA,NA,NA,NA
86IBQ28G,Rahmig et al. 2009,prescribed_fire,abundance,Burned CRP field,Unburned CRP field,density (birds/ha) - 2005,lark_sparrow,standard_deviation,0.08,4,0.01,NA,NA,NA,0,4,0,NA,NA,NA,NA
86IBQ28G,Rahmig et al. 2009,prescribed_fire,abundance,Burned native hayfield,Unburned hayfield,density (birds/ha) - 2004,dickcissel,standard_deviation,1.08,5,0.49,NA,NA,NA,1.04,5,0.83,NA,NA,NA,NA
86IBQ28G,Rahmig et al. 2009,prescribed_fire,abundance,Burned native hayfield,Unburned hayfield,density (birds/ha) - 2004,grasshopper_sparrow,standard_deviation,0.47,5,0.3,NA,NA,NA,0.4,5,0.26,NA,NA,NA,NA
86IBQ28G,Rahmig et al. 2009,prescribed_fire,abundance,Burned native hayfield,Unburned hayfield,density (birds/ha) - 2004,eastern_meadowlark,standard_deviation,0.29,5,0.18,NA,NA,NA,0.43,5,0.17,NA,NA,NA,NA
86IBQ28G,Rahmig et al. 2009,prescribed_fire,abundance,Burned native hayfield,Unburned hayfield,density (birds/ha) - 2004,brown_headed_cowbird,standard_deviation,0.03,5,0.07,NA,NA,NA,0.02,5,0.04,NA,NA,NA,NA
86IBQ28G,Rahmig et al. 2009,prescribed_fire,abundance,Burned native hayfield,Unburned hayfield,density (birds/ha) - 2004,red_winged_blackbird,standard_deviation,0.11,5,0.16,NA,NA,NA,0.13,5,0.28,NA,NA,NA,NA
86IBQ28G,Rahmig et al. 2009,prescribed_fire,abundance,Burned native hayfield,Unburned hayfield,density (birds/ha) - 2004,henslows_sparrow,standard_deviation,0.05,5,0.11,NA,NA,NA,0.06,5,0.14,NA,NA,NA,NA
86IBQ28G,Rahmig et al. 2009,prescribed_fire,abundance,Burned native hayfield,Unburned hayfield,density (birds/ha) - 2004,common_nighthawk,standard_deviation,0,5,0,NA,NA,NA,0,5,0,NA,NA,NA,NA
86IBQ28G,Rahmig et al. 2009,prescribed_fire,abundance,Burned native hayfield,Unburned hayfield,density (birds/ha) - 2004,mourning_dove,standard_deviation,0,5,0,NA,NA,NA,0.02,5,0.04,NA,NA,NA,NA
86IBQ28G,Rahmig et al. 2009,prescribed_fire,abundance,Burned native hayfield,Unburned hayfield,density (birds/ha) - 2004,upland_sandpiper,standard_deviation,0,5,0,NA,NA,NA,0,5,0,NA,NA,NA,NA
86IBQ28G,Rahmig et al. 2009,prescribed_fire,abundance,Burned native hayfield,Unburned hayfield,density (birds/ha) - 2005,dickcissel,standard_deviation,1.01,5,0.5,NA,NA,NA,1.33,5,0.86,NA,NA,NA,NA
86IBQ28G,Rahmig et al. 2009,prescribed_fire,abundance,Burned native hayfield,Unburned hayfield,density (birds/ha) - 2005,grasshopper_sparrow,standard_deviation,1.03,5,0.93,NA,NA,NA,1.08,5,0.7,NA,NA,NA,NA
86IBQ28G,Rahmig et al. 2009,prescribed_fire,abundance,Burned native hayfield,Unburned hayfield,density (birds/ha) - 2005,eastern_meadowlark,standard_deviation,0.62,5,0.31,NA,NA,NA,0.74,5,0.44,NA,NA,NA,NA
86IBQ28G,Rahmig et al. 2009,prescribed_fire,abundance,Burned native hayfield,Unburned hayfield,density (birds/ha) - 2005,brown_headed_cowbird,standard_deviation,0.13,5,0.16,NA,NA,NA,0.15,5,0.22,NA,NA,NA,NA
86IBQ28G,Rahmig et al. 2009,prescribed_fire,abundance,Burned native hayfield,Unburned hayfield,density (birds/ha) - 2005,red_winged_blackbird,standard_deviation,0.19,5,0.23,NA,NA,NA,0.05,5,0.07,NA,NA,NA,NA
86IBQ28G,Rahmig et al. 2009,prescribed_fire,abundance,Burned native hayfield,Unburned hayfield,density (birds/ha) - 2005,henslows_sparrow,standard_deviation,0.02,5,0.04,NA,NA,NA,0.11,5,0.15,NA,NA,NA,NA
86IBQ28G,Rahmig et al. 2009,prescribed_fire,abundance,Burned native hayfield,Unburned hayfield,density (birds/ha) - 2005,mourning_dove,standard_deviation,0.03,5,0.04,NA,NA,NA,0,5,0,NA,NA,NA,NA
86IBQ28G,Rahmig et al. 2009,prescribed_fire,abundance,Burned native hayfield,Unburned hayfield,density (birds/ha) - 2005,northern_bobwhite,standard_deviation,0,5,0,NA,NA,NA,0.08,5,0.1,NA,NA,NA,NA
86IBQ28G,Rahmig et al. 2009,prescribed_fire,abundance,Burned native hayfield,Unburned hayfield,density (birds/ha) - 2005,upland_sandpiper,standard_deviation,0.02,5,0.04,NA,NA,NA,0.08,5,0.16,NA,NA,NA,NA
86IBQ28G,Rahmig et al. 2009,prescribed_fire,abundance,Burned native hayfield,Unburned hayfield,density (birds/ha) - 2005,lark_sparrow,standard_deviation,0,5,0,NA,NA,NA,0,5,0,NA,NA,NA,NA
86IBQ28G,Rahmig et al. 2009,prescribed_fire,abundance,Burned season-long grazed pasture,Unburned season-long grazed pasture,density (birds/ha) - 2004,dickcissel,standard_deviation,1,6,0.75,NA,NA,NA,0.74,6,0.53,NA,NA,NA,NA
86IBQ28G,Rahmig et al. 2009,prescribed_fire,abundance,Burned season-long grazed pasture,Unburned season-long grazed pasture,density (birds/ha) - 2004,grasshopper_sparrow,standard_deviation,0.63,6,0.37,NA,NA,NA,0.86,6,0.73,NA,NA,NA,NA
86IBQ28G,Rahmig et al. 2009,prescribed_fire,abundance,Burned season-long grazed pasture,Unburned season-long grazed pasture,density (birds/ha) - 2004,eastern_meadowlark,standard_deviation,0.25,6,0.08,NA,NA,NA,0.44,6,0.34,NA,NA,NA,NA
86IBQ28G,Rahmig et al. 2009,prescribed_fire,abundance,Burned season-long grazed pasture,Unburned season-long grazed pasture,density (birds/ha) - 2004,brown_headed_cowbird,standard_deviation,0.21,6,0.2,NA,NA,NA,0.15,6,0.14,NA,NA,NA,NA
86IBQ28G,Rahmig et al. 2009,prescribed_fire,abundance,Burned season-long grazed pasture,Unburned season-long grazed pasture,density (birds/ha) - 2004,red_winged_blackbird,standard_deviation,0.04,6,0.1,NA,NA,NA,0.01,6,0.03,NA,NA,NA,NA
86IBQ28G,Rahmig et al. 2009,prescribed_fire,abundance,Burned season-long grazed pasture,Unburned season-long grazed pasture,density (birds/ha) - 2004,henslows_sparrow,standard_deviation,0.01,6,0.03,NA,NA,NA,0.09,6,0.23,NA,NA,NA,NA
86IBQ28G,Rahmig et al. 2009,prescribed_fire,abundance,Burned season-long grazed pasture,Unburned season-long grazed pasture,density (birds/ha) - 2004,common_nighthawk,standard_deviation,0.01,6,0.03,NA,NA,NA,0.03,6,0.06,NA,NA,NA,NA
86IBQ28G,Rahmig et al. 2009,prescribed_fire,abundance,Burned season-long grazed pasture,Unburned season-long grazed pasture,density (birds/ha) - 2004,mourning_dove,standard_deviation,0,6,0,NA,NA,NA,0.01,6,0.03,NA,NA,NA,NA
86IBQ28G,Rahmig et al. 2009,prescribed_fire,abundance,Burned season-long grazed pasture,Unburned season-long grazed pasture,density (birds/ha) - 2004,upland_sandpiper,standard_deviation,0.01,6,0.03,NA,NA,NA,0.07,6,0.09,NA,NA,NA,NA
86IBQ28G,Rahmig et al. 2009,prescribed_fire,abundance,Burned season-long grazed pasture,Unburned season-long grazed pasture,density (birds/ha) - 2005,dickcissel,standard_deviation,1.57,6,0.86,NA,NA,NA,1.16,6,0.33,NA,NA,NA,NA
86IBQ28G,Rahmig et al. 2009,prescribed_fire,abundance,Burned season-long grazed pasture,Unburned season-long grazed pasture,density (birds/ha) - 2005,grasshopper_sparrow,standard_deviation,0.84,6,0.73,NA,NA,NA,1.11,6,0.63,NA,NA,NA,NA
86IBQ28G,Rahmig et al. 2009,prescribed_fire,abundance,Burned season-long grazed pasture,Unburned season-long grazed pasture,density (birds/ha) - 2005,eastern_meadowlark,standard_deviation,0.51,6,0.2,NA,NA,NA,0.46,6,0.23,NA,NA,NA,NA
86IBQ28G,Rahmig et al. 2009,prescribed_fire,abundance,Burned season-long grazed pasture,Unburned season-long grazed pasture,density (birds/ha) - 2005,brown_headed_cowbird,standard_deviation,0.29,6,0.36,NA,NA,NA,0.15,6,0.26,NA,NA,NA,NA
86IBQ28G,Rahmig et al. 2009,prescribed_fire,abundance,Burned season-long grazed pasture,Unburned season-long grazed pasture,density (birds/ha) - 2005,red_winged_blackbird,standard_deviation,0.12,6,0.19,NA,NA,NA,0.01,6,0.03,NA,NA,NA,NA
86IBQ28G,Rahmig et al. 2009,prescribed_fire,abundance,Burned season-long grazed pasture,Unburned season-long grazed pasture,density (birds/ha) - 2005,henslows_sparrow,standard_deviation,0,6,0,NA,NA,NA,0.29,6,0.56,NA,NA,NA,NA
86IBQ28G,Rahmig et al. 2009,prescribed_fire,abundance,Burned season-long grazed pasture,Unburned season-long grazed pasture,density (birds/ha) - 2005,mourning_dove,standard_deviation,0,6,0,NA,NA,NA,0,6,0,NA,NA,NA,NA
86IBQ28G,Rahmig et al. 2009,prescribed_fire,abundance,Burned season-long grazed pasture,Unburned season-long grazed pasture,density (birds/ha) - 2005,northern_bobwhite,standard_deviation,0,6,0,NA,NA,NA,0.03,6,0.04,NA,NA,NA,NA
86IBQ28G,Rahmig et al. 2009,prescribed_fire,abundance,Burned season-long grazed pasture,Unburned season-long grazed pasture,density (birds/ha) - 2005,upland_sandpiper,standard_deviation,0.04,6,0.04,NA,NA,NA,0,6,0,NA,NA,NA,NA
86IBQ28G,Rahmig et al. 2009,prescribed_fire,abundance,Burned season-long grazed pasture,Unburned season-long grazed pasture,density (birds/ha) - 2005,lark_sparrow,standard_deviation,0.01,6,0.03,NA,NA,NA,0,6,0,NA,NA,NA,NA
86IBQ28G,Rahmig et al. 2009,grazing_intensity,abundance,Burned season-long grazed pasture,Burned intensive-early season grazed pasture (1.25 cattle/ha),density (birds/ha) - 2004,dickcissel,standard_deviation,1,6,0.75,NA,NA,NA,1.07,6,0.69,NA,NA,NA,NA
86IBQ28G,Rahmig et al. 2009,grazing_intensity,abundance,Burned season-long grazed pasture,Burned intensive-early season grazed pasture (1.25 cattle/ha),density (birds/ha) - 2004,grasshopper_sparrow,standard_deviation,0.63,6,0.37,NA,NA,NA,0.88,6,0.33,NA,NA,NA,NA
86IBQ28G,Rahmig et al. 2009,grazing_intensity,abundance,Burned season-long grazed pasture,Burned intensive-early season grazed pasture (1.25 cattle/ha),density (birds/ha) - 2004,eastern_meadowlark,standard_deviation,0.25,6,0.08,NA,NA,NA,0.3,6,0.19,NA,NA,NA,NA
86IBQ28G,Rahmig et al. 2009,grazing_intensity,abundance,Burned season-long grazed pasture,Burned intensive-early season grazed pasture (1.25 cattle/ha),density (birds/ha) - 2004,brown_headed_cowbird,standard_deviation,0.21,6,0.2,NA,NA,NA,0.2,6,0.33,NA,NA,NA,NA
86IBQ28G,Rahmig et al. 2009,grazing_intensity,abundance,Burned season-long grazed pasture,Burned intensive-early season grazed pasture (1.25 cattle/ha),density (birds/ha) - 2004,red_winged_blackbird,standard_deviation,0.04,6,0.1,NA,NA,NA,0.03,6,0.04,NA,NA,NA,NA
86IBQ28G,Rahmig et al. 2009,grazing_intensity,abundance,Burned season-long grazed pasture,Burned intensive-early season grazed pasture (1.25 cattle/ha),density (birds/ha) - 2004,henslows_sparrow,standard_deviation,0.01,6,0.03,NA,NA,NA,0,6,0,NA,NA,NA,NA
86IBQ28G,Rahmig et al. 2009,grazing_intensity,abundance,Burned season-long grazed pasture,Burned intensive-early season grazed pasture (1.25 cattle/ha),density (birds/ha) - 2004,common_nighthawk,standard_deviation,0.01,6,0.03,NA,NA,NA,0.07,6,0.09,NA,NA,NA,NA
86IBQ28G,Rahmig et al. 2009,grazing_intensity,abundance,Burned season-long grazed pasture,Burned intensive-early season grazed pasture (1.25 cattle/ha),density (birds/ha) - 2004,mourning_dove,standard_deviation,0,6,0,NA,NA,NA,0.01,6,0.03,NA,NA,NA,NA
86IBQ28G,Rahmig et al. 2009,grazing_intensity,abundance,Burned season-long grazed pasture,Burned intensive-early season grazed pasture (1.25 cattle/ha),density (birds/ha) - 2004,upland_sandpiper,standard_deviation,0.01,6,0.03,NA,NA,NA,0.01,6,0.04,NA,NA,NA,NA
86IBQ28G,Rahmig et al. 2009,grazing_intensity,abundance,Burned season-long grazed pasture,Burned intensive-early season grazed pasture (1.25 cattle/ha),density (birds/ha) - 2005,dickcissel,standard_deviation,1.57,6,0.86,NA,NA,NA,1.28,6,0.94,NA,NA,NA,NA
86IBQ28G,Rahmig et al. 2009,grazing_intensity,abundance,Burned season-long grazed pasture,Burned intensive-early season grazed pasture (1.25 cattle/ha),density (birds/ha) - 2005,grasshopper_sparrow,standard_deviation,0.84,6,0.73,NA,NA,NA,1.36,6,0.55,NA,NA,NA,NA
86IBQ28G,Rahmig et al. 2009,grazing_intensity,abundance,Burned season-long grazed pasture,Burned intensive-early season grazed pasture (1.25 cattle/ha),density (birds/ha) - 2005,eastern_meadowlark,standard_deviation,0.51,6,0.2,NA,NA,NA,0.83,6,0.44,NA,NA,NA,NA
86IBQ28G,Rahmig et al. 2009,grazing_intensity,abundance,Burned season-long grazed pasture,Burned intensive-early season grazed pasture (1.25 cattle/ha),density (birds/ha) - 2005,brown_headed_cowbird,standard_deviation,0.29,6,0.36,NA,NA,NA,0.07,6,0.06,NA,NA,NA,NA
86IBQ28G,Rahmig et al. 2009,grazing_intensity,abundance,Burned season-long grazed pasture,Burned intensive-early season grazed pasture (1.25 cattle/ha),density (birds/ha) - 2005,red_winged_blackbird,standard_deviation,0.12,6,0.19,NA,NA,NA,0.01,6,0.03,NA,NA,NA,NA
86IBQ28G,Rahmig et al. 2009,grazing_intensity,abundance,Burned season-long grazed pasture,Burned intensive-early season grazed pasture (1.25 cattle/ha),density (birds/ha) - 2005,henslows_sparrow,standard_deviation,0,6,0,NA,NA,NA,0.01,6,0.03,NA,NA,NA,NA
86IBQ28G,Rahmig et al. 2009,grazing_intensity,abundance,Burned season-long grazed pasture,Burned intensive-early season grazed pasture (1.25 cattle/ha),density (birds/ha) - 2005,mourning_dove,standard_deviation,0,6,0,NA,NA,NA,0,6,0,NA,NA,NA,NA
86IBQ28G,Rahmig et al. 2009,grazing_intensity,abundance,Burned season-long grazed pasture,Burned intensive-early season grazed pasture (1.25 cattle/ha),density (birds/ha) - 2005,northern_bobwhite,standard_deviation,0,6,0,NA,NA,NA,0.05,6,0.1,NA,NA,NA,NA
86IBQ28G,Rahmig et al. 2009,grazing_intensity,abundance,Burned season-long grazed pasture,Burned intensive-early season grazed pasture (1.25 cattle/ha),density (birds/ha) - 2005,upland_sandpiper,standard_deviation,0.04,6,0.04,NA,NA,NA,0.02,6,0.04,NA,NA,NA,NA
86IBQ28G,Rahmig et al. 2009,grazing_intensity,abundance,Burned season-long grazed pasture,Burned intensive-early season grazed pasture (1.25 cattle/ha),density (birds/ha) - 2005,lark_sparrow,standard_deviation,0.01,6,0.03,NA,NA,NA,0,6,0,NA,NA,NA,NA
A9QQKZTZ,Raynor et al. 2017,remove_non-native_species,occupancy,Treated shrub,Untreated shrub,community occupancy probability,all_species,confidence_intervals,0.34,3,NA,NA,0.14,0.62,0.52,3,NA,NA,0.27,0.76,Occupancy estimate based on unmarked model
A9QQKZTZ,Raynor et al. 2017,remove_non-native_species,occupancy,Treated mid-canopy,Untreated mid-canopy,community occupancy probability,all_species,confidence_intervals,0.22,3,NA,NA,0.12,0.38,0.17,3,NA,NA,0.08,0.33,Occupancy estimate based on unmarked model
A9QQKZTZ,Raynor et al. 2017,remove_non-native_species,occupancy,Treated High-canopy,Untreated high-canopy,community occupancy probability,all_species,confidence_intervals,0.61,3,NA,NA,0.45,0.63,0.46,3,NA,NA,0.32,0.61,Occupancy estimate based on unmarked model
A9QQKZTZ,Raynor et al. 2017,remove_non-native_species,abundance,Treated,Untreated,abundance - 2006,lark_sparrow,standard_error,0.83,3,NA,0.6,NA,NA,0.16,3,NA,0.16,NA,NA,NA
A9QQKZTZ,Raynor et al. 2017,remove_non-native_species,abundance,Treated,Untreated,abundance - 2006,western_meadowlark,standard_error,0.66,3,NA,0.16,NA,NA,0.16,3,NA,0.16,NA,NA,NA
A9QQKZTZ,Raynor et al. 2017,remove_non-native_species,abundance,Treated,Untreated,abundance - 2006,northern_flicker,standard_error,0.16,3,NA,0.16,NA,NA,0.16,3,NA,0.16,NA,NA,NA
A9QQKZTZ,Raynor et al. 2017,remove_non-native_species,abundance,Treated,Untreated,abundance - 2006,mourning_dove,standard_error,2.67,3,NA,0.6,NA,NA,7.5,3,NA,1.04,NA,NA,NA
A9QQKZTZ,Raynor et al. 2017,remove_non-native_species,abundance,Treated,Untreated,abundance - 2007,mourning_dove,standard_error,3.5,3,NA,1.04,NA,NA,5.5,3,NA,0.58,NA,NA,NA
A9QQKZTZ,Raynor et al. 2017,remove_non-native_species,abundance,Treated,Untreated,abundance - 2006,western_kingbird,standard_error,2.16,3,NA,0.6,NA,NA,1.5,3,NA,0.29,NA,NA,NA
A9QQKZTZ,Raynor et al. 2017,remove_non-native_species,abundance,Treated,Untreated,abundance - 2007,western_kingbird,standard_error,3.16,3,NA,2.18,NA,NA,1.16,3,NA,0.33,NA,NA,NA
A9QQKZTZ,Raynor et al. 2017,remove_non-native_species,abundance,Treated,Untreated,abundance - 2006,western_kingbird,standard_error,1,3,NA,0.29,NA,NA,1,3,NA,0.5,NA,NA,NA
A9QQKZTZ,Raynor et al. 2017,remove_non-native_species,abundance,Treated,Untreated,abundance - 2007,western_kingbird,standard_error,0.83,3,NA,0.83,NA,NA,0.33,3,NA,0.16,NA,NA,NA
A9QQKZTZ,Raynor et al. 2017,remove_non-native_species,abundance,Treated,Untreated,abundance - 2006,orchard_oriole,standard_error,1,3,NA,0.76,NA,NA,2.33,3,NA,1.16,NA,NA,NA
A9QQKZTZ,Raynor et al. 2017,remove_non-native_species,abundance,Treated,Untreated,abundance - 2007,orchard_oriole,standard_error,1,3,NA,1,NA,NA,1.33,3,NA,0.33,NA,NA,NA
A9QQKZTZ,Raynor et al. 2017,remove_non-native_species,abundance,Treated,Untreated,abundance - 2006,northern_mockingbird,standard_error,0.83,3,NA,0.16,NA,NA,2.83,3,NA,1.01,NA,NA,NA
A9QQKZTZ,Raynor et al. 2017,remove_non-native_species,abundance,Treated,Untreated,abundance - 2007,northern_mockingbird,standard_error,0.33,3,NA,0.33,NA,NA,2.16,3,NA,0.93,NA,NA,NA
A9QQKZTZ,Raynor et al. 2017,remove_non-native_species,abundance,Treated,Untreated,abundance - 2006,brown_thrasher,standard_error,0.33,3,NA,0.33,NA,NA,0.67,3,NA,0.44,NA,NA,NA
A9QQKZTZ,Raynor et al. 2017,remove_non-native_species,abundance,Treated,Untreated,abundance - 2006,yellow_warbler,standard_error,0.33,3,NA,0.16,NA,NA,1.16,3,NA,1.16,NA,NA,NA
A9QQKZTZ,Raynor et al. 2017,remove_non-native_species,abundance,Treated,Untreated,abundance - 2006,red_winged_blackbird,standard_error,1.67,3,NA,0.73,NA,NA,0.5,3,NA,0.5,NA,NA,NA
A9QQKZTZ,Raynor et al. 2017,remove_non-native_species,abundance,Treated,Untreated,abundance - 2007,red_winged_blackbird,standard_error,1.33,3,NA,0.73,NA,NA,0.5,3,NA,0.5,NA,NA,NA
A9QQKZTZ,Raynor et al. 2017,remove_non-native_species,abundance,Treated,Untreated,abundance - 2006,brown_headed_cowbird,standard_error,1,3,NA,0.76,NA,NA,1,3,NA,0,NA,NA,NA
A9QQKZTZ,Raynor et al. 2017,remove_non-native_species,abundance,Treated,Untreated,abundance - 2007,brown_headed_cowbird,standard_error,0.33,3,NA,0.33,NA,NA,1.67,3,NA,0.44,NA,NA,NA
A9QQKZTZ,Raynor et al. 2017,remove_non-native_species,abundance,Treated,Untreated,abundance - 2008,lark_sparrow,standard_error,0.16,3,NA,0.16,NA,NA,0.16,3,NA,0.16,NA,NA,NA
A9QQKZTZ,Raynor et al. 2017,remove_non-native_species,abundance,Treated,Untreated,abundance - 2009,lark_sparrow,standard_error,0.5,3,NA,0.29,NA,NA,1.83,3,NA,1.16,NA,NA,NA
A9QQKZTZ,Raynor et al. 2017,remove_non-native_species,abundance,Treated,Untreated,abundance - 2008,northern_flicker,standard_error,0.16,3,NA,0.16,NA,NA,0.5,3,NA,0.5,NA,NA,NA
A9QQKZTZ,Raynor et al. 2017,remove_non-native_species,abundance,Treated,Untreated,abundance - 2008,mourning_dove,standard_error,3.83,3,NA,1.36,NA,NA,6.66,3,NA,0.16,NA,NA,NA
A9QQKZTZ,Raynor et al. 2017,remove_non-native_species,abundance,Treated,Untreated,abundance - 2009,mourning_dove,standard_error,4,3,NA,0.28,NA,NA,7.33,3,NA,1.36,NA,NA,NA
A9QQKZTZ,Raynor et al. 2017,remove_non-native_species,abundance,Treated,Untreated,abundance - 2008,western_kingbird,standard_error,2.66,3,NA,1.69,NA,NA,3.33,3,NA,0.6,NA,NA,NA
A9QQKZTZ,Raynor et al. 2017,remove_non-native_species,abundance,Treated,Untreated,abundance - 2009,western_kingbird,standard_error,2,3,NA,1.5,NA,NA,2.83,3,NA,1.36,NA,NA,NA
A9QQKZTZ,Raynor et al. 2017,remove_non-native_species,abundance,Treated,Untreated,abundance - 2009,eastern_kingbird,standard_error,0.66,3,NA,0.66,NA,NA,0.67,3,NA,0.44,NA,NA,NA
A9QQKZTZ,Raynor et al. 2017,remove_non-native_species,abundance,Treated,Untreated,abundance - 2008,orchard_oriole,standard_error,0.83,3,NA,0.44,NA,NA,1.67,3,NA,0.72,NA,NA,NA
A9QQKZTZ,Raynor et al. 2017,remove_non-native_species,abundance,Treated,Untreated,abundance - 2009,orchard_oriole,standard_error,0.5,3,NA,0.5,NA,NA,1,3,NA,0.76,NA,NA,NA
A9QQKZTZ,Raynor et al. 2017,remove_non-native_species,abundance,Treated,Untreated,abundance - 2008,northern_mockingbird,standard_error,1.66,3,NA,0.44,NA,NA,2.83,3,NA,0.6,NA,NA,NA
A9QQKZTZ,Raynor et al. 2017,remove_non-native_species,abundance,Treated,Untreated,abundance - 2009,northern_mockingbird,standard_error,2,3,NA,0.29,NA,NA,6,3,NA,0.87,NA,NA,NA
A9QQKZTZ,Raynor et al. 2017,remove_non-native_species,abundance,Treated,Untreated,abundance - 2008,blue_grosbeak,standard_error,0.5,3,NA,0.29,NA,NA,0.5,3,NA,0.5,NA,NA,NA
A9QQKZTZ,Raynor et al. 2017,remove_non-native_species,abundance,Treated,Untreated,abundance - 2009,red_winged_blackbird,standard_error,0.16,3,NA,0.16,NA,NA,0.16,3,NA,0.16,NA,NA,NA
A9QQKZTZ,Raynor et al. 2017,remove_non-native_species,abundance,Treated,Untreated,abundance - 2009,brown_headed_cowbird,standard_error,0.83,3,NA,0.6,NA,NA,0.66,3,NA,0.16,NA,NA,NA
U2MLB3CF,Reif et al. 2016,remove_non-native_species,species_richness,Native stands,R. pseudacacia stands,species_richness,all_species,standard_error,11.1,20,NA,3.1,NA,NA,11.8,19,NA,2.7,NA,NA,NA
LIZQ6R64,Renfrew and Ribic 2001,summer_pasture_stockpiling,species_richness,Rotational grazing,Continuous grazing,species_richness - 1996,all_species,standard_error,4.3,4,NA,0.5,NA,NA,5.5,4,NA,2.13,NA,NA,NA
LIZQ6R64,Renfrew and Ribic 2001,summer_pasture_stockpiling,species_richness,Rotational grazing,Continuous grazing,species_richness - 1997,all_species,standard_error,3,4,NA,0.9,NA,NA,5.3,4,NA,1.3,NA,NA,NA
LIZQ6R64,Renfrew and Ribic 2001,summer_pasture_stockpiling,species_richness,Rotational grazing,Continuous grazing,species_richness - 1998,all_species,standard_error,1.8,4,NA,0.8,NA,NA,3.5,4,NA,1.2,NA,NA,NA
LIZQ6R64,Renfrew and Ribic 2001,summer_pasture_stockpiling,abundance,Rotational grazing,Continuous grazing,density - 1996,all_species,standard_error,1.89,4,NA,0.57,NA,NA,2.35,4,NA,0.83,NA,NA,NA
LIZQ6R64,Renfrew and Ribic 2001,summer_pasture_stockpiling,abundance,Rotational grazing,Continuous grazing,density - 1997,all_species,standard_error,2.78,4,NA,0.88,NA,NA,3.31,4,NA,1.18,NA,NA,NA
LIZQ6R64,Renfrew and Ribic 2001,summer_pasture_stockpiling,abundance,Rotational grazing,Continuous grazing,density - 1998,all_species,standard_error,1.73,4,NA,1.03,NA,NA,1.72,4,NA,0.56,NA,NA,NA
GP94VHUQ,Riffell et al. 2015,Edge and shrub habitat,abundance,Near forest edges with adjacent herbaceous buffers,Near forest edges without adjacent herbaceous buffers,log abundance of males,american_goldfinch,standard_deviation; confidence_intervals,0.92,51,0.56,NA,-0.26,2,0.21,51,0.8,NA,-1.44,1.69,Questionable sample size
GP94VHUQ,Riffell et al. 2015,Edge and shrub habitat,abundance,Near forest edges with adjacent herbaceous buffers,Near forest edges without adjacent herbaceous buffers,log abundance of males,blue_grosbeak,standard_deviation; confidence_intervals,1.1,51,0.41,NA,0.32,1.96,1.03,51,0.41,NA,0.26,1.91,Questionable sample size
GP94VHUQ,Riffell et al. 2015,Edge and shrub habitat,abundance,Near forest edges with adjacent herbaceous buffers,Near forest edges without adjacent herbaceous buffers,log abundance of males,brown_thrasher,standard_deviation; confidence_intervals,0.95,51,0.58,NA,-0.22,2.11,-0.25,51,0.77,NA,-1.91,1.17,Questionable sample size
GP94VHUQ,Riffell et al. 2015,Edge and shrub habitat,abundance,Near forest edges with adjacent herbaceous buffers,Near forest edges without adjacent herbaceous buffers,log abundance of males,eastern_towhee,standard_deviation; confidence_intervals,0.71,51,0.23,NA,0.28,1.2,0.72,51,0.23,NA,0.33,1.21,Questionable sample size
GP94VHUQ,Riffell et al. 2015,Edge and shrub habitat,abundance,Near forest edges with adjacent herbaceous buffers,Near forest edges without adjacent herbaceous buffers,log abundance of males,field_sparrow,standard_deviation; confidence_intervals,0.77,51,0.19,NA,0.41,1.15,-0.98,51,0.29,NA,-1.55,-0.42,Questionable sample size
GP94VHUQ,Riffell et al. 2015,Edge and shrub habitat,abundance,Near forest edges with adjacent herbaceous buffers,Near forest edges without adjacent herbaceous buffers,log abundance of males,indigo_bunting,standard_deviation; confidence_intervals,1.78,51,0.13,NA,1.55,2.04,1.66,51,0.12,NA,1.44,1.92,Questionable sample size
GP94VHUQ,Riffell et al. 2015,Edge and shrub habitat,abundance,Near forest edges with adjacent herbaceous buffers,Near forest edges without adjacent herbaceous buffers,log abundance of males,painted_bunting,standard_deviation; confidence_intervals,0.88,51,0.66,NA,-0.56,2.13,0.04,51,1.06,NA,-2.25,1.99,Questionable sample size
GP94VHUQ,Riffell et al. 2015,Edge and shrub habitat,abundance,Near forest edges with adjacent herbaceous buffers,Near forest edges without adjacent herbaceous buffers,log abundance of males,prairie_warbler,standard_deviation; confidence_intervals,0.85,51,0.58,NA,-0.39,1.93,0.3,51,0.79,NA,-1.34,1.78,Questionable sample size
GP94VHUQ,Riffell et al. 2015,Edge and shrub habitat,abundance,Near forest edges with adjacent herbaceous buffers,Near forest edges without adjacent herbaceous buffers,log abundance of males,yellow_breasted_chat,standard_deviation; confidence_intervals,1.22,51,0.17,NA,0.9,1.58,0.77,51,0.18,NA,0.43,1.15,Questionable sample size
GP94VHUQ,Riffell et al. 2015,Edge and shrub habitat,abundance,Near forest edges with adjacent herbaceous buffers,Near forest edges without adjacent herbaceous buffers,log abundance of males,eastern_phoebe,standard_deviation; confidence_intervals,0.02,51,0.71,NA,-1.52,1.29,0.13,51,0.66,NA,-1.27,1.33,Questionable sample size
GP94VHUQ,Riffell et al. 2015,Edge and shrub habitat,abundance,Near forest edges with adjacent herbaceous buffers,Near forest edges without adjacent herbaceous buffers,log abundance of males,northern_flicker,standard_deviation; confidence_intervals,0.24,51,0.7,NA,-1.31,1.53,-0.24,51,0.8,NA,-2.07,1.07,Questionable sample size
GP94VHUQ,Riffell et al. 2015,Edge and shrub habitat,abundance,Near forest edges with adjacent herbaceous buffers,Near forest edges without adjacent herbaceous buffers,log abundance of males,orchard_oriole,standard_deviation; confidence_intervals,0.7,51,0.51,NA,-0.28,1.75,0.17,51,0.52,NA,-0.89,1.18,Questionable sample size
GP94VHUQ,Riffell et al. 2015,Edge and shrub habitat,abundance,Near forest edges with adjacent herbaceous buffers,Near forest edges without adjacent herbaceous buffers,log abundance of males,red_headed_woodpecker,standard_deviation; confidence_intervals,-0.26,51,0.72,NA,-1.83,0.97,0.28,51,0.6,NA,-0.95,1.44,Questionable sample size
GP94VHUQ,Riffell et al. 2015,Edge and shrub habitat,abundance,Near forest edges with adjacent herbaceous buffers,Near forest edges without adjacent herbaceous buffers,log abundance of males,ruby_throated_hummingbird,standard_deviation; confidence_intervals,-0.04,51,0.71,NA,-1.65,1.21,0.18,51,0.67,NA,-1.28,1.4,Questionable sample size
GP94VHUQ,Riffell et al. 2015,Edge and shrub habitat,abundance,Near forest edges with adjacent herbaceous buffers,Near forest edges without adjacent herbaceous buffers,log abundance of males,wild_turkey,standard_deviation; confidence_intervals,0.64,51,0.61,NA,-0.54,1.91,-0.08,51,0.69,NA,-1.62,1.12,Questionable sample size
GP94VHUQ,Riffell et al. 2015,Edge and shrub habitat,abundance,Near forest edges with adjacent herbaceous buffers,Near forest edges without adjacent herbaceous buffers,log abundance of males,yellow_billed_cuckoo,standard_deviation; confidence_intervals,0.71,51,0.27,NA,0.22,1.29,0.64,51,0.27,NA,0.16,1.21,Questionable sample size
Y95E74XD,Roberts et al. 2012,prescribed_fire,species_richness,Burned short-grass fields (1-year post-fire),Unburned short-grass fields,shannon diversity index,all_species,standard_error,1.165,5,NA,0.119,NA,NA,1.336,5,NA,0.092,NA,NA,NA
Y95E74XD,Roberts et al. 2012,prescribed_fire,species_richness,Burned short-grass fields (2-years post-fire),Unburned short-grass fields,shannon diversity index,all_species,standard_error,1.669,5,NA,0.071,NA,NA,1.582,5,NA,0.07,NA,NA,NA
Y95E74XD,Roberts et al. 2012,prescribed_fire,species_richness,Burned mixed-grass fields (1-year post-fire),Unburned short-grass fields,shannon diversity index,all_species,standard_error,1.47,5,NA,0.075,NA,NA,1.442,5,NA,0.067,NA,NA,NA
Y95E74XD,Roberts et al. 2012,prescribed_fire,species_richness,Burned mixed-grass fields (2-years post-fire),Unburned short-grass fields,shannon diversity index,all_species,standard_error,1.605,5,NA,0.078,NA,NA,1.804,5,NA,0.061,NA,NA,NA
LUTCPDZB,Rodewald et al. 2015,remove_non-native_species,abundance,Urban removal,Urban control,relative abundance,american_robin,standard error,3,4,NA,0.26,NA,NA,2.1,8,NA,0.139,NA,NA,NA
LUTCPDZB,Rodewald et al. 2015,remove_non-native_species,abundance,Urban removal,Urban control,relative abundance,brown_headed_cowbird,standard error,1.06,4,NA,0.097,NA,NA,0.86,8,NA,0.06,NA,NA,NA
LUTCPDZB,Rodewald et al. 2015,remove_non-native_species,abundance,Urban removal,Urban control,relative abundance,indigo_bunting,standard error,1.31,4,NA,0.198,NA,NA,1.03,8,NA,0.11,NA,NA,NA
FQ4DXWJU,Saalfeld et al. 2016,provide_overwintering_habitat; prescribed_fire,species_richness,Grazed and burned (<1 growing season post-fire),Non-grazed and non-burned (>= 2 growing seasons post-fire),species_richness,grassland_obligates,standard_deviation,4.7,7,2.2,NA,NA,NA,2,7,1.4,NA,NA,NA,NA
FQ4DXWJU,Saalfeld et al. 2016,provide_overwintering_habitat; prescribed_fire,species_richness,Grazed and burned (1 growing season post-fire),Non-grazed and non-burned (>= 2 growing seasons post-fire),species_richness,grassland_obligates,standard_deviation,1.3,7,1.3,NA,NA,NA,2,7,1.4,NA,NA,NA,NA
FQ4DXWJU,Saalfeld et al. 2016,provide_overwintering_habitat; prescribed_fire,species_richness,Grazed and burned (2 growing season post-fire),Non-grazed and non-burned (>= 2 growing seasons post-fire),species_richness,grassland_obligates,standard_deviation,1.6,7,2.2,NA,NA,NA,2,7,1.4,NA,NA,NA,NA
FQ4DXWJU,Saalfeld et al. 2016,provide_overwintering_habitat; prescribed_fire,species_richness,Grazed and burned (<1 growing season post-fire),Non-grazed and non-burned (>= 2 growing seasons post-fire),facultative species_richness,grassland_facultative_species,standard_deviation,16.8,7,6.2,NA,NA,NA,32,7,13.8,NA,NA,NA,NA
FQ4DXWJU,Saalfeld et al. 2016,provide_overwintering_habitat; prescribed_fire,species_richness,Grazed and burned (1 growing season post-fire),Non-grazed and non-burned (>= 2 growing seasons post-fire),facultative species_richness,grassland_facultative_species,standard_deviation,26.1,7,12.1,NA,NA,NA,32,7,13.8,NA,NA,NA,NA
FQ4DXWJU,Saalfeld et al. 2016,provide_overwintering_habitat; prescribed_fire,species_richness,Grazed and burned (2 growing season post-fire),Non-grazed and non-burned (>= 2 growing seasons post-fire),facultative species_richness,grassland_facultative_species,standard_deviation,30.8,7,12.3,NA,NA,NA,32,7,13.8,NA,NA,NA,NA
FQ4DXWJU,Saalfeld et al. 2016,provide_overwintering_habitat; prescribed_fire,species_richness,Grazed and burned (<1 growing season post-fire),Non-grazed and non-burned (>= 2 growing seasons post-fire),total species_richness,all_species,standard_deviation,23.2,7,8,NA,NA,NA,37.8,7,17.4,NA,NA,NA,NA
FQ4DXWJU,Saalfeld et al. 2016,provide_overwintering_habitat; prescribed_fire,species_richness,Grazed and burned (1 growing season post-fire),Non-grazed and non-burned (>= 2 growing seasons post-fire),total species_richness,all_species,standard_deviation,28.6,7,12.3,NA,NA,NA,37.8,7,17.4,NA,NA,NA,NA
FQ4DXWJU,Saalfeld et al. 2016,provide_overwintering_habitat; prescribed_fire,species_richness,Grazed and burned (2 growing season post-fire),Non-grazed and non-burned (>= 2 growing seasons post-fire),total species_richness,all_species,standard_deviation,33.3,7,12.8,NA,NA,NA,37.8,7,17.4,NA,NA,NA,NA
FQ4DXWJU,Saalfeld et al. 2016,provide_overwintering_habitat; prescribed_fire,species_richness,Native prairie,Sites containing primarily exotic invasive species,obligate species_richness,grassland_obligates,standard_deviation,3.4,4,2.8,NA,NA,NA,3.9,6,6.3,NA,NA,NA,NA
FQ4DXWJU,Saalfeld et al. 2016,provide_overwintering_habitat; prescribed_fire,species_richness,Native prairie,Sites containing primarily exotic invasive species,facultative species_richness,grassland_facultative_species,standard_deviation,26.5,4,6.2,NA,NA,NA,19.8,6,8,NA,NA,NA,NA
FQ4DXWJU,Saalfeld et al. 2016,provide_overwintering_habitat; prescribed_fire,species_richness,Native prairie,Sites containing primarily exotic invasive species,total species_richness,all_species,standard_deviation,31.9,4,3.8,NA,NA,NA,28.3,6,8.1,NA,NA,NA,NA
VGVWR7ZM,Sandercock et al. 2015,prescribed_fire,nest_success,Burned annually and grazed,Unburned and grazed,nest survival,upland_sandpiper,standard_error,0.068,35,NA,0.035,NA,NA,0.247,61,NA,0.057,NA,NA,NA
VGVWR7ZM,Sandercock et al. 2015,prescribed_fire,nest_success,Burned annually and ungrazed,Unburned and ungrazed,nest survival,upland_sandpiper,standard_error,0.21,40,NA,0.065,NA,NA,0.201,71,NA,0.049,NA,NA,NA
VGVWR7ZM,Sandercock et al. 2015,prescribed_fire,nest_success,Burned (Year of burn),Unburned,dsr,upland_sandpiper,standard_error,0.9326,75,NA,0.0075,NA,NA,0.9495,132,NA,0.0056,NA,NA,NA
VGVWR7ZM,Sandercock et al. 2015,prescribed_fire,nest_success,Burned (Year of burn),Unburned,nest survival,upland_sandpiper,standard_error,0.132,75,NA,0.031,NA,NA,0.223,132,NA,0.038,NA,NA,NA
PNLEJZJE,Scheiman et al. 2003,remove_non-native_species,abundance,Low-spurge points,High-spurge points,density (birds/100 ha),grasshopper_sparrow,standard_deviation,45.7,2,27.4,NA,NA,NA,28.4,2,26.2,NA,NA,NA,NA
PNLEJZJE,Scheiman et al. 2003,remove_non-native_species,abundance,Low-spurge points,High-spurge points,density (birds/100 ha),savannah_sparrow,standard_deviation,26.7,2,17.9,NA,NA,NA,12.1,2,17.1,NA,NA,NA,NA
D7FXG82E,Schmidt et al. 2013,Plant native warm season grasses (NWSGs) and wildflowers,abundance,NWSG grassland plot,airfield (not NWSG) grassland plots,number of birds per count,all_species,standard_error,3.04,432,NA,0.3,NA,NA,2,391,NA,0.17,NA,NA,Treatment is defined here as the NWSG plot
D7FXG82E,Schmidt et al. 2013,Plant native warm season grasses (NWSGs) and wildflowers,abundance,NWSG grassland plot,airfield (not NWSG) grassland plots,number of birds per count,american_goldfinch,standard_error,0.84,432,NA,0.24,NA,NA,0.05,391,NA,0.02,NA,NA,Treatment is defined here as the NWSG plot
D7FXG82E,Schmidt et al. 2013,Plant native warm season grasses (NWSGs) and wildflowers,abundance,NWSG grassland plot,airfield (not NWSG) grassland plots,number of birds per count,field_sparrow,standard_error,0.29,432,NA,0.04,NA,NA,0,391,NA,0,NA,NA,Treatment is defined here as the NWSG plot
D7FXG82E,Schmidt et al. 2013,Plant native warm season grasses (NWSGs) and wildflowers,abundance,NWSG grassland plot,airfield (not NWSG) grassland plots,number of birds per count,song_sparrow,standard_error,0.26,432,NA,0.03,NA,NA,0.01,391,NA,0.01,NA,NA,Treatment is defined here as the NWSG plot
D7FXG82E,Schmidt et al. 2013,Plant native warm season grasses (NWSGs) and wildflowers,abundance,NWSG grassland plot,airfield (not NWSG) grassland plots,number of birds per count,savannah_sparrow,standard_error,0,432,NA,0,NA,NA,0.37,391,NA,0.06,NA,NA,Treatment is defined here as the NWSG plot
D7FXG82E,Schmidt et al. 2013,Plant native warm season grasses (NWSGs) and wildflowers,abundance,NWSG grassland plot,airfield (not NWSG) grassland plots,number of birds per count,grasshopper_sparrow,standard_error,0,432,NA,0,NA,NA,0.14,391,NA,0.03,NA,NA,Treatment is defined here as the NWSG plot
D7FXG82E,Schmidt et al. 2013,Plant native warm season grasses (NWSGs) and wildflowers,abundance,NWSG grassland plot,airfield (not NWSG) grassland plots,number of birds per count,red_winged_blackbird,standard_error,0.43,432,NA,0.07,NA,NA,0.2,391,NA,0.04,NA,NA,Treatment is defined here as the NWSG plot
D7FXG82E,Schmidt et al. 2013,Plant native warm season grasses (NWSGs) and wildflowers,abundance,NWSG grassland plot,airfield (not NWSG) grassland plots,number of birds per count,eastern_meadowlark,standard_error,0.03,432,NA,0.01,NA,NA,0.17,391,NA,0.03,NA,NA,Treatment is defined here as the NWSG plot
D7FXG82E,Schmidt et al. 2013,Plant native warm season grasses (NWSGs) and wildflowers,abundance,NWSG grassland plot,airfield (not NWSG) grassland plots,number of birds per count,bobolink,standard_error,0.07,432,NA,0.02,NA,NA,0.02,391,NA,0.01,NA,NA,Treatment is defined here as the NWSG plot
D7FXG82E,Schmidt et al. 2013,Plant native warm season grasses (NWSGs) and wildflowers,abundance,NWSG grassland plot,airfield (not NWSG) grassland plots,number of birds per count,common_yellowthroat,standard_error,0.31,432,NA,0.04,NA,NA,0.02,391,NA,0.01,NA,NA,Treatment is defined here as the NWSG plot
D7FXG82E,Schmidt et al. 2013,Plant native warm season grasses (NWSGs) and wildflowers,abundance,NWSG grassland plot,airfield (not NWSG) grassland plots,number of birds per count,horned_lark,standard_error,0,432,NA,0,NA,NA,0.28,391,NA,0.08,NA,NA,Treatment is defined here as the NWSG plot
9I8F9LQV,Shochat et al. 2005,prescribed fire,nest_success,Burned roadsides,Unburned roadsides,nest_success,all_species,standard_error,-0.001,33,NA,4e-4,NA,NA,-0.0016,82,NA,4e-4,NA,NA,Estimate represents a beta coefficient
JUHBU5DS,Sinnot et al. 2022,prescribed_fire,survival,Native grass burned,Native grass idle,juvenile survival,northern_bobwhite,confidence_intervals,0.227,212,NA,NA,-0.144,0.596,-0.064,212,NA,NA,-0.293,0.175,NA
JUHBU5DS,Sinnot et al. 2022,prescribed_fire,survival,Mixed grass burned,Mixed grass idle,juvenile survival,northern_bobwhite,confidence_intervals,-0.279,212,NA,NA,-0.57,0.011,0.126,212,NA,NA,-0.268,0.592,NA
JUHBU5DS,Sinnot et al. 2022,plant_nwsg,survival,Native grass burned,Mixed grass burned,juvenile survival,northern_bobwhite,confidence_intervals,0.227,212,NA,NA,-0.144,0.596,-0.279,212,NA,NA,-0.57,0.011,NA
JUHBU5DS,Sinnot et al. 2022,plant_nwsg,survival,Native grass idle,Mixed grass idle,juvenile survival,northern_bobwhite,confidence_intervals,-0.064,212,NA,NA,-0.293,0.175,0.126,212,NA,NA,-0.268,0.592,NA
JUHBU5DS,Sinnot et al. 2022,plant_nwsg,survival,Native grass grazed,Mixed grass grazed,juvenile survival,northern_bobwhite,confidence_intervals,0.126,212,NA,NA,-0.095,0.353,0.214,212,NA,NA,0.021,0.41,NA
JUHBU5DS,Sinnot et al. 2022,plant_nwsg,survival,Native grass burned and grazed,Mixed grass burned and grazed,juvenile survival,northern_bobwhite,confidence_intervals,0.707,212,NA,NA,0.295,1.145,0.019,212,NA,NA,-0.0186,0.244,NA
TIFDVC4W,Smith et al. 2005,edge_and_shrub_habitat; provide_overwintering_habitat,abundance,Bordered grass block,Non-bordered grass block,winter density (birds/ha),song_sparrow,standard_error,30.86,10,NA,4.19,NA,NA,8.29,7,NA,2.58,NA,NA,NA
TIFDVC4W,Smith et al. 2005,edge_and_shrub_habitat; provide_overwintering_habitat,abundance,Bordered grass block,Non-bordered grass block,winter density (birds/ha),savannah_sparrow,standard_error,14.95,10,NA,6.14,NA,NA,4.74,7,NA,1.45,NA,NA,NA
TIFDVC4W,Smith et al. 2005,edge_and_shrub_habitat; provide_overwintering_habitat,abundance,Bordered wood block,Non-bordered wood block,winter density (birds/ha),song_sparrow,standard_error,25.34,10,NA,3.68,NA,NA,28.2,10,NA,6.38,NA,NA,NA
TIFDVC4W,Smith et al. 2005,edge_and_shrub_habitat; provide_overwintering_habitat,abundance,Bordered wood block,Non-bordered wood block,winter density (birds/ha),savannah_sparrow,standard_error,5.4,10,NA,2.44,NA,NA,2.35,10,NA,1.23,NA,NA,NA
XRV7BSRZ,Sutter and Brigham 1998,Plant native warm season grasses (NWSGs) and wildflowers,species_richness,Native vegetation fields,Introduced vegetation fields,species_richness,all_species,standard_error,1.9,5,NA,0.7,NA,NA,2,5,NA,0.3,NA,NA,NA
XRV7BSRZ,Sutter and Brigham 1998,Plant native warm season grasses (NWSGs) and wildflowers,species_richness,Native vegetation fields,Introduced vegetation fields,species diversity,all_species,standard_error,1.8,5,NA,0.6,NA,NA,1.8,5,NA,0.3,NA,NA,NA
XRV7BSRZ,Sutter and Brigham 1998,Plant native warm season grasses (NWSGs) and wildflowers,species_richness,Native vegetation fields,Introduced vegetation fields,species evenness,all_species,standard_error,0.95,5,NA,0.004,NA,NA,0.93,5,NA,0.01,NA,NA,NA
XRV7BSRZ,Sutter and Brigham 1998,Plant native warm season grasses (NWSGs) and wildflowers,abundance,Native vegetation fields,Introduced vegetation fields,abundance,savannah_sparrow,standard_error,1.3,5,NA,0.5,NA,NA,0.5,5,NA,0.2,NA,NA,NA
XRV7BSRZ,Sutter and Brigham 1998,Plant native warm season grasses (NWSGs) and wildflowers,abundance,Native vegetation fields,Introduced vegetation fields,abundance,western_meadowlark,standard_error,2.8,5,NA,0.1,NA,NA,2.8,5,NA,0.2,NA,NA,NA
5H9BFCB2,Swengel 1996,Prescribed fire,abundance,Fire management,Hay management,abundance,grasshopper_sparrow,standard_deviation,2.5,41,6.3,NA,NA,NA,4,171,4.8,NA,NA,NA,Unknown time-since fire (could be anywhere from 1.5 to 4 years)
5H9BFCB2,Swengel 1996,Prescribed fire,abundance,Fire management,Hay management,abundance,dickcissel,standard_deviation,7.4,41,7.2,NA,NA,NA,8.5,171,6.5,NA,NA,NA,Unknown time-since fire (could be anywhere from 1.5 to 4 years)
GGQGCAKN,Twedt and Henne-kerr 2001,Install nest boxes,species_richness,Sites with nest boxes,Sites without nest boxes,species_richness,all_species,standard_error,20.2,16,NA,1,NA,NA,18,22,NA,0.9,NA,NA,NA
GGQGCAKN,Twedt and Henne-kerr 2001,Install nest boxes,abundance,Sites with nest boxes,Sites without nest boxes,territories/40 ha,northern_bobwhite,standard_error,1.87,16,NA,0.47,NA,NA,1.63,22,NA,0.38,NA,NA,NA
GGQGCAKN,Twedt and Henne-kerr 2001,Install nest boxes,abundance,Sites with nest boxes,Sites without nest boxes,territories/40 ha,yellow_billed_cuckoo,standard_error,5.96,16,NA,0.59,NA,NA,2.74,22,NA,0.56,NA,NA,NA
GGQGCAKN,Twedt and Henne-kerr 2001,Install nest boxes,abundance,Sites with nest boxes,Sites without nest boxes,territories/40 ha,eastern_bluebird,standard_error,1.09,16,NA,0.36,NA,NA,0.28,22,NA,0.27,NA,NA,NA
GGQGCAKN,Twedt and Henne-kerr 2001,Install nest boxes,abundance,Sites with nest boxes,Sites without nest boxes,territories/40 ha,common_yellowthroat,standard_error,8.26,16,NA,1.4,NA,NA,4.7,22,NA,1.01,NA,NA,NA
GGQGCAKN,Twedt and Henne-kerr 2001,Install nest boxes,abundance,Sites with nest boxes,Sites without nest boxes,territories/40 ha,yellow_breasted_chat,standard_error,18.93,16,NA,4.16,NA,NA,20.77,22,NA,4.74,NA,NA,NA
GGQGCAKN,Twedt and Henne-kerr 2001,Install nest boxes,abundance,Sites with nest boxes,Sites without nest boxes,territories/40 ha,eastern_towhee,standard_error,12.13,16,NA,2.03,NA,NA,10.51,22,NA,2.01,NA,NA,NA
GGQGCAKN,Twedt and Henne-kerr 2001,Install nest boxes,abundance,Sites with nest boxes,Sites without nest boxes,territories/40 ha,indigo_bunting,standard_error,31.57,16,NA,1.93,NA,NA,23.91,22,NA,2.51,NA,NA,NA
GGQGCAKN,Twedt and Henne-kerr 2001,Install nest boxes,abundance,Sites with nest boxes,Sites without nest boxes,territories/40 ha,dickcissel,standard_error,0.06,16,NA,0.03,NA,NA,2.34,22,NA,1.72,NA,NA,NA
GGQGCAKN,Twedt and Henne-kerr 2001,Install nest boxes,abundance,Sites with nest boxes,Sites without nest boxes,territories/40 ha,red_winged_blackbird,standard_error,18.96,16,NA,4.45,NA,NA,14.34,22,NA,5.42,NA,NA,NA
5SEWHNW8,Valente et al. 2019,remove_non-native_species,occupancy,Removal of Russian olive,No removal of Russian olive,occupancy,lazuli_bunting,confidence_intervals,0.73,27,NA,NA,0.58,0.87,0.61,27,NA,NA,0.41,0.8,NA
5SEWHNW8,Valente et al. 2019,remove_non-native_species,occupancy,Removal of Russian olive,No removal of Russian olive,occupancy,yellow_breasted_chat,confidence_intervals,0.67,27,NA,NA,0.49,0.84,0.71,27,NA,NA,0.51,0.88,NA
5SEWHNW8,Valente et al. 2019,remove_non-native_species,occupancy,Removal of Russian olive,No removal of Russian olive,occupancy,brown_headed_cowbird,confidence_intervals,0.92,27,NA,NA,0.78,1,0.92,27,NA,NA,0.75,1,NA
5SEWHNW8,Valente et al. 2019,remove_non-native_species,occupancy,Removal of Russian olive,No removal of Russian olive,occupancy,song_sparrow,confidence_intervals,0.69,27,NA,NA,0.49,0.88,0.64,27,NA,NA,0.41,0.86,NA
5SEWHNW8,Valente et al. 2019,remove_non-native_species,occupancy,Removal of Russian olive,No removal of Russian olive,occupancy,mourning_dove,confidence_intervals,0.61,27,NA,NA,0.41,0.84,0.64,27,NA,NA,0.42,0.87,NA
5SEWHNW8,Valente et al. 2019,remove_non-native_species,occupancy,Removal of Russian olive,No removal of Russian olive,occupancy,house_wren,confidence_intervals,0.27,27,NA,NA,0.13,0.44,0.29,27,NA,NA,0.14,0.48,NA
5SEWHNW8,Valente et al. 2019,remove_non-native_species,occupancy,Removal of Russian olive,No removal of Russian olive,occupancy,american_robin,confidence_intervals,67,27,NA,NA,0.47,0.87,0.8,27,NA,NA,0.62,0.94,NA
5SEWHNW8,Valente et al. 2019,remove_non-native_species,occupancy,Removal of Russian olive,No removal of Russian olive,occupancy,american_goldfinch,confidence_intervals,0.49,27,NA,NA,0.28,0.72,0.54,27,NA,NA,0.31,0.79,NA
5SEWHNW8,Valente et al. 2019,remove_non-native_species,occupancy,Removal of Russian olive,No removal of Russian olive,occupancy,eastern_kingbird,confidence_intervals,0.55,27,NA,NA,0.34,0.77,0.56,27,NA,NA,0.33,0.79,NA
5SEWHNW8,Valente et al. 2019,remove_non-native_species,occupancy,Removal of Russian olive,No removal of Russian olive,occupancy,black_billed_magpie,confidence_intervals,0.57,27,NA,NA,0.38,0.76,0.58,27,NA,NA,0.38,0.78,NA
5SEWHNW8,Valente et al. 2019,remove_non-native_species,occupancy,Removal of Russian olive,No removal of Russian olive,occupancy,ring_necked_pheasant,confidence_intervals,0.59,27,NA,NA,0.27,0.92,0.63,27,NA,NA,0.29,0.94,NA
5SEWHNW8,Valente et al. 2019,remove_non-native_species,occupancy,Removal of Russian olive,No removal of Russian olive,occupancy,american_crow,confidence_intervals,0.06,27,NA,NA,0.01,0.15,0.06,27,NA,NA,0.01,0.16,NA
5SEWHNW8,Valente et al. 2019,remove_non-native_species,occupancy,Removal of Russian olive,No removal of Russian olive,occupancy,house_finch,confidence_intervals,0.13,27,NA,NA,0.02,0.37,0.21,27,NA,NA,0.04,0.55,NA
5SEWHNW8,Valente et al. 2019,remove_non-native_species,occupancy,Removal of Russian olive,No removal of Russian olive,occupancy,western_meadowlark,confidence_intervals,0.35,27,NA,NA,0.11,0.77,0.47,27,NA,NA,0.18,0.85,NA
5SEWHNW8,Valente et al. 2019,remove_non-native_species,occupancy,Removal of Russian olive,No removal of Russian olive,occupancy,western_kingbird,confidence_intervals,0.29,27,NA,NA,0.1,0.63,0.39,27,NA,NA,0.15,0.74,NA
5SEWHNW8,Valente et al. 2019,remove_non-native_species,occupancy,Removal of Russian olive,No removal of Russian olive,occupancy,red_winged_blackbird,confidence_intervals,0.05,27,NA,NA,0.01,0.15,0.08,27,NA,NA,0.01,0.23,NA
5SEWHNW8,Valente et al. 2019,remove_non-native_species,occupancy,Removal of Russian olive,No removal of Russian olive,occupancy,northern_flicker,confidence_intervals,0.3,27,NA,NA,0.08,0.81,0.38,27,NA,NA,0.1,0.87,NA
5SEWHNW8,Valente et al. 2019,remove_non-native_species,occupancy,Removal of Russian olive,No removal of Russian olive,occupancy,yellow_warbler,confidence_intervals,0.09,27,NA,NA,0,0.35,0.14,27,NA,NA,0.01,0.5,NA
5SEWHNW8,Valente et al. 2019,remove_non-native_species,occupancy,Removal of Russian olive,No removal of Russian olive,occupancy,wild_turkey,confidence_intervals,0.06,27,NA,NA,0,0.21,0.06,27,NA,NA,0,0.22,NA
5SEWHNW8,Valente et al. 2019,remove_non-native_species,occupancy,Removal of Russian olive,No removal of Russian olive,occupancy,common_yellowthroat,confidence_intervals,0.02,27,NA,NA,0,0.08,0.02,27,NA,NA,0,0.1,NA
5SEWHNW8,Valente et al. 2019,remove_non-native_species,occupancy,Removal of Russian olive,No removal of Russian olive,occupancy,eurasian_collared_dove,confidence_intervals,0.09,27,NA,NA,0,0.39,0.1,27,NA,NA,0,0.42,NA
5SEWHNW8,Valente et al. 2019,remove_non-native_species,occupancy,Removal of Russian olive,No removal of Russian olive,occupancy,willow_flycatcher,confidence_intervals,0.02,27,NA,NA,0,0.13,0.02,27,NA,NA,0,0.14,NA
5SEWHNW8,Valente et al. 2019,remove_non-native_species,occupancy,Removal of Russian olive,No removal of Russian olive,occupancy,yellow_rumped_warbler,confidence_intervals,0.01,27,NA,NA,0,0.07,0.03,27,NA,NA,0,0.14,NA
5SEWHNW8,Valente et al. 2019,remove_non-native_species,occupancy,Removal of Russian olive,No removal of Russian olive,occupancy,common_raven,confidence_intervals,0.02,27,NA,NA,0,0.09,0.02,27,NA,NA,0,0.12,NA
5SEWHNW8,Valente et al. 2019,remove_non-native_species,occupancy,Removal of Russian olive,No removal of Russian olive,occupancy,white_crowned_sparrow,confidence_intervals,0.02,27,NA,NA,0,0.1,0.02,27,NA,NA,0,0.13,NA
5SEWHNW8,Valente et al. 2019,remove_non-native_species,occupancy,Removal of Russian olive,No removal of Russian olive,occupancy,brewers_blackbird,confidence_intervals,0.02,27,NA,NA,0,0.09,0.02,27,NA,NA,0,0.13,NA
5SEWHNW8,Valente et al. 2019,remove_non-native_species,occupancy,Removal of Russian olive,No removal of Russian olive,occupancy,dark_eyed_junco,confidence_intervals,0.01,27,NA,NA,0,0.08,0.02,27,NA,NA,0,0.12,NA
5SEWHNW8,Valente et al. 2019,remove_non-native_species,occupancy,Removal of Russian olive,No removal of Russian olive,occupancy,says_phoebe,confidence_intervals,0.02,27,NA,NA,0,0.08,0.02,27,NA,NA,0,0.13,NA
597YV2YF,Van Dyke et al. 2004,Prescribed fire,species_richness,Burned,Mowed,species_richness,edge_species,standard_error,16.25,4,NA,1.15,NA,NA,16.25,4,NA,1.63,NA,NA,NA
597YV2YF,Van Dyke et al. 2004,Prescribed fire,species_richness,Burned,Untreated,species_richness,edge_species,standard_error,16.25,4,NA,1.15,NA,NA,13,4,NA,1.4,NA,NA,NA
IWRX5UBB,Van Dyke et al. 2006,prescribed_fire,abundance,Burned sites (Year of burn),Unburned sites,density (males/10 ha),american_goldfinch,standard_error,0.4,5,NA,0.3,NA,NA,0.1,5,NA,0.1,NA,NA,NA
IWRX5UBB,Van Dyke et al. 2006,prescribed_fire,abundance,Burned sites (Year of burn),Unburned sites,density (males/10 ha),brown_headed_cowbird,standard_error,0.1,5,NA,0.1,NA,NA,0,5,NA,0,NA,NA,NA
IWRX5UBB,Van Dyke et al. 2006,prescribed_fire,abundance,Burned sites (Year of burn),Unburned sites,density (males/10 ha),common_yellowthroat,standard_error,2.1,5,NA,0.9,NA,NA,4.9,5,NA,1,NA,NA,NA
IWRX5UBB,Van Dyke et al. 2006,prescribed_fire,abundance,Burned sites (Year of burn),Unburned sites,density (males/10 ha),dickcissel,standard_error,4.3,5,NA,1.3,NA,NA,1.9,5,NA,1.2,NA,NA,NA
IWRX5UBB,Van Dyke et al. 2006,prescribed_fire,abundance,Burned sites (Year of burn),Unburned sites,density (males/10 ha),eastern_kingbird,standard_error,0.2,5,NA,0.1,NA,NA,0.1,5,NA,0.1,NA,NA,NA
IWRX5UBB,Van Dyke et al. 2006,prescribed_fire,abundance,Burned sites (Year of burn),Unburned sites,density (males/10 ha),field_sparrow,standard_error,2.5,5,NA,0.8,NA,NA,5.8,5,NA,1.3,NA,NA,NA
IWRX5UBB,Van Dyke et al. 2006,prescribed_fire,abundance,Burned sites (Year of burn),Unburned sites,density (males/10 ha),grasshopper_sparrow,standard_error,0.2,5,NA,0.2,NA,NA,0.2,5,NA,0.2,NA,NA,NA
IWRX5UBB,Van Dyke et al. 2006,prescribed_fire,abundance,Burned sites (Year of burn),Unburned sites,density (males/10 ha),northern_bobwhite,standard_error,0.2,5,NA,0.1,NA,NA,0.2,5,NA,0.1,NA,NA,NA
IWRX5UBB,Van Dyke et al. 2006,prescribed_fire,abundance,Burned sites (Year of burn),Unburned sites,density (males/10 ha),red_winged_blackbird,standard_error,1.6,5,NA,0.8,NA,NA,0.9,5,NA,0.6,NA,NA,NA
IWRX5UBB,Van Dyke et al. 2006,prescribed_fire,abundance,Burned sites (Year of burn),Unburned sites,density (males/10 ha),ring_necked_pheasant,standard_error,0.3,5,NA,0.1,NA,NA,0.2,5,NA,0.1,NA,NA,NA
IWRX5UBB,Van Dyke et al. 2006,prescribed_fire,abundance,Burned sites (Year of burn),Unburned sites,density (males/10 ha),vesper_sparrow,standard_error,0.3,5,NA,0.3,NA,NA,0.3,5,NA,0.3,NA,NA,NA
IWRX5UBB,Van Dyke et al. 2006,prescribed_fire,abundance,Burned sites (Year of burn),Unburned sites,density (males/10 ha),western_meadowlark,standard_error,0.1,5,NA,0.1,NA,NA,0.1,5,NA,0.1,NA,NA,NA
IWRX5UBB,Van Dyke et al. 2006,prescribed_fire,abundance,Burned sites (Year of burn),Unburned sites,density (males/10 ha),all_species,standard_error,13,5,NA,2.5,NA,NA,15,5,NA,1.7,NA,NA,NA
IWRX5UBB,Van Dyke et al. 2006,prescribed_fire,abundance,Burned sites (1-year post-burn),Unburned sites,density (males/10 ha),american_goldfinch,standard_error,2.1,5,NA,0.7,NA,NA,1.9,5,NA,0.5,NA,NA,NA
IWRX5UBB,Van Dyke et al. 2006,prescribed_fire,abundance,Burned sites (1-year post-burn),Unburned sites,density (males/10 ha),brown_headed_cowbird,standard_error,1.7,5,NA,0.5,NA,NA,2.4,5,NA,1,NA,NA,NA
IWRX5UBB,Van Dyke et al. 2006,prescribed_fire,abundance,Burned sites (1-year post-burn),Unburned sites,density (males/10 ha),common_yellowthroat,standard_error,16.4,5,NA,4,NA,NA,17,5,NA,7.3,NA,NA,NA
IWRX5UBB,Van Dyke et al. 2006,prescribed_fire,abundance,Burned sites (1-year post-burn),Unburned sites,density (males/10 ha),dickcissel,standard_error,3.2,5,NA,1.1,NA,NA,2.6,5,NA,0.8,NA,NA,NA
IWRX5UBB,Van Dyke et al. 2006,prescribed_fire,abundance,Burned sites (1-year post-burn),Unburned sites,density (males/10 ha),eastern_kingbird,standard_error,0.9,5,NA,0.2,NA,NA,2.3,5,NA,0.6,NA,NA,NA
IWRX5UBB,Van Dyke et al. 2006,prescribed_fire,abundance,Burned sites (1-year post-burn),Unburned sites,density (males/10 ha),field_sparrow,standard_error,5,5,NA,0.9,NA,NA,10.1,5,NA,2.6,NA,NA,NA
IWRX5UBB,Van Dyke et al. 2006,prescribed_fire,abundance,Burned sites (1-year post-burn),Unburned sites,density (males/10 ha),grasshopper_sparrow,standard_error,0.2,5,NA,0.1,NA,NA,0,5,NA,0,NA,NA,NA
IWRX5UBB,Van Dyke et al. 2006,prescribed_fire,abundance,Burned sites (1-year post-burn),Unburned sites,density (males/10 ha),northern_bobwhite,standard_error,0.8,5,NA,0.3,NA,NA,0.7,5,NA,0.3,NA,NA,NA
IWRX5UBB,Van Dyke et al. 2006,prescribed_fire,abundance,Burned sites (1-year post-burn),Unburned sites,density (males/10 ha),red_winged_blackbird,standard_error,2.4,5,NA,0.9,NA,NA,2.4,5,NA,2,NA,NA,NA
IWRX5UBB,Van Dyke et al. 2006,prescribed_fire,abundance,Burned sites (1-year post-burn),Unburned sites,density (males/10 ha),ring_necked_pheasant,standard_error,1.7,5,NA,0.5,NA,NA,1.7,5,NA,0.4,NA,NA,NA
IWRX5UBB,Van Dyke et al. 2006,prescribed_fire,abundance,Burned sites (1-year post-burn),Unburned sites,density (males/10 ha),vesper_sparrow,standard_error,0.2,5,NA,0.2,NA,NA,1.7,5,NA,1,NA,NA,NA
IWRX5UBB,Van Dyke et al. 2006,prescribed_fire,abundance,Burned sites (1-year post-burn),Unburned sites,density (males/10 ha),western_meadowlark,standard_error,0.5,5,NA,0.5,NA,NA,0.1,5,NA,0.1,NA,NA,NA
IWRX5UBB,Van Dyke et al. 2006,prescribed_fire,abundance,Burned sites (1-year post-burn),Unburned sites,density (males/10 ha),all_species,standard_error,35.6,5,NA,6.6,NA,NA,43,5,NA,8.2,NA,NA,NA
IWRX5UBB,Van Dyke et al. 2006,prescribed_fire,abundance,Burned sites (2-years post-burn),Unburned sites,density (males/10 ha),american_goldfinch,standard_error,2.3,5,NA,0.9,NA,NA,3.1,5,NA,0.8,NA,NA,NA
IWRX5UBB,Van Dyke et al. 2006,prescribed_fire,abundance,Burned sites (2-years post-burn),Unburned sites,density (males/10 ha),brown_headed_cowbird,standard_error,1.4,5,NA,0.4,NA,NA,1.5,5,NA,0.3,NA,NA,NA
IWRX5UBB,Van Dyke et al. 2006,prescribed_fire,abundance,Burned sites (2-years post-burn),Unburned sites,density (males/10 ha),common_yellowthroat,standard_error,9.6,5,NA,2.5,NA,NA,7.2,5,NA,1.7,NA,NA,NA
IWRX5UBB,Van Dyke et al. 2006,prescribed_fire,abundance,Burned sites (2-years post-burn),Unburned sites,density (males/10 ha),dickcissel,standard_error,1.9,5,NA,0.3,NA,NA,2,5,NA,1.2,NA,NA,NA
IWRX5UBB,Van Dyke et al. 2006,prescribed_fire,abundance,Burned sites (2-years post-burn),Unburned sites,density (males/10 ha),eastern_kingbird,standard_error,0.8,5,NA,0.3,NA,NA,0.6,5,NA,0.2,NA,NA,NA
IWRX5UBB,Van Dyke et al. 2006,prescribed_fire,abundance,Burned sites (2-years post-burn),Unburned sites,density (males/10 ha),field_sparrow,standard_error,3.8,5,NA,0.6,NA,NA,7,5,NA,2.2,NA,NA,NA
IWRX5UBB,Van Dyke et al. 2006,prescribed_fire,abundance,Burned sites (2-years post-burn),Unburned sites,density (males/10 ha),grasshopper_sparrow,standard_error,0.3,5,NA,0.2,NA,NA,0.1,5,NA,0.1,NA,NA,NA
IWRX5UBB,Van Dyke et al. 2006,prescribed_fire,abundance,Burned sites (2-years post-burn),Unburned sites,density (males/10 ha),northern_bobwhite,standard_error,1.4,5,NA,0.3,NA,NA,0.4,5,NA,0.1,NA,NA,NA
IWRX5UBB,Van Dyke et al. 2006,prescribed_fire,abundance,Burned sites (2-years post-burn),Unburned sites,density (males/10 ha),red_winged_blackbird,standard_error,1.2,5,NA,0.7,NA,NA,1,5,NA,1,NA,NA,NA
IWRX5UBB,Van Dyke et al. 2006,prescribed_fire,abundance,Burned sites (2-years post-burn),Unburned sites,density (males/10 ha),ring_necked_pheasant,standard_error,2,5,NA,0.6,NA,NA,0.2,5,NA,0.1,NA,NA,NA
IWRX5UBB,Van Dyke et al. 2006,prescribed_fire,abundance,Burned sites (2-years post-burn),Unburned sites,density (males/10 ha),vesper_sparrow,standard_error,0.3,5,NA,0.1,NA,NA,0.1,5,NA,0.1,NA,NA,NA
IWRX5UBB,Van Dyke et al. 2006,prescribed_fire,abundance,Burned sites (2-years post-burn),Unburned sites,density (males/10 ha),western_meadowlark,standard_error,0.2,5,NA,0.2,NA,NA,0,5,NA,0,NA,NA,NA
IWRX5UBB,Van Dyke et al. 2006,prescribed_fire,abundance,Burned sites (2-years post-burn),Unburned sites,density (males/10 ha),all_species,standard_error,25.8,5,NA,3.9,NA,NA,23.6,5,NA,3.6,NA,NA,NA
U5V9ZZEH,Verheijen et al. 2022,prescribed_fire,nest_success,Patch-burn graze,Annually burned and grazed,nest survival,eastern_meadowlark,standard_error,0.165,118,NA,0.035,NA,NA,0.077,20,NA,0.05,NA,NA,NA
U5V9ZZEH,Verheijen et al. 2022,prescribed_fire,nest_success,Patch-burn graze,Annually burned and ungrazed,nest survival,eastern_meadowlark,standard_error,0.165,118,NA,0.035,NA,NA,0.632,9,NA,0.205,NA,NA,NA
PH3S49AI,Walk and Warner 2000,Plant native warm season grasses (NWSGs) and wildflowers,abundance,Grazed WSG fields,Grazed CSG fields,abundance,eastern_meadowlark,standard_error,5.59,8,NA,0.42,NA,NA,4.53,8,NA,0.81,NA,NA,NA
PYTISVJ6,Warren and Anderson 2005,Delay hay,nest_success,Unmowed field,Mowed field,nest_success,grassland_species,standard_error,0.22,33,NA,0.02,NA,NA,0.4,28,NA,0.15,NA,NA,"Species were grouped due to small sample sizes, but they were obligate or facultative grassland species. Fields were mowed prior to the nesting period."
F8XKUC3R,Washburn and Begier 2024,prescribed_fire,abundance,Prescribed burn,Untreated control,abundance,eastern_meadowlark,standard_error,2.24,3,NA,0.29,NA,NA,1.7,3,NA,0.24,NA,NA,NA
F8XKUC3R,Washburn and Begier 2024,prescribed_fire,abundance,Prescribed burn,Untreated control,abundance,song_sparrow,standard_error,1.01,3,NA,0.24,NA,NA,0.28,3,NA,0.09,NA,NA,NA
F8XKUC3R,Washburn and Begier 2024,prescribed_fire,abundance,Prescribed burn,Untreated control,abundance,killdeer,standard_error,0.18,3,NA,0.06,NA,NA,0.03,3,NA,0.02,NA,NA,NA
F8XKUC3R,Washburn and Begier 2024,prescribed_fire,abundance,Prescribed burn,Untreated control,abundance,mourning_dove,standard_error,0.01,3,NA,0.01,NA,NA,0.02,3,NA,0.02,NA,NA,NA
F8XKUC3R,Washburn and Begier 2024,prescribed_fire,abundance,Prescribed burn,Untreated control,abundance,horned_lark,standard_error,0.21,3,NA,0.11,NA,NA,0.04,3,NA,0.04,NA,NA,NA
F8XKUC3R,Washburn and Begier 2024,prescribed_fire,abundance,Prescribed burn,Untreated control,abundance,northern_bobwhite,standard_error,0.15,3,NA,0.07,NA,NA,0.09,3,NA,0.04,NA,NA,NA
F8XKUC3R,Washburn and Begier 2024,prescribed_fire,abundance,Prescribed burn,Untreated control,abundance,brown_headed_cowbird,standard_error,0.1,3,NA,0.07,NA,NA,0.06,3,NA,0.04,NA,NA,NA
F8XKUC3R,Washburn and Begier 2024,prescribed_fire,abundance,Prescribed burn,Untreated control,abundance,red_winged_blackbird,standard_error,0.09,3,NA,0.06,NA,NA,0.03,3,NA,0.03,NA,NA,NA
F8XKUC3R,Washburn and Begier 2024,prescribed_fire,abundance,Prescribed burn,Untreated control,abundance,all_species,standard_error,4.54,3,NA,0.47,NA,NA,2.66,3,NA,0.29,NA,NA,NA
UZIU38JN,Palacio 2024,summer_pasture_stockpiling,abundance,Rotational grazing,Grazed and burned fields,abundance,all_species,confidence_intervals,10.6,8,NA,NA,4.8,22,4.5,4,NA,NA,1.9,9,Weird treatments but it might be usable
UZIU38JN,Palacio 2024,summer_pasture_stockpiling,species_richness,Rotational grazing,Grazed and burned fields,species_richness,all_species,confidence_intervals,42.3,8,NA,NA,39,45.7,19.5,4,NA,NA,17.5,21.5,Weird treatments but it might be usable
UZIU38JN,Palacio 2024,prescribed_fire,abundance,Grazed and burned fields,No burning or grazing,abundance,all_species,confidence_intervals,4.5,4,NA,NA,1.9,9,4.4,4,NA,NA,2.8,6.4,NA
UZIU38JN,Palacio 2024,prescribed_fire,species_richness,Grazed and burned fields,No burning or grazing,species_richness,all_species,confidence_intervals,19.5,4,NA,NA,17.5,21.5,23.2,4,NA,NA,20.3,26.2,NA
XW78AT45,Perkins et al. 2003,edge_and_shrub_habitat,abundance,Plots with the center of the plot less than 400 m from edge,Plots with the center of the plot more than 400 m from edge,territories/10 ha,grasshopper_sparrow,standard_error,1.34,29,NA,0.23,NA,NA,2.95,30,NA,0.21,NA,NA,Delta/OQ site
XW78AT45,Perkins et al. 2003,edge_and_shrub_habitat,abundance,Plots with the center of the plot less than 400 m from edge,Plots with the center of the plot more than 400 m from edge,territories/10 ha,grasshopper_sparrow,standard_error,2.64,46,NA,0.29,NA,NA,3.68,20,NA,0.31,NA,NA,Three lakes site
XW78AT45,Perkins et al. 2003,edge_and_shrub_habitat,abundance,Plots with the center of the plot less than 400 m from edge,Plots with the center of the plot more than 400 m from edge,territories/10 ha,bachmans_sparrow,standard_error,1.13,29,NA,0.19,NA,NA,1.37,30,NA,0.19,NA,NA,Delta/OQ site
XW78AT45,Perkins et al. 2003,edge_and_shrub_habitat,abundance,Plots with the center of the plot less than 400 m from edge,Plots with the center of the plot more than 400 m from edge,territories/10 ha,bachmans_sparrow,standard_error,2.5,26,NA,0.18,NA,NA,2.62,20,NA,0.14,NA,NA,Three lakes site
FIB2A7IN,Perlut et al. 2008,delay_hay,survival,Late hay,Early hay,male survival,savannah_sparrow,standard_error,0.78,55,NA,0.03,NA,NA,0.64,73,NA,0.09,NA,NA,NA
FIB2A7IN,Perlut et al. 2008,delay_hay,survival,Late hay,Early hay,female survival,savannah_sparrow,standard_error,0.65,65,NA,0.07,NA,NA,0.48,81,NA,0.11,NA,NA,NA
FIB2A7IN,Perlut et al. 2008,delay_hay,survival,Late hay,Early hay,male survival,bobolink,standard_error,0.63,54,NA,0.08,NA,NA,0.43,38,NA,0.11,NA,NA,NA
FIB2A7IN,Perlut et al. 2008,delay_hay,survival,Late hay,Early hay,female survival,bobolink,standard_error,0.46,83,NA,0.11,NA,NA,0.27,52,NA,0.09,NA,NA,NA
E2DZAQQ4,Perlut et al. 2008b,delay_hay,nest_success,Late hay,Early hay,annual productivity (# female young/female/year),savannah_sparrow,standard_error,1.4,152,NA,0.18,NA,NA,0.65,289,NA,0.07,NA,NA,NA
E2DZAQQ4,Perlut et al. 2008b,delay_hay,nest_success,Late hay,Early hay,annual productivity (# female young/female/year),bobolink,standard_error,1.4,162,NA,0.11,NA,NA,0.02,41,NA,0.02,NA,NA,NA
LVS3NMPI,Perlut et al. 2011,delay_hay,nest_success,Late hay,"Hayed before 2 June, then again 65 days later",Fledglings per female per year,bobolink,standard_deviation,3.37,76,2.12,NA,NA,NA,2.83,88,1.61,NA,NA,NA,NA
5UK425N9,Powell and Busby 2013,prescribed_fire,species_richness,Burned idle fields,Unburned idle fields,species_richness,all_species,standard_error,7.7,15,NA,0.49,NA,NA,8.8,15,NA,0.76,NA,NA,NA
5UK425N9,Powell and Busby 2013,prescribed_fire,species_richness,Burned idle fields,Unburned idle fields,shannon diversity,all_species,standard_error,1.8,15,NA,0.05,NA,NA,1.8,15,NA,0.09,NA,NA,NA
5UK425N9,Powell and Busby 2013,prescribed_fire,abundance,Burned idle fields,Unburned idle fields,density (individuals/ha),dickcissel,standard_error,0.58,15,NA,0.073,NA,NA,0.92,15,NA,0.085,NA,NA,NA
5UK425N9,Powell and Busby 2013,prescribed_fire,abundance,Burned idle fields,Unburned idle fields,density (individuals/ha),grasshopper_sparrow,standard_error,0.29,15,NA,0.065,NA,NA,0.48,15,NA,0.044,NA,NA,NA
5UK425N9,Powell and Busby 2013,prescribed_fire,abundance,Burned idle fields,Unburned idle fields,density (individuals/ha),eastern_meadowlark,standard_error,0.61,15,NA,0.035,NA,NA,0.61,15,NA,0.062,NA,NA,NA
DTKILVPL,Swengel and Swengel 2001,prescribed_fire,abundance,Patch-burned light litter,Patch-hayed light litter,abundance (individuals/km),henslows_sparrow,standard_deviation,2.49,13,3.28,NA,NA,NA,6.82,17,6.59,NA,NA,NA,NA
DTKILVPL,Swengel and Swengel 2001,prescribed_fire,abundance,Patch-burned medium litter,Patch-hayed medium litter,abundance (individuals/km),henslows_sparrow,standard_deviation,2.72,15,4.94,NA,NA,NA,10.74,126,11.87,NA,NA,NA,NA
DTKILVPL,Swengel and Swengel 2001,prescribed_fire,abundance,Patch-burned heavy litter,Patch-hayed heavy litter,abundance (individuals/km),henslows_sparrow,standard_deviation,4.27,9,8.93,NA,NA,NA,15.78,99,10.58,NA,NA,NA,NA
DTKILVPL,Swengel and Swengel 2001,prescribed_fire,abundance,Patch-burned light litter,Patch-hayed light litter,abundance (individuals/km),grasshopper_sparrow,standard_deviation,2.02,13,2.06,NA,NA,NA,4.98,17,5.33,NA,NA,NA,NA
DTKILVPL,Swengel and Swengel 2001,prescribed_fire,abundance,Patch-burned medium litter,Patch-hayed medium litter,abundance (individuals/km),grasshopper_sparrow,standard_deviation,0.21,15,0.8,NA,NA,NA,5.46,126,5.59,NA,NA,NA,NA
DTKILVPL,Swengel and Swengel 2001,prescribed_fire,abundance,Patch-burned heavy litter,Patch-hayed heavy litter,abundance (individuals/km),grasshopper_sparrow,standard_deviation,0,9,0,NA,NA,NA,1.56,99,2.6,NA,NA,NA,NA
DTKILVPL,Swengel and Swengel 2001,prescribed_fire,abundance,Patch-burned light litter,Patch-hayed light litter,abundance (individuals/km),dickcissel,standard_deviation,11.58,13,5,NA,NA,NA,12.64,17,6.59,NA,NA,NA,NA
DTKILVPL,Swengel and Swengel 2001,prescribed_fire,abundance,Patch-burned medium litter,Patch-hayed medium litter,abundance (individuals/km),dickcissel,standard_deviation,7.68,15,7.11,NA,NA,NA,10.48,126,7.44,NA,NA,NA,NA
DTKILVPL,Swengel and Swengel 2001,prescribed_fire,abundance,Patch-burned heavy litter,Patch-hayed heavy litter,abundance (individuals/km),dickcissel,standard_deviation,9.83,9,6.39,NA,NA,NA,11.55,99,7.16,NA,NA,NA,NA
RNPH5E8K,Swicegood et al. 2023,plant_nwsg,abundance,Native sites,Crop sites,abundance (2020),mccowns_longspur,standard_deviation,4.2,22,3.3,NA,NA,NA,5.4,24,4.4,NA,NA,NA,NA
RNPH5E8K,Swicegood et al. 2023,plant_nwsg,abundance,Native sites,Crop sites,abundance (2021),mccowns_longspur,standard_deviation,3.2,25,2.3,NA,NA,NA,3.8,25,3.2,NA,NA,NA,NA
RNPH5E8K,Swicegood et al. 2023,plant_nwsg,nest_success,Native sites,Crop sites,Number of young fledged per successful nest,mccowns_longspur,standard_deviation,2.8,129,0.9,NA,NA,NA,3,111,1.1,NA,NA,NA,NA
43J4RKSJ,Vold et al. 2019,summer_pasture_stockpiling,abundance,Summer rotation grazing,Season long grazing,abundance,vesper_sparrow,standard_error,0.25,190,NA,0.1,NA,NA,-0.17,120,NA,0.14,NA,NA,NA
CZREXXY9,Broyer et al. 2020,delay_hay,abundance,Late mow,Early mow,territories,whinchat,standard_deviation,25.3,4,10.2,NA,NA,NA,7.9,2,3.8,NA,NA,NA,NA
CZREXXY9,Broyer et al. 2020,delay_hay,abundance,Late mow,Early mow,territories,corn_bunting,standard_deviation,21.4,4,6.4,NA,NA,NA,12.9,2,3.8,NA,NA,NA,NA
RZ8PLSVX,Best et al. 1990,edge_and_shrub_habitat,species_richness,Edge,Field center,species_richness (Iowa),all_species,standard_deviation,15,9,3.6,NA,NA,NA,11.3,9,4.6,NA,NA,NA,NA
RZ8PLSVX,Best et al. 1990,edge_and_shrub_habitat,abundance,Edge,Field center,abundance (birds/100 ha) (Iowa),all_species,standard_deviation,408.4,9,102.9,NA,NA,NA,22.5,9,13.5,NA,NA,NA,NA
RZ8PLSVX,Best et al. 1990,edge_and_shrub_habitat,species_richness,Edge,Field center,species_richness (Illinois),all_species,standard_deviation,34.3,9,3.8,NA,NA,NA,9.3,9,2.3,NA,NA,NA,NA
RZ8PLSVX,Best et al. 1990,edge_and_shrub_habitat,abundance,Edge,Field center,abundance (birds/100 ha) (Illinois),all_species,standard_deviation,3118.1,9,766.6,NA,NA,NA,21.3,9,13.4,NA,NA,NA,NA
DJXGBKZP,Conover et al. 2011b,edge_and_shrub_habitat,abundance,Wide buffer adjacent to edge,Narrow buffer adjacent to edge,nest density (nests/ha) (2003),red_winged_blackbird,confidence_intervals,12.5,7,NA,NA,-6.94,31.94,0.78,27,NA,NA,0.45,1.11,NA
DJXGBKZP,Conover et al. 2011b,edge_and_shrub_habitat,abundance,Wide buffer adjacent to edge,Narrow buffer adjacent to edge,nest density (nests/ha) (2004),red_winged_blackbird,confidence_intervals,14.47,11,NA,NA,-9.02,37.96,3.47,24,NA,NA,2.19,4.75,NA
DJXGBKZP,Conover et al. 2011b,edge_and_shrub_habitat,nest_success,Wide buffer adjacent to edge,Narrow buffer adjacent to edge,fledglings per successful nest,red_winged_blackbird,standard_error,2.49,51,NA,0.14,NA,NA,2.3,10,NA,0.34,NA,NA,NA
CXWJRPTX,Ellison et al. 2013,edge_and_shrub_habitat,abundance,Edge pre-tree row removal,Interior pre-tree row removal,Density (males/ha),bobolink,standard_error,0.449,3,NA,0.162,NA,NA,0.585,3,NA,0.324,NA,NA,NA
CXWJRPTX,Ellison et al. 2013,edge_and_shrub_habitat,abundance,Edge pre-tree row removal,Interior pre-tree row removal,Density (males/ha),eastern_meadowlark,standard_error,0.343,3,NA,0.166,NA,NA,0.12,3,NA,0.029,NA,NA,NA
CXWJRPTX,Ellison et al. 2013,edge_and_shrub_habitat,abundance,Edge pre-tree row removal,Interior pre-tree row removal,Density (males/ha),henslows_sparrow,standard_error,0.015,3,NA,0.015,NA,NA,0.206,3,NA,0.046,NA,NA,NA
CXWJRPTX,Ellison et al. 2013,edge_and_shrub_habitat,abundance,Edge pre-tree row removal,Interior pre-tree row removal,nest density (nests/ha),bobolink,standard_error,0.129,3,NA,0.065,NA,NA,0.249,3,NA,0.145,NA,NA,NA
CXWJRPTX,Ellison et al. 2013,edge_and_shrub_habitat,abundance,Edge pre-tree row removal,Interior pre-tree row removal,nest density (nests/ha),eastern_meadowlark,standard_error,0.148,3,NA,0.148,NA,NA,0.132,3,NA,0.093,NA,NA,NA
CXWJRPTX,Ellison et al. 2013,edge_and_shrub_habitat,abundance,Edge pre-tree row removal,Interior pre-tree row removal,nest density (nests/ha),henslows_sparrow,standard_error,0,3,NA,0,NA,NA,0.051,3,NA,0.051,NA,NA,NA
V8UPXK6I,Fleming and Giuliano 1998,edge_and_shrub_habitat,abundance,Border-edge cut,Uncut edge,abundance (individuals/100 m of edge),all_species,standard_error,7.69,12,NA,0.75,NA,NA,5.76,12,NA,0.55,NA,NA,Border-edge cuts are defined as transitional shrub zones ... the comparison is abrupt edge (see Table 2 and 3)
V8UPXK6I,Fleming and Giuliano 1998,edge_and_shrub_habitat,species_richness,Border-edge cut,Uncut edge,species_richness,all_species,standard_error,13.9,12,NA,0.9,NA,NA,14.6,12,NA,1.1,NA,NA,Border-edge cuts are defined as transitional shrub zones ... the comparison is abrupt edge (see Table 2 and 3)
V8UPXK6I,Fleming and Giuliano 1998,edge_and_shrub_habitat,nest_success,Border-edge cut,Uncut edge,DSR,all_species,standard_error,0.95,35,NA,0.01,NA,NA,0.8,25,NA,0.01,NA,NA,Border-edge cuts are defined as transitional shrub zones ... the comparison is abrupt edge (see Table 2 and 3)
V8UPXK6I,Fleming and Giuliano 1998,edge_and_shrub_habitat,nest_success,Border-edge cut,Uncut edge,Depredation rate,all_species,standard_error,0.47,35,NA,0.13,NA,NA,0.4,25,NA,0.1,NA,NA,Border-edge cuts are defined as transitional shrub zones ... the comparison is abrupt edge (see Table 2 and 3)
V8UPXK6I,Fleming and Giuliano 1998,edge_and_shrub_habitat,abundance,Border-edge cut,Uncut edge,Nest density,all_species,standard_error,3.9,12,NA,1.26,NA,NA,2.4,12,NA,0.45,NA,NA,Border-edge cuts are defined as transitional shrub zones ... the comparison is abrupt edge (see Table 2 and 3)
V8UPXK6I,Fleming and Giuliano 1998,edge_and_shrub_habitat,abundance,Border-edge cut,Uncut edge,Abundance,yellow_breasted_chat,standard_error,0.679,12,NA,0.152,NA,NA,0.042,12,NA,0.03,NA,NA,Border-edge cuts are defined as transitional shrub zones ... the comparison is abrupt edge (see Table 2 and 3)
V8UPXK6I,Fleming and Giuliano 1998,edge_and_shrub_habitat,abundance,Border-edge cut,Uncut edge,Abundance,common_yellowthroat,standard_error,0.847,12,NA,0.141,NA,NA,0.403,12,NA,0.119,NA,NA,Border-edge cuts are defined as transitional shrub zones ... the comparison is abrupt edge (see Table 2 and 3)
V8UPXK6I,Fleming and Giuliano 1998,edge_and_shrub_habitat,abundance,Border-edge cut,Uncut edge,Abundance,brown_headed_cowbird,standard_error,0.209,12,NA,0.077,NA,NA,0.014,12,NA,0.014,NA,NA,Border-edge cuts are defined as transitional shrub zones ... the comparison is abrupt edge (see Table 2 and 3)
V8UPXK6I,Fleming and Giuliano 1998,edge_and_shrub_habitat,abundance,Border-edge cut,Uncut edge,Abundance,chipping_sparrow,standard_error,0.043,12,NA,0.022,NA,NA,0,12,NA,0,NA,NA,Border-edge cuts are defined as transitional shrub zones ... the comparison is abrupt edge (see Table 2 and 3)
V8UPXK6I,Fleming and Giuliano 1998,edge_and_shrub_habitat,abundance,Border-edge cut,Uncut edge,Abundance,song_sparrow,standard_error,0.966,12,NA,0.2,NA,NA,0.153,12,NA,0.092,NA,NA,Border-edge cuts are defined as transitional shrub zones ... the comparison is abrupt edge (see Table 2 and 3)
ZDBASF6Z,Greenberg and Drew Lanham 2001,edge_and_shrub_habitat,abundance,Small incomplete gaps,Closed canopy forest,density (birds/ha),yellow_billed_cuckoo,standard_error,0,12,NA,0,NA,NA,0.03,12,NA,0.03,NA,NA,NA
ZDBASF6Z,Greenberg and Drew Lanham 2001,edge_and_shrub_habitat,abundance,Small incomplete gaps,Closed canopy forest,density (birds/ha),ruby_throated_hummingbird,standard_error,0.22,12,NA,0.09,NA,NA,0.05,12,NA,0.05,NA,NA,NA
ZDBASF6Z,Greenberg and Drew Lanham 2001,edge_and_shrub_habitat,abundance,Small incomplete gaps,Closed canopy forest,density (birds/ha),northern_flicker,standard_error,0.05,12,NA,0.05,NA,NA,0,12,NA,0,NA,NA,NA
ZDBASF6Z,Greenberg and Drew Lanham 2001,edge_and_shrub_habitat,abundance,Small incomplete gaps,Closed canopy forest,density (birds/ha),american_crow,standard_error,0.37,12,NA,0.27,NA,NA,0.03,12,NA,0.03,NA,NA,NA
ZDBASF6Z,Greenberg and Drew Lanham 2001,edge_and_shrub_habitat,abundance,Small incomplete gaps,Closed canopy forest,density (birds/ha),american_goldfinch,standard_error,0.07,12,NA,0.07,NA,NA,0,12,NA,0,NA,NA,NA
ZDBASF6Z,Greenberg and Drew Lanham 2001,edge_and_shrub_habitat,abundance,Small incomplete gaps,Closed canopy forest,density (birds/ha),dark_eyed_junco,standard_error,0.04,12,NA,0.04,NA,NA,0,12,NA,0,NA,NA,NA
ZDBASF6Z,Greenberg and Drew Lanham 2001,edge_and_shrub_habitat,abundance,Small incomplete gaps,Closed canopy forest,density (birds/ha),indigo_bunting,standard_error,0.53,12,NA,0.23,NA,NA,0.04,12,NA,0.04,NA,NA,NA
ZDBASF6Z,Greenberg and Drew Lanham 2001,edge_and_shrub_habitat,abundance,Small incomplete gaps,Closed canopy forest,density (birds/ha),eastern_towhee,standard_error,0.44,12,NA,0.34,NA,NA,0,12,NA,0,NA,NA,NA
WGSP9SQJ,Knight et al. 2016,edge_and_shrub_habitat,abundance,Edge,Interior,abundance,american_goldfinch,standard_error,0.22,36,NA,0.55,NA,NA,0.11,36,NA,0.47,NA,NA,Edge is defined as plots adjacent to agriculture (orchards or vineyards)
WGSP9SQJ,Knight et al. 2016,edge_and_shrub_habitat,abundance,Edge,Interior,abundance,american_robin,standard_error,0.5,104,NA,0.71,NA,NA,0.5,104,NA,0.79,NA,NA,Edge is defined as plots adjacent to agriculture (orchards or vineyards)
WGSP9SQJ,Knight et al. 2016,edge_and_shrub_habitat,abundance,Edge,Interior,abundance,bank_swallow,standard_error,0.17,16,NA,0.51,NA,NA,0,16,NA,0,NA,NA,Edge is defined as plots adjacent to agriculture (orchards or vineyards)
WGSP9SQJ,Knight et al. 2016,edge_and_shrub_habitat,abundance,Edge,Interior,abundance,black_billed_magpie,standard_error,0.11,16,NA,0.32,NA,NA,0,16,NA,0,NA,NA,Edge is defined as plots adjacent to agriculture (orchards or vineyards)
WGSP9SQJ,Knight et al. 2016,edge_and_shrub_habitat,abundance,Edge,Interior,abundance,brown_headed_cowbird,standard_error,0.67,72,NA,1.08,NA,NA,0.17,72,NA,0.51,NA,NA,Edge is defined as plots adjacent to agriculture (orchards or vineyards)
WGSP9SQJ,Knight et al. 2016,edge_and_shrub_habitat,abundance,Edge,Interior,abundance,bullocks_oriole,standard_error,0.5,48,NA,1.04,NA,NA,0.06,48,NA,0.24,NA,NA,Edge is defined as plots adjacent to agriculture (orchards or vineyards)
WGSP9SQJ,Knight et al. 2016,edge_and_shrub_habitat,abundance,Edge,Interior,abundance,clay_colored_sparrow,standard_error,0.06,16,NA,0.24,NA,NA,0.06,16,NA,0.24,NA,NA,Edge is defined as plots adjacent to agriculture (orchards or vineyards)
WGSP9SQJ,Knight et al. 2016,edge_and_shrub_habitat,abundance,Edge,Interior,abundance,chipping_sparrow,standard_error,1.22,200,NA,0.73,NA,NA,0.94,200,NA,1.16,NA,NA,Edge is defined as plots adjacent to agriculture (orchards or vineyards)
WGSP9SQJ,Knight et al. 2016,edge_and_shrub_habitat,abundance,Edge,Interior,abundance,eastern_kingbird,standard_error,0,8,NA,0,NA,NA,0.11,8,NA,0.47,NA,NA,Edge is defined as plots adjacent to agriculture (orchards or vineyards)
WGSP9SQJ,Knight et al. 2016,edge_and_shrub_habitat,abundance,Edge,Interior,abundance,gray_partridge,standard_error,0.06,8,NA,0.24,NA,NA,0,8,NA,0,NA,NA,Edge is defined as plots adjacent to agriculture (orchards or vineyards)
WGSP9SQJ,Knight et al. 2016,edge_and_shrub_habitat,abundance,Edge,Interior,abundance,grasshopper_sparrow,standard_error,0,8,NA,0,NA,NA,0.06,8,NA,0.24,NA,NA,Edge is defined as plots adjacent to agriculture (orchards or vineyards)
WGSP9SQJ,Knight et al. 2016,edge_and_shrub_habitat,abundance,Edge,Interior,abundance,house_finch,standard_error,1.17,32,NA,2.98,NA,NA,0,32,NA,0,NA,NA,Edge is defined as plots adjacent to agriculture (orchards or vineyards)
WGSP9SQJ,Knight et al. 2016,edge_and_shrub_habitat,abundance,Edge,Interior,abundance,house_wren,standard_error,0.11,16,NA,0.32,NA,NA,0,16,NA,0,NA,NA,Edge is defined as plots adjacent to agriculture (orchards or vineyards)
WGSP9SQJ,Knight et al. 2016,edge_and_shrub_habitat,abundance,Edge,Interior,abundance,lark_sparrow,standard_error,0.61,112,NA,0.61,NA,NA,0.22,112,NA,0.43,NA,NA,Edge is defined as plots adjacent to agriculture (orchards or vineyards)
WGSP9SQJ,Knight et al. 2016,edge_and_shrub_habitat,abundance,Edge,Interior,abundance,lazuli_bunting,standard_error,0.89,112,NA,0.96,NA,NA,0.39,112,NA,0.78,NA,NA,Edge is defined as plots adjacent to agriculture (orchards or vineyards)
WGSP9SQJ,Knight et al. 2016,edge_and_shrub_habitat,abundance,Edge,Interior,abundance,mountain_bluebird,standard_error,0,24,NA,0,NA,NA,0.22,24,NA,0.55,NA,NA,Edge is defined as plots adjacent to agriculture (orchards or vineyards)
WGSP9SQJ,Knight et al. 2016,edge_and_shrub_habitat,abundance,Edge,Interior,abundance,mourning_dove,standard_error,0.06,8,NA,0.24,NA,NA,0,8,NA,0,NA,NA,Edge is defined as plots adjacent to agriculture (orchards or vineyards)
WGSP9SQJ,Knight et al. 2016,edge_and_shrub_habitat,abundance,Edge,Interior,abundance,northern_flicker,standard_error,0,24,NA,0,NA,NA,0.17,24,NA,0.38,NA,NA,Edge is defined as plots adjacent to agriculture (orchards or vineyards)
WGSP9SQJ,Knight et al. 2016,edge_and_shrub_habitat,abundance,Edge,Interior,abundance,says_phoebe,standard_error,0.28,56,NA,0.46,NA,NA,0.11,56,NA,0.32,NA,NA,Edge is defined as plots adjacent to agriculture (orchards or vineyards)
WGSP9SQJ,Knight et al. 2016,edge_and_shrub_habitat,abundance,Edge,Interior,abundance,savannah_sparrow,standard_error,0.11,8,NA,0.47,NA,NA,0,8,NA,0,NA,NA,Edge is defined as plots adjacent to agriculture (orchards or vineyards)
WGSP9SQJ,Knight et al. 2016,edge_and_shrub_habitat,abundance,Edge,Interior,abundance,tree_swallow,standard_error,0.28,24,NA,0.83,NA,NA,0.06,24,NA,0.24,NA,NA,Edge is defined as plots adjacent to agriculture (orchards or vineyards)
WGSP9SQJ,Knight et al. 2016,edge_and_shrub_habitat,abundance,Edge,Interior,abundance,vesper_sparrow,standard_error,0.28,152,NA,0.46,NA,NA,1.06,152,NA,0.87,NA,NA,Edge is defined as plots adjacent to agriculture (orchards or vineyards)
WGSP9SQJ,Knight et al. 2016,edge_and_shrub_habitat,abundance,Edge,Interior,abundance,white_crowned_sparrow,standard_error,1.11,48,NA,3.6,NA,NA,0.83,48,NA,2.64,NA,NA,Edge is defined as plots adjacent to agriculture (orchards or vineyards)
WGSP9SQJ,Knight et al. 2016,edge_and_shrub_habitat,abundance,Edge,Interior,abundance,western_kingbird,standard_error,0.28,48,NA,0.46,NA,NA,0.06,48,NA,0.24,NA,NA,Edge is defined as plots adjacent to agriculture (orchards or vineyards)
WGSP9SQJ,Knight et al. 2016,edge_and_shrub_habitat,abundance,Edge,Interior,abundance,western_meadowlark,standard_error,0.39,104,NA,0.78,NA,NA,0.78,104,NA,1.06,NA,NA,Edge is defined as plots adjacent to agriculture (orchards or vineyards)
WGSP9SQJ,Knight et al. 2016,edge_and_shrub_habitat,abundance,Edge,Interior,abundance,yellow_rumped_warbler,standard_error,0.17,40,NA,0.38,NA,NA,0.28,40,NA,0.83,NA,NA,Edge is defined as plots adjacent to agriculture (orchards or vineyards)
EF9SGNSA,Patten et al. 2006,edge_and_shrub_habitat,nest_success,Distance to woody vegetation <= 21 m,Distance to woody vegetation > 21 m,Brood parasitism rate,dickcissel,standard_error,29.06,203,NA,3.19,NA,NA,8.89,45,NA,4.24,NA,NA,NA
EF9SGNSA,Patten et al. 2006,prescribed_fire,nest_success,Burned,Unburned,Brood parasitism rate,eastern_meadowlark,standard_error,7.54,252,NA,1.66,NA,NA,2.99,234,NA,1.11,NA,NA,NA
EF9SGNSA,Patten et al. 2006,prescribed_fire,nest_success,Burned,Unburned,Brood parasitism rate,red_winged_blackbird,standard_error,27.27,11,NA,13.43,NA,NA,2.6,77,NA,1.81,NA,NA,NA
NMR6JN8N,Suarez et al. 1997,edge_and_shrub_habitat,nest_success,Gradual edge,Abrupt edge,Daily percent predation rate (Dutch Creek),indigo_bunting,standard_deviation,4.2,601.5,0.8,NA,NA,NA,7.7,207.5,1.8,NA,NA,NA,NA
NMR6JN8N,Suarez et al. 1997,edge_and_shrub_habitat,nest_success,Gradual edge,Abrupt edge,Daily percent predation rate (Trail of Tears),indigo_bunting,standard_deviation,3.6,250.5,1.2,NA,NA,NA,6.6,30.5,4.5,NA,NA,NA,NA
NMR6JN8N,Suarez et al. 1997,edge_and_shrub_habitat,nest_success,Gradual edge,Abrupt edge,Daily percent predation rate (Pine Hills),indigo_bunting,standard_deviation,2.2,226,1,NA,NA,NA,8.1,37,4.5,NA,NA,NA,NA
NMR6JN8N,Suarez et al. 1997,edge_and_shrub_habitat,nest_success,Gradual edge,Abrupt edge,Daily percent predation rate (S. Ripple Hollow),indigo_bunting,standard_deviation,3.6,84,2,NA,NA,NA,2.5,40,2.5,NA,NA,NA,NA
NMR6JN8N,Suarez et al. 1997,edge_and_shrub_habitat,nest_success,Gradual edge,Abrupt edge,Daily percent predation rate (Section II),indigo_bunting,standard_deviation,4.3,47,3,NA,NA,NA,18.2,6,15.8,NA,NA,NA,NA
TY9UGHCS,Valentine et al. 2019,edge_and_shrub_habitat,abundance,Edge,Interior,abundance (birds/point),american_crow,standard_deviation,0.25,2,0.53,NA,NA,NA,0.04,2,0.2,NA,NA,NA,NA
TY9UGHCS,Valentine et al. 2019,edge_and_shrub_habitat,abundance,Edge,Interior,abundance (birds/point),common_grackle,standard_deviation,0,2,0,NA,NA,NA,0.04,2,0.2,NA,NA,NA,NA
GS4TG5A4,Augustine and Derner 2015,prescribed_fire,abundance,Recently burned patches,Unburned patches,density (birds/km^2),lark_bunting,standard_error,23.4633,3,NA,6.7395,NA,NA,76.2559,6,NA,5.6162,NA,NA,Traced from plot
GS4TG5A4,Augustine and Derner 2015,prescribed_fire,abundance,Recently burned patches,Unburned patches,density (birds/km^2),horned_lark,standard_error,27.3795,3,NA,1.9931,NA,NA,31.49,6,NA,1.6042,NA,NA,Traced from plot
GS4TG5A4,Augustine and Derner 2015,prescribed_fire,abundance,Recently burned patches,Unburned patches,density (birds/km^2),western_meadowlark,standard_error,3.8542,3,NA,1.56,NA,NA,10.6659,6,NA,1.3252,NA,NA,Traced from plot
GS4TG5A4,Augustine and Derner 2015,prescribed_fire,abundance,Recently burned patches,Unburned patches,density (birds/km^2),mccowns_longspur,standard_error,21.9008,3,NA,11.955,NA,NA,8.4561,6,NA,4.0725,NA,NA,Traced from plot; upper and lower error bars were not symmetrical for treatment
GS4TG5A4,Augustine and Derner 2015,prescribed_fire,abundance,Recently burned patches,Unburned patches,density (birds/km^2),grasshopper_sparrow,standard_error,0,3,NA,0,NA,NA,6.5079,6,NA,1.4796,NA,NA,Traced from plot
GS4TG5A4,Augustine and Derner 2015,prescribed_fire,abundance,Recently burned patches,Unburned patches,density (birds/km^2),mountain_plover,standard_error,6.4704,3,NA,0.7666,NA,NA,0,6,NA,0,NA,NA,Traced from plot
W9HAEBRV,Batáry et al. 2007,grazing_intensity,abundance,Extensively grazed pastures,Intensively grazed pastures,Number of territories,grassland_species,standard_error,19.4113,21,NA,6.9606,NA,NA,10.1848,21,NA,3.4806,NA,NA,"Traced from plot; extensive and intensive represent low and high grazing pressure, respectively"
FE9EGUNZ,Bouvier et al. 2011,eliminate_pesticides,abundance,organic (2003),conventionional (2003),abundance,all_species,standard_error,43.5737,5,NA,3.2073,NA,NA,14.3705,5,NA,2.9112,NA,NA,Traced from plot
FE9EGUNZ,Bouvier et al. 2011,eliminate_pesticides,abundance,organic (2004),conventionional (2004),abundance,all_species,standard_error,49.0177,5,NA,4.1941,NA,NA,18.6303,5,NA,3.75,NA,NA,Traced from plot
FE9EGUNZ,Bouvier et al. 2011,eliminate_pesticides,abundance,organic (2005),conventionional (2005),abundance,all_species,standard_error,45.2842,5,NA,4.8848,NA,NA,15.3408,5,NA,2.3684,NA,NA,Traced from plot
FE9EGUNZ,Bouvier et al. 2011,eliminate_pesticides,species_richness,organic (2003),conventionional (2003),species_richness,all_species,standard_error,23.2625,5,NA,1.1826,NA,NA,9.3184,5,NA,1.138,NA,NA,Traced from plot
FE9EGUNZ,Bouvier et al. 2011,eliminate_pesticides,species_richness,organic (2004),conventionional (2004),species_richness,all_species,standard_error,24.8281,5,NA,1.1602,NA,NA,10.1477,5,NA,1.1602,NA,NA,Traced from plot
FE9EGUNZ,Bouvier et al. 2011,eliminate_pesticides,species_richness,organic (2005),conventionional (2005),species_richness,all_species,standard_error,22.7344,5,NA,1.1602,NA,NA,8.768,5,NA,1.138,NA,NA,Traced from plot
QX25INTP,Buckley et al. 2022,summer_pasture_stockpiling,nest_success,Rotational grazing,Pre-treatment,daily survival rate,red_winged_blackbird,standard_error,0.9435,14,NA,0.009993,NA,NA,0.9775,18,NA,0.019,NA,NA,Traced from plot
QX25INTP,Buckley et al. 2022,summer_pasture_stockpiling,nest_success,Rotational grazing,Pre-treatment,daily survival rate,field_sparrow,standard_error,0.9455,56,NA,0.0111,NA,NA,0.954,41,NA,0.028,NA,NA,Traced from plot
QX25INTP,Buckley et al. 2022,summer_pasture_stockpiling,nest_success,Rotational grazing,Pre-treatment,daily survival rate,indigo_bunting,standard_error,0.9327,8,NA,0.0099937,NA,NA,0.9231,13,NA,0.024,NA,NA,Traced from plot
QX25INTP,Buckley et al. 2022,summer_pasture_stockpiling,nest_success,Patch-burn grazed,Pre-treatment,daily survival rate,field_sparrow,standard_error,0.9239,84,NA,0.0202,NA,NA,0.954,41,NA,0.028,NA,NA,Traced from plot
QX25INTP,Buckley et al. 2022,summer_pasture_stockpiling,nest_success,Patch-burn grazed,Pre-treatment,daily survival rate,indigo_bunting,standard_error,0.9327,23,NA,0.0079947,NA,NA,0.9231,13,NA,0.024,NA,NA,Traced from plot
QX25INTP,Buckley et al. 2022,summer_pasture_stockpiling,nest_success,Rotational grazing,Pre-treatment,Percent nest_success,red_winged_blackbird,standard_error,27.7012,14,NA,4.5762,NA,NA,60.5786,18,NA,5.3215,NA,NA,Traced from plot
QX25INTP,Buckley et al. 2022,summer_pasture_stockpiling,nest_success,Rotational grazing,Pre-treatment,Percent nest_success,field_sparrow,standard_error,42.9747,56,NA,5.7466,NA,NA,49.0299,41,NA,5.4275,NA,NA,Traced from plot
QX25INTP,Buckley et al. 2022,summer_pasture_stockpiling,nest_success,Rotational grazing,Pre-treatment,Percent nest_success,indigo_bunting,standard_error,26.4236,8,NA,6.1722,NA,NA,21.7283,13,NA,4.8936,NA,NA,Traced from plot
QX25INTP,Buckley et al. 2022,summer_pasture_stockpiling,nest_success,Patch-burn grazed,Pre-treatment,Percent nest_success,field_sparrow,standard_error,30.3206,84,NA,7.3432,NA,NA,49.0299,41,NA,5.4275,NA,NA,Traced from plot
QX25INTP,Buckley et al. 2022,summer_pasture_stockpiling,nest_success,Patch-burn grazed,Pre-treatment,Percent nest_success,indigo_bunting,standard_error,26.3288,23,NA,9.0462,NA,NA,21.7283,13,NA,4.8936,NA,NA,Traced from plot
2WJYSYDE,Cassidy and Kleppel 2017,summer_pasture_stockpiling,abundance,Holistic resource managment,Continuous grazing,abundance,grassland_obligates,standard_error,2.1172,13,NA,0.3997,NA,NA,0.4183,4,NA,0.3997,NA,NA,"Traced from plot; Holistic resource management is defined as frequent rotation, long rest periods, and high stocking density"
2WJYSYDE,Cassidy and Kleppel 2017,summer_pasture_stockpiling,abundance,Holistic resource managment,Continuous grazing,abundance,savannah_sparrow,standard_error,1.1444,13,NA,0.2404,NA,NA,0.1636,4,NA,0.1543,NA,NA,"Traced from plot; Holistic resource management is defined as frequent rotation, long rest periods, and high stocking density"
2WJYSYDE,Cassidy and Kleppel 2017,summer_pasture_stockpiling,abundance,Holistic resource managment,Continuous grazing,abundance,bobolink,standard_error,0.9003,13,NA,0.3445,NA,NA,0.2533,4,NA,0.2404,NA,NA,"Traced from plot; Holistic resource management is defined as frequent rotation, long rest periods, and high stocking density"
2WJYSYDE,Cassidy and Kleppel 2017,summer_pasture_stockpiling,abundance,Holistic resource managment,Continuous grazing,abundance,eastern_meadowlark,standard_error,0.0685,13,NA,0.0689,NA,NA,0,4,NA,0,NA,NA,"Traced from plot; Holistic resource management is defined as frequent rotation, long rest periods, and high stocking density"
2WJYSYDE,Cassidy and Kleppel 2017,summer_pasture_stockpiling,abundance,Holistic resource managment,Continuous grazing,abundance,killdeer,standard_error,0,13,NA,0,NA,NA,0.2511,4,NA,0.1295,NA,NA,"Traced from plot; Holistic resource management is defined as frequent rotation, long rest periods, and high stocking density"
ECUBV53L,Delisle and Savidge 1997,plant_nwsg,abundance,CP2 (NWSG) fields,CP1 (CSG) fields,abundance (individuals/100 ha),dickcissel,standard_error,198.6758,5,NA,28.3834,NA,NA,135.9061,5,NA,28.111,NA,NA,Traced from plot
ECUBV53L,Delisle and Savidge 1997,plant_nwsg,abundance,CP2 (NWSG) fields,CP1 (CSG) fields,abundance (individuals/100 ha),grasshopper_sparrow,standard_error,40.7762,5,NA,18.0128,NA,NA,62.3401,5,NA,11.1896,NA,NA,Traced from plot
ECUBV53L,Delisle and Savidge 1997,plant_nwsg,abundance,CP2 (NWSG) fields,CP1 (CSG) fields,abundance (individuals/100 ha),common_yellowthroat,standard_error,27.6634,5,NA,7.6416,NA,NA,0,5,NA,0,NA,NA,Traced from plot
ECUBV53L,Delisle and Savidge 1997,plant_nwsg,abundance,CP2 (NWSG) fields,CP1 (CSG) fields,abundance (individuals/100 ha),bobolink,standard_error,0,5,NA,0,NA,NA,25.7435,5,NA,8.7332,NA,NA,Traced from plot
ECUBV53L,Delisle and Savidge 1997,plant_nwsg,abundance,CP2 (NWSG) fields,CP1 (CSG) fields,abundance (individuals/100 ha),brown_headed_cowbird,standard_error,24.0903,5,NA,7.0958,NA,NA,31.1895,5,NA,7.0959,NA,NA,Traced from plot
ECUBV53L,Delisle and Savidge 1997,plant_nwsg,abundance,CP2 (NWSG) fields,CP1 (CSG) fields,abundance (individuals/100 ha),red_winged_blackbird,standard_error,19.4383,5,NA,7.6416,NA,NA,34.1796,5,NA,14.1915,NA,NA,Traced from plot
ECUBV53L,Delisle and Savidge 1997,plant_nwsg,abundance,CP2 (NWSG) fields,CP1 (CSG) fields,abundance (individuals/100 ha),sedge_wren,standard_error,20.7906,5,NA,5.7311,NA,NA,7.1473,5,NA,3.8208,NA,NA,Traced from plot
ECUBV53L,Delisle and Savidge 1997,plant_nwsg,abundance,CP2 (NWSG) fields,CP1 (CSG) fields,abundance (individuals/100 ha),mourning_dove,standard_error,7.9506,5,NA,1.9104,NA,NA,8.2266,5,NA,3.5479,NA,NA,Traced from plot
ECUBV53L,Delisle and Savidge 1997,plant_nwsg,abundance,CP2 (NWSG) fields,CP1 (CSG) fields,abundance (individuals/100 ha),northern_bobwhite,standard_error,9.3031,5,NA,6.823,NA,NA,7.1227,5,NA,3.0021,NA,NA,Traced from plot
ECUBV53L,Delisle and Savidge 1997,plant_nwsg,abundance,CP2 (NWSG) fields,CP1 (CSG) fields,abundance (individuals/100 ha),meadowlark_spp,standard_error,7.38,5,NA,2.4563,NA,NA,6.5642,5,NA,1.9104,NA,NA,Traced from plot
ECUBV53L,Delisle and Savidge 1997,plant_nwsg,abundance,CP2 (NWSG) fields,CP1 (CSG) fields,abundance (individuals/100 ha),ring_necked_pheasant,standard_error,6.2756,5,NA,2.1833,NA,NA,3.8224,5,NA,1.9104,NA,NA,Traced from plot
ZXCUY5K9,Duquette et al. 2022,prescribed_fire; manage_in_patches,species_richness,season-long grazing with dormant season patch-burning,season long grazing (no fire),shannon diversity,all_species,confidence_intervals,1.4998,4,NA,NA,1.4191,1.5691,1.5192,4,NA,NA,1.4392,1.5992,Traced from plot; treatment: one-fourth pasture burned late April–early May at a 4-year return interval
ZXCUY5K9,Duquette et al. 2022,prescribed_fire; manage_in_patches,species_richness,season-long grazing with dormant season and growing season patch-burning at a 4-year return interval,season long grazing (no fire),shannon diversity,all_species,confidence_intervals,1.5697,4,NA,NA,1.4896,1.6498,1.5192,4,NA,NA,1.4392,1.5992,Traced from plot; treatment: one-eighth pasture burned late April–early May and one-eighth pasture burned late August–late September at a 4-year return interval
ZXCUY5K9,Duquette et al. 2022,summer_pasture_stockpiling,species_richness,modified twice-over rest rotation,season long grazing,shannon diversity,all_species,confidence_intervals,1.35,4,NA,NA,1.2611,1.4392,1.5192,4,NA,NA,1.4392,1.5992,Traced from plot; treatment: variably stocked paddocks
ZXCUY5K9,Duquette et al. 2022,prescribed_fire; manage_in_patches,abundance,season-long grazing with dormant season patch-burning,season long grazing (no fire),density (individuals/ha),bobolink,confidence_intervals,0.8394,4,NA,NA,0.6173,1.1407,0.8002,4,NA,NA,0.5882,1.1004,"Traced from plot; treatment: one-fourth pasture burned late April–early May at a 4-year return interval; Error type is not given, but assumed to be confidence intervals"
ZXCUY5K9,Duquette et al. 2022,prescribed_fire; manage_in_patches,abundance,season-long grazing with dormant season and growing season patch-burning at a 4-year return interval,season long grazing (no fire),density (individuals/ha),bobolink,confidence_intervals,0.488,4,NA,NA,0.3474,0.6878,0.8002,4,NA,NA,0.5882,1.1004,"Traced from plot; treatment: one-eighth pasture burned late April–early May and one-eighth pasture burned late August–late September at a 4-year return interval; Error type is not given, but assumed to be confidence intervals"
ZXCUY5K9,Duquette et al. 2022,summer_pasture_stockpiling,abundance,modified twice-over rest rotation,season long grazing,density (individuals/ha),bobolink,confidence_intervals,0.7995,4,NA,NA,0.5674,1.1109,0.8002,4,NA,NA,0.5882,1.1004,"Traced from plot; treatment: variably stocked paddocks; Error type is not given, but assumed to be confidence intervals"
ZXCUY5K9,Duquette et al. 2022,prescribed_fire; manage_in_patches,abundance,season-long grazing with dormant season patch-burning,season long grazing (no fire),density (individuals/ha),chestnut_collared_longspur,confidence_intervals,0.5098,4,NA,NA,0.3603,0.6986,0.1495,4,NA,NA,0.0891,0.2396,"Traced from plot; treatment: one-fourth pasture burned late April–early May at a 4-year return interval; Error type is not given, but assumed to be confidence intervals"
ZXCUY5K9,Duquette et al. 2022,prescribed_fire; manage_in_patches,abundance,season-long grazing with dormant season and growing season patch-burning at a 4-year return interval,season long grazing (no fire),density (individuals/ha),chestnut_collared_longspur,confidence_intervals,0.2997,4,NA,NA,0.2,0.4291,0.1495,4,NA,NA,0.0891,0.2396,"Traced from plot; treatment: one-eighth pasture burned late April–early May and one-eighth pasture burned late August–late September at a 4-year return interval; Error type is not given, but assumed to be confidence intervals"
ZXCUY5K9,Duquette et al. 2022,summer_pasture_stockpiling,abundance,modified twice-over rest rotation,season long grazing,density (individuals/ha),chestnut_collared_longspur,confidence_intervals,0.666,4,NA,NA,0.6363,0.735,0.1495,4,NA,NA,0.0891,0.2396,"Traced from plot; treatment: variably stocked paddocks; Error type is not given, but assumed to be confidence intervals"
ZXCUY5K9,Duquette et al. 2022,prescribed_fire; manage_in_patches,abundance,season-long grazing with dormant season patch-burning,season long grazing (no fire),density (individuals/ha),clay_colored_sparrow,confidence_intervals,1.4132,4,NA,NA,1.0906,1.8058,2.543,4,NA,NA,2.0269,3.1935,"Traced from plot; treatment: one-fourth pasture burned late April–early May at a 4-year return interval; Error type is not given, but assumed to be confidence intervals"
ZXCUY5K9,Duquette et al. 2022,prescribed_fire; manage_in_patches,abundance,season-long grazing with dormant season and growing season patch-burning at a 4-year return interval,season long grazing (no fire),density (individuals/ha),clay_colored_sparrow,confidence_intervals,1.1114,4,NA,NA,0.8533,1.4394,2.543,4,NA,NA,2.0269,3.1935,"Traced from plot; treatment: one-eighth pasture burned late April–early May and one-eighth pasture burned late August–late September at a 4-year return interval; Error type is not given, but assumed to be confidence intervals"
ZXCUY5K9,Duquette et al. 2022,summer_pasture_stockpiling,abundance,modified twice-over rest rotation,season long grazing,density (individuals/ha),clay_colored_sparrow,confidence_intervals,3.7343,4,NA,NA,2.9868,4.6646,2.543,4,NA,NA,2.0269,3.1935,"Traced from plot; treatment: variably stocked paddocks; Error type is not given, but assumed to be confidence intervals"
ZXCUY5K9,Duquette et al. 2022,prescribed_fire; manage_in_patches,abundance,season-long grazing with dormant season patch-burning,season long grazing (no fire),density (individuals/ha),grasshopper_sparrow,confidence_intervals,1.459,4,NA,NA,1.1986,1.779,1.3504,4,NA,NA,1.1117,1.6571,"Traced from plot; treatment: one-fourth pasture burned late April–early May at a 4-year return interval; Error type is not given, but assumed to be confidence intervals"
ZXCUY5K9,Duquette et al. 2022,prescribed_fire; manage_in_patches,abundance,season-long grazing with dormant season and growing season patch-burning at a 4-year return interval,season long grazing (no fire),density (individuals/ha),grasshopper_sparrow,confidence_intervals,1.3139,4,NA,NA,1.0752,1.6035,1.3504,4,NA,NA,1.1117,1.6571,"Traced from plot; treatment: one-eighth pasture burned late April–early May and one-eighth pasture burned late August–late September at a 4-year return interval; Error type is not given, but assumed to be confidence intervals"
ZXCUY5K9,Duquette et al. 2022,summer_pasture_stockpiling,abundance,modified twice-over rest rotation,season long grazing,density (individuals/ha),grasshopper_sparrow,confidence_intervals,0.7429,4,NA,NA,0.5734,0.9599,1.3504,4,NA,NA,1.1117,1.6571,"Traced from plot; treatment: variably stocked paddocks; Error type is not given, but assumed to be confidence intervals"
ZXCUY5K9,Duquette et al. 2022,prescribed_fire; manage_in_patches,abundance,season-long grazing with dormant season patch-burning,season long grazing (no fire),density (individuals/ha),savannah_sparrow,confidence_intervals,0.8375,4,NA,NA,0.6273,1.1153,0.7473,4,NA,NA,0.5586,0.9961,"Traced from plot; treatment: one-fourth pasture burned late April–early May at a 4-year return interval; Error type is not given, but assumed to be confidence intervals"
ZXCUY5K9,Duquette et al. 2022,prescribed_fire; manage_in_patches,abundance,season-long grazing with dormant season and growing season patch-burning at a 4-year return interval,season long grazing (no fire),density (individuals/ha),savannah_sparrow,confidence_intervals,0.6394,4,NA,NA,0.4695,0.8665,0.7473,4,NA,NA,0.5586,0.9961,"Traced from plot; treatment: one-eighth pasture burned late April–early May and one-eighth pasture burned late August–late September at a 4-year return interval; Error type is not given, but assumed to be confidence intervals"
ZXCUY5K9,Duquette et al. 2022,summer_pasture_stockpiling,abundance,modified twice-over rest rotation,season long grazing,density (individuals/ha),savannah_sparrow,confidence_intervals,0.8394,4,NA,NA,0.6198,1.1379,0.7473,4,NA,NA,0.5586,0.9961,"Traced from plot; treatment: variably stocked paddocks; Error type is not given, but assumed to be confidence intervals"
ZXCUY5K9,Duquette et al. 2022,prescribed_fire; manage_in_patches,abundance,season-long grazing with dormant season patch-burning,season long grazing (no fire),density (individuals/ha),western_meadowlark,confidence_intervals,2.6681,4,NA,NA,1.3466,5.2803,2.7893,4,NA,NA,1.4085,5.5372,"Traced from plot; treatment: one-fourth pasture burned late April–early May at a 4-year return interval; Error type is not given, but assumed to be confidence intervals"
ZXCUY5K9,Duquette et al. 2022,prescribed_fire; manage_in_patches,abundance,season-long grazing with dormant season and growing season patch-burning at a 4-year return interval,season long grazing (no fire),density (individuals/ha),western_meadowlark,confidence_intervals,2.9795,4,NA,NA,1.5065,5.8565,2.7893,4,NA,NA,1.4085,5.5372,"Traced from plot; treatment: one-eighth pasture burned late April–early May and one-eighth pasture burned late August–late September at a 4-year return interval; Error type is not given, but assumed to be confidence intervals"
ZXCUY5K9,Duquette et al. 2022,summer_pasture_stockpiling,abundance,modified twice-over rest rotation,season long grazing,density (individuals/ha),western_meadowlark,confidence_intervals,0.9988,4,NA,NA,0.4678,2.0616,2.7893,4,NA,NA,1.4085,5.5372,"Traced from plot; treatment: variably stocked paddocks; Error type is not given, but assumed to be confidence intervals"
AGDXXJXK,George et al. 2013,plant_nwsg,abundance,Native mixed grass prairie,Old world bluestem monoculture,density (birds/ha),grasshopper_sparrow,standard_error,0.9466,6,NA,0.2469,NA,NA,1.6972,6,NA,0.2768,NA,NA,Traced from plot
AGDXXJXK,George et al. 2013,plant_nwsg,abundance,Native mixed grass prairie,Old world bluestem monoculture,density (birds/ha),dickcissel,standard_error,0.7974,6,NA,0.2444,NA,NA,0.5106,6,NA,0.2619,NA,NA,Traced from plot
AGDXXJXK,George et al. 2013,plant_nwsg,abundance,Native mixed grass prairie,Old world bluestem monoculture,density (birds/ha),eastern_meadowlark,standard_error,0.4538,6,NA,0.1198,NA,NA,0.511,6,NA,0.1222,NA,NA,Traced from plot
AGDXXJXK,George et al. 2013,plant_nwsg,abundance,Native mixed grass prairie,Old world bluestem monoculture,density (birds/ha),brown_headed_cowbird,standard_error,0.0552,6,NA,0.02,NA,NA,0.1199,6,NA,0.0798,NA,NA,Traced from plot
AGDXXJXK,George et al. 2013,plant_nwsg,abundance,Native mixed grass prairie,Old world bluestem monoculture,density (birds/ha),killdeer,standard_error,0.0108,6,NA,0.0099865,NA,NA,0.0879,6,NA,0.0424,NA,NA,Traced from plot
AGDXXJXK,George et al. 2013,plant_nwsg,abundance,Native mixed grass prairie,Old world bluestem monoculture,density (birds/ha),common_nighthawk,standard_error,0.0312,6,NA,0.0175,NA,NA,0.0684,6,NA,0.0574,NA,NA,Traced from plot
AGDXXJXK,George et al. 2013,plant_nwsg,abundance,Native mixed grass prairie,Old world bluestem monoculture,density (birds/ha),mourning_dove,standard_error,0.0765,6,NA,0.0524,NA,NA,0.0789,6,NA,0.0474,NA,NA,Traced from plot
AGDXXJXK,George et al. 2013,plant_nwsg,abundance,Native mixed grass prairie,Old world bluestem monoculture,density (birds/ha),northern_bobwhite,standard_error,0.0594,6,NA,0.0274,NA,NA,0.0019289,6,NA,3.817e-6,NA,NA,Traced from plot
AGDXXJXK,George et al. 2013,plant_nwsg,abundance,Native mixed grass prairie,Old world bluestem monoculture,density (birds/ha),lark_sparrow,standard_error,0.1123,6,NA,0.0848,NA,NA,0.0224,6,NA,0.0175,NA,NA,Traced from plot
5LF5W5A9,Glass and Eichholz 2023,prescribed_fire,abundance,Sites burned that year or the previous year,Unburned sites,nest density (nests/ha),dickcissel,confidence_intervals,1.3164,3,NA,NA,0.824,1.8088,0.2374,37,NA,NA,0.0758,0.399,Traced from plot; Sample size is sites and years
5LF5W5A9,Glass and Eichholz 2023,edge_and_shrub_habitat,abundance,Distance to edge (0 - 20 m),Distance to edge (>40 m),nest density (nests/ha),field_sparrow,confidence_intervals,1.1499,10,NA,NA,0.8489,1.4509,0.5672,10,NA,NA,0.2285,0.9059,Traced from plot; Sample size is number of sites
5LF5W5A9,Glass and Eichholz 2023,edge_and_shrub_habitat,abundance,Distance to edge (0 - 20 m),Distance to edge (>40 m),nest density (nests/ha),dickcissel,confidence_intervals,0.2657,10,NA,NA,0.0385,0.4929,0.3184,10,NA,NA,0.0984,0.5384,Traced from plot; Sample size is number of sites
5LF5W5A9,Glass and Eichholz 2023,edge_and_shrub_habitat,abundance,Distance to edge (0 - 20 m),Distance to edge (>40 m),nest density (nests/ha),common_yellowthroat,confidence_intervals,0.2875,10,NA,NA,0.0574,0.5176,0.236,10,NA,NA,0.0697,0.4023,Traced from plot; Sample size is number of sites
FFFPKYB5,Jensen and Finck 2004,edge_and_shrub_habitat,nest_success,Distance to woodland edge (<= 50 m),Distance to woodland edge (>100 m),daily nest predation rate,dickcissel,standard_error,0.1621,37,NA,0.061,NA,NA,0.0737,476,NA,0.0118,NA,NA,Traced from plot; Error is assumed to be standard error; Sample size is exposure days
FFFPKYB5,Jensen and Finck 2004,edge_and_shrub_habitat,nest_success,Distance to woodland edge (<= 50 m),Distance to woodland edge (>100 m),nest density (nests/ha),dickcissel,standard_error,0.0399,7,NA,0.0154,NA,NA,0.1475,7,NA,0.0515,NA,NA,Traced from plot; Error is assumed to be standard error
H9PA8BNU,Kragten and de Snoo 2007,eliminate_pesticides,nest_success,Organic farms (2005),Conventional farms (2005),mayfield daily nest survival rate,northern_lapwing,standard_error,0.9605,80,NA,0.0062167,NA,NA,0.976,45,NA,0.0060227,NA,NA,Traced from plot
H9PA8BNU,Kragten and de Snoo 2007,eliminate_pesticides,nest_success,Organic farms (2006),Conventional farms (2006),mayfield daily nest survival rate,northern_lapwing,standard_error,0.9557,71,NA,0.0066052,NA,NA,0.9585,46,NA,0.0079645,NA,NA,Traced from plot
JGT3P9TP,Bollinger and Gavin 2004,edge_and_shrub_habitat,nest_success,Nests <=50 m from forest edge,Nests >100 m from forest edge,DSR,bobolink,standard_error,0.9519,501,NA,0.0094157,NA,NA,0.9788,1237,NA,0.0040393,NA,NA,Traced from plot; Sample size is exposure days
VXQYBKJ5,Carnochan et al. 2018,summer_pasture_stockpiling,nest_success,Twice-over rotational grazing (2011),Season-long grazing (2011),Probability of nesting success,clay_colored_sparrow,confidence_intervals,0.0979,9,NA,NA,-0.1232,0.319,0.2155,3,NA,NA,-0.3448,0.7758,Traced from plot; Sample size calculated
VXQYBKJ5,Carnochan et al. 2018,summer_pasture_stockpiling,nest_success,Twice-over rotational grazing (2012),Season-long grazing (2012),Probability of nesting success,clay_colored_sparrow,confidence_intervals,0.4588,21,NA,NA,-0.0852,1.0028,0.5981,8,NA,NA,0.1951,1.0011,Traced from plot; Sample size calculated
VXQYBKJ5,Carnochan et al. 2018,summer_pasture_stockpiling,nest_success,Twice-over rotational grazing (2011),Season-long grazing (2011),Probability of nesting success,vesper_sparrow,confidence_intervals,0.0196,5,NA,NA,-0.0831,0.1223,0.0801,5,NA,NA,-0.1446,0.3048,Traced from plot; Sample size calculated
VXQYBKJ5,Carnochan et al. 2018,summer_pasture_stockpiling,nest_success,Twice-over rotational grazing (2012),Season-long grazing (2012),Probability of nesting success,vesper_sparrow,confidence_intervals,0.2071,11,NA,NA,-0.1932,0.6074,0.351,11,NA,NA,-0.268,0.97,Traced from plot; Sample size calculated
VXQYBKJ5,Carnochan et al. 2018,summer_pasture_stockpiling,nest_success,Twice-over rotational grazing (2011),Season-long grazing (2011),Probability of nesting success,savannah_sparrow,confidence_intervals,0.0219,12,NA,NA,-0.0501,0.0939,0.1411,8,NA,NA,-0.1632,0.4454,Traced from plot; Sample size calculated
VXQYBKJ5,Carnochan et al. 2018,summer_pasture_stockpiling,nest_success,Twice-over rotational grazing (2012),Season-long grazing (2012),Probability of nesting success,savannah_sparrow,confidence_intervals,0.1293,12,NA,NA,-0.1532,0.4118,0.3422,9,NA,NA,-0.2432,0.9276,Traced from plot; Sample size calculated
4HKVZM4T,Jacobs et al. 2012,plant_nwsg,abundance,Warm-season CRP fields,Cool-season CRP fields,Number of detections,grasshopper_sparrow,confidence_intervals,0.2288,268,NA,NA,0.1264,0.4242,0.2395,268,NA,NA,-0.0072,0.4862,Traced from plot. Sample size (number of point counts) is assumed to be equal across treatments. Treated CSCRP error bars as symmetrical because lower error bar is not visible.
4HKVZM4T,Jacobs et al. 2012,plant_nwsg,abundance,Warm-season CRP fields,Cool-season CRP fields,Number of detections,henslows_sparrow,confidence_intervals,0.3109,268,NA,NA,0.1293,0.7438,0.5822,268,NA,NA,-0.3162,1.4806,Traced from plot. Sample size (number of point counts) is assumed to be equal across treatments. Treated CSCRP error bars as symmetrical because lower error bar is not visible.
4HKVZM4T,Jacobs et al. 2012,plant_nwsg,abundance,Warm-season CRP fields,Cool-season CRP fields,Number of detections,dickcissel,confidence_intervals,2.7626,268,NA,NA,1.7059,4.4756,2.3263,268,NA,NA,0.9719,3.6807,Traced from plot. Sample size (number of point counts) is assumed to be equal across treatments. Treated CSCRP error bars as symmetrical because lower error bar is not visible.
4HKVZM4T,Jacobs et al. 2012,plant_nwsg,abundance,Warm-season CRP fields,Cool-season CRP fields,Number of detections,eastern_meadowlark,confidence_intervals,0.5215,268,NA,NA,0.3446,0.7822,0.7416,268,NA,NA,0.3832,1.1,Traced from plot. Sample size (number of point counts) is assumed to be equal across treatments. Treated CSCRP error bars as symmetrical because lower error bar is not visible.
ERL3H2FK,Monroe et al. 2019,plant_nwsg,nest_success,Grazed mixed NWSG (2011),Grazed mixed exotic (2011),DSR,dickcissel,confidence_intervals,0.9422,18,NA,NA,0.8987,0.9724,0.8994,17,NA,NA,0.8345,0.948,Traced from plot; Sample size calculated
ERL3H2FK,Monroe et al. 2019,plant_nwsg,nest_success,Grazed mixed NWSG (2012),Grazed mixed exotic (2012),DSR,dickcissel,confidence_intervals,0.8705,25,NA,NA,0.7968,0.9279,0.8609,25,NA,NA,0.785,0.9191,Traced from plot; Sample size calculated
JY7UF4YC,Perkins et al. 2013,edge_and_shrub_habitat,nest_success,Nests <50 m from edge,Nests >100 m from edge,Daily nest survival,savannah_sparrow,standard_error,0.8016,265,NA,0.0193,NA,NA,0.8558,293,NA,0.0228,NA,NA,"Traced from plot; Sample size calculated from total and percents, but the total value may include nests that they did not use in their calculations"
JY7UF4YC,Perkins et al. 2013,edge_and_shrub_habitat,nest_success,Nests <50 m from edge,Nests >100 m from edge,Daily nest survival,bobolink,standard_error,0.8916,111,NA,0.0324,NA,NA,0.9011,244,NA,0.0228,NA,NA,"Traced from plot; Sample size calculated from total and percents, but the total value may include nests that they did not use in their calculations"
WQDZ5GX5,Piha et al. 2007,eliminate_pesticides,abundance,Presence (>.5 ha) of organic farming in a 250 x 250 m area (2000),Absence (<=.5 ha) of organic farming in a 250 x 250 m area (2000),density (territories/ha),all_species,standard_error,0.366,190,NA,0.0341,NA,NA,0.2391,137,NA,0.0207,NA,NA,Traced from plot
WQDZ5GX5,Piha et al. 2007,eliminate_pesticides,abundance,Presence (>.5 ha) of organic farming in a 250 x 250 m area (2001),Absence (<=.5 ha) of organic farming in a 250 x 250 m area (2001),density (territories/ha),all_species,standard_error,0.3527,260,NA,0.0219,NA,NA,0.2561,157,NA,0.0243,NA,NA,Traced from plot
WQDZ5GX5,Piha et al. 2007,eliminate_pesticides,abundance,Presence (>.5 ha) of organic farming in a 250 x 250 m area (2000),Absence (<=.5 ha) of organic farming in a 250 x 250 m area (2000),density (territories/ha),eurasian_skylark,standard_error,0.3542,190,NA,0.0203,NA,NA,0.3136,137,NA,0.0219,NA,NA,Traced from plot
WQDZ5GX5,Piha et al. 2007,eliminate_pesticides,abundance,Presence (>.5 ha) of organic farming in a 250 x 250 m area (2001),Absence (<=.5 ha) of organic farming in a 250 x 250 m area (2001),density (territories/ha),eurasian_skylark,standard_error,0.3338,260,NA,0.0166,NA,NA,0.2662,157,NA,0.0174,NA,NA,Traced from plot
WQDZ5GX5,Piha et al. 2007,eliminate_pesticides,abundance,Presence (>.5 ha) of organic farming in a 250 x 250 m area (2000),Absence (<=.5 ha) of organic farming in a 250 x 250 m area (2000),density (territories/ha),meadow_pipit,standard_error,0.0681,190,NA,0.0093281,NA,NA,0.0434,137,NA,0.0073012,NA,NA,Traced from plot
WQDZ5GX5,Piha et al. 2007,eliminate_pesticides,abundance,Presence (>.5 ha) of organic farming in a 250 x 250 m area (2001),Absence (<=.5 ha) of organic farming in a 250 x 250 m area (2001),density (territories/ha),meadow_pipit,standard_error,0.0737,260,NA,0.0085,NA,NA,0.381,157,NA,0.0073,NA,NA,Traced from plot
WQDZ5GX5,Piha et al. 2007,eliminate_pesticides,abundance,Presence (>.5 ha) of organic farming in a 250 x 250 m area (2000),Absence (<=.5 ha) of organic farming in a 250 x 250 m area (2000),density (territories/ha),whinchat,standard_error,0.0804,190,NA,0.0097,NA,NA,0.0294,137,NA,0.0089,NA,NA,Traced from plot
WQDZ5GX5,Piha et al. 2007,eliminate_pesticides,abundance,Presence (>.5 ha) of organic farming in a 250 x 250 m area (2001),Absence (<=.5 ha) of organic farming in a 250 x 250 m area (2001),density (territories/ha),whinchat,standard_error,0.0719,260,NA,0.0081,NA,NA,0.0516,157,NA,0.0101,NA,NA,Traced from plot
WQDZ5GX5,Piha et al. 2007,eliminate_pesticides,abundance,Presence (>.5 ha) of organic farming in a 250 x 250 m area (2000),Absence (<=.5 ha) of organic farming in a 250 x 250 m area (2000),density (territories/ha),northern_lapwing,standard_error,0.0552,190,NA,0.0101,NA,NA,0.0666,137,NA,0.0097,NA,NA,Traced from plot
WQDZ5GX5,Piha et al. 2007,eliminate_pesticides,abundance,Presence (>.5 ha) of organic farming in a 250 x 250 m area (2001),Absence (<=.5 ha) of organic farming in a 250 x 250 m area (2001),density (territories/ha),northern_lapwing,standard_error,0.0397,260,NA,0.00649,NA,NA,0.06,157,NA,0.0089,NA,NA,Traced from plot
WQDZ5GX5,Piha et al. 2007,eliminate_pesticides,species_richness,Presence (>.5 ha) of organic farming in a 250 x 250 m area (2000),Absence (<=.5 ha) of organic farming in a 250 x 250 m area (2000),species_richness,all_species,standard_error,2.1718,190,NA,0.1056,NA,NA,1.7942,137,NA,0.1056,NA,NA,Traced from plot
WQDZ5GX5,Piha et al. 2007,eliminate_pesticides,species_richness,Presence (>.5 ha) of organic farming in a 250 x 250 m area (2001),Absence (<=.5 ha) of organic farming in a 250 x 250 m area (2001),species_richness,all_species,standard_error,2.2035,260,NA,0.0894,NA,NA,1.8136,157,NA,0.1219,NA,NA,Traced from plot
6Q5B6N44,Russell et al. 2009,prescribed_fire,species_richness,Burned (1 year post-fire),Unburned,species_richness,all_species,confidence_intervals,26.4595,3,NA,NA,21.9869,30.9321,26.9095,3,NA,NA,22.8885,30.9305,Traced from plot
6Q5B6N44,Russell et al. 2009,prescribed_fire,species_richness,Burned (2 years post-fire),Unburned,species_richness,all_species,confidence_intervals,27.3265,3,NA,NA,22.813,31.84,27.161,3,NA,NA,22.9757,31.3463,Traced from plot
CRBK6BMU,Willcox et al. 2010,grazing_intensity,species_richness,low grazing intensity (monoculture pasture),high grazing intensity (monoculture pasture),species_richness,all_species,standard_error,9.7795,2,NA,0.1008,NA,NA,9.089,2,NA,0.1259,NA,NA,Traced from plot
CRBK6BMU,Willcox et al. 2010,grazing_intensity; provide_overwintering_habitat,abundance,low grazing intensity (monoculture pasture),high grazing intensity (monoculture pasture),abundance,grassland_species,standard_error,22.4381,2,NA,2.9744,NA,NA,14.8293,2,NA,2.3942,NA,NA,Traced from plot
CRBK6BMU,Willcox et al. 2010,grazing_intensity,abundance,low grazing intensity (monoculture pasture),high grazing intensity (monoculture pasture),abundance,grassland_species,standard_error,17.9062,2,NA,1.8138,NA,NA,17.0427,2,NA,1.6688,NA,NA,Traced from plot
CRBK6BMU,Willcox et al. 2010,grazing_intensity,abundance,low grazing intensity (mixed pasture; grazed during winter),high grazing intensity (mixed pasture; grazed during winter),abundance,all_species,standard_error,86.5932,2,NA,5.3995,NA,NA,59.737,2,NA,3.1272,NA,NA,Traced from plot
CRBK6BMU,Willcox et al. 2010,grazing_intensity,abundance,low grazing intensity (mixed pasture; grazed during winter),high grazing intensity (mixed pasture; grazed during winter),abundance,grassland_species,standard_error,31.362,2,NA,2.2401,NA,NA,15.1826,2,NA,1.2806,NA,NA,Traced from plot
CRBK6BMU,Willcox et al. 2010,grazing_intensity; provide_overwintering_habitat,species_richness,low grazing intensity (mixed pasture; grazed during winter),high grazing intensity (mixed pasture; grazed during winter),species_richness,all_species,standard_error,13.9007,2,NA,1.2766,NA,NA,15.3191,2,NA,0.6808,NA,NA,Traced from plot
CRBK6BMU,Willcox et al. 2010,grazing_intensity,species_richness,low grazing intensity (mixed pasture; grazed during winter),high grazing intensity (mixed pasture; grazed during winter),species_richness,all_species,standard_error,7.1206,2,NA,1.0213,NA,NA,6.3262,2,NA,0.5106,NA,NA,Traced from plot
