response_metric,model_family,specification,guild,bmp,estimate,lcl,ucl,excludes_zero,primary_estimate,primary_excludes_zero,is_new_cell,estimate_shift,conclusion_changed
abundance,abundance_guild_bmp,great_plains_only,facultative_grassland,plant_nwsg,-0.07796511861949545,-0.7255030169647448,0.5884231228923845,FALSE,0.37755401014699946,TRUE,FALSE,-0.4555191287664949,TRUE
abundance,abundance_guild_bmp,great_plains_dropped,facultative_grassland,prescribed_fire,-0.05236514051193199,-0.4658694979580488,0.35989583076754283,FALSE,-0.38276572384377666,TRUE,FALSE,0.3304005833318447,TRUE
abundance,abundance_guild_bmp,great_plains_only,obligate_grassland,manage_in_patches,0.0245149918809646,-0.5024054110989763,0.5656410497254063,FALSE,0.3153060531986798,FALSE,FALSE,-0.2907910613177152,FALSE
abundance,abundance_guild_bmp,one_effect_per_study_cell,obligate_grassland,reduce_grazing_intensity,0.15558481295255872,-0.43949169862301984,0.7342455225420241,FALSE,0.4462089539470021,FALSE,FALSE,-0.2906241409944434,FALSE
abundance,abundance_guild_bmp,one_effect_per_study_cell,facultative_grassland,plant_nwsg,0.10486964161095441,-0.224337688879793,0.42349120252955214,FALSE,0.37755401014699946,TRUE,FALSE,-0.27268436853604505,TRUE
abundance,abundance_guild_bmp,one_effect_per_study_cell,facultative_grassland,prescribed_fire,-0.1195598499092198,-0.450450195552643,0.21427892288363323,FALSE,-0.38276572384377666,TRUE,FALSE,0.26320587393455686,TRUE
abundance,abundance_guild_bmp,one_effect_per_study_cell,facultative_grassland,edge_and_shrub_habitat,0.3287221096830938,-0.0076696373073095,0.6692472230350018,FALSE,0.10658547516354414,FALSE,FALSE,0.22213663451954965,FALSE
abundance,abundance_guild_bmp,one_effect_per_study_cell,obligate_grassland,prescribed_fire,0.05526176832402274,-0.20692804186959324,0.3090425955299986,FALSE,0.2758485962985455,TRUE,FALSE,-0.22058682797452278,TRUE
abundance,abundance_pooled_bmp,great_plains_only,all_grassland,plant_nwsg,-0.0186021034520834,-0.41505162694224684,0.3859899121386818,FALSE,0.19674726137536241,FALSE,FALSE,-0.21534936482744582,FALSE
abundance,abundance_guild_bmp,one_effect_per_study_cell,facultative_grassland,reduce_grazing_intensity,0.2878354376314214,-0.31006738821678126,0.9032191967846482,FALSE,0.08679575581665776,FALSE,FALSE,0.20103968181476362,FALSE
abundance,abundance_pooled_bmp,great_plains_dropped,all_grassland,plant_nwsg,0.3965663101550904,0.15313489066266536,0.6604245668595105,TRUE,0.19674726137536241,FALSE,FALSE,0.199819048779728,TRUE
abundance,abundance_guild_bmp,zero_variance_arm_removed,facultative_grassland,prescribed_fire,-0.18938734874818966,-0.4720969548732143,0.09213412691188337,FALSE,-0.38276572384377666,TRUE,FALSE,0.193378375095587,TRUE
abundance,abundance_guild_bmp,one_effect_per_study_cell,facultative_grassland,provide_overwintering_habitat,0.2003685443512726,-0.24753791935613578,0.6673478198770774,FALSE,0.01107176285838412,FALSE,FALSE,0.18929678149288848,FALSE
abundance,abundance_guild_bmp,one_effect_per_study_cell,facultative_grassland,rotational_grazing,-0.10265560122763515,-0.7770217519939118,0.5796094656920584,FALSE,0.0853278044388131,FALSE,FALSE,-0.18798340566644825,FALSE
abundance,abundance_guild_bmp,one_effect_per_study_cell,obligate_grassland,manage_in_patches,0.1287138951543303,-0.35354969430635313,0.6235505714792499,FALSE,0.3153060531986798,FALSE,FALSE,-0.18659215804434953,FALSE
abundance,abundance_guild_bmp,great_plains_dropped,facultative_grassland,plant_nwsg,0.5585236003593927,0.2830358980383887,0.8445048524450862,TRUE,0.37755401014699946,TRUE,FALSE,0.18096959021239328,FALSE
abundance,abundance_guild_bmp,zero_variance_arm_removed,obligate_grassland,provide_overwintering_habitat,0.2721485920379464,-0.2234817259351258,0.7628532036145484,FALSE,0.4529168688949517,TRUE,FALSE,-0.1807682768570053,TRUE
abundance,abundance_guild_bmp,southeast_us_dropped,obligate_grassland,edge_and_shrub_habitat,-0.29132849391757004,-0.6279832763626924,0.046889759396947436,FALSE,-0.11547503408705537,FALSE,FALSE,-0.17585345983051467,FALSE
abundance,abundance_pooled_bmp,southeast_us_dropped,all_grassland,edge_and_shrub_habitat,-0.19996923853423446,-0.46353057709211126,0.05251557555311464,FALSE,-0.024983795815352275,FALSE,FALSE,-0.17498544271888217,FALSE
abundance,abundance_guild_bmp,one_effect_per_study_cell,obligate_grassland,stream_exclusion_and_buffers,0.3076255811646733,-0.2450076624144938,0.859413891547522,FALSE,0.1380494881532145,FALSE,FALSE,0.16957609301145882,FALSE
abundance,abundance_guild_bmp,southeast_us_dropped,facultative_grassland,edge_and_shrub_habitat,-0.05686744959124953,-0.3617324817238129,0.2354977722701594,FALSE,0.10658547516354414,FALSE,FALSE,-0.16345292475479367,FALSE
abundance,abundance_guild_bmp,southeast_us_dropped,facultative_grassland,plant_nwsg,0.2383796494127167,-0.03816062579775663,0.5154851687147495,FALSE,0.37755401014699946,TRUE,FALSE,-0.13917436073428277,TRUE
abundance,abundance_pooled_bmp,outliers_removed,all_grassland,rotational_grazing,0.15779317493237832,-0.182164014668855,0.5129739268072561,FALSE,0.02163784617643498,FALSE,FALSE,0.13615532875594333,FALSE
abundance,abundance_guild_bmp,outliers_removed,obligate_grassland,manage_in_patches,0.18196952585438553,-0.1788334698198555,0.5484786446199906,FALSE,0.3153060531986798,FALSE,FALSE,-0.1333365273442943,FALSE
abundance,abundance_guild_bmp,southeast_us_dropped,facultative_grassland,prescribed_fire,-0.5145419441117844,-0.7966417309238636,-0.2289619585679799,TRUE,-0.38276572384377666,TRUE,FALSE,-0.13177622026800778,FALSE
abundance,abundance_guild_bmp,one_effect_per_study_cell,obligate_grassland,edge_and_shrub_habitat,-0.24692411777345774,-0.5975960465857245,0.09844130261965302,FALSE,-0.11547503408705537,FALSE,FALSE,-0.13144908368640237,FALSE
abundance,abundance_pooled_bmp,one_effect_per_study_cell,all_grassland,reduce_grazing_intensity,0.4019173535833984,-1.277413467161626e-4,0.7682721041667524,FALSE,0.2778235865367612,FALSE,FALSE,0.12409376704663722,FALSE
abundance,abundance_pooled_bmp,great_plains_dropped,all_grassland,prescribed_fire,0.1335562657524561,-0.17620671211103411,0.47913705514487237,FALSE,0.00952914611061775,FALSE,FALSE,0.12402711964183835,FALSE
abundance,abundance_pooled_bmp,one_effect_per_study_cell,all_grassland,install_nest_boxes,-0.07233779665383422,-0.635217338445419,0.4907985132957307,FALSE,0.04884044402449103,FALSE,FALSE,-0.12117824067832525,FALSE
abundance,abundance_pooled_bmp,guild_assigned_only,all_grassland,eliminate_pesticides,0.11949037855043762,-0.24349515303923455,0.4668364802157866,FALSE,0.2405843701912453,FALSE,FALSE,-0.12109399164080767,FALSE
abundance,abundance_guild_bmp,group_means_only,obligate_grassland,manage_in_patches,0.4352857303931762,-0.1227476085865186,0.9720652982555045,FALSE,0.3153060531986798,FALSE,FALSE,0.11997967719449637,FALSE
abundance,abundance_pooled_bmp,great_plains_dropped,all_grassland,edge_and_shrub_habitat,0.0942746798241705,-0.12828291896508254,0.31619945603856203,FALSE,-0.024983795815352275,FALSE,FALSE,0.11925847563952277,FALSE
abundance,abundance_guild_bmp,outliers_removed,facultative_grassland,eliminate_pesticides,0.08381462118350214,-0.23502686259557554,0.39687369755600344,FALSE,-0.028204101437256032,FALSE,FALSE,0.11201872262075817,FALSE
abundance,abundance_guild_bmp,one_effect_per_study_cell,obligate_grassland,eliminate_pesticides,0.2010492795237424,-0.20507214864519624,0.6028290909850892,FALSE,0.30787891562693726,FALSE,FALSE,-0.10682963610319485,FALSE
abundance,abundance_pooled_bmp,one_effect_per_study_cell,all_grassland,edge_and_shrub_habitat,0.08136046718325306,-0.15284515418337194,0.3191983898295071,FALSE,-0.024983795815352275,FALSE,FALSE,0.10634426299860533,FALSE
abundance,abundance_guild_bmp,great_plains_dropped,facultative_grassland,remove_non_native_shrubs,0.07851656804305115,-0.2783382514353986,0.44398883584287574,FALSE,-0.026686247978411924,FALSE,FALSE,0.10520281602146309,FALSE
abundance,abundance_guild_bmp,one_effect_per_study_cell,facultative_grassland,eliminate_pesticides,0.07598660347432457,-0.4006879421779666,0.5608829931376073,FALSE,-0.028204101437256032,FALSE,FALSE,0.1041907049115806,FALSE
abundance,abundance_pooled_bmp,group_means_only,all_grassland,reduce_grazing_intensity,0.17434305376054376,-0.22681829708375909,0.5697244087623687,FALSE,0.2778235865367612,FALSE,FALSE,-0.10348053277621744,FALSE
abundance,abundance_pooled_bmp,one_effect_per_study_cell,all_grassland,stream_exclusion_and_buffers,0.2380820663280206,-0.1558207909975732,0.6616523555449275,FALSE,0.14224747710653984,FALSE,FALSE,0.09583458922148075,FALSE
abundance,abundance_guild_bmp,paper_floor_four,facultative_grassland,provide_overwintering_habitat,0.10511272943349075,-0.2458975434549734,0.45037833675198263,FALSE,0.01107176285838412,FALSE,FALSE,0.09404096657510663,FALSE
abundance,abundance_guild_bmp,great_plains_only,obligate_grassland,prescribed_fire,0.18183858846854456,-0.23136522709172044,0.589802633077242,FALSE,0.2758485962985455,TRUE,FALSE,-0.09401000783000096,TRUE
abundance,abundance_guild_bmp,zero_variance_arm_removed,obligate_grassland,prescribed_fire,0.18331144557129045,-0.058088765978178365,0.4425786249669251,FALSE,0.2758485962985455,TRUE,FALSE,-0.09253715072725507,TRUE
abundance,abundance_guild_bmp,great_plains_dropped,facultative_grassland,edge_and_shrub_habitat,0.1987288735022826,-0.056326309660490376,0.4574133982975662,FALSE,0.10658547516354414,FALSE,FALSE,0.09214339833873847,FALSE
abundance,abundance_pooled_bmp,great_plains_dropped,all_grassland,reduce_grazing_intensity,0.18646648607959737,-0.5712755880124764,0.931099578897753,FALSE,0.2778235865367612,FALSE,FALSE,-0.09135710045716383,FALSE
abundance,abundance_guild_bmp,outliers_removed,obligate_grassland,eliminate_pesticides,0.2165365469653292,-0.10480826113101624,0.5318467266528184,FALSE,0.30787891562693726,FALSE,FALSE,-0.09134236866160805,FALSE
abundance,abundance_guild_bmp,great_plains_dropped,facultative_grassland,provide_overwintering_habitat,0.09875859601995493,-0.23421250693123968,0.4266259069860829,FALSE,0.01107176285838412,FALSE,FALSE,0.0876868331615708,FALSE
abundance,abundance_pooled_bmp,group_means_only,all_grassland,eliminate_pesticides,0.3257943497927349,-0.21813680685643233,0.8981471564351182,FALSE,0.2405843701912453,FALSE,FALSE,0.08520997960148963,FALSE
abundance,abundance_guild_bmp,europe_dropped,obligate_grassland,eliminate_pesticides,0.3922470162732181,-0.15650536829710066,0.922944214949113,FALSE,0.30787891562693726,FALSE,FALSE,0.08436810064628086,FALSE
abundance,abundance_pooled_bmp,non_grassland_classes_retained,all_grassland,remove_non_native_shrubs,0.046835860808502036,-0.22255715941956092,0.32043096560256545,FALSE,0.13005461413329983,FALSE,FALSE,-0.08321875332479779,FALSE
abundance,abundance_pooled_bmp,great_plains_only,all_grassland,rotational_grazing,0.102948587899586,-0.36554387441881925,0.5925904823085487,FALSE,0.02163784617643498,FALSE,FALSE,0.08131074172315102,FALSE
abundance,abundance_guild_bmp,paper_floor_four,obligate_grassland,edge_and_shrub_habitat,-0.19603699159726656,-0.5133069760133939,0.12052249140727746,FALSE,-0.11547503408705537,FALSE,FALSE,-0.0805619575102112,FALSE
abundance,abundance_pooled_bmp,one_effect_per_study_cell,all_grassland,provide_overwintering_habitat,0.22715324926039385,-0.07721841996310659,0.5560008245123483,FALSE,0.14714332080949433,FALSE,FALSE,0.08000992845089952,FALSE
abundance,abundance_pooled_bmp,group_means_only,all_grassland,manage_in_patches,0.12599196445192873,-0.3962336498363899,0.6394949580045131,FALSE,0.04636049628585737,FALSE,FALSE,0.07963146816607136,FALSE
abundance,abundance_pooled_bmp,great_plains_dropped,all_grassland,remove_non_native_shrubs,0.20630741916167572,-0.1379085423536531,0.5537429926952728,FALSE,0.13005461413329983,FALSE,FALSE,0.07625280502837589,FALSE
abundance,abundance_guild_bmp,outliers_removed,facultative_grassland,edge_and_shrub_habitat,0.18281822973413042,-0.03653367112556739,0.4001350420462507,FALSE,0.10658547516354414,FALSE,FALSE,0.07623275457058629,FALSE
abundance,abundance_guild_bmp,outliers_removed,facultative_grassland,prescribed_fire,-0.45861840915523056,-0.669792450311574,-0.24441670907375834,TRUE,-0.38276572384377666,TRUE,FALSE,-0.0758526853114539,FALSE
abundance,abundance_pooled_bmp,southeast_us_dropped,all_grassland,reduce_grazing_intensity,0.2026033605516911,-0.17257547394379275,0.5825889934470162,FALSE,0.2778235865367612,FALSE,FALSE,-0.07522022598507011,FALSE
abundance,abundance_guild_bmp,great_plains_dropped,obligate_grassland,edge_and_shrub_habitat,-0.04084224363297166,-0.33057618481291917,0.2571168157061382,FALSE,-0.11547503408705537,FALSE,FALSE,0.0746327904540837,FALSE
abundance,abundance_guild_bmp,one_effect_per_study_cell,obligate_grassland,plant_nwsg,0.08607281021088775,-0.17466997803625986,0.35038907955637466,FALSE,0.1600274918658518,FALSE,FALSE,-0.07395468165496405,FALSE
abundance,abundance_guild_bmp,tighter_priors,obligate_grassland,reduce_grazing_intensity,0.3726245894046456,-0.024838140208178636,0.7763419440619377,FALSE,0.4462089539470021,FALSE,FALSE,-0.0735843645423565,FALSE
abundance,abundance_guild_bmp,zero_variance_arm_removed,obligate_grassland,stream_exclusion_and_buffers,0.06607259501105325,-0.37291713073686455,0.5074926268729404,FALSE,0.1380494881532145,FALSE,FALSE,-0.07197689314216124,FALSE
abundance,abundance_pooled_bmp,zero_variance_arm_removed,all_grassland,rotational_grazing,0.09282584506156258,-0.3044068771509203,0.49902699538241685,FALSE,0.02163784617643498,FALSE,FALSE,0.0711879988851276,FALSE
abundance,abundance_guild_bmp,group_means_only,facultative_grassland,rotational_grazing,0.15484595575325338,-0.39252990043067854,0.6993748570528271,FALSE,0.0853278044388131,FALSE,FALSE,0.06951815131444028,FALSE
abundance,abundance_guild_bmp,zero_variance_arm_removed,facultative_grassland,plant_nwsg,0.3080769647870315,0.040107273645797685,0.5834012293870329,TRUE,0.37755401014699946,TRUE,FALSE,-0.06947704535996796,FALSE
abundance,abundance_guild_bmp,europe_dropped,facultative_grassland,eliminate_pesticides,0.04120593897615731,-0.459347120025094,0.5214775080526605,FALSE,-0.028204101437256032,FALSE,FALSE,0.06941004041341334,FALSE
abundance,abundance_pooled_bmp,europe_dropped,all_grassland,eliminate_pesticides,0.17363998246446713,-0.3169709466659067,0.6239639943657478,FALSE,0.2405843701912453,FALSE,FALSE,-0.06694438772677816,FALSE
abundance,abundance_pooled_bmp,great_plains_dropped,all_grassland,provide_overwintering_habitat,0.21192731053315572,-0.07067011061057456,0.4836213467325133,FALSE,0.14714332080949433,FALSE,FALSE,0.0647839897236614,FALSE
abundance,abundance_guild_bmp,outliers_removed,facultative_grassland,provide_overwintering_habitat,-0.052763307512384894,-0.3402918091647959,0.23337296846392247,FALSE,0.01107176285838412,FALSE,FALSE,-0.06383507037076902,FALSE
abundance,abundance_pooled_bmp,non_grassland_classes_retained,all_grassland,provide_overwintering_habitat,0.08375037925825998,-0.1617406462419027,0.3197214190143334,FALSE,0.14714332080949433,FALSE,FALSE,-0.06339294155123434,FALSE
abundance,abundance_guild_bmp,one_effect_per_study_cell,obligate_grassland,provide_overwintering_habitat,0.515805956196657,-0.07430876983020566,1.0981698814075358,FALSE,0.4529168688949517,TRUE,FALSE,0.06288908730170534,TRUE
abundance,abundance_guild_bmp,tighter_priors,obligate_grassland,provide_overwintering_habitat,0.3914601814309717,0.0017436912224144084,0.7813906787715275,TRUE,0.4529168688949517,TRUE,FALSE,-0.061456687463979975,FALSE
abundance,abundance_pooled_bmp,southeast_us_dropped,all_grassland,plant_nwsg,0.1356692543076011,-0.08718094922553578,0.3678662477643423,FALSE,0.19674726137536241,FALSE,FALSE,-0.061078007067761314,FALSE
abundance,abundance_guild_bmp,outliers_removed,facultative_grassland,remove_non_native_shrubs,-0.08698009705160419,-0.3808047867817108,0.20397188931252402,FALSE,-0.026686247978411924,FALSE,FALSE,-0.06029384907319226,FALSE
abundance,abundance_pooled_bmp,outliers_removed,all_grassland,prescribed_fire,-0.050399179334340405,-0.23063233281704873,0.12562420475863284,FALSE,0.00952914611061775,FALSE,FALSE,-0.05992832544495816,FALSE
abundance,abundance_pooled_bmp,southeast_us_dropped,all_grassland,prescribed_fire,-0.049669435877344854,-0.27584418682441414,0.17646112674327566,FALSE,0.00952914611061775,FALSE,FALSE,-0.0591985819879626,FALSE
abundance,abundance_pooled_bmp,non_grassland_classes_retained,all_grassland,edge_and_shrub_habitat,-0.08350989897078324,-0.2748311435850908,0.10307446607164043,FALSE,-0.024983795815352275,FALSE,FALSE,-0.05852610315543097,FALSE
abundance,abundance_pooled_bmp,great_plains_dropped,all_grassland,stream_exclusion_and_buffers,0.19976006218821818,-0.12340162349808756,0.5178092406359314,FALSE,0.14224747710653984,FALSE,FALSE,0.057512585081678336,FALSE
abundance,abundance_pooled_bmp,great_plains_dropped,all_grassland,install_nest_boxes,-0.008666791791215541,-0.6450089059980938,0.6114622058257254,FALSE,0.04884044402449103,FALSE,FALSE,-0.057507235815706575,FALSE
abundance,abundance_pooled_bmp,non_grassland_classes_retained,all_grassland,plant_nwsg,0.14086261848699355,-0.046658336304128085,0.3428308072973903,FALSE,0.19674726137536241,FALSE,FALSE,-0.05588464288836886,FALSE
abundance,abundance_guild_bmp,great_plains_dropped,obligate_grassland,eliminate_pesticides,0.2532265086958898,-0.139759039948078,0.6378782241168016,FALSE,0.30787891562693726,FALSE,FALSE,-0.05465240693104745,FALSE
abundance,abundance_pooled_bmp,outliers_removed,all_grassland,edge_and_shrub_habitat,0.028196757914964517,-0.1540911425787021,0.20795808034093732,FALSE,-0.024983795815352275,FALSE,FALSE,0.05318055373031679,FALSE
abundance,abundance_guild_bmp,southeast_us_dropped,obligate_grassland,reduce_grazing_intensity,0.3940536903549974,-0.053936525406445196,0.8419143755952094,FALSE,0.4462089539470021,FALSE,FALSE,-0.05215526359200473,FALSE
abundance,abundance_guild_bmp,outliers_removed,facultative_grassland,reduce_grazing_intensity,0.035011126489513544,-0.37193837951217573,0.4376503157566916,FALSE,0.08679575581665776,FALSE,FALSE,-0.05178462932714421,FALSE
abundance,abundance_guild_bmp,paper_floor_four,facultative_grassland,remove_non_native_shrubs,0.024806748339091828,-0.3095392588202723,0.37413067561866736,FALSE,-0.026686247978411924,FALSE,FALSE,0.05149299631750375,FALSE
abundance,abundance_pooled_bmp,outliers_removed,all_grassland,remove_non_native_shrubs,0.07865987373645708,-0.19007011474378985,0.35957506279558205,FALSE,0.13005461413329983,FALSE,FALSE,-0.05139474039684275,FALSE
abundance,abundance_guild_bmp,southeast_us_dropped,facultative_grassland,provide_overwintering_habitat,0.061646441208214414,-0.3107060856983687,0.43785115471985614,FALSE,0.01107176285838412,FALSE,FALSE,0.050574678349830295,FALSE
abundance,abundance_guild_bmp,zero_variance_arm_removed,obligate_grassland,reduce_grazing_intensity,0.4953566114795226,0.024461416479809078,0.9758375421315796,TRUE,0.4462089539470021,FALSE,FALSE,0.04914765753252048,TRUE
abundance,abundance_guild_bmp,great_plains_dropped,obligate_grassland,prescribed_fire,0.2273155904296968,-0.10556729964998998,0.5811279996709519,FALSE,0.2758485962985455,TRUE,FALSE,-0.04853300586884873,TRUE
abundance,abundance_guild_bmp,paper_floor_two,facultative_grassland,provide_overwintering_habitat,-0.03677556694756337,-0.3446465093886826,0.2633103955156197,FALSE,0.01107176285838412,FALSE,FALSE,-0.04784732980594749,FALSE
abundance,abundance_guild_bmp,outliers_removed,obligate_grassland,rotational_grazing,0.13771942980597604,-0.20798958000777407,0.4781204626546902,FALSE,0.09093464759348871,FALSE,FALSE,0.04678478221248733,FALSE
abundance,abundance_guild_bmp,outliers_removed,obligate_grassland,stream_exclusion_and_buffers,0.18431448823243746,-0.1920599132695911,0.5579142965114967,FALSE,0.1380494881532145,FALSE,FALSE,0.04626500007922296,FALSE
abundance,abundance_guild_bmp,tighter_priors,obligate_grassland,manage_in_patches,0.26959052503826675,-0.08852619446846179,0.6217484481697727,FALSE,0.3153060531986798,FALSE,FALSE,-0.04571552816041308,FALSE
abundance,abundance_guild_bmp,great_plains_only,facultative_grassland,prescribed_fire,-0.33726090223751604,-0.8746274263282058,0.21591912789602166,FALSE,-0.38276572384377666,TRUE,FALSE,0.045504821606260626,TRUE
abundance,abundance_guild_bmp,zero_variance_arm_removed,obligate_grassland,manage_in_patches,0.271008538571361,-0.11283734340068773,0.6581998151036781,FALSE,0.3153060531986798,FALSE,FALSE,-0.044297514627318846,FALSE
abundance,abundance_pooled_bmp,one_effect_per_study_cell,all_grassland,rotational_grazing,0.06452134516468383,-0.3070301404931063,0.44024717808631403,FALSE,0.02163784617643498,FALSE,FALSE,0.04288349898824885,FALSE
abundance,abundance_pooled_bmp,group_means_only,all_grassland,prescribed_fire,-0.032849608379571564,-0.2690861444056101,0.2024340709820859,FALSE,0.00952914611061775,FALSE,FALSE,-0.04237875449018931,FALSE
abundance,abundance_guild_bmp,tighter_priors,obligate_grassland,eliminate_pesticides,0.26713664479031474,-0.10551594389672303,0.6356512837096221,FALSE,0.30787891562693726,FALSE,FALSE,-0.04074227083662252,FALSE
abundance,abundance_guild_bmp,zero_variance_arm_removed,facultative_grassland,edge_and_shrub_habitat,0.06591060750189291,-0.21069049827203581,0.338724820418685,FALSE,0.10658547516354414,FALSE,FALSE,-0.04067486766165122,FALSE
abundance,abundance_pooled_bmp,great_plains_only,all_grassland,prescribed_fire,-0.030705370781711896,-0.38940179961512467,0.32622924751636595,FALSE,0.00952914611061775,FALSE,FALSE,-0.040234516892329646,FALSE
abundance,abundance_guild_bmp,paper_floor_four,obligate_grassland,prescribed_fire,0.31580378211731697,0.06820271302231846,0.5710010746211371,TRUE,0.2758485962985455,TRUE,FALSE,0.039955185818771444,FALSE
abundance,abundance_guild_bmp,one_effect_per_study_cell,facultative_grassland,remove_non_native_shrubs,-0.06638502420758982,-0.5603149897479854,0.4185264035600454,FALSE,-0.026686247978411924,FALSE,FALSE,-0.0396987762291779,FALSE
abundance,abundance_guild_bmp,paper_floor_four,obligate_grassland,manage_in_patches,0.3544010906994631,-0.03670871128259119,0.7405135101280356,FALSE,0.3153060531986798,FALSE,FALSE,0.03909503750078325,FALSE
abundance,abundance_guild_bmp,southeast_us_dropped,obligate_grassland,prescribed_fire,0.2367684638440302,-0.007048033386088816,0.48479801942008277,FALSE,0.2758485962985455,TRUE,FALSE,-0.03908013245451533,TRUE
abundance,abundance_pooled_bmp,non_grassland_classes_retained,all_grassland,stream_exclusion_and_buffers,0.10333251416862128,-0.19756097353998964,0.38761956721496776,FALSE,0.14224747710653984,FALSE,FALSE,-0.03891496293791856,FALSE
abundance,abundance_pooled_bmp,zero_variance_arm_removed,all_grassland,manage_in_patches,0.08499549399041711,-0.2703624410121435,0.4440875689778532,FALSE,0.04636049628585737,FALSE,FALSE,0.03863499770455975,FALSE
abundance,abundance_guild_bmp,tighter_priors,obligate_grassland,plant_nwsg,0.12313742472756947,-0.11252110933024531,0.372181364998977,FALSE,0.1600274918658518,FALSE,FALSE,-0.03689006713828233,FALSE
abundance,abundance_guild_bmp,paper_floor_two,facultative_grassland,remove_non_native_shrubs,-0.06336053263975346,-0.3849206143883372,0.2609521428801422,FALSE,-0.026686247978411924,FALSE,FALSE,-0.03667428466134153,FALSE
abundance,abundance_pooled_bmp,southeast_us_dropped,all_grassland,manage_in_patches,0.010106557756541745,-0.35563368025606346,0.3758790298414394,FALSE,0.04636049628585737,FALSE,FALSE,-0.03625393852931562,FALSE
abundance,abundance_guild_bmp,zero_variance_arm_removed,obligate_grassland,rotational_grazing,0.05511205816724743,-0.3553981279602548,0.47525400985544475,FALSE,0.09093464759348871,FALSE,FALSE,-0.03582258942624128,FALSE
abundance,abundance_pooled_bmp,outliers_removed,all_grassland,manage_in_patches,0.010660648931223178,-0.339053347554448,0.35012818977583204,FALSE,0.04636049628585737,FALSE,FALSE,-0.03569984735463419,FALSE
abundance,abundance_pooled_bmp,guild_assigned_only,all_grassland,edge_and_shrub_habitat,-0.0593916218130575,-0.27959444863500343,0.15570830616647105,FALSE,-0.024983795815352275,FALSE,FALSE,-0.03440782599770523,FALSE
abundance,abundance_guild_bmp,paper_floor_two,obligate_grassland,stream_exclusion_and_buffers,0.1712473843680416,-0.21379367396895094,0.5537305556491767,FALSE,0.1380494881532145,FALSE,FALSE,0.033197896214827105,FALSE
abundance,abundance_guild_bmp,zero_variance_arm_removed,facultative_grassland,provide_overwintering_habitat,0.04368019288225204,-0.28861075841035366,0.375457511713892,FALSE,0.01107176285838412,FALSE,FALSE,0.03260843002386792,FALSE
abundance,abundance_guild_bmp,tighter_priors,obligate_grassland,rotational_grazing,0.058702921486883525,-0.31304856448091695,0.43579236222073214,FALSE,0.09093464759348871,FALSE,FALSE,-0.032231726106605185,FALSE
abundance,abundance_guild_bmp,paper_floor_four,facultative_grassland,plant_nwsg,0.34614162015452865,0.08243128370596495,0.6224296632289233,TRUE,0.37755401014699946,TRUE,FALSE,-0.03141238999247081,FALSE
abundance,abundance_guild_bmp,tighter_priors,obligate_grassland,prescribed_fire,0.24462979248946926,0.03012075470604046,0.46325197726537587,TRUE,0.2758485962985455,TRUE,FALSE,-0.031218803809076268,FALSE
abundance,abundance_pooled_bmp,non_grassland_classes_retained,all_grassland,prescribed_fire,-0.020843189906645215,-0.21655627070197175,0.1703948598091238,FALSE,0.00952914611061775,FALSE,FALSE,-0.030372336017262965,FALSE
abundance,abundance_pooled_bmp,non_grassland_classes_retained,all_grassland,install_nest_boxes,0.07908799923130168,-0.4760657280709986,0.6158729554402156,FALSE,0.04884044402449103,FALSE,FALSE,0.030247555206810647,FALSE
abundance,abundance_guild_bmp,paper_floor_four,facultative_grassland,edge_and_shrub_habitat,0.07644191657570248,-0.19352838027393832,0.34368406062045215,FALSE,0.10658547516354414,FALSE,FALSE,-0.03014355858784165,FALSE
abundance,abundance_guild_bmp,tighter_priors,obligate_grassland,stream_exclusion_and_buffers,0.10794161048435735,-0.26971024808392485,0.4859755163075659,FALSE,0.1380494881532145,FALSE,FALSE,-0.03010787766885714,FALSE
abundance,abundance_guild_bmp,paper_floor_four,facultative_grassland,prescribed_fire,-0.35270059643130225,-0.6280648278185497,-0.07305489446624484,TRUE,-0.38276572384377666,TRUE,FALSE,0.030065127412474413,FALSE
abundance,abundance_pooled_bmp,zero_variance_arm_removed,all_grassland,stream_exclusion_and_buffers,0.1717219494450442,-0.18671228351903746,0.5148199111926064,FALSE,0.14224747710653984,FALSE,FALSE,0.029474472338504365,FALSE
abundance,abundance_pooled_bmp,non_grassland_classes_retained,all_grassland,rotational_grazing,-0.0076330938964980725,-0.37032475742225296,0.362312218718532,FALSE,0.02163784617643498,FALSE,FALSE,-0.02927094007293305,FALSE
abundance,abundance_pooled_bmp,one_effect_per_study_cell,all_grassland,remove_non_native_shrubs,0.10096040747853521,-0.3056132576268276,0.48971602393854935,FALSE,0.13005461413329983,FALSE,FALSE,-0.029094206654764615,FALSE
abundance,abundance_guild_bmp,wider_priors,obligate_grassland,reduce_grazing_intensity,0.4750795324323406,0.024120552887757375,0.9284317408693913,TRUE,0.4462089539470021,FALSE,FALSE,0.02887057848533847,TRUE
abundance,abundance_guild_bmp,wider_priors,obligate_grassland,provide_overwintering_habitat,0.48158737165881016,0.03947657029741372,0.9104138835808281,TRUE,0.4529168688949517,TRUE,FALSE,0.028670502763858463,FALSE
abundance,abundance_guild_bmp,europe_dropped,facultative_grassland,prescribed_fire,-0.4113353505754038,-0.6876074541159533,-0.13556653029664073,TRUE,-0.38276572384377666,TRUE,FALSE,-0.028569626731627162,FALSE
abundance,abundance_pooled_bmp,tighter_priors,all_grassland,reduce_grazing_intensity,0.24945976219438776,-0.08972968122263325,0.5882684538770279,FALSE,0.2778235865367612,FALSE,FALSE,-0.028363824342373445,FALSE
abundance,abundance_pooled_bmp,southeast_us_dropped,all_grassland,provide_overwintering_habitat,0.17515108830638151,-0.1766281337563042,0.5302882532570883,FALSE,0.14714332080949433,FALSE,FALSE,0.028007767496887187,FALSE
abundance,abundance_guild_bmp,southeast_us_dropped,facultative_grassland,remove_non_native_shrubs,0.001240549955276366,-0.3351759494783443,0.35979395311705986,FALSE,-0.026686247978411924,FALSE,FALSE,0.02792679793368829,FALSE
abundance,abundance_pooled_bmp,non_grassland_classes_retained,all_grassland,reduce_grazing_intensity,0.24989950805114677,-0.10071417056581067,0.5969808824935897,FALSE,0.2778235865367612,FALSE,FALSE,-0.02792407848561443,FALSE
abundance,abundance_guild_bmp,paper_floor_two,obligate_grassland,provide_overwintering_habitat,0.42535868927930554,-0.0021934123772655127,0.8527767268127163,FALSE,0.4529168688949517,TRUE,FALSE,-0.02755817961564616,TRUE
abundance,abundance_pooled_bmp,zero_variance_arm_removed,all_grassland,remove_non_native_shrubs,0.10297319657062348,-0.1959180389399163,0.4075960550810008,FALSE,0.13005461413329983,FALSE,FALSE,-0.027081417562676346,FALSE
abundance,abundance_pooled_bmp,guild_assigned_only,all_grassland,plant_nwsg,0.16983623364298328,-0.035621958700718284,0.38665160190938375,FALSE,0.19674726137536241,FALSE,FALSE,-0.026911027732379134,FALSE
abundance,abundance_pooled_bmp,zero_variance_arm_removed,all_grassland,reduce_grazing_intensity,0.30443731026644494,-0.07193997430732262,0.6899966979345848,FALSE,0.2778235865367612,FALSE,FALSE,0.026613723729683736,FALSE
abundance,abundance_guild_bmp,great_plains_dropped,obligate_grassland,provide_overwintering_habitat,0.4789447711895045,0.06476294595890743,0.892356725379077,TRUE,0.4529168688949517,TRUE,FALSE,0.026027902294552818,FALSE
abundance,abundance_pooled_bmp,paper_floor_four,all_grassland,prescribed_fire,0.03544772518998969,-0.1802085247813384,0.24999919852832458,FALSE,0.00952914611061775,FALSE,FALSE,0.02591857907937194,FALSE
abundance,abundance_guild_bmp,great_plains_dropped,obligate_grassland,plant_nwsg,0.18569674458015156,-0.09658751122042149,0.4811510095498307,FALSE,0.1600274918658518,FALSE,FALSE,0.025669252714299762,FALSE
abundance,abundance_pooled_bmp,non_grassland_classes_retained,all_grassland,manage_in_patches,0.02112485786675899,-0.32494978973759736,0.36194892893449016,FALSE,0.04636049628585737,FALSE,FALSE,-0.025235638419098375,FALSE
abundance,abundance_pooled_bmp,paper_floor_four,all_grassland,manage_in_patches,0.07150492349058993,-0.29123079061935175,0.4288522208944565,FALSE,0.04636049628585737,FALSE,FALSE,0.02514442720473256,FALSE
abundance,abundance_pooled_bmp,tighter_priors,all_grassland,eliminate_pesticides,0.21550511121904298,-0.1071756900191939,0.5481645143318149,FALSE,0.2405843701912453,FALSE,FALSE,-0.025079258972202312,FALSE
abundance,abundance_guild_bmp,tighter_priors,obligate_grassland,edge_and_shrub_habitat,-0.14035238365921893,-0.41524834970481395,0.13164664679868684,FALSE,-0.11547503408705537,FALSE,FALSE,-0.02487734957216356,FALSE
abundance,abundance_guild_bmp,tighter_priors,facultative_grassland,rotational_grazing,0.06046014073700136,-0.4152555055099158,0.5548249083794408,FALSE,0.0853278044388131,FALSE,FALSE,-0.024867663701811746,FALSE
abundance,abundance_pooled_bmp,outliers_removed,all_grassland,provide_overwintering_habitat,0.12233756845456084,-0.12033578231377835,0.35928063313916586,FALSE,0.14714332080949433,FALSE,FALSE,-0.024805752354933486,FALSE
abundance,abundance_guild_bmp,southeast_us_dropped,facultative_grassland,rotational_grazing,0.0605861256156346,-0.49613346383260215,0.6102011504638948,FALSE,0.0853278044388131,FALSE,FALSE,-0.0247416788231785,FALSE
abundance,abundance_guild_bmp,outliers_removed,obligate_grassland,prescribed_fire,0.2512645473290698,0.06812234215421668,0.4489688780292547,TRUE,0.2758485962985455,TRUE,FALSE,-0.024584048969475747,FALSE
abundance,abundance_guild_bmp,tighter_priors,facultative_grassland,plant_nwsg,0.35313622517366905,0.10676808016848352,0.600453050530011,TRUE,0.37755401014699946,TRUE,FALSE,-0.024417784973330414,FALSE
abundance,abundance_pooled_bmp,one_effect_per_study_cell,all_grassland,prescribed_fire,0.03334794211377559,-0.16768587354974515,0.24365225056148035,FALSE,0.00952914611061775,FALSE,FALSE,0.023818796003157842,FALSE
abundance,abundance_guild_bmp,paper_floor_two,facultative_grassland,eliminate_pesticides,-0.051817613775587135,-0.457092093895977,0.33481004500885814,FALSE,-0.028204101437256032,FALSE,FALSE,-0.023613512338331102,FALSE
abundance,abundance_pooled_bmp,group_means_only,all_grassland,edge_and_shrub_habitat,-0.04859268784414904,-0.2646506467151983,0.1612953191944703,FALSE,-0.024983795815352275,FALSE,FALSE,-0.023608892028796763,FALSE
abundance,abundance_guild_bmp,group_means_only,obligate_grassland,prescribed_fire,0.2530298824347852,0.0026884051406975105,0.5074229225464933,TRUE,0.2758485962985455,TRUE,FALSE,-0.02281871386376033,FALSE
abundance,abundance_pooled_bmp,southeast_us_dropped,all_grassland,remove_non_native_shrubs,0.15266477233086764,-0.1851828996518126,0.5002579718167682,FALSE,0.13005461413329983,FALSE,FALSE,0.022610158197567815,FALSE
abundance,abundance_guild_bmp,zero_variance_arm_removed,obligate_grassland,edge_and_shrub_habitat,-0.13727396904942699,-0.45900389020976096,0.19123971054665612,FALSE,-0.11547503408705537,FALSE,FALSE,-0.02179893496237162,FALSE
abundance,abundance_guild_bmp,zero_variance_arm_removed,obligate_grassland,eliminate_pesticides,0.2863938985722162,-0.11546611227871993,0.685189525304461,FALSE,0.30787891562693726,FALSE,FALSE,-0.021485017054721056,FALSE
abundance,abundance_guild_bmp,wider_priors,obligate_grassland,manage_in_patches,0.3360118104216131,-0.05614643639254093,0.7242625010814059,FALSE,0.3153060531986798,FALSE,FALSE,0.020705757222933274,FALSE
abundance,abundance_pooled_bmp,one_effect_per_study_cell,all_grassland,plant_nwsg,0.21699291305531004,-0.002455786701013348,0.4407311017229976,FALSE,0.19674726137536241,FALSE,FALSE,0.02024565167994763,FALSE
abundance,abundance_pooled_bmp,one_effect_per_study_cell,all_grassland,manage_in_patches,0.06659881191553893,-0.34119478623032945,0.47085918986502456,FALSE,0.04636049628585737,FALSE,FALSE,0.020238315629681564,FALSE
abundance,abundance_guild_bmp,tighter_priors,facultative_grassland,reduce_grazing_intensity,0.06712490184205575,-0.37062051384328565,0.5129204194154302,FALSE,0.08679575581665776,FALSE,FALSE,-0.019670853974602012,FALSE
abundance,abundance_guild_bmp,group_means_only,obligate_grassland,rotational_grazing,0.07135547126244535,-0.3232989329810749,0.4874087640233397,FALSE,0.09093464759348871,FALSE,FALSE,-0.019579176331043363,FALSE
abundance,abundance_guild_bmp,tighter_priors,facultative_grassland,provide_overwintering_habitat,-0.008384925536625659,-0.30833232225967605,0.29091856034845676,FALSE,0.01107176285838412,FALSE,FALSE,-0.019456688395009778,FALSE
abundance,abundance_guild_bmp,southeast_us_dropped,obligate_grassland,plant_nwsg,0.17930881670524468,-0.08267227909292377,0.44958915502119673,FALSE,0.1600274918658518,FALSE,FALSE,0.019281324839392877,FALSE
abundance,abundance_guild_bmp,great_plains_dropped,obligate_grassland,stream_exclusion_and_buffers,0.15715695049857364,-0.23995353881576684,0.5478104512420466,FALSE,0.1380494881532145,FALSE,FALSE,0.01910746234535915,FALSE
abundance,abundance_guild_bmp,paper_floor_two,facultative_grassland,edge_and_shrub_habitat,0.0882379287068999,-0.17495090251405604,0.3511409924071806,FALSE,0.10658547516354414,FALSE,FALSE,-0.01834754645664423,FALSE
abundance,abundance_pooled_bmp,group_means_only,all_grassland,stream_exclusion_and_buffers,0.12395857867199825,-0.20307379490288877,0.44077140468165604,FALSE,0.14224747710653984,FALSE,FALSE,-0.018288898434541595,FALSE
abundance,abundance_pooled_bmp,southeast_us_dropped,all_grassland,eliminate_pesticides,0.2587538061102198,-0.09176659789709536,0.6227904403272698,FALSE,0.2405843701912453,FALSE,FALSE,0.01816943591897452,FALSE
abundance,abundance_guild_bmp,one_effect_per_study_cell,obligate_grassland,rotational_grazing,0.07277160931964707,-0.36034272673907947,0.5106611538974786,FALSE,0.09093464759348871,FALSE,FALSE,-0.018163038273841636,FALSE
abundance,abundance_pooled_bmp,paper_floor_four,all_grassland,reduce_grazing_intensity,0.29499686613475895,-0.07205412784797534,0.660742055370108,FALSE,0.2778235865367612,FALSE,FALSE,0.017173279597997748,FALSE
abundance,abundance_guild_bmp,group_means_only,obligate_grassland,plant_nwsg,0.14298842138073653,-0.09632501649339498,0.40053567500859855,FALSE,0.1600274918658518,FALSE,FALSE,-0.01703907048511527,FALSE
abundance,abundance_pooled_bmp,outliers_removed,all_grassland,reduce_grazing_intensity,0.2609524409500526,-0.042049369291040965,0.5661023225381409,FALSE,0.2778235865367612,FALSE,FALSE,-0.016871145586708602,FALSE
abundance,abundance_guild_bmp,group_means_only,facultative_grassland,reduce_grazing_intensity,0.10333690417608211,-0.3689857520702671,0.5802051758742929,FALSE,0.08679575581665776,FALSE,FALSE,0.016541148359424357,FALSE
abundance,abundance_pooled_bmp,tighter_priors,all_grassland,plant_nwsg,0.18024997569685147,-0.01890870891463908,0.3848604636848038,FALSE,0.19674726137536241,FALSE,FALSE,-0.016497285678510942,FALSE
abundance,abundance_guild_bmp,great_plains_only,obligate_grassland,rotational_grazing,0.07451802933550891,-0.461131179103046,0.6055427183516614,FALSE,0.09093464759348871,FALSE,FALSE,-0.016416618257979798,FALSE
abundance,abundance_guild_bmp,great_plains_only,obligate_grassland,plant_nwsg,0.14377676357429237,-0.32370798732813666,0.6171954727539719,FALSE,0.1600274918658518,FALSE,FALSE,-0.016250728291559435,FALSE
abundance,abundance_guild_bmp,wider_priors,obligate_grassland,stream_exclusion_and_buffers,0.15412345339617964,-0.2746717343000821,0.5668263069602956,FALSE,0.1380494881532145,FALSE,FALSE,0.016073965242965144,FALSE
abundance,abundance_guild_bmp,outliers_removed,obligate_grassland,plant_nwsg,0.1443143786172392,-0.05182341767636353,0.35002097263534027,FALSE,0.1600274918658518,FALSE,FALSE,-0.015713113248612604,FALSE
abundance,abundance_pooled_bmp,paper_floor_four,all_grassland,provide_overwintering_habitat,0.16285540425756012,-0.12412092790645535,0.4426100982252924,FALSE,0.14714332080949433,FALSE,FALSE,0.015712083448065794,FALSE
abundance,abundance_pooled_bmp,group_means_only,all_grassland,provide_overwintering_habitat,0.1316934602521781,-0.14328768242113227,0.39490187973471524,FALSE,0.14714332080949433,FALSE,FALSE,-0.01544986055731623,FALSE
abundance,abundance_guild_bmp,wider_priors,obligate_grassland,rotational_grazing,0.1061987128885249,-0.3158456234676956,0.5406963544369966,FALSE,0.09093464759348871,FALSE,FALSE,0.015264065295036183,FALSE
abundance,abundance_guild_bmp,group_means_only,facultative_grassland,edge_and_shrub_habitat,0.0915505390822888,-0.16615124293656539,0.34169767117511524,FALSE,0.10658547516354414,FALSE,FALSE,-0.015034936081255335,FALSE
abundance,abundance_guild_bmp,tighter_priors,facultative_grassland,edge_and_shrub_habitat,0.09172285558648008,-0.155948154185518,0.3381449012462413,FALSE,0.10658547516354414,FALSE,FALSE,-0.014862619577064057,FALSE
abundance,abundance_guild_bmp,wider_priors,obligate_grassland,plant_nwsg,0.17485557316011524,-0.07739959263840815,0.4451045794926993,FALSE,0.1600274918658518,FALSE,FALSE,0.01482808129426344,FALSE
abundance,abundance_pooled_bmp,great_plains_dropped,all_grassland,eliminate_pesticides,0.2552701491385657,-0.10934071984379903,0.6433057593569493,FALSE,0.2405843701912453,FALSE,FALSE,0.014685778947320427,FALSE
abundance,abundance_pooled_bmp,tighter_priors,all_grassland,remove_non_native_shrubs,0.11537822718538376,-0.17296467841784657,0.40163101700789355,FALSE,0.13005461413329983,FALSE,FALSE,-0.014676386947916065,FALSE
abundance,abundance_pooled_bmp,zero_variance_arm_removed,all_grassland,edge_and_shrub_habitat,-0.010446987232391257,-0.23042718979890264,0.20135989600065288,FALSE,-0.024983795815352275,FALSE,FALSE,0.014536808582961018,FALSE
abundance,abundance_guild_bmp,tighter_priors,facultative_grassland,eliminate_pesticides,-0.04265867973614851,-0.405984028356875,0.3029906163617266,FALSE,-0.028204101437256032,FALSE,FALSE,-0.014454578298892476,FALSE
abundance,abundance_guild_bmp,southeast_us_dropped,obligate_grassland,manage_in_patches,0.30089114860935995,-0.0792995414736811,0.6852223659011027,FALSE,0.3153060531986798,FALSE,FALSE,-0.014414904589319877,FALSE
abundance,abundance_guild_bmp,paper_floor_two,facultative_grassland,rotational_grazing,0.07126703846074806,-0.4825378477654153,0.6349261336410896,FALSE,0.0853278044388131,FALSE,FALSE,-0.014060765978065048,FALSE
abundance,abundance_guild_bmp,paper_floor_two,facultative_grassland,prescribed_fire,-0.39651474504147244,-0.6603385417083782,-0.13512305655880102,TRUE,-0.38276572384377666,TRUE,FALSE,-0.013749021197695777,FALSE
abundance,abundance_guild_bmp,europe_dropped,obligate_grassland,reduce_grazing_intensity,0.43256190864220156,-0.012629452437877674,0.8746212586730359,FALSE,0.4462089539470021,FALSE,FALSE,-0.013647045304800542,FALSE
abundance,abundance_guild_bmp,wider_priors,obligate_grassland,edge_and_shrub_habitat,-0.10205505651683294,-0.4013906535523287,0.198775421038878,FALSE,-0.11547503408705537,FALSE,FALSE,0.013419977570222424,FALSE
abundance,abundance_guild_bmp,group_means_only,obligate_grassland,edge_and_shrub_habitat,-0.12883071594794704,-0.4157972208693319,0.15767784260675574,FALSE,-0.11547503408705537,FALSE,FALSE,-0.013355681860891672,FALSE
abundance,abundance_guild_bmp,southeast_us_dropped,obligate_grassland,eliminate_pesticides,0.3208926601678983,-0.08634377015905895,0.7269483748906197,FALSE,0.30787891562693726,FALSE,FALSE,0.013013744540961047,FALSE
abundance,abundance_pooled_bmp,paper_floor_four,all_grassland,rotational_grazing,0.034105177327308736,-0.3577450811725379,0.43779484357855186,FALSE,0.02163784617643498,FALSE,FALSE,0.012467331150873756,FALSE
abundance,abundance_pooled_bmp,tighter_priors,all_grassland,provide_overwintering_habitat,0.13476804408185183,-0.11851502222143248,0.3800051376461704,FALSE,0.14714332080949433,FALSE,FALSE,-0.012375276727642492,FALSE
abundance,abundance_pooled_bmp,outliers_removed,all_grassland,plant_nwsg,0.20892780984877715,0.033057962436613485,0.3942805448983309,TRUE,0.19674726137536241,FALSE,FALSE,0.012180548473414737,TRUE
abundance,abundance_guild_bmp,zero_variance_arm_removed,facultative_grassland,eliminate_pesticides,-0.016074224897868365,-0.4113177484475777,0.359873333639227,FALSE,-0.028204101437256032,FALSE,FALSE,0.012129876539387668,FALSE
abundance,abundance_guild_bmp,outliers_removed,facultative_grassland,plant_nwsg,0.36549224477863973,0.15610122333276982,0.583576880334003,TRUE,0.37755401014699946,TRUE,FALSE,-0.012061765368359734,FALSE
abundance,abundance_guild_bmp,wider_priors,obligate_grassland,prescribed_fire,0.28774483135496537,0.05290108142199986,0.5355169190505472,TRUE,0.2758485962985455,TRUE,FALSE,0.011896235056419846,FALSE
abundance,abundance_guild_bmp,europe_dropped,facultative_grassland,edge_and_shrub_habitat,0.09478870816389895,-0.1746687561690602,0.3608294876378809,FALSE,0.10658547516354414,FALSE,FALSE,-0.011796766999645186,FALSE
abundance,abundance_guild_bmp,paper_floor_four,obligate_grassland,eliminate_pesticides,0.31960028030926324,-0.09948953618320479,0.7391029323734294,FALSE,0.30787891562693726,FALSE,FALSE,0.011721364682325985,FALSE
abundance,abundance_pooled_bmp,tighter_priors,all_grassland,stream_exclusion_and_buffers,0.130555135575824,-0.17033048677654364,0.4188267930922013,FALSE,0.14224747710653984,FALSE,FALSE,-0.011692341530715855,FALSE
abundance,abundance_pooled_bmp,southeast_us_dropped,all_grassland,rotational_grazing,0.00994772713340522,-0.38984041729410646,0.41271918918888634,FALSE,0.02163784617643498,FALSE,FALSE,-0.011690119043029759,FALSE
abundance,abundance_guild_bmp,southeast_us_dropped,facultative_grassland,eliminate_pesticides,-0.016534164799943213,-0.4156701034595969,0.36004920910841576,FALSE,-0.028204101437256032,FALSE,FALSE,0.01166993663731282,FALSE
abundance,abundance_guild_bmp,europe_dropped,obligate_grassland,plant_nwsg,0.17121146636615175,-0.08894058949911769,0.43770250933925225,FALSE,0.1600274918658518,FALSE,FALSE,0.011183974500299954,FALSE
abundance,abundance_pooled_bmp,outliers_removed,all_grassland,eliminate_pesticides,0.22946628923254456,-0.06690715398389202,0.5210816696058365,FALSE,0.2405843701912453,FALSE,FALSE,-0.011118080958700732,FALSE
abundance,abundance_pooled_bmp,zero_variance_arm_removed,all_grassland,eliminate_pesticides,0.2296105004298905,-0.10740532163430258,0.5670746840207128,FALSE,0.2405843701912453,FALSE,FALSE,-0.010973869761354782,FALSE
abundance,abundance_guild_bmp,paper_floor_two,facultative_grassland,plant_nwsg,0.36670087885559177,0.10606982952482175,0.6331944043083192,TRUE,0.37755401014699946,TRUE,FALSE,-0.010853131291407692,FALSE
abundance,abundance_pooled_bmp,paper_floor_four,all_grassland,eliminate_pesticides,0.2511117201567189,-0.11030966681270973,0.6100852219485788,FALSE,0.2405843701912453,FALSE,FALSE,0.010527349965473609,FALSE
abundance,abundance_guild_bmp,southeast_us_dropped,obligate_grassland,rotational_grazing,0.1012765804898969,-0.3046997947800477,0.5199204492479352,FALSE,0.09093464759348871,FALSE,FALSE,0.010341932896408196,FALSE
abundance,abundance_pooled_bmp,paper_floor_four,all_grassland,remove_non_native_shrubs,0.14028279087660117,-0.17335660844881706,0.45914242374166864,FALSE,0.13005461413329983,FALSE,FALSE,0.010228176743301343,FALSE
abundance,abundance_guild_bmp,tighter_priors,facultative_grassland,remove_non_native_shrubs,-0.03691083731211252,-0.33870899142734484,0.2666324865840539,FALSE,-0.026686247978411924,FALSE,FALSE,-0.010224589333700594,FALSE
abundance,abundance_pooled_bmp,wider_priors,all_grassland,reduce_grazing_intensity,0.28765683174525103,-0.08136334535102183,0.6460704119222154,FALSE,0.2778235865367612,FALSE,FALSE,0.009833245208489827,FALSE
abundance,abundance_guild_bmp,europe_dropped,obligate_grassland,rotational_grazing,0.10067361741971334,-0.3138388550713153,0.5233840134861737,FALSE,0.09093464759348871,FALSE,FALSE,0.00973896982622463,FALSE
abundance,abundance_pooled_bmp,one_effect_per_study_cell,all_grassland,eliminate_pesticides,0.2502721467196135,-0.0807777138032955,0.5752934882568388,FALSE,0.2405843701912453,FALSE,FALSE,0.00968777652836822,FALSE
abundance,abundance_guild_bmp,group_means_only,facultative_grassland,plant_nwsg,0.3872397816068519,0.13472591799642897,0.6447135889888329,TRUE,0.37755401014699946,TRUE,FALSE,0.009685771459852444,FALSE
abundance,abundance_guild_bmp,paper_floor_two,facultative_grassland,reduce_grazing_intensity,0.0771298920246773,-0.4069539429711373,0.560310624645367,FALSE,0.08679575581665776,FALSE,FALSE,-0.009665863791980464,FALSE
abundance,abundance_guild_bmp,wider_priors,facultative_grassland,plant_nwsg,0.38704295007741274,0.12414917827393253,0.6600370432016993,TRUE,0.37755401014699946,TRUE,FALSE,0.009488939930413276,FALSE
abundance,abundance_pooled_bmp,outliers_removed,all_grassland,stream_exclusion_and_buffers,0.13279913298116885,-0.1645590731393023,0.4256378281953161,FALSE,0.14224747710653984,FALSE,FALSE,-0.009448344125370989,FALSE
abundance,abundance_guild_bmp,wider_priors,facultative_grassland,rotational_grazing,0.09432202833763861,-0.469552665681965,0.6830827262261444,FALSE,0.0853278044388131,FALSE,FALSE,0.00899422389882551,FALSE
abundance,abundance_pooled_bmp,europe_dropped,all_grassland,edge_and_shrub_habitat,-0.03393130257525041,-0.25052365644841407,0.17816110455682616,FALSE,-0.024983795815352275,FALSE,FALSE,-0.008947506759898138,FALSE
abundance,abundance_pooled_bmp,tighter_priors,all_grassland,prescribed_fire,6.2947532964417e-4,-0.1985275366133653,0.19904431862304053,FALSE,0.00952914611061775,FALSE,FALSE,-0.00889967078097358,FALSE
abundance,abundance_pooled_bmp,guild_assigned_only,all_grassland,reduce_grazing_intensity,0.2690626873172641,-0.09449144932464074,0.6203471840256883,FALSE,0.2778235865367612,FALSE,FALSE,-0.008760899219497076,FALSE
abundance,abundance_guild_bmp,wider_priors,obligate_grassland,eliminate_pesticides,0.31652526876860515,-0.09904223797596629,0.7323308488041194,FALSE,0.30787891562693726,FALSE,FALSE,0.008646353141667895,FALSE
abundance,abundance_pooled_bmp,group_means_only,all_grassland,plant_nwsg,0.18828205314521185,-0.0219652865584063,0.4081347619249447,FALSE,0.19674726137536241,FALSE,FALSE,-0.008465208230150567,FALSE
abundance,abundance_guild_bmp,group_means_only,facultative_grassland,prescribed_fire,-0.3743495513357756,-0.644821351058164,-0.09793494604534868,TRUE,-0.38276572384377666,TRUE,FALSE,0.008416172508001085,FALSE
abundance,abundance_pooled_bmp,zero_variance_arm_removed,all_grassland,install_nest_boxes,0.04087383730998667,-0.575531013644847,0.6286207725933267,FALSE,0.04884044402449103,FALSE,FALSE,-0.00796660671450436,FALSE
abundance,abundance_pooled_bmp,guild_assigned_only,all_grassland,provide_overwintering_habitat,0.15490220707011426,-0.13199708753263098,0.43864516932236636,FALSE,0.14714332080949433,FALSE,FALSE,0.007758886260619935,FALSE
abundance,abundance_guild_bmp,flagged_effects_removed,obligate_grassland,eliminate_pesticides,0.30013353451794644,-0.1064259365318812,0.7027175391615793,FALSE,0.30787891562693726,FALSE,FALSE,-0.007745381108990812,FALSE
abundance,abundance_pooled_bmp,tighter_priors,all_grassland,manage_in_patches,0.038929768662065226,-0.30496656790563886,0.38129199229812455,FALSE,0.04636049628585737,FALSE,FALSE,-0.007430727623792141,FALSE
abundance,abundance_pooled_bmp,paper_floor_two,all_grassland,plant_nwsg,0.2041469177836086,-0.005843632924236525,0.4302461560558073,FALSE,0.19674726137536241,FALSE,FALSE,0.007399656408246191,FALSE
abundance,abundance_pooled_bmp,tighter_priors,all_grassland,install_nest_boxes,0.041470963451942115,-0.49871418816945534,0.5698134646780234,FALSE,0.04884044402449103,FALSE,FALSE,-0.007369480572548916,FALSE
abundance,abundance_guild_bmp,flagged_effects_removed,facultative_grassland,eliminate_pesticides,-0.035559266861151656,-0.4339188415995594,0.3617729179196609,FALSE,-0.028204101437256032,FALSE,FALSE,-0.007355165423895624,FALSE
abundance,abundance_pooled_bmp,wider_priors,all_grassland,eliminate_pesticides,0.24789474220178287,-0.11435794735646594,0.6117831842839496,FALSE,0.2405843701912453,FALSE,FALSE,0.00731037201053758,FALSE
abundance,abundance_pooled_bmp,paper_floor_two,all_grassland,stream_exclusion_and_buffers,0.13496775874474048,-0.18899215477249012,0.45559856676830673,FALSE,0.14224747710653984,FALSE,FALSE,-0.007279718361799359,FALSE
abundance,abundance_pooled_bmp,tighter_priors,all_grassland,edge_and_shrub_habitat,-0.032169090021444045,-0.23631181805379362,0.1659391973010873,FALSE,-0.024983795815352275,FALSE,FALSE,-0.0071852942060917704,FALSE
abundance,abundance_guild_bmp,paper_floor_two,obligate_grassland,plant_nwsg,0.16697851499698319,-0.07727313302235682,0.4333186655301811,FALSE,0.1600274918658518,FALSE,FALSE,0.006951023131131384,FALSE
abundance,abundance_pooled_bmp,paper_floor_four,all_grassland,plant_nwsg,0.20368003599507606,-0.005783790017945915,0.42888508964436434,FALSE,0.19674726137536241,FALSE,FALSE,0.006932774619713644,FALSE
abundance,abundance_guild_bmp,europe_dropped,obligate_grassland,provide_overwintering_habitat,0.4598180744218643,0.03319643632184504,0.8999875233851763,TRUE,0.4529168688949517,TRUE,FALSE,0.0069012055269125905,FALSE
abundance,abundance_pooled_bmp,group_means_only,all_grassland,remove_non_native_shrubs,0.12319855210548314,-0.18726555546737828,0.4314395341307567,FALSE,0.13005461413329983,FALSE,FALSE,-0.0068560620278166895,FALSE
abundance,abundance_pooled_bmp,guild_assigned_only,all_grassland,rotational_grazing,0.01489187110789519,-0.3766038806913026,0.4139544687321781,FALSE,0.02163784617643498,FALSE,FALSE,-0.00674597506853979,FALSE
abundance,abundance_pooled_bmp,guild_assigned_only,all_grassland,stream_exclusion_and_buffers,0.13552460609095596,-0.18088794414426018,0.44354230362564334,FALSE,0.14224747710653984,FALSE,FALSE,-0.006722871015583887,FALSE
abundance,abundance_pooled_bmp,paper_floor_two,all_grassland,rotational_grazing,0.028288766094700216,-0.3775035998966999,0.4430589108868449,FALSE,0.02163784617643498,FALSE,FALSE,0.006650919918265236,FALSE
abundance,abundance_pooled_bmp,zero_variance_arm_removed,all_grassland,provide_overwintering_habitat,0.14055130795788295,-0.13633709520460163,0.40929014975059785,FALSE,0.14714332080949433,FALSE,FALSE,-0.006592012851611373,FALSE
abundance,abundance_pooled_bmp,tighter_priors,all_grassland,rotational_grazing,0.015227378030211446,-0.3462699920088264,0.392655933741912,FALSE,0.02163784617643498,FALSE,FALSE,-0.006410468146223534,FALSE
abundance,abundance_guild_bmp,europe_dropped,facultative_grassland,rotational_grazing,0.0791439034590305,-0.48028397592324235,0.6386260233062663,FALSE,0.0853278044388131,FALSE,FALSE,-0.006183900979782608,FALSE
abundance,abundance_pooled_bmp,guild_assigned_only,all_grassland,prescribed_fire,0.003634073742926575,-0.2041426206959809,0.21277002023470268,FALSE,0.00952914611061775,FALSE,FALSE,-0.005895072367691175,FALSE
abundance,abundance_guild_bmp,paper_floor_four,obligate_grassland,plant_nwsg,0.16582535227666356,-0.09279128776857337,0.4410665961215853,FALSE,0.1600274918658518,FALSE,FALSE,0.0057978604108117615,FALSE
abundance,abundance_pooled_bmp,paper_floor_two,all_grassland,eliminate_pesticides,0.246374332052742,-0.12181508953444772,0.6110782716573959,FALSE,0.2405843701912453,FALSE,FALSE,0.0057899618614967174,FALSE
abundance,abundance_guild_bmp,wider_priors,facultative_grassland,remove_non_native_shrubs,-0.020973410712203606,-0.3507298221328962,0.3188278939785317,FALSE,-0.026686247978411924,FALSE,FALSE,0.005712837266208318,FALSE
abundance,abundance_pooled_bmp,europe_dropped,all_grassland,stream_exclusion_and_buffers,0.13661440043600426,-0.19034753119013603,0.44789353782070734,FALSE,0.14224747710653984,FALSE,FALSE,-0.005633076670535586,FALSE
abundance,abundance_pooled_bmp,zero_variance_arm_removed,all_grassland,prescribed_fire,0.003932616507212185,-0.1983588798853563,0.214361385069191,FALSE,0.00952914611061775,FALSE,FALSE,-0.0055965296034055645,FALSE
abundance,abundance_pooled_bmp,wider_priors,all_grassland,install_nest_boxes,0.054392308592627635,-0.5963990216720239,0.698395013476561,FALSE,0.04884044402449103,FALSE,FALSE,0.005551864568136604,FALSE
abundance,abundance_pooled_bmp,guild_assigned_only,all_grassland,manage_in_patches,0.040820824820957606,-0.32346354691191825,0.3994181030704409,FALSE,0.04636049628585737,FALSE,FALSE,-0.0055396714648997605,FALSE
abundance,abundance_pooled_bmp,wider_priors,all_grassland,remove_non_native_shrubs,0.13538013016002437,-0.17877197921065968,0.4534523697299068,FALSE,0.13005461413329983,FALSE,FALSE,0.005325516026724542,FALSE
abundance,abundance_pooled_bmp,wider_priors,all_grassland,prescribed_fire,0.014848370668160405,-0.1981253769710689,0.22724092477388633,FALSE,0.00952914611061775,FALSE,FALSE,0.005319224557542655,FALSE
abundance,abundance_guild_bmp,wider_priors,facultative_grassland,provide_overwintering_habitat,0.016265004580579952,-0.31890548821694126,0.3468544780611943,FALSE,0.01107176285838412,FALSE,FALSE,0.005193241722195832,FALSE
abundance,abundance_guild_bmp,outliers_removed,obligate_grassland,provide_overwintering_habitat,0.45806539044302746,0.08965600816773786,0.8233046024528222,TRUE,0.4529168688949517,TRUE,FALSE,0.0051485215480757685,FALSE
abundance,abundance_guild_bmp,paper_floor_two,obligate_grassland,prescribed_fire,0.2707971668651773,0.037005186578196056,0.5036957524587412,TRUE,0.2758485962985455,TRUE,FALSE,-0.005051429433368226,FALSE
abundance,abundance_pooled_bmp,wider_priors,all_grassland,manage_in_patches,0.051285665351951996,-0.3187573836920896,0.41253012895952257,FALSE,0.04636049628585737,FALSE,FALSE,0.00492516906609463,FALSE
abundance,abundance_guild_bmp,wider_priors,facultative_grassland,eliminate_pesticides,-0.032941107633553915,-0.44234420736423946,0.3701296098210016,FALSE,-0.028204101437256032,FALSE,FALSE,-0.004737006196297883,FALSE
abundance,abundance_guild_bmp,zero_variance_arm_removed,obligate_grassland,plant_nwsg,0.1647316752147987,-0.10067847157164586,0.4451729296357659,FALSE,0.1600274918658518,FALSE,FALSE,0.0047041833489469,FALSE
abundance,abundance_guild_bmp,europe_dropped,obligate_grassland,prescribed_fire,0.2713196869728062,0.031094773447428767,0.5133478806292341,TRUE,0.2758485962985455,TRUE,FALSE,-0.00452890932573935,FALSE
abundance,abundance_guild_bmp,outliers_removed,obligate_grassland,edge_and_shrub_habitat,-0.11999633226444581,-0.3603520623257631,0.1191258507395069,FALSE,-0.11547503408705537,FALSE,FALSE,-0.004521298177390443,FALSE
abundance,abundance_pooled_bmp,wider_priors,all_grassland,provide_overwintering_habitat,0.1515654543302558,-0.11978065127151577,0.4184291797748547,FALSE,0.14714332080949433,FALSE,FALSE,0.004422133520761484,FALSE
abundance,abundance_guild_bmp,great_plains_dropped,facultative_grassland,eliminate_pesticides,-0.03260319813412326,-0.44400231479748037,0.36054645536958946,FALSE,-0.028204101437256032,FALSE,FALSE,-0.004399096696867229,FALSE
abundance,abundance_pooled_bmp,group_means_only,all_grassland,rotational_grazing,0.026012840226885187,-0.3652276144220965,0.4215211325947255,FALSE,0.02163784617643498,FALSE,FALSE,0.004374994050450207,FALSE
abundance,abundance_guild_bmp,zero_variance_arm_removed,facultative_grassland,remove_non_native_shrubs,-0.022325570500166217,-0.3410317942927649,0.31523889936150545,FALSE,-0.026686247978411924,FALSE,FALSE,0.004360677478245707,FALSE
abundance,abundance_guild_bmp,group_means_only,facultative_grassland,remove_non_native_shrubs,-0.022556666520298124,-0.35284974470689284,0.3044818699347848,FALSE,-0.026686247978411924,FALSE,FALSE,0.004129581458113801,FALSE
abundance,abundance_pooled_bmp,wider_priors,all_grassland,stream_exclusion_and_buffers,0.14635403161722976,-0.1812977629702741,0.45796925100154234,FALSE,0.14224747710653984,FALSE,FALSE,0.004106554510689919,FALSE
abundance,abundance_guild_bmp,europe_dropped,facultative_grassland,provide_overwintering_habitat,0.0151073901838671,-0.31863887560402704,0.3417423895061794,FALSE,0.01107176285838412,FALSE,FALSE,0.004035627325482981,FALSE
abundance,abundance_guild_bmp,tighter_priors,facultative_grassland,prescribed_fire,-0.38670771423410855,-0.6324816890740778,-0.13682812035442404,TRUE,-0.38276572384377666,TRUE,FALSE,-0.003941990390331884,FALSE
abundance,abundance_pooled_bmp,paper_floor_two,all_grassland,provide_overwintering_habitat,0.14335501958266983,-0.1325619709254981,0.41413027818790954,FALSE,0.14714332080949433,FALSE,FALSE,-0.0037883012268244975,FALSE
abundance,abundance_pooled_bmp,paper_floor_four,all_grassland,edge_and_shrub_habitat,-0.028736851462221567,-0.24970598269929217,0.1911261664724172,FALSE,-0.024983795815352275,FALSE,FALSE,-0.0037530556468692924,FALSE
abundance,abundance_pooled_bmp,flagged_effects_removed,all_grassland,install_nest_boxes,0.052592432925265636,-0.5735240803652878,0.6537986425520955,FALSE,0.04884044402449103,FALSE,FALSE,0.0037519889007746055,FALSE
abundance,abundance_guild_bmp,europe_dropped,facultative_grassland,remove_non_native_shrubs,-0.022950951284732693,-0.3615562710111118,0.31885803803412754,FALSE,-0.026686247978411924,FALSE,FALSE,0.003735296693679231,FALSE
abundance,abundance_guild_bmp,paper_floor_two,obligate_grassland,edge_and_shrub_habitat,-0.11182547162658626,-0.3982233641594029,0.17918193584875752,FALSE,-0.11547503408705537,FALSE,FALSE,0.0036495624604691024,FALSE
abundance,abundance_pooled_bmp,paper_floor_two,all_grassland,remove_non_native_shrubs,0.1336711382081493,-0.18201306546327095,0.4459859399272943,FALSE,0.13005461413329983,FALSE,FALSE,0.00361652407484947,FALSE
abundance,abundance_guild_bmp,paper_floor_two,obligate_grassland,rotational_grazing,0.09452919844555657,-0.3163766428017703,0.5172208101999987,FALSE,0.09093464759348871,FALSE,FALSE,0.0035945508520678626,FALSE
abundance,abundance_pooled_bmp,europe_dropped,all_grassland,provide_overwintering_habitat,0.14377336478007827,-0.12544238101296126,0.4059389960443512,FALSE,0.14714332080949433,FALSE,FALSE,-0.00336995602941606,FALSE
abundance,abundance_guild_bmp,flagged_effects_removed,facultative_grassland,provide_overwintering_habitat,0.007703895008695585,-0.32039386585939267,0.32364603767828315,FALSE,0.01107176285838412,FALSE,FALSE,-0.003367867849688535,FALSE
abundance,abundance_pooled_bmp,flagged_effects_removed,all_grassland,rotational_grazing,0.02480089995278047,-0.36445705502082454,0.4258065577353065,FALSE,0.02163784617643498,FALSE,FALSE,0.0031630537763454904,FALSE
abundance,abundance_guild_bmp,paper_floor_two,obligate_grassland,reduce_grazing_intensity,0.44307111491443935,0.006074187283171291,0.890333390906606,TRUE,0.4462089539470021,FALSE,FALSE,-0.0031378390325627614,TRUE
abundance,abundance_pooled_bmp,wider_priors,all_grassland,rotational_grazing,0.024732055365512533,-0.37450683022492215,0.431333512099133,FALSE,0.02163784617643498,FALSE,FALSE,0.0030942091890775528,FALSE
abundance,abundance_pooled_bmp,non_grassland_classes_retained,all_grassland,eliminate_pesticides,0.24358329056471656,-0.07534516566603118,0.5646929197267193,FALSE,0.2405843701912453,FALSE,FALSE,0.00299892037347127,FALSE
abundance,abundance_guild_bmp,paper_floor_four,facultative_grassland,eliminate_pesticides,-0.031182164398017104,-0.43675223388371676,0.3676389957887372,FALSE,-0.028204101437256032,FALSE,FALSE,-0.0029780629607610715,FALSE
abundance,abundance_pooled_bmp,paper_floor_two,all_grassland,edge_and_shrub_habitat,-0.027887857319233027,-0.24816688976801296,0.19014694380794456,FALSE,-0.024983795815352275,FALSE,FALSE,-0.0029040615038807525,FALSE
abundance,abundance_guild_bmp,group_means_only,obligate_grassland,stream_exclusion_and_buffers,0.13514542672182212,-0.28457823515530256,0.537369646270563,FALSE,0.1380494881532145,FALSE,FALSE,-0.0029040614313923796,FALSE
abundance,abundance_guild_bmp,wider_priors,facultative_grassland,reduce_grazing_intensity,0.08968462981731012,-0.4155954213780125,0.5933948792781837,FALSE,0.08679575581665776,FALSE,FALSE,0.0028888740006523667,FALSE
abundance,abundance_pooled_bmp,europe_dropped,all_grassland,plant_nwsg,0.1939215418329789,-0.01417410670413941,0.4164800565157373,FALSE,0.19674726137536241,FALSE,FALSE,-0.0028257195423835035,FALSE
abundance,abundance_guild_bmp,flagged_effects_removed,facultative_grassland,rotational_grazing,0.08813367597279505,-0.46531128175419983,0.6421339208973785,FALSE,0.0853278044388131,FALSE,FALSE,0.0028058715339819434,FALSE
abundance,abundance_guild_bmp,wider_priors,facultative_grassland,edge_and_shrub_habitat,0.1093896622873533,-0.15449508618420132,0.37366980885897444,FALSE,0.10658547516354414,FALSE,FALSE,0.002804187123809171,FALSE
abundance,abundance_pooled_bmp,europe_dropped,all_grassland,remove_non_native_shrubs,0.13275498038977918,-0.18175044015812686,0.44365429404597484,FALSE,0.13005461413329983,FALSE,FALSE,0.0027003662564793474,FALSE
abundance,abundance_guild_bmp,europe_dropped,obligate_grassland,edge_and_shrub_habitat,-0.1127856151041366,-0.4047703418266737,0.18548132588165045,FALSE,-0.11547503408705537,FALSE,FALSE,0.002689418982918773,FALSE
abundance,abundance_guild_bmp,paper_floor_two,obligate_grassland,manage_in_patches,0.3126746498857076,-0.06648979802143089,0.6987796722232076,FALSE,0.3153060531986798,FALSE,FALSE,-0.002631403312972236,FALSE
abundance,abundance_pooled_bmp,zero_variance_arm_removed,all_grassland,plant_nwsg,0.19927605224145195,-0.005939596689712292,0.42130102120219326,FALSE,0.19674726137536241,FALSE,FALSE,0.0025287908660895364,FALSE
abundance,abundance_guild_bmp,flagged_effects_removed,facultative_grassland,prescribed_fire,-0.3852668577279199,-0.6513333086263122,-0.11813975767740635,TRUE,-0.38276572384377666,TRUE,FALSE,-0.0025011338841432473,FALSE
abundance,abundance_guild_bmp,zero_variance_arm_removed,facultative_grassland,reduce_grazing_intensity,0.08437513687520745,-0.48245845284159755,0.6541562243826646,FALSE,0.08679575581665776,FALSE,FALSE,-0.002420618941450306,FALSE
abundance,abundance_guild_bmp,europe_dropped,obligate_grassland,stream_exclusion_and_buffers,0.13578179707654298,-0.27808574822983445,0.5521876924958833,FALSE,0.1380494881532145,FALSE,FALSE,-0.0022676910766715186,FALSE
abundance,abundance_guild_bmp,flagged_effects_removed,obligate_grassland,rotational_grazing,0.09317015140375343,-0.30886154150415523,0.5069904896792997,FALSE,0.09093464759348871,FALSE,FALSE,0.0022355038102647162,FALSE
abundance,abundance_guild_bmp,paper_floor_two,obligate_grassland,eliminate_pesticides,0.305835422961094,-0.10325060846803927,0.7070252738781073,FALSE,0.30787891562693726,FALSE,FALSE,-0.0020434926658432495,FALSE
abundance,abundance_pooled_bmp,flagged_effects_removed,all_grassland,remove_non_native_shrubs,0.13207792114679517,-0.18268186888372018,0.43526664580403346,FALSE,0.13005461413329983,FALSE,FALSE,0.0020233070134953457,FALSE
abundance,abundance_pooled_bmp,paper_floor_two,all_grassland,install_nest_boxes,0.04682763510939676,-0.5887422178071581,0.6698747275467153,FALSE,0.04884044402449103,FALSE,FALSE,-0.002012808915094269,FALSE
abundance,abundance_pooled_bmp,paper_floor_two,all_grassland,prescribed_fire,0.011516605070601274,-0.21047869120413149,0.22566484611758705,FALSE,0.00952914611061775,FALSE,FALSE,0.001987458959983524,FALSE
abundance,abundance_guild_bmp,group_means_only,obligate_grassland,provide_overwintering_habitat,0.45489418738059106,0.027571607916049144,0.8710742863684415,TRUE,0.4529168688949517,TRUE,FALSE,0.0019773184856393677,FALSE
abundance,abundance_pooled_bmp,flagged_effects_removed,all_grassland,manage_in_patches,0.044477857978720003,-0.31033898794360293,0.40333351580885135,FALSE,0.04636049628585737,FALSE,FALSE,-0.0018826383071373631,FALSE
abundance,abundance_pooled_bmp,europe_dropped,all_grassland,prescribed_fire,0.007791660677965448,-0.21092037924548812,0.221603258179142,FALSE,0.00952914611061775,FALSE,FALSE,-0.0017374854326523016,FALSE
abundance,abundance_pooled_bmp,flagged_effects_removed,all_grassland,reduce_grazing_intensity,0.27623089959460034,-0.08139170298514663,0.6331526935722877,FALSE,0.2778235865367612,FALSE,FALSE,-0.0015926869421608592,FALSE
abundance,abundance_pooled_bmp,wider_priors,all_grassland,edge_and_shrub_habitat,-0.02343467273772635,-0.23966732900840287,0.18813638134556393,FALSE,-0.024983795815352275,FALSE,FALSE,0.001549123077625926,FALSE
abundance,abundance_pooled_bmp,europe_dropped,all_grassland,reduce_grazing_intensity,0.2762767199220004,-0.09246892275520549,0.6471763083904062,FALSE,0.2778235865367612,FALSE,FALSE,-0.001546866614760778,FALSE
abundance,abundance_pooled_bmp,wider_priors,all_grassland,plant_nwsg,0.19828615233647717,-0.00997321161061321,0.42022682049954724,FALSE,0.19674726137536241,FALSE,FALSE,0.0015388909611147583,FALSE
abundance,abundance_guild_bmp,flagged_effects_removed,obligate_grassland,reduce_grazing_intensity,0.44469556296934776,0.008581601384117085,0.8868718713149588,TRUE,0.4462089539470021,FALSE,FALSE,-0.0015133909776543497,TRUE
abundance,abundance_pooled_bmp,flagged_effects_removed,all_grassland,prescribed_fire,0.011003966563854833,-0.19936150097622396,0.22120085423211022,FALSE,0.00952914611061775,FALSE,FALSE,0.0014748204532370832,FALSE
abundance,abundance_guild_bmp,flagged_effects_removed,facultative_grassland,plant_nwsg,0.3790236447750593,0.11769239119274418,0.6365358763532486,TRUE,0.37755401014699946,TRUE,FALSE,0.0014696346280598238,FALSE
abundance,abundance_guild_bmp,flagged_effects_removed,facultative_grassland,remove_non_native_shrubs,-0.02814682620236491,-0.3573737520973364,0.30730621224329946,FALSE,-0.026686247978411924,FALSE,FALSE,-0.0014605782239529852,FALSE
abundance,abundance_pooled_bmp,flagged_effects_removed,all_grassland,eliminate_pesticides,0.24204320302657328,-0.10534622668712292,0.5886858962002764,FALSE,0.2405843701912453,FALSE,FALSE,0.0014588328353279945,FALSE
abundance,abundance_guild_bmp,flagged_effects_removed,facultative_grassland,reduce_grazing_intensity,0.08824793763665409,-0.4016853827366098,0.5736664823693006,FALSE,0.08679575581665776,FALSE,FALSE,0.0014521818199963316,FALSE
abundance,abundance_pooled_bmp,paper_floor_two,all_grassland,manage_in_patches,0.045074276525513546,-0.3216964160182086,0.4070689854714035,FALSE,0.04636049628585737,FALSE,FALSE,-0.0012862197603438208,FALSE
abundance,abundance_pooled_bmp,paper_floor_two,all_grassland,reduce_grazing_intensity,0.27662166682545075,-0.08787545114285478,0.6407313902964578,FALSE,0.2778235865367612,FALSE,FALSE,-0.0012019197113104507,FALSE
abundance,abundance_guild_bmp,europe_dropped,facultative_grassland,plant_nwsg,0.3785930970036176,0.11594733513735067,0.6462535425245787,TRUE,0.37755401014699946,TRUE,FALSE,0.0010390868566181322,FALSE
abundance,abundance_pooled_bmp,flagged_effects_removed,all_grassland,plant_nwsg,0.19575941334067704,-0.01421710022248828,0.4125974857089129,FALSE,0.19674726137536241,FALSE,FALSE,-9.87848034685379e-4,FALSE
abundance,abundance_guild_bmp,flagged_effects_removed,facultative_grassland,edge_and_shrub_habitat,0.10560710832629622,-0.1550133498299676,0.3586713812708958,FALSE,0.10658547516354414,FALSE,FALSE,-9.783668372479182e-4,FALSE
abundance,abundance_guild_bmp,flagged_effects_removed,obligate_grassland,manage_in_patches,0.3143304300725665,-0.058663407853911005,0.6982098863938401,FALSE,0.3153060531986798,FALSE,FALSE,-9.75623126113323e-4,FALSE
abundance,abundance_pooled_bmp,europe_dropped,all_grassland,manage_in_patches,0.04541328489874596,-0.31801234565566033,0.406396104867017,FALSE,0.04636049628585737,FALSE,FALSE,-9.472113871114088e-4,FALSE
abundance,abundance_guild_bmp,flagged_effects_removed,obligate_grassland,prescribed_fire,0.27495247178201,0.040766820064896334,0.515936394863249,TRUE,0.2758485962985455,TRUE,FALSE,-8.961245165355347e-4,FALSE
abundance,abundance_pooled_bmp,guild_assigned_only,all_grassland,remove_non_native_shrubs,0.130918565011856,-0.17671733011595983,0.44553190750789373,FALSE,0.13005461413329983,FALSE,FALSE,8.639508785561745e-4,FALSE
abundance,abundance_guild_bmp,group_means_only,facultative_grassland,provide_overwintering_habitat,0.011876994378072126,-0.3094918501027336,0.33057983414092407,FALSE,0.01107176285838412,FALSE,FALSE,8.052315196880062e-4,FALSE
abundance,abundance_guild_bmp,flagged_effects_removed,obligate_grassland,stream_exclusion_and_buffers,0.13730540096339233,-0.2844989549069363,0.5458676137381647,FALSE,0.1380494881532145,FALSE,FALSE,-7.440871898221624e-4,FALSE
abundance,abundance_pooled_bmp,flagged_effects_removed,all_grassland,stream_exclusion_and_buffers,0.1415880416912491,-0.18201092488662027,0.45638777205959424,FALSE,0.14224747710653984,FALSE,FALSE,-6.594354152907322e-4,FALSE
abundance,abundance_guild_bmp,wider_priors,facultative_grassland,prescribed_fire,-0.382157210513145,-0.6511636899430233,-0.11381725997788367,TRUE,-0.38276572384377666,TRUE,FALSE,6.085133306316659e-4,FALSE
abundance,abundance_guild_bmp,europe_dropped,obligate_grassland,manage_in_patches,0.3158968410867506,-0.07061299683838267,0.6997464103625385,FALSE,0.3153060531986798,FALSE,FALSE,5.907878880707651e-4,FALSE
abundance,abundance_guild_bmp,paper_floor_four,obligate_grassland,rotational_grazing,0.09142435134069093,-0.32397177316808434,0.5175483932077336,FALSE,0.09093464759348871,FALSE,FALSE,4.897037472022248e-4,FALSE
abundance,abundance_pooled_bmp,flagged_effects_removed,all_grassland,provide_overwintering_habitat,0.14667809847012447,-0.12382330952309596,0.40789611717765306,FALSE,0.14714332080949433,FALSE,FALSE,-4.652223393698529e-4,FALSE
abundance,abundance_pooled_bmp,europe_dropped,all_grassland,rotational_grazing,0.021237779602008268,-0.36680720441240855,0.4299045460097998,FALSE,0.02163784617643498,FALSE,FALSE,-4.0006657442671206e-4,FALSE
abundance,abundance_guild_bmp,flagged_effects_removed,obligate_grassland,plant_nwsg,0.15976016953207967,-0.08728710488541135,0.4195060559843851,FALSE,0.1600274918658518,FALSE,FALSE,-2.673223337721353e-4,FALSE
abundance,abundance_pooled_bmp,flagged_effects_removed,all_grassland,edge_and_shrub_habitat,-0.025243253336441653,-0.24098184459057012,0.1822616483711186,FALSE,-0.024983795815352275,FALSE,FALSE,-2.5945752108937764e-4,FALSE
abundance,abundance_guild_bmp,flagged_effects_removed,obligate_grassland,edge_and_shrub_habitat,-0.11570615268065211,-0.4122875230428414,0.1766960102905707,FALSE,-0.11547503408705537,FALSE,FALSE,-2.3111859359674358e-4,FALSE
abundance,abundance_guild_bmp,flagged_effects_removed,obligate_grassland,provide_overwintering_habitat,0.45271706925616273,0.0220018666396794,0.8842083012301191,TRUE,0.4529168688949517,TRUE,FALSE,-1.9979963878896667e-4,FALSE
abundance,abundance_guild_bmp,non_grassland_classes_retained,facultative_grassland,edge_and_shrub_habitat,0.10658547516354414,-0.1584313392333868,0.3673801552665986,FALSE,0.10658547516354414,FALSE,FALSE,0,FALSE
abundance,abundance_guild_bmp,non_grassland_classes_retained,facultative_grassland,eliminate_pesticides,-0.028204101437256032,-0.43068364614838267,0.36055354528718075,FALSE,-0.028204101437256032,FALSE,FALSE,0,FALSE
abundance,abundance_guild_bmp,non_grassland_classes_retained,facultative_grassland,plant_nwsg,0.37755401014699946,0.11841408363912552,0.6464889345514891,TRUE,0.37755401014699946,TRUE,FALSE,0,FALSE
abundance,abundance_guild_bmp,non_grassland_classes_retained,facultative_grassland,prescribed_fire,-0.38276572384377666,-0.6494441381844046,-0.11897926286292401,TRUE,-0.38276572384377666,TRUE,FALSE,0,FALSE
abundance,abundance_guild_bmp,non_grassland_classes_retained,facultative_grassland,provide_overwintering_habitat,0.01107176285838412,-0.31110313702518055,0.32988164864307695,FALSE,0.01107176285838412,FALSE,FALSE,0,FALSE
abundance,abundance_guild_bmp,non_grassland_classes_retained,facultative_grassland,reduce_grazing_intensity,0.08679575581665776,-0.4036301248012643,0.5782397765709049,FALSE,0.08679575581665776,FALSE,FALSE,0,FALSE
abundance,abundance_guild_bmp,non_grassland_classes_retained,facultative_grassland,remove_non_native_shrubs,-0.026686247978411924,-0.3502068130472249,0.30175948246668777,FALSE,-0.026686247978411924,FALSE,FALSE,0,FALSE
abundance,abundance_guild_bmp,non_grassland_classes_retained,facultative_grassland,rotational_grazing,0.0853278044388131,-0.45779907410829374,0.639241400953678,FALSE,0.0853278044388131,FALSE,FALSE,0,FALSE
abundance,abundance_guild_bmp,non_grassland_classes_retained,obligate_grassland,edge_and_shrub_habitat,-0.11547503408705537,-0.4015793118283021,0.17656286813360783,FALSE,-0.11547503408705537,FALSE,FALSE,0,FALSE
abundance,abundance_guild_bmp,non_grassland_classes_retained,obligate_grassland,eliminate_pesticides,0.30787891562693726,-0.10382727481941689,0.7090657502490054,FALSE,0.30787891562693726,FALSE,FALSE,0,FALSE
abundance,abundance_guild_bmp,non_grassland_classes_retained,obligate_grassland,manage_in_patches,0.3153060531986798,-0.0661512198003749,0.6966665212455122,FALSE,0.3153060531986798,FALSE,FALSE,0,FALSE
abundance,abundance_guild_bmp,non_grassland_classes_retained,obligate_grassland,plant_nwsg,0.1600274918658518,-0.08998541947971486,0.4197330623259189,FALSE,0.1600274918658518,FALSE,FALSE,0,FALSE
abundance,abundance_guild_bmp,non_grassland_classes_retained,obligate_grassland,prescribed_fire,0.2758485962985455,0.04099091171644134,0.5142376510185901,TRUE,0.2758485962985455,TRUE,FALSE,0,FALSE
abundance,abundance_guild_bmp,non_grassland_classes_retained,obligate_grassland,provide_overwintering_habitat,0.4529168688949517,0.027465960515614035,0.8818116110445566,TRUE,0.4529168688949517,TRUE,FALSE,0,FALSE
abundance,abundance_guild_bmp,non_grassland_classes_retained,obligate_grassland,reduce_grazing_intensity,0.4462089539470021,-8.445873760321704e-4,0.8847070413550822,FALSE,0.4462089539470021,FALSE,FALSE,0,FALSE
abundance,abundance_guild_bmp,non_grassland_classes_retained,obligate_grassland,rotational_grazing,0.09093464759348871,-0.3086829698353637,0.5134822971634664,FALSE,0.09093464759348871,FALSE,FALSE,0,FALSE
abundance,abundance_guild_bmp,non_grassland_classes_retained,obligate_grassland,stream_exclusion_and_buffers,0.1380494881532145,-0.2806970000067039,0.548210223950107,FALSE,0.1380494881532145,FALSE,FALSE,0,FALSE
abundance,abundance_guild_bmp,guild_assigned_only,facultative_grassland,edge_and_shrub_habitat,0.10658547516354414,-0.1584313392333868,0.3673801552665986,FALSE,0.10658547516354414,FALSE,FALSE,0,FALSE
abundance,abundance_guild_bmp,guild_assigned_only,facultative_grassland,eliminate_pesticides,-0.028204101437256032,-0.43068364614838267,0.36055354528718075,FALSE,-0.028204101437256032,FALSE,FALSE,0,FALSE
abundance,abundance_guild_bmp,guild_assigned_only,facultative_grassland,plant_nwsg,0.37755401014699946,0.11841408363912552,0.6464889345514891,TRUE,0.37755401014699946,TRUE,FALSE,0,FALSE
abundance,abundance_guild_bmp,guild_assigned_only,facultative_grassland,prescribed_fire,-0.38276572384377666,-0.6494441381844046,-0.11897926286292401,TRUE,-0.38276572384377666,TRUE,FALSE,0,FALSE
abundance,abundance_guild_bmp,guild_assigned_only,facultative_grassland,provide_overwintering_habitat,0.01107176285838412,-0.31110313702518055,0.32988164864307695,FALSE,0.01107176285838412,FALSE,FALSE,0,FALSE
abundance,abundance_guild_bmp,guild_assigned_only,facultative_grassland,reduce_grazing_intensity,0.08679575581665776,-0.4036301248012643,0.5782397765709049,FALSE,0.08679575581665776,FALSE,FALSE,0,FALSE
abundance,abundance_guild_bmp,guild_assigned_only,facultative_grassland,remove_non_native_shrubs,-0.026686247978411924,-0.3502068130472249,0.30175948246668777,FALSE,-0.026686247978411924,FALSE,FALSE,0,FALSE
abundance,abundance_guild_bmp,guild_assigned_only,facultative_grassland,rotational_grazing,0.0853278044388131,-0.45779907410829374,0.639241400953678,FALSE,0.0853278044388131,FALSE,FALSE,0,FALSE
abundance,abundance_guild_bmp,guild_assigned_only,obligate_grassland,edge_and_shrub_habitat,-0.11547503408705537,-0.4015793118283021,0.17656286813360783,FALSE,-0.11547503408705537,FALSE,FALSE,0,FALSE
abundance,abundance_guild_bmp,guild_assigned_only,obligate_grassland,eliminate_pesticides,0.30787891562693726,-0.10382727481941689,0.7090657502490054,FALSE,0.30787891562693726,FALSE,FALSE,0,FALSE
abundance,abundance_guild_bmp,guild_assigned_only,obligate_grassland,manage_in_patches,0.3153060531986798,-0.0661512198003749,0.6966665212455122,FALSE,0.3153060531986798,FALSE,FALSE,0,FALSE
abundance,abundance_guild_bmp,guild_assigned_only,obligate_grassland,plant_nwsg,0.1600274918658518,-0.08998541947971486,0.4197330623259189,FALSE,0.1600274918658518,FALSE,FALSE,0,FALSE
abundance,abundance_guild_bmp,guild_assigned_only,obligate_grassland,prescribed_fire,0.2758485962985455,0.04099091171644134,0.5142376510185901,TRUE,0.2758485962985455,TRUE,FALSE,0,FALSE
abundance,abundance_guild_bmp,guild_assigned_only,obligate_grassland,provide_overwintering_habitat,0.4529168688949517,0.027465960515614035,0.8818116110445566,TRUE,0.4529168688949517,TRUE,FALSE,0,FALSE
abundance,abundance_guild_bmp,guild_assigned_only,obligate_grassland,reduce_grazing_intensity,0.4462089539470021,-8.445873760321704e-4,0.8847070413550822,FALSE,0.4462089539470021,FALSE,FALSE,0,FALSE
abundance,abundance_guild_bmp,guild_assigned_only,obligate_grassland,rotational_grazing,0.09093464759348871,-0.3086829698353637,0.5134822971634664,FALSE,0.09093464759348871,FALSE,FALSE,0,FALSE
abundance,abundance_guild_bmp,guild_assigned_only,obligate_grassland,stream_exclusion_and_buffers,0.1380494881532145,-0.2806970000067039,0.548210223950107,FALSE,0.1380494881532145,FALSE,FALSE,0,FALSE
abundance,abundance_guild_bmp,paper_floor_two,facultative_grassland,stream_exclusion_and_buffers,-0.042206206668886616,-0.42335929051321997,0.32570506900935187,FALSE,,,TRUE,,FALSE
abundance,abundance_guild_bmp,paper_floor_two,obligate_grassland,delay_hay,2.177634660170522,1.1363193751811103,3.230556141484006,TRUE,,,TRUE,,FALSE
abundance,abundance_guild_bmp,paper_floor_two,obligate_grassland,remove_non_native_shrubs,0.8655934194408743,0.279727956777623,1.4496580443864229,TRUE,,,TRUE,,FALSE
abundance,abundance_pooled_bmp,paper_floor_two,all_grassland,delay_hay,1.8565126389368785,0.8783794689413995,2.832302727115204,TRUE,,,TRUE,,FALSE
nest_success,nest_success_guild_bmp,outliers_removed,facultative_grassland,edge_and_shrub_habitat,0.723228221745003,0.15125438078565137,1.1432843043737475,TRUE,0.3727625950613508,FALSE,FALSE,0.3504656266836522,TRUE
nest_success,nest_success_guild_bmp,outliers_removed,obligate_grassland,delay_hay,0.7657737306848318,0.3269391000884573,1.174842991507171,TRUE,0.977133309485922,TRUE,FALSE,-0.21135957880109024,FALSE
nest_success,nest_success_guild_bmp,one_effect_per_study_cell,facultative_grassland,edge_and_shrub_habitat,0.21469612905650842,-0.5234521837812794,0.9051999944114623,FALSE,0.3727625950613508,FALSE,FALSE,-0.15806646600484237,FALSE
nest_success,nest_success_guild_bmp,southeast_us_dropped,obligate_grassland,plant_nwsg,0.003967887990249578,-0.6623339134499333,0.6732803749529429,FALSE,0.15477228419284228,FALSE,FALSE,-0.1508043962025927,FALSE
nest_success,nest_success_guild_bmp,tighter_priors,obligate_grassland,delay_hay,0.8495909116018179,0.3788417397108534,1.2655240561922199,TRUE,0.977133309485922,TRUE,FALSE,-0.12754239788410415,FALSE
nest_success,nest_success_guild_bmp,outliers_removed,obligate_grassland,edge_and_shrub_habitat,-0.5531804026093781,-1.015579387123029,-0.10343842837686916,TRUE,-0.43765870393740536,FALSE,FALSE,-0.1155216986719727,TRUE
nest_success,nest_success_guild_bmp,group_means_only,obligate_grassland,edge_and_shrub_habitat,-0.5421238883684822,-1.1290900861071174,0.052499127889612085,FALSE,-0.43765870393740536,FALSE,FALSE,-0.10446518443107689,FALSE
nest_success,nest_success_guild_bmp,one_effect_per_study_cell,obligate_grassland,plant_nwsg,0.06391474107852405,-0.5799350823230012,0.7167637953239946,FALSE,0.15477228419284228,FALSE,FALSE,-0.09085754311431823,FALSE
nest_success,nest_success_guild_bmp,paper_floor_four,obligate_grassland,delay_hay,1.0611580651818675,0.5146733234563273,1.580492098605379,TRUE,0.977133309485922,TRUE,FALSE,0.08402475569594547,FALSE
nest_success,nest_success_guild_bmp,southeast_us_dropped,obligate_grassland,delay_hay,1.0582083259788733,0.4642922865635553,1.5990395757253173,TRUE,0.977133309485922,TRUE,FALSE,0.08107501649295124,FALSE
nest_success,nest_success_guild_bmp,paper_floor_four,obligate_grassland,plant_nwsg,0.07648153124636858,-0.4763035529338744,0.6360565259013812,FALSE,0.15477228419284228,FALSE,FALSE,-0.0782907529464737,FALSE
nest_success,nest_success_guild_bmp,tighter_priors,obligate_grassland,edge_and_shrub_habitat,-0.3736811708585869,-0.8095709043207729,0.0651265137242343,FALSE,-0.43765870393740536,FALSE,FALSE,0.06397753307881848,FALSE
nest_success,nest_success_guild_bmp,great_plains_dropped,obligate_grassland,edge_and_shrub_habitat,-0.37603747309993185,-1.0358758172002542,0.28217636809303065,FALSE,-0.43765870393740536,FALSE,FALSE,0.061621230837473506,FALSE
nest_success,nest_success_guild_bmp,wider_priors,obligate_grassland,delay_hay,1.02761989610931,0.46293271991381835,1.60799885844295,TRUE,0.977133309485922,TRUE,FALSE,0.0504865866233879,FALSE
nest_success,nest_success_guild_bmp,one_effect_per_study_cell,obligate_grassland,delay_hay,1.024182984094081,0.35629415279958043,1.6053377137619094,TRUE,0.977133309485922,TRUE,FALSE,0.04704967460815901,FALSE
nest_success,nest_success_guild_bmp,southeast_us_dropped,obligate_grassland,edge_and_shrub_habitat,-0.3921709231305001,-0.9466007317210502,0.15188568802807229,FALSE,-0.43765870393740536,FALSE,FALSE,0.04548778080690524,FALSE
nest_success,nest_success_guild_bmp,outliers_removed,obligate_grassland,plant_nwsg,0.11672995417534622,-0.2700317344577331,0.49104988272744193,FALSE,0.15477228419284228,FALSE,FALSE,-0.03804233001749606,FALSE
nest_success,nest_success_guild_bmp,great_plains_dropped,obligate_grassland,delay_hay,0.9434901008825873,0.286501513885734,1.5433778898926351,TRUE,0.977133309485922,TRUE,FALSE,-0.033643208603334696,FALSE
nest_success,nest_success_guild_bmp,tighter_priors,facultative_grassland,edge_and_shrub_habitat,0.34050066225375997,-0.20768457697421877,0.7818347979024787,FALSE,0.3727625950613508,FALSE,FALSE,-0.03226193280759082,FALSE
nest_success,nest_success_guild_bmp,one_effect_per_study_cell,obligate_grassland,edge_and_shrub_habitat,-0.4601067526932545,-1.0012452327721024,0.06968004917647536,FALSE,-0.43765870393740536,FALSE,FALSE,-0.02244804875584916,FALSE
nest_success,nest_success_guild_bmp,wider_priors,obligate_grassland,edge_and_shrub_habitat,-0.45940879549968616,-1.0059917463677388,0.07751583424572392,FALSE,-0.43765870393740536,FALSE,FALSE,-0.021750091562280804,FALSE
nest_success,nest_success_guild_bmp,paper_floor_four,obligate_grassland,edge_and_shrub_habitat,-0.4574806519486122,-0.9558303618758874,0.018707292410621832,FALSE,-0.43765870393740536,FALSE,FALSE,-0.019821948011206847,FALSE
nest_success,nest_success_guild_bmp,europe_dropped,facultative_grassland,edge_and_shrub_habitat,0.39095588448376084,-0.26397969681219974,0.929204845896236,FALSE,0.3727625950613508,FALSE,FALSE,0.018193289422410053,FALSE
nest_success,nest_success_guild_bmp,great_plains_dropped,facultative_grassland,edge_and_shrub_habitat,0.3558034549400042,-0.3986796932080358,1.0122678279827713,FALSE,0.3727625950613508,FALSE,FALSE,-0.016959140121346583,FALSE
nest_success,nest_success_guild_bmp,wider_priors,facultative_grassland,edge_and_shrub_habitat,0.38953627463920204,-0.3256787307671255,0.9889494851273702,FALSE,0.3727625950613508,FALSE,FALSE,0.016773679577851253,FALSE
nest_success,nest_success_guild_bmp,tighter_priors,obligate_grassland,plant_nwsg,0.1392819854514879,-0.28347430454890665,0.5366542632532934,FALSE,0.15477228419284228,FALSE,FALSE,-0.01549029874135438,FALSE
nest_success,nest_success_guild_bmp,paper_floor_two,obligate_grassland,delay_hay,0.9913192127849406,0.5451105530350057,1.4380639351791993,TRUE,0.977133309485922,TRUE,FALSE,0.014185903299018587,FALSE
nest_success,nest_success_guild_bmp,paper_floor_two,obligate_grassland,edge_and_shrub_habitat,-0.4248593869298105,-0.8751407583563687,0.015327781714687334,FALSE,-0.43765870393740536,FALSE,FALSE,0.012799317007594846,FALSE
nest_success,nest_success_guild_bmp,wider_priors,obligate_grassland,plant_nwsg,0.16698783175082882,-0.3781949647677708,0.6890584832449114,FALSE,0.15477228419284228,FALSE,FALSE,0.012215547557986539,FALSE
nest_success,nest_success_guild_bmp,paper_floor_two,facultative_grassland,edge_and_shrub_habitat,0.38353548385759795,-0.17075429035786074,0.8367642635788263,FALSE,0.3727625950613508,FALSE,FALSE,0.01077288879624716,FALSE
nest_success,nest_success_guild_bmp,group_means_only,obligate_grassland,plant_nwsg,0.14543049896300633,-0.4053968870138721,0.6471178968189444,FALSE,0.15477228419284228,FALSE,FALSE,-0.009341785229835947,FALSE
nest_success,nest_success_guild_bmp,europe_dropped,obligate_grassland,plant_nwsg,0.16305302947195432,-0.3278931565980061,0.6390709161319431,FALSE,0.15477228419284228,FALSE,FALSE,0.008280745279112045,FALSE
nest_success,nest_success_guild_bmp,group_means_only,facultative_grassland,edge_and_shrub_habitat,0.36902501413726363,-0.2963646905502513,0.9228384364260506,FALSE,0.3727625950613508,FALSE,FALSE,-0.0037375809240871583,FALSE
nest_success,nest_success_guild_bmp,europe_dropped,obligate_grassland,edge_and_shrub_habitat,-0.43689475013042445,-0.9539853786915602,0.06801282674658064,FALSE,-0.43765870393740536,FALSE,FALSE,7.639538069809104e-4,FALSE
nest_success,nest_success_guild_bmp,group_means_only,obligate_grassland,delay_hay,0.9769793797019077,0.4397267328705998,1.5072732162488711,TRUE,0.977133309485922,TRUE,FALSE,-1.5392978401429502e-4,FALSE
nest_success,nest_success_guild_bmp,paper_floor_two,obligate_grassland,plant_nwsg,0.1547423301734011,-0.2546147198318043,0.5542870268368618,FALSE,0.15477228419284228,FALSE,FALSE,-2.99540194411696e-5,FALSE
nest_success,nest_success_guild_bmp,non_grassland_classes_retained,facultative_grassland,edge_and_shrub_habitat,0.3727625950613508,-0.26696876502356237,0.912468130277348,FALSE,0.3727625950613508,FALSE,FALSE,0,FALSE
nest_success,nest_success_guild_bmp,non_grassland_classes_retained,obligate_grassland,delay_hay,0.977133309485922,0.4448284359007521,1.4983541418126294,TRUE,0.977133309485922,TRUE,FALSE,0,FALSE
nest_success,nest_success_guild_bmp,non_grassland_classes_retained,obligate_grassland,edge_and_shrub_habitat,-0.43765870393740536,-0.9469279488586806,0.06704411991707385,FALSE,-0.43765870393740536,FALSE,FALSE,0,FALSE
nest_success,nest_success_guild_bmp,non_grassland_classes_retained,obligate_grassland,plant_nwsg,0.15477228419284228,-0.3399525172715333,0.6326730237810506,FALSE,0.15477228419284228,FALSE,FALSE,0,FALSE
nest_success,nest_success_guild_bmp,zero_variance_arm_removed,facultative_grassland,edge_and_shrub_habitat,0.3727625950613508,-0.26696876502356237,0.912468130277348,FALSE,0.3727625950613508,FALSE,FALSE,0,FALSE
nest_success,nest_success_guild_bmp,zero_variance_arm_removed,obligate_grassland,delay_hay,0.977133309485922,0.4448284359007521,1.4983541418126294,TRUE,0.977133309485922,TRUE,FALSE,0,FALSE
nest_success,nest_success_guild_bmp,zero_variance_arm_removed,obligate_grassland,edge_and_shrub_habitat,-0.43765870393740536,-0.9469279488586806,0.06704411991707385,FALSE,-0.43765870393740536,FALSE,FALSE,0,FALSE
nest_success,nest_success_guild_bmp,zero_variance_arm_removed,obligate_grassland,plant_nwsg,0.15477228419284228,-0.3399525172715333,0.6326730237810506,FALSE,0.15477228419284228,FALSE,FALSE,0,FALSE
nest_success,nest_success_guild_bmp,flagged_effects_removed,facultative_grassland,edge_and_shrub_habitat,0.3727625950613508,-0.26696876502356237,0.912468130277348,FALSE,0.3727625950613508,FALSE,FALSE,0,FALSE
nest_success,nest_success_guild_bmp,flagged_effects_removed,obligate_grassland,delay_hay,0.977133309485922,0.4448284359007521,1.4983541418126294,TRUE,0.977133309485922,TRUE,FALSE,0,FALSE
nest_success,nest_success_guild_bmp,flagged_effects_removed,obligate_grassland,edge_and_shrub_habitat,-0.43765870393740536,-0.9469279488586806,0.06704411991707385,FALSE,-0.43765870393740536,FALSE,FALSE,0,FALSE
nest_success,nest_success_guild_bmp,flagged_effects_removed,obligate_grassland,plant_nwsg,0.15477228419284228,-0.3399525172715333,0.6326730237810506,FALSE,0.15477228419284228,FALSE,FALSE,0,FALSE
nest_success,nest_success_guild_bmp,guild_assigned_only,facultative_grassland,edge_and_shrub_habitat,0.3727625950613508,-0.26696876502356237,0.912468130277348,FALSE,0.3727625950613508,FALSE,FALSE,0,FALSE
nest_success,nest_success_guild_bmp,guild_assigned_only,obligate_grassland,delay_hay,0.977133309485922,0.4448284359007521,1.4983541418126294,TRUE,0.977133309485922,TRUE,FALSE,0,FALSE
nest_success,nest_success_guild_bmp,guild_assigned_only,obligate_grassland,edge_and_shrub_habitat,-0.43765870393740536,-0.9469279488586806,0.06704411991707385,FALSE,-0.43765870393740536,FALSE,FALSE,0,FALSE
nest_success,nest_success_guild_bmp,guild_assigned_only,obligate_grassland,plant_nwsg,0.15477228419284228,-0.3399525172715333,0.6326730237810506,FALSE,0.15477228419284228,FALSE,FALSE,0,FALSE
nest_success,nest_success_guild_bmp,paper_floor_two,facultative_grassland,prescribed_fire,0.1237493575278853,-0.47734344591822964,0.7209694245795712,FALSE,,,TRUE,,FALSE
nest_success,nest_success_guild_bmp,paper_floor_two,facultative_grassland,rotational_grazing,-0.30877771777126445,-0.8887856665327302,0.2958183007886804,FALSE,,,TRUE,,FALSE
nest_success,nest_success_guild_bmp,paper_floor_two,obligate_grassland,eliminate_pesticides,-0.4113145843013243,-1.0798476495307607,0.23829141447765434,FALSE,,,TRUE,,FALSE
nest_success,nest_success_guild_bmp,paper_floor_two,obligate_grassland,manage_in_patches,0.06980273854018904,-0.484846229209088,0.6070745412886605,FALSE,,,TRUE,,FALSE
nest_success,nest_success_guild_bmp,paper_floor_two,obligate_grassland,prescribed_fire,-0.23952725885629506,-0.7792784685476001,0.31861896344857976,FALSE,,,TRUE,,FALSE
nest_success,nest_success_guild_bmp,paper_floor_two,obligate_grassland,rotational_grazing,-0.21588282061322378,-0.8930118382187131,0.45372546414844395,FALSE,,,TRUE,,FALSE
species_richness,richness_bmp,outliers_removed,,eliminate_pesticides,0.32778973854121163,-0.05407994959248047,0.7414351438471872,FALSE,0.8658093364763944,TRUE,FALSE,-0.5380195979351827,TRUE
species_richness,richness_bmp,europe_dropped,,eliminate_pesticides,0.46826103338729447,-0.453211279474058,1.3824188126418155,FALSE,0.8658093364763944,TRUE,FALSE,-0.3975483030890999,TRUE
species_richness,richness_bmp,outliers_removed,,rotational_grazing,0.0033540008800108483,-0.44478630206829084,0.45038169795906086,FALSE,-0.334010152845192,FALSE,FALSE,0.33736415372520284,FALSE
species_richness,richness_bmp,tighter_priors,,eliminate_pesticides,0.5748478302405977,-0.1032431442813339,1.2217474439007567,FALSE,0.8658093364763944,TRUE,FALSE,-0.29096150623579664,TRUE
species_richness,richness_bmp,great_plains_dropped,,eliminate_pesticides,1.1288208784781553,0.13277593989679964,2.1085607077270265,TRUE,0.8658093364763944,TRUE,FALSE,0.2630115420017609,FALSE
species_richness,richness_bmp,great_plains_dropped,,plant_nwsg,0.45433338519990096,-0.07867262557967153,0.9978068575369027,FALSE,0.27272192703242937,FALSE,FALSE,0.1816114581674716,FALSE
species_richness,richness_bmp,flagged_effects_removed,,rotational_grazing,-0.5088945015735948,-1.3614810734820146,0.3421205520988654,FALSE,-0.334010152845192,FALSE,FALSE,-0.17488434872840286,FALSE
species_richness,richness_bmp,great_plains_dropped,,edge_and_shrub_habitat,0.4302228297465336,-0.08217491844557027,0.9505530506414428,FALSE,0.2579178935418639,FALSE,FALSE,0.1723049362046697,FALSE
species_richness,richness_bmp,great_plains_dropped,,provide_overwintering_habitat,0.4367410132610987,-0.07794266132129607,0.9551821882722324,FALSE,0.26848055966719575,FALSE,FALSE,0.16826045359390296,FALSE
species_richness,richness_bmp,flagged_effects_removed,,plant_nwsg,0.4398570858029728,-0.018971778994228382,0.8903857974608337,FALSE,0.27272192703242937,FALSE,FALSE,0.1671351587705434,FALSE
species_richness,richness_bmp,great_plains_dropped,,stream_exclusion_and_buffers,0.45796887219344906,-0.1052346226175572,1.0302700073865516,FALSE,0.29677920939431424,FALSE,FALSE,0.16118966279913483,FALSE
species_richness,richness_bmp,flagged_effects_removed,,provide_overwintering_habitat,0.4168560948477991,-0.03291049932660019,0.8563641516105204,FALSE,0.26848055966719575,FALSE,FALSE,0.14837553518060337,FALSE
species_richness,richness_bmp,flagged_effects_removed,,edge_and_shrub_habitat,0.40251186230334957,-0.04022596118075174,0.8411513913789077,FALSE,0.2579178935418639,FALSE,FALSE,0.14459396876148567,FALSE
species_richness,richness_bmp,wider_priors,,eliminate_pesticides,1.0026208422464804,0.06444292171590407,1.973484962341221,TRUE,0.8658093364763944,TRUE,FALSE,0.13681150577008605,FALSE
species_richness,richness_bmp,flagged_effects_removed,,stream_exclusion_and_buffers,0.432119836713872,-0.07413202898170647,0.9287892835477443,FALSE,0.29677920939431424,FALSE,FALSE,0.13534062731955776,FALSE
species_richness,richness_bmp,great_plains_dropped,,rotational_grazing,-0.20042339324633407,-1.2458755998793944,0.8612626846255083,FALSE,-0.334010152845192,FALSE,FALSE,0.1335867595988579,FALSE
species_richness,richness_bmp,outliers_removed,,stream_exclusion_and_buffers,0.16911968949771272,-0.16900610313749848,0.5092056674737648,FALSE,0.29677920939431424,FALSE,FALSE,-0.12765951989660151,FALSE
species_richness,richness_bmp,tighter_priors,,rotational_grazing,-0.20843258743995768,-0.8932344461040637,0.49318191073309525,FALSE,-0.334010152845192,FALSE,FALSE,0.1255775654052343,FALSE
species_richness,richness_bmp,outliers_removed,,prescribed_fire,0.25330393928842154,-0.13551551245596077,0.597369521012667,FALSE,0.1339268745698664,FALSE,FALSE,0.11937706471855514,FALSE
species_richness,richness_bmp,tighter_priors,,stream_exclusion_and_buffers,0.18955397451320108,-0.25821373299970607,0.633467814000906,FALSE,0.29677920939431424,FALSE,FALSE,-0.10722523488111316,FALSE
species_richness,richness_bmp,tighter_priors,,plant_nwsg,0.16900484026677448,-0.22437644930201855,0.5626759492615567,FALSE,0.27272192703242937,FALSE,FALSE,-0.10371708676565489,FALSE
species_richness,richness_bmp,tighter_priors,,edge_and_shrub_habitat,0.1545256733288103,-0.225797547784611,0.529493419668908,FALSE,0.2579178935418639,FALSE,FALSE,-0.10339222021305361,FALSE
species_richness,richness_bmp,tighter_priors,,provide_overwintering_habitat,0.16622548236502485,-0.21845281430763863,0.544986110435175,FALSE,0.26848055966719575,FALSE,FALSE,-0.1022550773021709,FALSE
species_richness,richness_bmp,one_effect_per_study_cell,,edge_and_shrub_habitat,0.17965044021978155,-0.37896403970980225,0.7034586169995091,FALSE,0.2579178935418639,FALSE,FALSE,-0.07826745332208235,FALSE
species_richness,richness_bmp,southeast_us_dropped,,edge_and_shrub_habitat,0.18020947474136112,-0.4907306007752134,0.8334457615619892,FALSE,0.2579178935418639,FALSE,FALSE,-0.07770841880050278,FALSE
species_richness,richness_bmp,great_plains_dropped,,prescribed_fire,0.05863338089430324,-0.7933819514983469,0.917941206618386,FALSE,0.1339268745698664,FALSE,FALSE,-0.07529349367556316,FALSE
species_richness,richness_bmp,wider_priors,,rotational_grazing,-0.39879029508508373,-1.4294124577220462,0.6383602003185332,FALSE,-0.334010152845192,FALSE,FALSE,-0.06478014223989176,FALSE
species_richness,richness_bmp,wider_priors,,stream_exclusion_and_buffers,0.3544389101842549,-0.2697200075463587,0.9716765995680304,FALSE,0.29677920939431424,FALSE,FALSE,0.05765970078994065,FALSE
species_richness,richness_bmp,wider_priors,,edge_and_shrub_habitat,0.3153547518051104,-0.24968337777872077,0.8825010074486964,FALSE,0.2579178935418639,FALSE,FALSE,0.057436858263246515,FALSE
species_richness,richness_bmp,wider_priors,,provide_overwintering_habitat,0.32569766110880727,-0.2368150384696901,0.8935124645039235,FALSE,0.26848055966719575,FALSE,FALSE,0.05721710144161152,FALSE
species_richness,richness_bmp,wider_priors,,plant_nwsg,0.3288121844043235,-0.23706719379857352,0.9031380691449058,FALSE,0.27272192703242937,FALSE,FALSE,0.05609025737189416,FALSE
species_richness,richness_bmp,one_effect_per_study_cell,,stream_exclusion_and_buffers,0.24222800368193953,-0.3737168319326973,0.9462063509663731,FALSE,0.29677920939431424,FALSE,FALSE,-0.054551205712374706,FALSE
species_richness,richness_bmp,tighter_priors,,prescribed_fire,0.08777286676635807,-0.5606814559868293,0.7271046946183549,FALSE,0.1339268745698664,FALSE,FALSE,-0.04615400780350834,FALSE
species_richness,richness_bmp,one_effect_per_study_cell,,rotational_grazing,-0.28874463201593914,-1.1804379975149673,0.6187585384954243,FALSE,-0.334010152845192,FALSE,FALSE,0.04526552082925284,FALSE
species_richness,richness_bmp,southeast_us_dropped,,plant_nwsg,0.31203461963189116,-0.3892725442210115,1.0225331692200503,FALSE,0.27272192703242937,FALSE,FALSE,0.039312692599461796,FALSE
species_richness,richness_bmp,southeast_us_dropped,,rotational_grazing,-0.2955037945824499,-1.3454722722848105,0.7578701417450197,FALSE,-0.334010152845192,FALSE,FALSE,0.03850635826274207,FALSE
species_richness,richness_bmp,group_means_only,,eliminate_pesticides,0.9012699052047938,-0.13199175934125418,1.9344664561726725,FALSE,0.8658093364763944,TRUE,FALSE,0.03546056872839942,TRUE
species_richness,richness_bmp,southeast_us_dropped,,stream_exclusion_and_buffers,0.2639183096304234,-0.42772102046486493,0.9155987274045613,FALSE,0.29677920939431424,FALSE,FALSE,-0.03286089976389084,FALSE
species_richness,richness_bmp,paper_floor_two,,prescribed_fire,0.1651767919122431,-0.5308497311297196,0.8465203053653803,FALSE,0.1339268745698664,FALSE,FALSE,0.0312499173423767,FALSE
species_richness,richness_bmp,one_effect_per_study_cell,,eliminate_pesticides,0.8353959215979472,-0.018556144186894753,1.6668309805028885,FALSE,0.8658093364763944,TRUE,FALSE,-0.030413414878447176,TRUE
species_richness,richness_bmp,europe_dropped,,prescribed_fire,0.16224903604452695,-0.5416809174137427,0.8171931599850971,FALSE,0.1339268745698664,FALSE,FALSE,0.028322161474660545,FALSE
species_richness,richness_bmp,flagged_effects_removed,,eliminate_pesticides,0.8434822914980337,0.1199469689138818,1.5977080326127178,TRUE,0.8658093364763944,TRUE,FALSE,-0.02232704497836069,FALSE
species_richness,richness_bmp,southeast_us_dropped,,eliminate_pesticides,0.8444741002271461,-0.07458430951110775,1.750482014976811,FALSE,0.8658093364763944,TRUE,FALSE,-0.02133523624924827,TRUE
species_richness,richness_bmp,outliers_removed,,edge_and_shrub_habitat,0.23696724821275747,-0.03385973598772491,0.48312267971490025,FALSE,0.2579178935418639,FALSE,FALSE,-0.020950645329106427,FALSE
species_richness,richness_bmp,europe_dropped,,stream_exclusion_and_buffers,0.3158668523170297,-0.1753034941012411,0.8024941308985721,FALSE,0.29677920939431424,FALSE,FALSE,0.019087642922715475,FALSE
species_richness,richness_bmp,non_grassland_classes_retained,,provide_overwintering_habitat,0.2834275585323007,-0.20647448793184442,0.7747296790289405,FALSE,0.26848055966719575,FALSE,FALSE,0.014946998865104977,FALSE
species_richness,richness_bmp,europe_dropped,,edge_and_shrub_habitat,0.27255084783386146,-0.1619713195355157,0.6879123424036618,FALSE,0.2579178935418639,FALSE,FALSE,0.014632954291997569,FALSE
species_richness,richness_bmp,one_effect_per_study_cell,,provide_overwintering_habitat,0.2545532490534387,-0.2770344407801854,0.7919048363469402,FALSE,0.26848055966719575,FALSE,FALSE,-0.013927310613757071,FALSE
species_richness,richness_bmp,non_grassland_classes_retained,,plant_nwsg,0.2861119694448813,-0.22044083189464483,0.7910020572881333,FALSE,0.27272192703242937,FALSE,FALSE,0.013390042412451952,FALSE
species_richness,richness_bmp,non_grassland_classes_retained,,edge_and_shrub_habitat,0.27112594819019453,-0.21923481037154025,0.7622834014225691,FALSE,0.2579178935418639,FALSE,FALSE,0.013208054648330636,FALSE
species_richness,richness_bmp,non_grassland_classes_retained,,stream_exclusion_and_buffers,0.3096003096887647,-0.2416159502300364,0.8523654531457456,FALSE,0.29677920939431424,FALSE,FALSE,0.012821100294450438,FALSE
species_richness,richness_bmp,europe_dropped,,provide_overwintering_habitat,0.28115273567980253,-0.1500749461480057,0.6956905029408054,FALSE,0.26848055966719575,FALSE,FALSE,0.012672176012606784,FALSE
species_richness,richness_bmp,group_means_only,,provide_overwintering_habitat,0.2810089383766345,-0.27344772260726086,0.8378114622017601,FALSE,0.26848055966719575,FALSE,FALSE,0.012528378709438737,FALSE
species_richness,richness_bmp,non_grassland_classes_retained,,eliminate_pesticides,0.8548229802986719,0.027583897045942583,1.680909224803904,TRUE,0.8658093364763944,TRUE,FALSE,-0.010986356177722478,FALSE
species_richness,richness_bmp,paper_floor_two,,stream_exclusion_and_buffers,0.30765303011538064,-0.22723482611041548,0.8382793845059886,FALSE,0.29677920939431424,FALSE,FALSE,0.010873820721066407,FALSE
species_richness,richness_bmp,wider_priors,,prescribed_fire,0.14423101857623866,-0.7639559084194296,1.0559499715397498,FALSE,0.1339268745698664,FALSE,FALSE,0.010304144006372251,FALSE
species_richness,richness_bmp,europe_dropped,,rotational_grazing,-0.3243010645703882,-1.0963220917592456,0.4321990469592538,FALSE,-0.334010152845192,FALSE,FALSE,0.009709088274803768,FALSE
species_richness,richness_bmp,group_means_only,,edge_and_shrub_habitat,0.26676939925382304,-0.29403494215422626,0.819199188099647,FALSE,0.2579178935418639,FALSE,FALSE,0.00885150571195914,FALSE
species_richness,richness_bmp,group_means_only,,stream_exclusion_and_buffers,0.30511418828001946,-0.30069554779087343,0.9010042554690587,FALSE,0.29677920939431424,FALSE,FALSE,0.008334978885705224,FALSE
species_richness,richness_bmp,group_means_only,,prescribed_fire,0.14192285950491712,-0.7947666683631008,1.0841567886196426,FALSE,0.1339268745698664,FALSE,FALSE,0.007995984935050715,FALSE
species_richness,richness_bmp,paper_floor_two,,eliminate_pesticides,0.8578928372419845,0.06193045971644489,1.6410612149843518,TRUE,0.8658093364763944,TRUE,FALSE,-0.007916499234409846,FALSE
species_richness,richness_bmp,group_means_only,,plant_nwsg,0.2803491575995384,-0.2756456830287889,0.840805874319438,FALSE,0.27272192703242937,FALSE,FALSE,0.007627230567109011,FALSE
species_richness,richness_bmp,paper_floor_two,,edge_and_shrub_habitat,0.2654142148967177,-0.2131292732759207,0.7356413005274133,FALSE,0.2579178935418639,FALSE,FALSE,0.0074963213548537855,FALSE
species_richness,richness_bmp,flagged_effects_removed,,prescribed_fire,0.14078434844072624,-0.5738844075317925,0.8315478408293656,FALSE,0.1339268745698664,FALSE,FALSE,0.0068574738708598315,FALSE
species_richness,richness_bmp,outliers_removed,,plant_nwsg,0.2662385254661878,-0.026436647082038016,0.5483864334929046,FALSE,0.27272192703242937,FALSE,FALSE,-0.006483401566241553,FALSE
species_richness,richness_bmp,southeast_us_dropped,,prescribed_fire,0.12779170342367657,-0.762305169340731,0.9992928937271398,FALSE,0.1339268745698664,FALSE,FALSE,-0.006135171146189833,FALSE
species_richness,richness_bmp,paper_floor_two,,provide_overwintering_habitat,0.27382480435077194,-0.20616766118948354,0.7441256963020266,FALSE,0.26848055966719575,FALSE,FALSE,0.005344244683576194,FALSE
species_richness,richness_bmp,one_effect_per_study_cell,,plant_nwsg,0.2780194853306117,-0.2726253464776291,0.8150917575146004,FALSE,0.27272192703242937,FALSE,FALSE,0.005297558298182348,FALSE
species_richness,richness_bmp,southeast_us_dropped,,provide_overwintering_habitat,0.26442897839803403,-0.41731587524002617,0.9242366335511395,FALSE,0.26848055966719575,FALSE,FALSE,-0.004051581269161719,FALSE
species_richness,richness_bmp,non_grassland_classes_retained,,rotational_grazing,-0.3300535366948506,-1.2197853012397886,0.5739818292258487,FALSE,-0.334010152845192,FALSE,FALSE,0.003956616150341374,FALSE
species_richness,richness_bmp,one_effect_per_study_cell,,prescribed_fire,0.1300908321320291,-0.7034291646007883,0.962631184094354,FALSE,0.1339268745698664,FALSE,FALSE,-0.003836042437837306,FALSE
species_richness,richness_bmp,group_means_only,,rotational_grazing,-0.3315835975266467,-1.2778150535919175,0.6607120767511988,FALSE,-0.334010152845192,FALSE,FALSE,0.002426555318545298,FALSE
species_richness,richness_bmp,non_grassland_classes_retained,,prescribed_fire,0.13574527969575884,-0.6731272002446779,0.9326478341549661,FALSE,0.1339268745698664,FALSE,FALSE,0.0018184051258924305,FALSE
species_richness,richness_bmp,europe_dropped,,plant_nwsg,0.27111175187609304,-0.16800310028760346,0.71108623410567,FALSE,0.27272192703242937,FALSE,FALSE,-0.0016101751563363242,FALSE
species_richness,richness_bmp,paper_floor_two,,rotational_grazing,-0.3329447800642954,-1.1976552719607847,0.522631311496636,FALSE,-0.334010152845192,FALSE,FALSE,0.0010653727808965785,FALSE
species_richness,richness_bmp,paper_floor_two,,plant_nwsg,0.2737261275063431,-0.20881981127503316,0.753586684224666,FALSE,0.27272192703242937,FALSE,FALSE,0.0010042004739137522,FALSE
species_richness,richness_bmp,outliers_removed,,provide_overwintering_habitat,0.26892678450648244,-0.015345295721075753,0.5109686593998979,FALSE,0.26848055966719575,FALSE,FALSE,4.4622483928669077e-4,FALSE
species_richness,richness_bmp,zero_variance_arm_removed,,edge_and_shrub_habitat,0.2579178935418639,-0.24072600110553635,0.7456081010043107,FALSE,0.2579178935418639,FALSE,FALSE,0,FALSE
species_richness,richness_bmp,zero_variance_arm_removed,,eliminate_pesticides,0.8658093364763944,0.02870155874225014,1.7082126463086778,TRUE,0.8658093364763944,TRUE,FALSE,0,FALSE
species_richness,richness_bmp,zero_variance_arm_removed,,plant_nwsg,0.27272192703242937,-0.23781119754745508,0.7767333789738334,FALSE,0.27272192703242937,FALSE,FALSE,0,FALSE
species_richness,richness_bmp,zero_variance_arm_removed,,prescribed_fire,0.1339268745698664,-0.682465800008863,0.9238111933106514,FALSE,0.1339268745698664,FALSE,FALSE,0,FALSE
species_richness,richness_bmp,zero_variance_arm_removed,,provide_overwintering_habitat,0.26848055966719575,-0.2300926068987646,0.7562329118249624,FALSE,0.26848055966719575,FALSE,FALSE,0,FALSE
species_richness,richness_bmp,zero_variance_arm_removed,,rotational_grazing,-0.334010152845192,-1.230461605838035,0.5636633515416252,FALSE,-0.334010152845192,FALSE,FALSE,0,FALSE
species_richness,richness_bmp,zero_variance_arm_removed,,stream_exclusion_and_buffers,0.29677920939431424,-0.2588098699914535,0.844862486448509,FALSE,0.29677920939431424,FALSE,FALSE,0,FALSE
species_richness,richness_bmp,paper_floor_four,,edge_and_shrub_habitat,0.2579178935418639,-0.24072600110553635,0.7456081010043107,FALSE,0.2579178935418639,FALSE,FALSE,0,FALSE
species_richness,richness_bmp,paper_floor_four,,eliminate_pesticides,0.8658093364763944,0.02870155874225014,1.7082126463086778,TRUE,0.8658093364763944,TRUE,FALSE,0,FALSE
species_richness,richness_bmp,paper_floor_four,,plant_nwsg,0.27272192703242937,-0.23781119754745508,0.7767333789738334,FALSE,0.27272192703242937,FALSE,FALSE,0,FALSE
species_richness,richness_bmp,paper_floor_four,,prescribed_fire,0.1339268745698664,-0.682465800008863,0.9238111933106514,FALSE,0.1339268745698664,FALSE,FALSE,0,FALSE
species_richness,richness_bmp,paper_floor_four,,provide_overwintering_habitat,0.26848055966719575,-0.2300926068987646,0.7562329118249624,FALSE,0.26848055966719575,FALSE,FALSE,0,FALSE
species_richness,richness_bmp,paper_floor_four,,rotational_grazing,-0.334010152845192,-1.230461605838035,0.5636633515416252,FALSE,-0.334010152845192,FALSE,FALSE,0,FALSE
species_richness,richness_bmp,paper_floor_four,,stream_exclusion_and_buffers,0.29677920939431424,-0.2588098699914535,0.844862486448509,FALSE,0.29677920939431424,FALSE,FALSE,0,FALSE
species_richness,richness_bmp,guild_assigned_only,,edge_and_shrub_habitat,0.2579178935418639,-0.24072600110553635,0.7456081010043107,FALSE,0.2579178935418639,FALSE,FALSE,0,FALSE
species_richness,richness_bmp,guild_assigned_only,,eliminate_pesticides,0.8658093364763944,0.02870155874225014,1.7082126463086778,TRUE,0.8658093364763944,TRUE,FALSE,0,FALSE
species_richness,richness_bmp,guild_assigned_only,,plant_nwsg,0.27272192703242937,-0.23781119754745508,0.7767333789738334,FALSE,0.27272192703242937,FALSE,FALSE,0,FALSE
species_richness,richness_bmp,guild_assigned_only,,prescribed_fire,0.1339268745698664,-0.682465800008863,0.9238111933106514,FALSE,0.1339268745698664,FALSE,FALSE,0,FALSE
species_richness,richness_bmp,guild_assigned_only,,provide_overwintering_habitat,0.26848055966719575,-0.2300926068987646,0.7562329118249624,FALSE,0.26848055966719575,FALSE,FALSE,0,FALSE
species_richness,richness_bmp,guild_assigned_only,,rotational_grazing,-0.334010152845192,-1.230461605838035,0.5636633515416252,FALSE,-0.334010152845192,FALSE,FALSE,0,FALSE
species_richness,richness_bmp,guild_assigned_only,,stream_exclusion_and_buffers,0.29677920939431424,-0.2588098699914535,0.844862486448509,FALSE,0.29677920939431424,FALSE,FALSE,0,FALSE
species_richness,richness_bmp,paper_floor_two,,install_nest_boxes,0.5354132673293694,-0.6919689749390922,1.72048107635921,FALSE,,,TRUE,,FALSE
species_richness,richness_bmp,paper_floor_two,,manage_in_patches,0.17418348994478436,-0.5715782526271935,0.9096897818376593,FALSE,,,TRUE,,FALSE
species_richness,richness_bmp,paper_floor_two,,remove_non_native_shrubs,0.0017610030630860387,-1.1702825513146566,1.2039817438612619,FALSE,,,TRUE,,FALSE
