response_metric,model_family,guild,bmp,key,es_id,species_key,response_var,yi,sei,studentized_residual,is_outlier
abundance,abundance_pooled_bmp,all_grassland,eliminate_pesticides,WQDZ5GX5,md_1250,meadow_pipit,density (territories/ha),-2.5155942832954414,0.13329086708717397,-7.549728645998133,TRUE
nest_success,nest_success_guild_bmp,obligate_grassland,delay_hay,M8T4QVJ5,md_0386,whinchat,nest survival probability,1.9371748598865732,0.12197134741182213,7.5103120812137,TRUE
abundance,abundance_guild_bmp,facultative_grassland,eliminate_pesticides,WQDZ5GX5,md_1250,meadow_pipit,density (territories/ha),-2.5155942832954414,0.13329086708717397,-7.389380283997807,TRUE
species_richness,richness_bmp,,edge_and_shrub_habitat,RZ8PLSVX,md_1047,all_species,species_richness (Illinois),7.580575277937589,1.3408264177586622,5.323341129067884,TRUE
abundance,abundance_guild_bmp,facultative_grassland,edge_and_shrub_habitat,9HH6YMIM,md_0421,red_winged_blackbird,density (birds/count/100 ha),-4.27926443509992,0.8223151476852162,-4.971768383262898,TRUE
species_richness,richness_bmp,,plant_nwsg,9VXKLDSA,md_0383,all_species,species_richness,-3.2264555131496437,0.4924894139790114,-4.898500322654418,TRUE
abundance,abundance_pooled_bmp,all_grassland,edge_and_shrub_habitat,9HH6YMIM,md_0421,red_winged_blackbird,density (birds/count/100 ha),-4.27926443509992,0.8223151476852162,-4.735707124082562,TRUE
abundance,abundance_guild_bmp,obligate_grassland,prescribed_fire,K2FW7NWY,md_0649,grasshopper_sparrow,number of singing males - 1994,4.731472421532241,0.7086170254135797,4.709827959559395,TRUE
abundance,abundance_pooled_bmp,all_grassland,prescribed_fire,K2FW7NWY,md_0649,grasshopper_sparrow,number of singing males - 1994,4.731472421532241,0.7086170254135797,4.601286503367286,TRUE
abundance,abundance_pooled_bmp,all_grassland,rotational_grazing,C8RH4NET,md_0325,lark_bunting,abundance,-2.0170214939884827,0.3208812959167802,-4.304532093517716,TRUE
abundance,abundance_pooled_bmp,all_grassland,plant_nwsg,RI9YTV8X,md_0014,dickcissel,density,-2.3611440920680087,0.3871296491032721,-4.233074542200731,TRUE
abundance,abundance_guild_bmp,obligate_grassland,plant_nwsg,RI9YTV8X,md_0014,dickcissel,density,-2.3611440920680087,0.3871296491032721,-4.220121830550489,TRUE
abundance,abundance_pooled_bmp,all_grassland,stream_exclusion_and_buffers,ILUKKWJA,md_0227,red_winged_blackbird,density (birds/0.2 ha),1.9088555772766964,0.3281485153142148,4.198902391423295,TRUE
abundance,abundance_guild_bmp,obligate_grassland,rotational_grazing,C8RH4NET,md_0325,lark_bunting,abundance,-2.0170214939884827,0.3208812959167802,-4.152680620885992,TRUE
abundance,abundance_guild_bmp,facultative_grassland,plant_nwsg,RI9YTV8X,md_0017,red_winged_blackbird,density,-1.659933514074995,0.3442967182367837,-4.053943850629304,TRUE
abundance,abundance_guild_bmp,obligate_grassland,reduce_grazing_intensity,X3E5MBG4,bc_0082,grasshopper_sparrow,abundance,1.026992846154109,0.15671196301845078,4.039610303554681,TRUE
abundance,abundance_guild_bmp,facultative_grassland,plant_nwsg,9HH6YMIM,md_0441,red_winged_blackbird,density (birds/count/100 ha),-3.428376888150405,0.8484745429265347,-3.998922900789967,TRUE
abundance,abundance_guild_bmp,facultative_grassland,edge_and_shrub_habitat,9HH6YMIM,md_0442,red_winged_blackbird,density (birds/count/100 ha),-3.428376888150405,0.8484745429265347,-3.8493027931227446,TRUE
abundance,abundance_guild_bmp,facultative_grassland,prescribed_fire,86IBQ28G,md_0762,lark_sparrow,density (birds/ha) - 2005,9.83800739042153,2.535196476019696,3.8449329111297397,TRUE
abundance,abundance_pooled_bmp,all_grassland,prescribed_fire,GS4TG5A4,md_1147,mountain_plover,density (birds/km^2),8.103696865423704,2.010818158497639,3.7478638379608515,TRUE
abundance,abundance_guild_bmp,obligate_grassland,prescribed_fire,GS4TG5A4,md_1147,mountain_plover,density (birds/km^2),8.103696865423704,2.010818158497639,3.7080746566178253,TRUE
abundance,abundance_pooled_bmp,all_grassland,prescribed_fire,86IBQ28G,md_0762,lark_sparrow,density (birds/ha) - 2005,9.83800739042153,2.535196476019696,3.6960894374037654,TRUE
abundance,abundance_pooled_bmp,all_grassland,plant_nwsg,9HH6YMIM,md_0441,red_winged_blackbird,density (birds/count/100 ha),-3.428376888150405,0.8484745429265347,-3.6816911309314957,TRUE
abundance,abundance_pooled_bmp,all_grassland,rotational_grazing,ZXCUY5K9,md_1191,chestnut_collared_longspur,density (individuals/ha),6.916989154044995,1.8353114227487113,3.6731856476058438,TRUE
abundance,abundance_pooled_bmp,all_grassland,edge_and_shrub_habitat,9HH6YMIM,md_0442,red_winged_blackbird,density (birds/count/100 ha),-3.428376888150405,0.8484745429265347,-3.6633945540779354,TRUE
abundance,abundance_guild_bmp,obligate_grassland,rotational_grazing,ZXCUY5K9,md_1191,chestnut_collared_longspur,density (individuals/ha),6.916989154044995,1.8353114227487113,3.6394696653679612,TRUE
abundance,abundance_pooled_bmp,all_grassland,eliminate_pesticides,FE9EGUNZ,md_1155,insectivores,abundance,5.561899340560108,1.3685989027842358,3.519958736600754,TRUE
species_richness,richness_bmp,,rotational_grazing,Z3T2NHLM,md_1314,facultative_grassland_species,species_richness,-2.915967882316518,0.629307064020701,-3.492058434620826,TRUE
species_richness,richness_bmp,,eliminate_pesticides,FE9EGUNZ,md_1153,all_species,species_richness,5.111123362673074,1.2776955210061558,3.4502100009003587,TRUE
abundance,abundance_guild_bmp,facultative_grassland,provide_overwintering_habitat,IF3VCNWP,md_0132,rufous_crowned_sparrow,abundance - 96-97,2.8611694895844217,0.7367304262340186,3.4336854964871497,TRUE
species_richness,richness_bmp,,eliminate_pesticides,FE9EGUNZ,md_1154,all_species,species_richness,4.909279129078361,1.2374885136179188,3.394280171007992,TRUE
species_richness,richness_bmp,,eliminate_pesticides,FE9EGUNZ,md_1152,all_species,species_richness,4.853458689946856,1.2264296986485197,3.377972358393084,TRUE
abundance,abundance_guild_bmp,obligate_grassland,plant_nwsg,RI9YTV8X,md_0015,grasshopper_sparrow,abundance,1.7610296337381068,0.3498327666619222,3.255827480018156,TRUE
species_richness,richness_bmp,,stream_exclusion_and_buffers,U3SWA47K,md_0032,all_species,species_richness,6.08695652173913,1.6412683554936414,3.209098537447629,TRUE
abundance,abundance_guild_bmp,facultative_grassland,rotational_grazing,2WJYSYDE,md_1171,killdeer,abundance,-2.0576332355481344,0.6473384303783227,-3.1928276715483954,TRUE
abundance,abundance_guild_bmp,obligate_grassland,eliminate_pesticides,86MSLRJN,bc_0053,bobolink,abundance (Ontario),2.2122408463797667,0.5529971994672255,3.1829500745664467,TRUE
abundance,abundance_pooled_bmp,all_grassland,provide_overwintering_habitat,IF3VCNWP,md_0132,rufous_crowned_sparrow,abundance - 96-97,2.8611694895844217,0.7367304262340186,3.1750029665883903,TRUE
abundance,abundance_pooled_bmp,all_grassland,plant_nwsg,RI9YTV8X,md_0017,red_winged_blackbird,density,-1.659933514074995,0.3442967182367837,-3.1507593877676157,TRUE
abundance,abundance_guild_bmp,obligate_grassland,prescribed_fire,GS4TG5A4,tc_0002,lark_bunting,Density,-2.2233271669864636,0.48227302504563185,-3.1430722904286093,TRUE
abundance,abundance_guild_bmp,obligate_grassland,prescribed_fire,GS4TG5A4,md_1142,lark_bunting,density (birds/km^2),-3.55637509457289,1.047720141927473,-3.1213073717888657,TRUE
species_richness,richness_bmp,,provide_overwintering_habitat,9YXV6ME8,md_0495,wintering_species,species_richness,1.8051515964218845,0.3655345417894822,3.1032728949997326,TRUE
abundance,abundance_pooled_bmp,all_grassland,plant_nwsg,9HH6YMIM,md_0445,dickcissel,density (birds/count/100 ha),-2.4995853414524873,0.7128435498829936,-3.0889978767243673,TRUE
abundance,abundance_pooled_bmp,all_grassland,edge_and_shrub_habitat,9HH6YMIM,md_0446,dickcissel,density (birds/count/100 ha),-2.4995853414524873,0.7128435498829936,-3.0559076987847407,TRUE
abundance,abundance_guild_bmp,obligate_grassland,plant_nwsg,9HH6YMIM,md_0445,dickcissel,density (birds/count/100 ha),-2.4995853414524873,0.7128435498829936,-3.0353771192229986,TRUE
abundance,abundance_guild_bmp,facultative_grassland,remove_non_native_shrubs,LUTCPDZB,md_0891,american_robin,relative abundance,1.909347197368355,0.6866053504182986,3.0328987099676166,TRUE
abundance,abundance_pooled_bmp,all_grassland,plant_nwsg,RI9YTV8X,md_0015,grasshopper_sparrow,abundance,1.7610296337381068,0.3498327666619222,3.021411807045292,TRUE
abundance,abundance_guild_bmp,facultative_grassland,plant_nwsg,9HH6YMIM,md_0435,common_yellowthroat,density (birds/count/100 ha),-1.9215371972609157,0.640197457913983,-2.9403514899126892,TRUE
abundance,abundance_pooled_bmp,all_grassland,reduce_grazing_intensity,X3E5MBG4,bc_0082,grasshopper_sparrow,abundance,1.026992846154109,0.15671196301845078,2.925397045670091,TRUE
abundance,abundance_guild_bmp,obligate_grassland,plant_nwsg,RI9YTV8X,md_0019,western_meadowlark,density,1.550134718137023,0.3385616485828134,2.89467686278483,TRUE
abundance,abundance_pooled_bmp,all_grassland,edge_and_shrub_habitat,TIFDVC4W,md_0939,song_sparrow,winter density (birds/ha),1.9239835596935615,0.5724173379104938,2.87511440157126,TRUE
abundance,abundance_guild_bmp,obligate_grassland,prescribed_fire,LRBMJG8I,bc_0042,dickcissel,Abundance ratio between treatment and control,2.608274173935152,0.5061031345960866,2.8609410275582343,TRUE
abundance,abundance_pooled_bmp,all_grassland,prescribed_fire,GS4TG5A4,md_1142,lark_bunting,density (birds/km^2),-3.55637509457289,1.047720141927473,-2.8541873522188195,TRUE
abundance,abundance_pooled_bmp,all_grassland,prescribed_fire,LRBMJG8I,bc_0042,dickcissel,Abundance ratio between treatment and control,2.608274173935152,0.5061031345960866,2.8478555963668994,TRUE
abundance,abundance_guild_bmp,facultative_grassland,edge_and_shrub_habitat,TIFDVC4W,md_0939,song_sparrow,winter density (birds/ha),1.9239835596935615,0.5724173379104938,2.8418276334415746,TRUE
abundance,abundance_pooled_bmp,all_grassland,edge_and_shrub_habitat,9HH6YMIM,md_0471,dickcissel,nest density (nests/100 ha),-2.740546872301772,0.8790966689127546,-2.8229405488452453,TRUE
abundance,abundance_pooled_bmp,all_grassland,edge_and_shrub_habitat,VY6E42C6,md_1017,grasshopper_sparrow,territories/10 ha,-1.33009289497657,0.28465455016552155,-2.797669041715148,TRUE
species_richness,richness_bmp,,provide_overwintering_habitat,FQ4DXWJU,md_0896,grassland_obligates,species_richness,-1.3708158717476786,0.5634857550613417,-2.779572462759233,TRUE
nest_success,nest_success_guild_bmp,obligate_grassland,edge_and_shrub_habitat,KSACJCJN,bc_0046,eastern_meadowlark,DSR,-0.06632207671116497,0.03783047347380577,2.772341265177554,TRUE
abundance,abundance_guild_bmp,facultative_grassland,edge_and_shrub_habitat,9HH6YMIM,md_0436,common_yellowthroat,density (birds/count/100 ha),-1.9215371972609157,0.640197457913983,-2.7425943151926258,TRUE
abundance,abundance_guild_bmp,obligate_grassland,edge_and_shrub_habitat,9HH6YMIM,md_0446,dickcissel,density (birds/count/100 ha),-2.4995853414524873,0.7128435498829936,-2.741985467446728,TRUE
abundance,abundance_guild_bmp,facultative_grassland,plant_nwsg,5EM6FIBL,md_0715,field_sparrow,territory density (territories/40 ha),1.3890709179240364,0.2757994938719701,2.7342849627298627,TRUE
abundance,abundance_pooled_bmp,all_grassland,prescribed_fire,K2FW7NWY,md_0623,clay_colored_sparrow,number of singing males - 1994,-1.989356334536159,0.2667119746312793,-2.729323328806398,TRUE
abundance,abundance_guild_bmp,facultative_grassland,provide_overwintering_habitat,TIFDVC4W,md_0940,song_sparrow,winter density (birds/ha),1.9239835596935615,0.5724173379104938,2.7167175167624382,TRUE
abundance,abundance_pooled_bmp,all_grassland,prescribed_fire,GS4TG5A4,tc_0012,mountain_plover,Density,2.478709341572747,0.5048015548051538,2.7014329399109704,TRUE
abundance,abundance_guild_bmp,obligate_grassland,prescribed_fire,GS4TG5A4,tc_0012,mountain_plover,Density,2.478709341572747,0.5048015548051538,2.7010197455982428,TRUE
species_richness,richness_bmp,,edge_and_shrub_habitat,9HH6YMIM,md_0452,all_species,species_richness,-1.7352611503134416,0.6193979233105654,-2.68826318814472,TRUE
abundance,abundance_pooled_bmp,all_grassland,prescribed_fire,K2FW7NWY,md_0611,clay_colored_sparrow,number of singing males - 1994,-2.05957671180087,0.35093397277993005,-2.677733972267383,TRUE
abundance,abundance_pooled_bmp,all_grassland,plant_nwsg,RI9YTV8X,md_0019,western_meadowlark,density,1.550134718137023,0.3385616485828134,2.671242990330246,TRUE
abundance,abundance_pooled_bmp,all_grassland,prescribed_fire,GS4TG5A4,tc_0002,lark_bunting,Density,-2.2233271669864636,0.48227302504563185,-2.6513614342377134,TRUE
abundance,abundance_guild_bmp,obligate_grassland,plant_nwsg,RI9YTV8X,md_0018,bobolink,density,1.4004699676877066,0.3312360282373612,2.6310930221899103,TRUE
abundance,abundance_guild_bmp,facultative_grassland,provide_overwintering_habitat,7SS4IEI5,md_0108,song_sparrow,winter density (birds/10 ha),1.5435882900367337,0.4360085454918324,2.5982629736771954,TRUE
abundance,abundance_pooled_bmp,all_grassland,plant_nwsg,9HH6YMIM,md_0435,common_yellowthroat,density (birds/count/100 ha),-1.9215371972609157,0.640197457913983,-2.58406389041167,TRUE
abundance,abundance_pooled_bmp,all_grassland,rotational_grazing,2WJYSYDE,md_1171,killdeer,abundance,-2.0576332355481344,0.6473384303783227,-2.5744864068514604,TRUE
abundance,abundance_pooled_bmp,all_grassland,remove_non_native_shrubs,7DEL2BXP,md_0530,henslows_sparrow,density (birds/ha),1.1537394008145363,0.28519129528861226,2.5712376390802607,TRUE
abundance,abundance_pooled_bmp,all_grassland,edge_and_shrub_habitat,V8UPXK6I,md_1068,song_sparrow,Abundance,1.4556780247738654,0.4466725790734764,2.5677575695841974,TRUE
abundance,abundance_pooled_bmp,all_grassland,plant_nwsg,5EM6FIBL,md_0715,field_sparrow,territory density (territories/40 ha),1.3890709179240364,0.2757994938719701,2.549688429682601,TRUE
abundance,abundance_guild_bmp,obligate_grassland,edge_and_shrub_habitat,9HH6YMIM,md_0471,dickcissel,nest density (nests/100 ha),-2.740546872301772,0.8790966689127546,-2.542623113297074,TRUE
abundance,abundance_guild_bmp,facultative_grassland,edge_and_shrub_habitat,V8UPXK6I,md_1068,song_sparrow,Abundance,1.4556780247738654,0.4466725790734764,2.5331156409085964,TRUE
abundance,abundance_pooled_bmp,all_grassland,edge_and_shrub_habitat,9HH6YMIM,md_0436,common_yellowthroat,density (birds/count/100 ha),-1.9215371972609157,0.640197457913983,-2.5303276773619907,TRUE
abundance,abundance_guild_bmp,obligate_grassland,plant_nwsg,YXR6499E,md_0329,spragues_pipit,abundance,1.0092024509351003,0.10918827738729704,2.529111688748316,TRUE
abundance,abundance_pooled_bmp,all_grassland,plant_nwsg,5EM6FIBL,md_0709,eastern_meadowlark,territory density (territories/40 ha),-1.271439873448373,0.3121900834813933,-2.528347216522353,TRUE
abundance,abundance_pooled_bmp,all_grassland,stream_exclusion_and_buffers,7SS4IEI5,md_0109,song_sparrow,winter density (birds/10 ha),1.5435882900367337,0.4360085454918324,2.5155618081388322,TRUE
abundance,abundance_pooled_bmp,all_grassland,remove_non_native_shrubs,LUTCPDZB,md_0891,american_robin,relative abundance,1.909347197368355,0.6866053504182986,2.4906813569742305,TRUE
abundance,abundance_guild_bmp,facultative_grassland,plant_nwsg,9HH6YMIM,md_0449,song_sparrow,density (birds/count/100 ha),-1.495881950818713,0.5948991518748087,-2.4800498984653165,TRUE
abundance,abundance_pooled_bmp,all_grassland,provide_overwintering_habitat,IF3VCNWP,md_0145,grasshopper_sparrow,abundance - 97-98,2.0867912632437737,0.6371256636116561,2.464445099460554,TRUE
abundance,abundance_guild_bmp,facultative_grassland,remove_non_native_shrubs,A9QQKZTZ,md_0850,northern_mockingbird,abundance - 2009,-2.849091197210054,1.0502904618096454,-2.4631398472892956,TRUE
abundance,abundance_guild_bmp,obligate_grassland,plant_nwsg,5EM6FIBL,md_0709,eastern_meadowlark,territory density (territories/40 ha),-1.271439873448373,0.3121900834813933,-2.4582445670283035,TRUE
species_richness,richness_bmp,,prescribed_fire,K2FW7NWY,md_0631,all_species,species_richness - 1994,1.3359279952338068,0.24303080413806705,2.4575502457148537,TRUE
abundance,abundance_pooled_bmp,all_grassland,remove_non_native_shrubs,A9QQKZTZ,md_0850,northern_mockingbird,abundance - 2009,-2.849091197210054,1.0502904618096454,-2.451822085535598,TRUE
abundance,abundance_guild_bmp,facultative_grassland,reduce_grazing_intensity,CRBK6BMU,md_1276,grassland_species,abundance,3.583050900699957,1.389716637257662,2.431547402513489,TRUE
abundance,abundance_pooled_bmp,all_grassland,provide_overwintering_habitat,TIFDVC4W,md_0940,song_sparrow,winter density (birds/ha),1.9239835596935615,0.5724173379104938,2.4271546681200475,TRUE
abundance,abundance_guild_bmp,facultative_grassland,prescribed_fire,K2FW7NWY,md_0623,clay_colored_sparrow,number of singing males - 1994,-1.989356334536159,0.2667119746312793,-2.421492561031181,TRUE
abundance,abundance_pooled_bmp,all_grassland,plant_nwsg,RI9YTV8X,md_0018,bobolink,density,1.4004699676877066,0.3312360282373612,2.4158511672511085,TRUE
species_richness,richness_bmp,,stream_exclusion_and_buffers,U3SWA47K,md_0033,all_species,species_richness,3.4782608695652173,1.0649955403405122,2.4097154148519526,TRUE
abundance,abundance_pooled_bmp,all_grassland,prescribed_fire,K2FW7NWY,md_0610,bobolink,number of singing males - 1994,2.0212225581057197,0.34869685577466014,2.4039448516685984,TRUE
abundance,abundance_guild_bmp,obligate_grassland,prescribed_fire,K2FW7NWY,md_0610,bobolink,number of singing males - 1994,2.0212225581057197,0.34869685577466014,2.3999967694588613,TRUE
abundance,abundance_pooled_bmp,all_grassland,edge_and_shrub_habitat,CXWJRPTX,md_1054,henslows_sparrow,Density (males/ha),-2.578558672949832,0.9903267486813296,-2.391814099684921,TRUE
abundance,abundance_guild_bmp,facultative_grassland,remove_non_native_shrubs,A9QQKZTZ,md_0823,mourning_dove,abundance - 2006,-2.6276595849846305,1.001024262716344,-2.361329470290803,TRUE
abundance,abundance_guild_bmp,facultative_grassland,prescribed_fire,K2FW7NWY,md_0611,clay_colored_sparrow,number of singing males - 1994,-2.05957671180087,0.35093397277993005,-2.3563776501778126,TRUE
abundance,abundance_pooled_bmp,all_grassland,prescribed_fire,ZXCUY5K9,md_1193,clay_colored_sparrow,density (individuals/ha),-2.642971098587331,0.90258121401699265,-2.351299264565048,TRUE
abundance,abundance_pooled_bmp,all_grassland,remove_non_native_shrubs,A9QQKZTZ,md_0823,mourning_dove,abundance - 2006,-2.6276595849846305,1.001024262716344,-2.3495717078723635,TRUE
abundance,abundance_guild_bmp,obligate_grassland,provide_overwintering_habitat,IF3VCNWP,md_0145,grasshopper_sparrow,abundance - 97-98,2.0867912632437737,0.6371256636116561,2.3458647157210684,TRUE
abundance,abundance_guild_bmp,obligate_grassland,edge_and_shrub_habitat,VY6E42C6,md_1017,grasshopper_sparrow,territories/10 ha,-1.33009289497657,0.28465455016552155,-2.3386220478025663,TRUE
abundance,abundance_pooled_bmp,all_grassland,reduce_grazing_intensity,CRBK6BMU,md_1276,grassland_species,abundance,3.583050900699957,1.389716637257662,2.3302948617984183,TRUE
nest_success,nest_success_guild_bmp,facultative_grassland,edge_and_shrub_habitat,KGGBIEC9,md_1311,indigo_bunting,dsr (early nests),-0.8897262943174713,0.4264985529555653,-2.327672368884263,TRUE
abundance,abundance_pooled_bmp,all_grassland,plant_nwsg,ECUBV53L,md_1174,common_yellowthroat,abundance (individuals/100 ha),2.067985974125039,0.7349524082789041,2.325084860161285,TRUE
abundance,abundance_pooled_bmp,all_grassland,eliminate_pesticides,86MSLRJN,bc_0053,bobolink,abundance (Ontario),2.2122408463797667,0.5529971994672255,2.3216995390090345,TRUE
species_richness,richness_bmp,,prescribed_fire,597YV2YF,md_0965,residents,species_richness,-1.551824471256425,0.7270363010178968,-2.308614312729594,TRUE
abundance,abundance_guild_bmp,facultative_grassland,plant_nwsg,ECUBV53L,md_1174,common_yellowthroat,abundance (individuals/100 ha),2.067985974125039,0.7349524082789041,2.3006008973124703,TRUE
abundance,abundance_pooled_bmp,all_grassland,rotational_grazing,ZXCUY5K9,md_1197,grasshopper_sparrow,density (individuals/ha),-2.190452561239259,0.8233783972684552,-2.295789686801171,TRUE
abundance,abundance_guild_bmp,obligate_grassland,stream_exclusion_and_buffers,ILUKKWJA,md_0230,dickcissel,density (birds/0.2 ha),1.126371383682256,0.29646186729815055,2.2695823326458315,TRUE
abundance,abundance_guild_bmp,facultative_grassland,edge_and_shrub_habitat,9HH6YMIM,md_0450,song_sparrow,density (birds/count/100 ha),-1.495881950818713,0.5948991518748087,-2.267898593191591,TRUE
abundance,abundance_pooled_bmp,all_grassland,manage_in_patches,GS4TG5A4,tc_0013,mountain_plover,Density,2.478709341572747,0.5048015548051538,2.2569930710819786,TRUE
abundance,abundance_guild_bmp,obligate_grassland,prescribed_fire,VEK3WELY,md_0209,eastern_meadowlark,nest density (nests/ha),-1.803887795072883,0.6615402460373172,-2.2550370910270003,TRUE
abundance,abundance_guild_bmp,facultative_grassland,plant_nwsg,5EM6FIBL,md_0712,indigo_bunting,territory density (territories/40 ha),1.2415629787443938,0.31093497290279093,2.250353651904103,TRUE
abundance,abundance_guild_bmp,obligate_grassland,rotational_grazing,ZXCUY5K9,md_1197,grasshopper_sparrow,density (individuals/ha),-2.190452561239259,0.8233783972684552,-2.239824522485404,TRUE
abundance,abundance_pooled_bmp,all_grassland,provide_overwintering_habitat,7SS4IEI5,md_0108,song_sparrow,winter density (birds/10 ha),1.5435882900367337,0.4360085454918324,2.2294189248377747,TRUE
abundance,abundance_guild_bmp,facultative_grassland,edge_and_shrub_habitat,9HH6YMIM,md_0470,red_winged_blackbird,nest density (nests/100 ha),-1.7148457959381491,0.7203662688693989,-2.2226637180380755,TRUE
abundance,abundance_guild_bmp,obligate_grassland,manage_in_patches,GS4TG5A4,tc_0003,lark_bunting,Density,-2.2233271669864636,0.48227302504563185,-2.220796458673674,TRUE
abundance,abundance_guild_bmp,obligate_grassland,stream_exclusion_and_buffers,ILUKKWJA,md_0231,dickcissel,density (birds/0.2 ha),1.0930536639770292,0.28660347099190836,2.2179850164456734,TRUE
abundance,abundance_guild_bmp,obligate_grassland,prescribed_fire,GS4TG5A4,md_1144,western_meadowlark,density (birds/km^2),-1.9529397442477503,0.7790694148139382,-2.2057859248621017,TRUE
abundance,abundance_guild_bmp,obligate_grassland,prescribed_fire,QI6DHMSY,md_0480,grasshopper_sparrow,density (birds/ha),-2.2809092661352004,0.980319365256242,-2.1798259667019653,TRUE
abundance,abundance_pooled_bmp,all_grassland,stream_exclusion_and_buffers,ILUKKWJA,md_0230,dickcissel,density (birds/0.2 ha),1.126371383682256,0.29646186729815055,2.176627610873544,TRUE
abundance,abundance_pooled_bmp,all_grassland,prescribed_fire,K2FW7NWY,md_0624,common_yellowthroat,number of singing males - 1994,-1.5700219938309017,0.25068550870521383,-2.174799540469721,TRUE
abundance,abundance_pooled_bmp,all_grassland,plant_nwsg,ECUBV53L,md_1175,bobolink,abundance (individuals/100 ha),-1.6839163698982236,0.6841823295121171,-2.172899955902346,TRUE
abundance,abundance_pooled_bmp,all_grassland,plant_nwsg,5EM6FIBL,md_0712,indigo_bunting,territory density (territories/40 ha),1.2415629787443938,0.31093497290279093,2.1709774397391084,TRUE
abundance,abundance_guild_bmp,facultative_grassland,plant_nwsg,5EM6FIBL,md_0716,indigo_bunting,territory density (territories/40 ha),1.1382192190698963,0.26666914133848496,2.160455912958001,TRUE
abundance,abundance_pooled_bmp,all_grassland,plant_nwsg,VAP55SP2,md_0362,grasshopper_sparrow,density (male/ha),-1.3135907406709555,0.4760185704447143,-2.1577621829134146,TRUE
abundance,abundance_guild_bmp,obligate_grassland,prescribed_fire,GS4TG5A4,md_1146,grasshopper_sparrow,density (birds/km^2),-1.888567094740846,0.7702018776647309,-2.156394249435392,TRUE
abundance,abundance_pooled_bmp,all_grassland,eliminate_pesticides,JQQJHBMK,tc_0024,eastern_kingbird,abundance,2.04432320398609,0.5365977055650877,2.149244078232183,TRUE
abundance,abundance_guild_bmp,obligate_grassland,reduce_grazing_intensity,3J65GCSW,md_0387,western_meadowlark,abundance,-1.5816559797411842,0.8312249477051104,-2.1479313790399095,TRUE
abundance,abundance_pooled_bmp,all_grassland,manage_in_patches,GS4TG5A4,tc_0003,lark_bunting,Density,-2.2233271669864636,0.48227302504563185,-2.1373344328743276,TRUE
abundance,abundance_pooled_bmp,all_grassland,plant_nwsg,9HH6YMIM,md_0449,song_sparrow,density (birds/count/100 ha),-1.495881950818713,0.5948991518748087,-2.1351605840073202,TRUE
abundance,abundance_pooled_bmp,all_grassland,plant_nwsg,HZBZKNRR,md_0313,savannah_sparrow,abundance,-0.8908443952258278,0.15078343683397125,-2.1350280859687123,TRUE
abundance,abundance_pooled_bmp,all_grassland,plant_nwsg,YXR6499E,md_0329,spragues_pipit,abundance,1.0092024509351003,0.10918827738729704,2.133947732620038,TRUE
abundance,abundance_pooled_bmp,all_grassland,stream_exclusion_and_buffers,ILUKKWJA,md_0231,dickcissel,density (birds/0.2 ha),1.0930536639770292,0.28660347099190836,2.130576545898635,TRUE
abundance,abundance_guild_bmp,obligate_grassland,eliminate_pesticides,86MSLRJN,bc_0057,eastern_meadowlark,abundance (Ontario),1.481239523228192,0.4881674166596433,2.130034856698423,TRUE
abundance,abundance_guild_bmp,obligate_grassland,edge_and_shrub_habitat,CXWJRPTX,md_1054,henslows_sparrow,Density (males/ha),-2.578558672949832,0.9903267486813296,-2.126254907201269,TRUE
abundance,abundance_guild_bmp,facultative_grassland,plant_nwsg,9HH6YMIM,md_0395,red_winged_blackbird,density (birds/count/100 ha),-1.0789363053523395,0.4974959178224148,-2.123392833873782,TRUE
abundance,abundance_pooled_bmp,all_grassland,prescribed_fire,K2FW7NWY,md_0604,spragues_pipit,number of singing males - 1993,1.9912682806020163,0.5243651444582795,2.1168613232190245,TRUE
abundance,abundance_pooled_bmp,all_grassland,eliminate_pesticides,JQQJHBMK,tc_0077,white_crowned_sparrow,abundance,-1.4948338890381687,0.489202281734501,-2.1153800511389154,TRUE
species_richness,richness_bmp,,plant_nwsg,9YXV6ME8,md_0494,wintering_species,species_richness,1.8051515964218845,0.3655345417894822,2.114953823475883,TRUE
abundance,abundance_guild_bmp,facultative_grassland,edge_and_shrub_habitat,9HH6YMIM,md_0418,common_yellowthroat,density (birds/count/100 ha),-1.2288304227750668,0.5061128378861988,-2.10928085822603,TRUE
abundance,abundance_guild_bmp,obligate_grassland,plant_nwsg,ECUBV53L,md_1175,bobolink,abundance (individuals/100 ha),-1.6839163698982236,0.6841823295121171,-2.106572142457203,TRUE
abundance,abundance_pooled_bmp,all_grassland,remove_non_native_shrubs,7DEL2BXP,md_0519,henslows_sparrow,density (birds/ha),0.9462760081614048,0.2782878145972387,2.1047733524356302,TRUE
abundance,abundance_pooled_bmp,all_grassland,prescribed_fire,5LF5W5A9,md_1213,dickcissel,nest density (nests/ha),2.1225403715164015,0.6344275902536343,2.1016567310394656,TRUE
abundance,abundance_guild_bmp,obligate_grassland,edge_and_shrub_habitat,55UE5VCT,md_0044,breeding_grassland_species,density,0.6280736416171353,0.2871758241886745,2.098859429936533,TRUE
abundance,abundance_guild_bmp,facultative_grassland,prescribed_fire,IWRX5UBB,md_0994,northern_bobwhite,density (males/10 ha),1.8064516129032255,0.699635701250372,2.093926785771043,TRUE
abundance,abundance_guild_bmp,facultative_grassland,prescribed_fire,ZXCUY5K9,md_1193,clay_colored_sparrow,density (individuals/ha),-2.642971098587331,0.90258121401699265,-2.091326953519581,TRUE
abundance,abundance_guild_bmp,obligate_grassland,plant_nwsg,VAP55SP2,md_0362,grasshopper_sparrow,density (male/ha),-1.3135907406709555,0.4760185704447143,-2.0818743949139833,TRUE
nest_success,nest_success_guild_bmp,facultative_grassland,edge_and_shrub_habitat,NMR6JN8N,md_1137,indigo_bunting,Daily percent predation rate (S. Ripple Hollow),-0.37028689991844654,0.17162268613423312,-2.077526545404869,TRUE
abundance,abundance_pooled_bmp,all_grassland,plant_nwsg,VAP55SP2,md_0361,savannah_sparrow,density (male/ha),-1.255605311860624,0.47209033143894513,-2.076902627523217,TRUE
abundance,abundance_pooled_bmp,all_grassland,plant_nwsg,5EM6FIBL,md_0716,indigo_bunting,territory density (territories/40 ha),1.1382192190698963,0.26666914133848496,2.0736585005199304,TRUE
abundance,abundance_guild_bmp,obligate_grassland,prescribed_fire,K2FW7NWY,md_0604,spragues_pipit,number of singing males - 1993,1.9912682806020163,0.5243651444582795,2.061991855903255,TRUE
abundance,abundance_pooled_bmp,all_grassland,edge_and_shrub_habitat,9HH6YMIM,md_0450,song_sparrow,density (birds/count/100 ha),-1.495881950818713,0.5948991518748087,-2.059058720174651,TRUE
abundance,abundance_pooled_bmp,all_grassland,reduce_grazing_intensity,3J65GCSW,md_0387,western_meadowlark,abundance,-1.5816559797411842,0.8312249477051104,-2.0535712348515434,TRUE
abundance,abundance_pooled_bmp,all_grassland,edge_and_shrub_habitat,9HH6YMIM,md_0470,red_winged_blackbird,nest density (nests/100 ha),-1.7148457959381491,0.7203662688693989,-2.0527004086472047,TRUE
abundance,abundance_guild_bmp,obligate_grassland,plant_nwsg,HZBZKNRR,md_0313,savannah_sparrow,abundance,-0.8908443952258278,0.15078343683397125,-2.048764075051927,TRUE
abundance,abundance_guild_bmp,obligate_grassland,prescribed_fire,5LF5W5A9,md_1213,dickcissel,nest density (nests/ha),2.1225403715164015,0.6344275902536343,2.0379934726040774,TRUE
abundance,abundance_guild_bmp,facultative_grassland,edge_and_shrub_habitat,9HH6YMIM,md_0425,song_sparrow,density (birds/count/100 ha),-1.1713475947468368,0.5026937230240328,-2.022120162901683,TRUE
abundance,abundance_pooled_bmp,all_grassland,prescribed_fire,ZXCUY5K9,md_1189,chestnut_collared_longspur,density (individuals/ha),2.3453913176487027,0.849632632791822,2.012663986156759,TRUE
abundance,abundance_guild_bmp,facultative_grassland,provide_overwintering_habitat,IF3VCNWP,md_0133,rufous_crowned_sparrow,abundance - 97-98,1.4818105062187483,0.5734320147305522,2.00227312312343,TRUE
abundance,abundance_guild_bmp,obligate_grassland,plant_nwsg,VAP55SP2,md_0361,savannah_sparrow,density (male/ha),-1.255605311860624,0.47209033143894513,-1.9992022965637597,TRUE
abundance,abundance_guild_bmp,facultative_grassland,rotational_grazing,ZXCUY5K9,md_1194,clay_colored_sparrow,density (individuals/ha),1.405101794574939,0.7081428347927065,1.9963310893608068,TRUE
abundance,abundance_guild_bmp,facultative_grassland,prescribed_fire,IWRX5UBB,md_0996,ring_necked_pheasant,density (males/10 ha),1.6904330544171504,0.6849853564488597,1.995800454799715,TRUE
abundance,abundance_guild_bmp,facultative_grassland,remove_non_native_shrubs,LUTCPDZB,md_0892,brown_headed_cowbird,relative abundance,1.0410031435521936,0.6038876343513746,1.9941429464637672,TRUE
abundance,abundance_pooled_bmp,all_grassland,remove_non_native_shrubs,7DEL2BXP,md_0529,grasshopper_sparrow,density (birds/ha),0.8948226286059647,0.2767639743764047,1.9918716611149156,TRUE
abundance,abundance_guild_bmp,obligate_grassland,manage_in_patches,GS4TG5A4,tc_0013,mountain_plover,Density,2.478709341572747,0.5048015548051538,1.9879020862512944,TRUE
abundance,abundance_guild_bmp,facultative_grassland,eliminate_pesticides,JQQJHBMK,tc_0024,eastern_kingbird,abundance,2.04432320398609,0.5365977055650877,1.985575530168843,TRUE
abundance,abundance_pooled_bmp,all_grassland,install_nest_boxes,YZC4YM2A,bc_0075,tits,Nest density,-0.8096957194430117,0.4687999746915502,-1.9825329660405058,TRUE
abundance,abundance_guild_bmp,obligate_grassland,prescribed_fire,GS4TG5A4,tc_0004,western_meadowlark,Density,-1.231843430357365,0.4112755038255184,-1.9795226418486656,TRUE
nest_success,nest_success_guild_bmp,facultative_grassland,edge_and_shrub_habitat,NMR6JN8N,md_1136,indigo_bunting,Daily percent predation rate (Pine Hills),1.3342418189389882,0.10008554661550494,1.9573226204467806,FALSE
abundance,abundance_pooled_bmp,all_grassland,eliminate_pesticides,86MSLRJN,bc_0071,song_sparrow,abundance (Quebec),1.9958897313955295,0.626637658974244,1.9487094568196925,FALSE
abundance,abundance_guild_bmp,facultative_grassland,edge_and_shrub_habitat,9HH6YMIM,md_0465,red_winged_blackbird,nest density (nests/100 ha),-1.2857955279094295,0.5975707154153519,-1.9479869646525008,FALSE
abundance,abundance_guild_bmp,obligate_grassland,prescribed_fire,ZXCUY5K9,md_1189,chestnut_collared_longspur,density (individuals/ha),2.3453913176487027,0.849632632791822,1.9362621376722784,FALSE
abundance,abundance_pooled_bmp,all_grassland,prescribed_fire,QI6DHMSY,md_0480,grasshopper_sparrow,density (birds/ha),-2.2809092661352004,0.980319365256242,-1.9360232544177014,FALSE
abundance,abundance_pooled_bmp,all_grassland,stream_exclusion_and_buffers,ILUKKWJA,md_0234,northern_cardinal,density (birds/0.2 ha),-0.4652124328047581,0.2739563878596749,-1.9319138167107561,FALSE
abundance,abundance_guild_bmp,facultative_grassland,prescribed_fire,F8XKUC3R,md_1004,song_sparrow,abundance,1.860306625462787,0.8456132262417978,1.9318101896371167,FALSE
abundance,abundance_pooled_bmp,all_grassland,prescribed_fire,ZXCUY5K9,md_1192,clay_colored_sparrow,density (individuals/ha),-1.990030712602246,0.7909397723386755,-1.9283125838005872,FALSE
species_richness,richness_bmp,,plant_nwsg,9HH6YMIM,md_0451,all_species,species_richness,-1.7352611503134416,0.6193979233105654,-1.928248970954387,FALSE
abundance,abundance_pooled_bmp,all_grassland,prescribed_fire,K2FW7NWY,md_0557,common_yellowthroat,number of singing males - 1993,-1.392653511453729,0.2588804549631187,-1.9251605753475642,FALSE
abundance,abundance_pooled_bmp,all_grassland,prescribed_fire,VEK3WELY,md_0209,eastern_meadowlark,nest density (nests/ha),-1.803887795072883,0.6615402460373172,-1.9181201327059514,FALSE
abundance,abundance_pooled_bmp,all_grassland,prescribed_fire,GS4TG5A4,md_1144,western_meadowlark,density (birds/km^2),-1.9529397442477503,0.7790694148139382,-1.9092460015384842,FALSE
species_richness,richness_bmp,,rotational_grazing,Z3T2NHLM,md_1313,obligate_grassland_species,species_richness,1.2282995953422438,0.4702910385673596,1.8932777866690416,FALSE
abundance,abundance_pooled_bmp,all_grassland,plant_nwsg,9HH6YMIM,md_0390,cliff_swallow,density (birds/count/100 ha),1.35640838340484,0.5141942162637152,1.8909011629168087,FALSE
abundance,abundance_pooled_bmp,all_grassland,rotational_grazing,C8RH4NET,md_0324,horned_lark,abundance,-1.0267877383874329,0.2848220979209591,-1.889769106633174,FALSE
abundance,abundance_guild_bmp,obligate_grassland,plant_nwsg,LU5JZP88,md_0375,savannah_sparrow,abundance,1.0017502836401506,0.3219077216733957,1.888019911803513,FALSE
abundance,abundance_guild_bmp,facultative_grassland,plant_nwsg,9HH6YMIM,md_0431,cliff_swallow,density (birds/count/100 ha),-1.0320095051508862,0.5557015950535695,-1.8876690288765283,FALSE
nest_success,nest_success_guild_bmp,obligate_grassland,plant_nwsg,8IQ6TE6A,md_0537,dickcissel,Daily nest survival,-0.4243522805809725,0.2838863742492312,-1.8833541669071097,FALSE
abundance,abundance_guild_bmp,facultative_grassland,plant_nwsg,VAP55SP2,md_0365,red_winged_blackbird,density (male/ha),-0.8600577813508591,0.4493864130571504,-1.8787864165822652,FALSE
abundance,abundance_pooled_bmp,all_grassland,edge_and_shrub_habitat,5LF5W5A9,md_1214,field_sparrow,nest density (nests/ha),1.0795541434085003,0.4610765579300028,1.8756296615779051,FALSE
abundance,abundance_pooled_bmp,all_grassland,edge_and_shrub_habitat,9HH6YMIM,md_0418,common_yellowthroat,density (birds/count/100 ha),-1.2288304227750668,0.5061128378861988,-1.8732497755129944,FALSE
abundance,abundance_guild_bmp,obligate_grassland,prescribed_fire,DTKILVPL,md_1031,henslows_sparrow,abundance (individuals/km),-1.092102994140597,0.3535825297258787,-1.8698855156478544,FALSE
species_richness,richness_bmp,,edge_and_shrub_habitat,9HH6YMIM,md_0426,all_species,species_richness,-0.9556252216091468,0.4911517978987466,-1.8665721457698075,FALSE
abundance,abundance_pooled_bmp,all_grassland,prescribed_fire,K2FW7NWY,md_0612,common_yellowthroat,number of singing males - 1994,-1.392339841464546,0.3164209115631819,-1.8656822335090957,FALSE
abundance,abundance_guild_bmp,facultative_grassland,plant_nwsg,9HH6YMIM,md_0390,cliff_swallow,density (birds/count/100 ha),1.35640838340484,0.5141942162637152,1.8644928478516285,FALSE
abundance,abundance_pooled_bmp,all_grassland,prescribed_fire,GS4TG5A4,md_1146,grasshopper_sparrow,density (birds/km^2),-1.888567094740846,0.7702018776647309,-1.8601073935858132,FALSE
abundance,abundance_guild_bmp,obligate_grassland,plant_nwsg,YXR6499E,md_0333,bairds_sparrow,abundance,0.7728261247821572,0.10659934464984606,1.8540633631729708,FALSE
abundance,abundance_pooled_bmp,all_grassland,prescribed_fire,K2FW7NWY,md_0568,common_yellowthroat,number of singing males - 1993,-1.367143899148617,0.29934938054579047,-1.8504664961950632,FALSE
species_richness,richness_bmp,,provide_overwintering_habitat,55UE5VCT,md_0091,wintering_species,species_richness,-0.5466804134033239,0.4019670996814667,-1.842107420921099,FALSE
abundance,abundance_pooled_bmp,all_grassland,prescribed_fire,K2FW7NWY,md_0592,savannah_sparrow,number of singing males - 1993,1.6067323967178535,0.3843465808179661,1.8406431900567621,FALSE
abundance,abundance_pooled_bmp,all_grassland,edge_and_shrub_habitat,9HH6YMIM,md_0423,dickcissel,density (birds/count/100 ha),-1.2013745284723794,0.504462207123922,-1.833191328466326,FALSE
abundance,abundance_guild_bmp,facultative_grassland,eliminate_pesticides,86MSLRJN,bc_0071,song_sparrow,abundance (Quebec),1.9958897313955295,0.626637658974244,1.831889251827439,FALSE
abundance,abundance_pooled_bmp,all_grassland,edge_and_shrub_habitat,DJXGBKZP,md_1049,red_winged_blackbird,nest density (nests/ha) (2003),1.0046259485584648,0.4316687129907278,1.8179933130196693,FALSE
abundance,abundance_guild_bmp,obligate_grassland,prescribed_fire,5UK425N9,md_1026,dickcissel,density (individuals/ha),-1.078097403021174,0.381569243595618,-1.813432594902548,FALSE
abundance,abundance_guild_bmp,obligate_grassland,prescribed_fire,DTKILVPL,md_1033,grasshopper_sparrow,abundance (individuals/km),-0.9838942901916732,0.2779057894640262,-1.810944180375089,FALSE
abundance,abundance_pooled_bmp,all_grassland,edge_and_shrub_habitat,V8UPXK6I,md_1066,brown_headed_cowbird,Abundance,0.9821232065609876,0.4188862798160773,1.8088959921968466,FALSE
abundance,abundance_guild_bmp,facultative_grassland,prescribed_fire,K2FW7NWY,md_0624,common_yellowthroat,number of singing males - 1994,-1.5700219938309017,0.25068550870521383,-1.8020519822950718,FALSE
abundance,abundance_guild_bmp,facultative_grassland,edge_and_shrub_habitat,5LF5W5A9,md_1214,field_sparrow,nest density (nests/ha),1.0795541434085003,0.4610765579300028,1.7997783003139316,FALSE
abundance,abundance_pooled_bmp,all_grassland,remove_non_native_shrubs,7DEL2BXP,md_0518,grasshopper_sparrow,density (birds/ha),0.8055826911737862,0.2743053768981641,1.7986350327412883,FALSE
abundance,abundance_guild_bmp,obligate_grassland,eliminate_pesticides,86MSLRJN,bc_0058,eastern_meadowlark,abundance (Quebec),1.4305844741403064,0.5687671277111248,1.7964863773521254,FALSE
abundance,abundance_guild_bmp,obligate_grassland,manage_in_patches,DY9N6UPD,md_0223,dickcissel,nests/ha,-2.477410269163562,1.0458134716403935,-1.7956780909214543,FALSE
abundance,abundance_pooled_bmp,all_grassland,edge_and_shrub_habitat,9HH6YMIM,md_0425,song_sparrow,density (birds/count/100 ha),-1.1713475947468368,0.5026937230240328,-1.789129608769463,FALSE
abundance,abundance_pooled_bmp,all_grassland,manage_in_patches,N87HY4T4,md_0005,bobolink,abundance 2014,2.3750243479878126,0.779976778918971,1.7869274739432255,FALSE
abundance,abundance_pooled_bmp,all_grassland,edge_and_shrub_habitat,XXILUEDP,md_1229,sparrows,density (birds/.08 ha),1.0494134913600432,0.4818224806662279,1.7759869487834332,FALSE
abundance,abundance_guild_bmp,obligate_grassland,prescribed_fire,GS4TG5A4,tc_0006,grasshopper_sparrow,Density,-1.070351761133686,0.4028183539296915,-1.7751819185598563,FALSE
abundance,abundance_guild_bmp,obligate_grassland,prescribed_fire,K2FW7NWY,md_0592,savannah_sparrow,number of singing males - 1993,1.6067323967178535,0.3843465808179661,1.7703539081327317,FALSE
abundance,abundance_pooled_bmp,all_grassland,plant_nwsg,HZBZKNRR,md_0314,bobolink,abundance,-0.7178861431556571,0.13279814678613028,-1.7679511052640489,FALSE
abundance,abundance_pooled_bmp,all_grassland,provide_overwintering_habitat,IF3VCNWP,md_0192,mountain_bluebird,abundance - 96-97,-0.8691227844498101,0.5266705310795036,-1.7604996132518087,FALSE
abundance,abundance_guild_bmp,obligate_grassland,rotational_grazing,C8RH4NET,md_0324,horned_lark,abundance,-1.0267877383874329,0.2848220979209591,-1.7552981897933089,FALSE
abundance,abundance_pooled_bmp,all_grassland,edge_and_shrub_habitat,9HH6YMIM,md_0465,red_winged_blackbird,nest density (nests/100 ha),-1.2857955279094295,0.5975707154153519,-1.752843697037273,FALSE
abundance,abundance_pooled_bmp,all_grassland,edge_and_shrub_habitat,V8UPXK6I,md_1065,common_yellowthroat,Abundance,0.9485491619626588,0.4172712412175126,1.7525489790679682,FALSE
abundance,abundance_pooled_bmp,all_grassland,plant_nwsg,9HH6YMIM,md_0395,red_winged_blackbird,density (birds/count/100 ha),-1.0789363053523395,0.4974959178224148,-1.7495334430330256,FALSE
abundance,abundance_pooled_bmp,all_grassland,provide_overwintering_habitat,IF3VCNWP,md_0133,rufous_crowned_sparrow,abundance - 97-98,1.4818105062187483,0.5734320147305522,1.7490965762506452,FALSE
abundance,abundance_pooled_bmp,all_grassland,eliminate_pesticides,JQQJHBMK,tc_0027,indigo_bunting,abundance,-1.172323077102594,0.46670568722322214,-1.7452629413305343,FALSE
abundance,abundance_guild_bmp,facultative_grassland,edge_and_shrub_habitat,DJXGBKZP,md_1049,red_winged_blackbird,nest density (nests/ha) (2003),1.0046259485584648,0.4316687129907278,1.7394506544862525,FALSE
abundance,abundance_pooled_bmp,all_grassland,manage_in_patches,DY9N6UPD,md_0223,dickcissel,nests/ha,-2.477410269163562,1.0458134716403935,-1.7317849815426625,FALSE
abundance,abundance_pooled_bmp,all_grassland,remove_non_native_shrubs,A9QQKZTZ,md_0821,western_meadowlark,abundance - 2006,1.4433756729740643,0.774775953277964,1.7309322026833365,FALSE
abundance,abundance_guild_bmp,facultative_grassland,edge_and_shrub_habitat,V8UPXK6I,md_1066,brown_headed_cowbird,Abundance,0.9821232065609876,0.4188862798160773,1.7300508634921599,FALSE
abundance,abundance_guild_bmp,facultative_grassland,plant_nwsg,AGDXXJXK,md_1208,killdeer,density (birds/ha),-0.9432827135088128,0.5666550363368436,-1.7250739740509147,FALSE
abundance,abundance_pooled_bmp,all_grassland,prescribed_fire,3NTX2A2K,md_0024,common_yellowthroat,density,-1.417464788732394,0.4834106165996171,-1.7172359082978397,FALSE
nest_success,nest_success_guild_bmp,facultative_grassland,edge_and_shrub_habitat,NMR6JN8N,md_1138,indigo_bunting,Daily percent predation rate (Section II),1.5196765707827156,0.40607462149032447,1.7107020774650077,FALSE
abundance,abundance_guild_bmp,facultative_grassland,prescribed_fire,F8XKUC3R,md_1006,killdeer,abundance,1.549193338482967,0.7916228058025279,1.7103622666233562,FALSE
nest_success,nest_success_guild_bmp,obligate_grassland,plant_nwsg,SQ8ICKWV,md_1307,lark_bunting,nestling DSR,1.629670728609239,0.9096842014394892,1.7077356536217807,FALSE
nest_success,nest_success_guild_bmp,obligate_grassland,plant_nwsg,SQ8ICKWV,md_1300,lark_bunting,incubation DSR,1.6163965014357853,0.9044083178391854,1.7030458556578463,FALSE
abundance,abundance_pooled_bmp,all_grassland,provide_overwintering_habitat,BQ6ZPH37,md_0698,northern_cardinal,density (birds/ha) - 2006-2007,-0.5726072982220999,0.3247880956668024,-1.7018473173269275,FALSE
species_richness,richness_bmp,,rotational_grazing,2DXYTUJ6,md_0496,all_species,species_richness,-2.065274982687234,0.8029052750981917,-1.6985060807712171,FALSE
abundance,abundance_pooled_bmp,all_grassland,plant_nwsg,LU5JZP88,md_0375,savannah_sparrow,abundance,1.0017502836401506,0.3219077216733957,1.6981015751676587,FALSE
abundance,abundance_pooled_bmp,all_grassland,prescribed_fire,IWRX5UBB,md_0994,northern_bobwhite,density (males/10 ha),1.8064516129032255,0.699635701250372,1.6962244075661903,FALSE
abundance,abundance_guild_bmp,obligate_grassland,provide_overwintering_habitat,IF3VCNWP,md_0125,horned_lark,abundance - 97-98,-0.20304249224654689,0.5018730485398728,-1.6844320508143598,FALSE
abundance,abundance_pooled_bmp,all_grassland,prescribed_fire,K2FW7NWY,md_0637,grasshopper_sparrow,number of singing males - 1994,1.4160870029590062,0.29915359192067636,1.6843598742578845,FALSE
abundance,abundance_pooled_bmp,all_grassland,eliminate_pesticides,FE9EGUNZ,md_1156,granivores,abundance,1.8535775682059268,0.7057720829303724,1.6837443719504583,FALSE
abundance,abundance_pooled_bmp,all_grassland,stream_exclusion_and_buffers,ILUKKWJA,md_0226,red_winged_blackbird,density (birds/0.2 ha),0.8420925931430115,0.21567374145592624,1.6802906973472707,FALSE
abundance,abundance_guild_bmp,facultative_grassland,eliminate_pesticides,JQQJHBMK,tc_0077,white_crowned_sparrow,abundance,-1.4948338890381687,0.489202281734501,-1.6707127460344144,FALSE
abundance,abundance_guild_bmp,facultative_grassland,edge_and_shrub_habitat,V8UPXK6I,md_1065,common_yellowthroat,Abundance,0.9485491619626588,0.4172712412175126,1.6704652730140095,FALSE
abundance,abundance_pooled_bmp,all_grassland,remove_non_native_shrubs,A9QQKZTZ,md_0838,brown_headed_cowbird,abundance - 2007,-1.5914260631900403,0.7985735676087579,-1.6694892516030648,FALSE
abundance,abundance_guild_bmp,obligate_grassland,plant_nwsg,HZBZKNRR,md_0314,bobolink,abundance,-0.7178861431556571,0.13279814678613028,-1.6626567440611957,FALSE
abundance,abundance_guild_bmp,facultative_grassland,edge_and_shrub_habitat,9HH6YMIM,md_0432,cliff_swallow,density (birds/count/100 ha),-1.0320095051508862,0.5557015950535695,-1.662262774289605,FALSE
abundance,abundance_pooled_bmp,all_grassland,rotational_grazing,ZXCUY5K9,md_1194,clay_colored_sparrow,density (individuals/ha),1.405101794574939,0.7081428347927065,1.662145275495431,FALSE
abundance,abundance_guild_bmp,facultative_grassland,remove_non_native_shrubs,A9QQKZTZ,md_0838,brown_headed_cowbird,abundance - 2007,-1.5914260631900403,0.7985735676087579,-1.6579360631074689,FALSE
abundance,abundance_pooled_bmp,all_grassland,remove_non_native_shrubs,A9QQKZTZ,md_0843,mourning_dove,abundance - 2009,-1.5665168699169634,0.7944586785842735,-1.6483219716526745,FALSE
abundance,abundance_guild_bmp,facultative_grassland,prescribed_fire,ZXCUY5K9,md_1192,clay_colored_sparrow,density (individuals/ha),-1.990030712602246,0.7909397723386755,-1.640175104448952,FALSE
abundance,abundance_pooled_bmp,all_grassland,edge_and_shrub_habitat,XXILUEDP,md_1225,sparrows,density (birds/.08 ha),0.9589659285552586,0.4765574315335353,1.6385949131042183,FALSE
abundance,abundance_guild_bmp,facultative_grassland,remove_non_native_shrubs,A9QQKZTZ,md_0843,mourning_dove,abundance - 2009,-1.5665168699169634,0.7944586785842735,-1.6353527290476195,FALSE
abundance,abundance_pooled_bmp,all_grassland,rotational_grazing,2WJYSYDE,md_1167,grassland_obligates,abundance,1.2054818394123905,0.5807432208269492,1.6228965888480664,FALSE
species_richness,richness_bmp,,prescribed_fire,597YV2YF,md_0966,residents,species_richness,-0.9019842547140832,0.6549200778590474,-1.6160824770941629,FALSE
abundance,abundance_pooled_bmp,all_grassland,provide_overwintering_habitat,IF3VCNWP,md_0138,vesper_sparrow,abundance - 96-97,1.376111075378866,0.5639465219688845,1.6103247058027015,FALSE
abundance,abundance_guild_bmp,facultative_grassland,provide_overwintering_habitat,IF3VCNWP,md_0146,dark_eyed_junco,abundance - 96-97,1.1884595650999297,0.5484964342910398,1.6039592422050712,FALSE
species_richness,richness_bmp,,prescribed_fire,K2FW7NWY,md_0563,all_species,species_richness- 1993,1.0816279302901275,0.24863492844283056,1.6030854560883006,FALSE
abundance,abundance_guild_bmp,obligate_grassland,prescribed_fire,K2FW7NWY,md_0637,grasshopper_sparrow,number of singing males - 1994,1.4160870029590062,0.29915359192067636,1.6018954473510358,FALSE
abundance,abundance_pooled_bmp,all_grassland,plant_nwsg,AGDXXJXK,md_1204,grasshopper_sparrow,density (birds/ha),-1.0784786879753196,0.5766167245144388,-1.600250448784186,FALSE
abundance,abundance_pooled_bmp,all_grassland,prescribed_fire,K2FW7NWY,md_0555,bobolink,number of singing males - 1993,1.3239970359114157,0.25643488271089526,1.5993049921164482,FALSE
abundance,abundance_pooled_bmp,all_grassland,prescribed_fire,IWRX5UBB,md_0996,ring_necked_pheasant,density (males/10 ha),1.6904330544171504,0.6849853564488597,1.597298233753883,FALSE
abundance,abundance_pooled_bmp,all_grassland,rotational_grazing,2WJYSYDE,md_1168,savannah_sparrow,abundance,1.182199496360082,0.5793338109740042,1.5935858809949708,FALSE
abundance,abundance_guild_bmp,facultative_grassland,remove_non_native_shrubs,BQ6ZPH37,md_0672,brown_headed_cowbird,density (birds/ha) - 2006,0.38046386197004184,0.32105723729106705,1.5934223964828695,FALSE
abundance,abundance_pooled_bmp,all_grassland,reduce_grazing_intensity,86IBQ28G,md_0813,brown_headed_cowbird,density (birds/ha) - 2005,-0.7869070930350843,0.5566189158813463,-1.5921855250670671,FALSE
abundance,abundance_guild_bmp,obligate_grassland,edge_and_shrub_habitat,TIFDVC4W,md_0941,savannah_sparrow,winter density (birds/ha),0.6361193339930986,0.4803010626400337,1.5919291483949076,FALSE
abundance,abundance_guild_bmp,obligate_grassland,prescribed_fire,ZXCUY5K9,md_1187,bobolink,density (individuals/ha),-1.2235601609785594,0.6867609120860481,-1.5909724689386675,FALSE
abundance,abundance_guild_bmp,obligate_grassland,manage_in_patches,N87HY4T4,md_0005,bobolink,abundance 2014,2.3750243479878126,0.779976778918971,1.5905059565115316,FALSE
abundance,abundance_guild_bmp,facultative_grassland,remove_non_native_shrubs,LUTCPDZB,md_0894,indigo_bunting,relative abundance,0.7628091642057054,0.5863203360170192,1.5889878776580444,FALSE
abundance,abundance_guild_bmp,obligate_grassland,stream_exclusion_and_buffers,ILUKKWJA,md_0276,horned_lark,density (birds/0.2 ha),-0.16027285625192805,0.2714221125473463,-1.5886372526575117,FALSE
abundance,abundance_pooled_bmp,all_grassland,prescribed_fire,F8XKUC3R,md_1004,song_sparrow,abundance,1.860306625462787,0.8456132262417978,1.5835065438773408,FALSE
abundance,abundance_pooled_bmp,all_grassland,edge_and_shrub_habitat,XXILUEDP,md_1223,sparrows,density (birds/.08 ha),0.918930741772674,0.47436125286300274,1.5769931445983052,FALSE
abundance,abundance_guild_bmp,obligate_grassland,eliminate_pesticides,WQDZ5GX5,md_1256,northern_lapwing,density (territories/ha),-0.1888794238033193,0.10110115856875074,-1.5768057655914287,FALSE
abundance,abundance_pooled_bmp,all_grassland,stream_exclusion_and_buffers,ILUKKWJA,md_0228,red_winged_blackbird,density (birds/0.2 ha),0.8822915650664683,0.28129109601370944,1.575468129312303,FALSE
abundance,abundance_pooled_bmp,all_grassland,prescribed_fire,GS4TG5A4,tc_0004,western_meadowlark,Density,-1.231843430357365,0.4112755038255184,-1.572880308649811,FALSE
abundance,abundance_pooled_bmp,all_grassland,plant_nwsg,9HH6YMIM,md_0431,cliff_swallow,density (birds/count/100 ha),-1.0320095051508862,0.5557015950535695,-1.5719550196690941,FALSE
abundance,abundance_guild_bmp,obligate_grassland,prescribed_fire,QI6DHMSY,md_0478,eastern_meadowlark,density (birds/ha),-1.317906435692993,0.7838744077888753,-1.5694469651542644,FALSE
abundance,abundance_guild_bmp,facultative_grassland,prescribed_fire,QI6DHMSY,md_0481,lark_sparrow,density (birds/ha),1.4047734731039423,0.7988180023859691,1.5643103943629835,FALSE
abundance,abundance_pooled_bmp,all_grassland,plant_nwsg,YXR6499E,md_0333,bairds_sparrow,abundance,0.7728261247821572,0.10659934464984606,1.5602047837310988,FALSE
species_richness,richness_bmp,,provide_overwintering_habitat,7SS4IEI5,md_0098,wintering_species,species_richness,1.2448130856014663,0.4172315880512766,1.5515571288874808,FALSE
abundance,abundance_pooled_bmp,all_grassland,edge_and_shrub_habitat,ZDBASF6Z,md_1087,indigo_bunting,density (birds/ha),0.8273365998498464,0.4118624921382746,1.546780067655478,FALSE
abundance,abundance_guild_bmp,obligate_grassland,eliminate_pesticides,86MSLRJN,bc_0061,northern_harrier,abundance (Sasketchewan),1.131704160869105,0.4641923321771147,1.543972361961216,FALSE
abundance,abundance_pooled_bmp,all_grassland,prescribed_fire,K2FW7NWY,md_0546,common_yellowthroat,number of singing males - 1993,-1.1820963708376395,0.3781256873807042,-1.542832104727481,FALSE
abundance,abundance_guild_bmp,facultative_grassland,prescribed_fire,K2FW7NWY,md_0557,common_yellowthroat,number of singing males - 1993,-1.392653511453729,0.2588804549631187,-1.534271042789668,FALSE
abundance,abundance_pooled_bmp,all_grassland,reduce_grazing_intensity,86IBQ28G,md_0814,red_winged_blackbird,density (birds/ha) - 2005,-0.7465256162798662,0.5542964212667605,-1.531584566177884,FALSE
abundance,abundance_pooled_bmp,all_grassland,eliminate_pesticides,86MSLRJN,bc_0057,eastern_meadowlark,abundance (Ontario),1.481239523228192,0.4881674166596433,1.5300476140333195,FALSE
abundance,abundance_guild_bmp,obligate_grassland,prescribed_fire,5UK425N9,md_1027,grasshopper_sparrow,density (individuals/ha),-0.859999386758761,0.3722232796389906,-1.5273169673357923,FALSE
abundance,abundance_pooled_bmp,all_grassland,remove_non_native_shrubs,LUTCPDZB,md_0892,brown_headed_cowbird,relative abundance,1.0410031435521936,0.6038876343513746,1.5248059966388186,FALSE
abundance,abundance_pooled_bmp,all_grassland,prescribed_fire,B34SZBUU,md_0730,dickcissel,abundance,1.557922506237312,0.6271114225108115,1.5237259399229364,FALSE
abundance,abundance_guild_bmp,obligate_grassland,plant_nwsg,AGDXXJXK,md_1204,grasshopper_sparrow,density (birds/ha),-1.0784786879753196,0.5766167245144388,-1.520289049702686,FALSE
abundance,abundance_guild_bmp,facultative_grassland,reduce_grazing_intensity,86IBQ28G,md_0813,brown_headed_cowbird,density (birds/ha) - 2005,-0.7869070930350843,0.5566189158813463,-1.5194856473192697,FALSE
abundance,abundance_guild_bmp,obligate_grassland,rotational_grazing,2WJYSYDE,md_1167,grassland_obligates,abundance,1.2054818394123905,0.5807432208269492,1.5169037300306187,FALSE
abundance,abundance_pooled_bmp,all_grassland,prescribed_fire,K2FW7NWY,md_0659,clay_colored_sparrow,number of singing males - 1994,-1.1721488949910244,0.39525110879615,-1.5154860526968408,FALSE
abundance,abundance_pooled_bmp,all_grassland,prescribed_fire,K2FW7NWY,md_0636,common_yellowthroat,number of singing males - 1994,-1.099797418070868,0.2868079470234807,-1.5146015195620472,FALSE
abundance,abundance_guild_bmp,facultative_grassland,plant_nwsg,DS5EPZ93,md_0350,ring_necked_pheasant,crowing counts (male count),-0.6574200161031475,0.4493380425467687,-1.5144350742767718,FALSE
abundance,abundance_guild_bmp,facultative_grassland,provide_overwintering_habitat,IF3VCNWP,md_0192,mountain_bluebird,abundance - 96-97,-0.8691227844498101,0.5266705310795036,-1.511745773728061,FALSE
abundance,abundance_guild_bmp,obligate_grassland,edge_and_shrub_habitat,CXWJRPTX,md_1053,eastern_meadowlark,Density (males/ha),0.864396480220341,0.699236564345794,1.5102580035297706,FALSE
abundance,abundance_guild_bmp,obligate_grassland,prescribed_fire,K2FW7NWY,md_0555,bobolink,number of singing males - 1993,1.3239970359114157,0.25643488271089526,1.5085162859340653,FALSE
abundance,abundance_guild_bmp,facultative_grassland,remove_non_native_shrubs,BQ6ZPH37,md_0671,american_robin,density (birds/ha) - 2006,-0.8091194127090559,0.33134158008425224,-1.4996545606881873,FALSE
abundance,abundance_pooled_bmp,all_grassland,plant_nwsg,VAP55SP2,md_0365,red_winged_blackbird,density (male/ha),-0.8600577813508591,0.4493864130571504,-1.498453577460429,FALSE
abundance,abundance_pooled_bmp,all_grassland,prescribed_fire,K2FW7NWY,md_0603,savannah_sparrow,number of singing males - 1993,1.414329905930413,0.498404634090874,1.4966424039374078,FALSE
abundance,abundance_guild_bmp,obligate_grassland,plant_nwsg,ECUBV53L,md_1178,sedge_wren,abundance (individuals/100 ha),1.131501209598558,0.6247731527060174,1.4942943402394973,FALSE
abundance,abundance_guild_bmp,facultative_grassland,remove_non_native_shrubs,A9QQKZTZ,md_0835,red_winged_blackbird,abundance - 2006,0.8637281472941309,0.6991677381256084,1.4918263683883697,FALSE
abundance,abundance_guild_bmp,obligate_grassland,rotational_grazing,2WJYSYDE,md_1168,savannah_sparrow,abundance,1.182199496360082,0.5793338109740042,1.488716351035356,FALSE
species_richness,richness_bmp,,prescribed_fire,IWRX5UBB,md_0971,resident_species,species_richness,1.5046834450646585,0.6629708564248122,1.488586480809966,FALSE
abundance,abundance_pooled_bmp,all_grassland,provide_overwintering_habitat,BQ6ZPH37,md_0702,american_robin,density (birds/ha) - 2006-2007,-0.4694290334717149,0.32260289745841564,-1.487754113053751,FALSE
abundance,abundance_guild_bmp,facultative_grassland,prescribed_fire,K2FW7NWY,md_0612,common_yellowthroat,number of singing males - 1994,-1.392339841464546,0.3164209115631819,-1.4823275170505528,FALSE
abundance,abundance_pooled_bmp,all_grassland,prescribed_fire,K2FW7NWY,md_0579,common_yellowthroat,number of singing males - 1993,-1.052725302571675,0.2600740495293853,-1.4727855744830802,FALSE
abundance,abundance_pooled_bmp,all_grassland,prescribed_fire,86IBQ28G,md_0756,brown_headed_cowbird,density (birds/ha) - 2005,-1.4139684769762235,0.7092450296026381,-1.472656077406702,FALSE
abundance,abundance_pooled_bmp,all_grassland,edge_and_shrub_habitat,9HH6YMIM,md_0432,cliff_swallow,density (birds/count/100 ha),-1.0320095051508862,0.5557015950535695,-1.4651341630089383,FALSE
abundance,abundance_guild_bmp,obligate_grassland,plant_nwsg,GE3868HZ,md_0538,chestnut_collared_longspur,breeding pairs/ha,1.2628240283764445,0.7480376843584883,1.464261922228249,FALSE
abundance,abundance_pooled_bmp,all_grassland,plant_nwsg,9HH6YMIM,md_0408,red_winged_blackbird,density (birds/count/100 ha),1.123464474997575,0.5624821241341438,1.4635539715684014,FALSE
abundance,abundance_guild_bmp,facultative_grassland,prescribed_fire,K2FW7NWY,md_0568,common_yellowthroat,number of singing males - 1993,-1.367143899148617,0.29934938054579047,-1.4629552407658337,FALSE
abundance,abundance_guild_bmp,obligate_grassland,plant_nwsg,9HH6YMIM,md_0456,dickcissel,nest density (nests/100 ha),1.0526987384877904,0.5821691418617777,1.45726511071151,FALSE
abundance,abundance_pooled_bmp,all_grassland,edge_and_shrub_habitat,FFFPKYB5,md_1218,dickcissel,nest density (nests/ha),-1.0016787992888363,0.5350126084998501,-1.456748848442022,FALSE
abundance,abundance_pooled_bmp,all_grassland,remove_non_native_shrubs,A9QQKZTZ,md_0842,mourning_dove,abundance - 2008,-1.3499167799740537,0.7606069568035516,-1.4538023620031086,FALSE
abundance,abundance_guild_bmp,facultative_grassland,edge_and_shrub_habitat,ZDBASF6Z,md_1087,indigo_bunting,density (birds/ha),0.8273365998498464,0.4118624921382746,1.4529669985931946,FALSE
abundance,abundance_pooled_bmp,all_grassland,prescribed_fire,DTKILVPL,md_1031,henslows_sparrow,abundance (individuals/km),-1.092102994140597,0.3535825297258787,-1.4525005947171332,FALSE
abundance,abundance_guild_bmp,facultative_grassland,reduce_grazing_intensity,86IBQ28G,md_0814,red_winged_blackbird,density (birds/ha) - 2005,-0.7465256162798662,0.5542964212667605,-1.4509085537510162,FALSE
abundance,abundance_pooled_bmp,all_grassland,edge_and_shrub_habitat,V8UPXK6I,md_1067,chipping_sparrow,Abundance,0.7704246735399547,0.4095562264208678,1.4489950071557018,FALSE
abundance,abundance_pooled_bmp,all_grassland,plant_nwsg,9HH6YMIM,md_0412,song_sparrow,density (birds/count/100 ha),1.106411613830781,0.5611805506755713,1.441675108574815,FALSE
abundance,abundance_guild_bmp,obligate_grassland,provide_overwintering_habitat,IF3VCNWP,md_0124,horned_lark,abundance - 96-97,-0.08256666452273198,0.5006472450828197,-1.4410993493463493,FALSE
nest_success,nest_success_guild_bmp,obligate_grassland,edge_and_shrub_habitat,JGT3P9TP,md_1221,bobolink,DSR,-0.8331325500307907,0.27812596989928506,-1.4308629328433937,FALSE
abundance,abundance_pooled_bmp,all_grassland,plant_nwsg,AGDXXJXK,md_1208,killdeer,density (birds/ha),-0.9432827135088128,0.5666550363368436,-1.4288333023669602,FALSE
abundance,abundance_pooled_bmp,all_grassland,provide_overwintering_habitat,IF3VCNWP,md_0190,western_bluebird,abundance - 96-97,-0.6428643232812871,0.5149407690040662,-1.4272608947274688,FALSE
abundance,abundance_guild_bmp,facultative_grassland,remove_non_native_shrubs,A9QQKZTZ,md_0842,mourning_dove,abundance - 2008,-1.3499167799740537,0.7606069568035516,-1.4260844736768419,FALSE
abundance,abundance_guild_bmp,obligate_grassland,prescribed_fire,B34SZBUU,md_0730,dickcissel,abundance,1.557922506237312,0.6271114225108115,1.4193658745646842,FALSE
abundance,abundance_guild_bmp,obligate_grassland,eliminate_pesticides,4G526MHA,bc_0039,dickcissel,Male abundance per patch,-0.689860274328339,0.6213042829459204,-1.4192413334653189,FALSE
abundance,abundance_guild_bmp,obligate_grassland,prescribed_fire,DTKILVPL,md_1029,henslows_sparrow,abundance (individuals/km),-0.7766353498013846,0.3722375816682494,-1.4139175824883745,FALSE
species_richness,richness_bmp,,eliminate_pesticides,JQQJHBMK,tc_0020,all_species,species_richness,1.4821522364073678,0.48823666889737166,1.413340479200857,FALSE
abundance,abundance_pooled_bmp,all_grassland,prescribed_fire,5UK425N9,md_1026,dickcissel,density (individuals/ha),-1.078097403021174,0.381569243595618,-1.4126615173647774,FALSE
abundance,abundance_pooled_bmp,all_grassland,provide_overwintering_habitat,BQ6ZPH37,md_0692,american_goldfinch,density (birds/ha) - 2006-2007,-0.4319499970127288,0.3219132160868346,-1.4107107496747626,FALSE
abundance,abundance_guild_bmp,obligate_grassland,edge_and_shrub_habitat,TIFDVC4W,md_0945,savannah_sparrow,winter density (birds/ha),0.4780869249228785,0.4349365945208256,1.4101209314539556,FALSE
abundance,abundance_pooled_bmp,all_grassland,prescribed_fire,K2FW7NWY,md_0569,grasshopper_sparrow,number of singing males - 1993,1.1963956457893767,0.2926273736641071,1.4065439779935516,FALSE
abundance,abundance_pooled_bmp,all_grassland,manage_in_patches,YD99BG64,md_0349,loggerhead_shrike,density,-1.7348271960787964,0.7524449622160461,-1.4050164911412484,FALSE
abundance,abundance_pooled_bmp,all_grassland,eliminate_pesticides,JQQJHBMK,tc_0065,barn_swallow,abundance,-0.8867906649826988,0.4506834872128434,-1.4042566447538578,FALSE
species_richness,richness_bmp,,provide_overwintering_habitat,CRBK6BMU,md_1283,all_species,species_richness,-0.5602162538464155,0.6047816908844975,-1.4028456560415314,FALSE
abundance,abundance_pooled_bmp,all_grassland,edge_and_shrub_habitat,55UE5VCT,md_0044,breeding_grassland_species,density,0.6280736416171353,0.2871758241886745,1.4007400303365705,FALSE
abundance,abundance_guild_bmp,facultative_grassland,prescribed_fire,K2FW7NWY,md_0633,brown_headed_cowbird,number of singing males - 1994,0.7837295194653329,0.27721251170810235,1.3983980203431094,FALSE
abundance,abundance_guild_bmp,obligate_grassland,prescribed_fire,DTKILVPL,md_1030,henslows_sparrow,abundance (individuals/km),-0.701859399130698,0.2748557177043508,-1.3983817588780816,FALSE
abundance,abundance_guild_bmp,obligate_grassland,plant_nwsg,RI9YTV8X,md_0016,savannah_sparrow,density,0.732200742839581,0.3064013231339506,1.3971694143803732,FALSE
abundance,abundance_guild_bmp,facultative_grassland,plant_nwsg,9HH6YMIM,md_0408,red_winged_blackbird,density (birds/count/100 ha),1.123464474997575,0.5624821241341438,1.3956074697003966,FALSE
species_richness,richness_bmp,,provide_overwintering_habitat,FQ4DXWJU,md_0899,grassland_facultative_species,facultative species_richness,1.3301771461648677,0.5599964470021656,1.3937114087107352,FALSE
abundance,abundance_pooled_bmp,all_grassland,stream_exclusion_and_buffers,ILUKKWJA,md_0249,brown_headed_cowbird,density (birds/0.2 ha),-0.26598474016277424,0.2720229558240108,-1.3933750904079287,FALSE
abundance,abundance_pooled_bmp,all_grassland,prescribed_fire,IWRX5UBB,md_0979,eastern_kingbird,density (males/10 ha),-1.264516129032258,0.6373984585839558,-1.3923683847805264,FALSE
abundance,abundance_guild_bmp,obligate_grassland,prescribed_fire,K2FW7NWY,md_0603,savannah_sparrow,number of singing males - 1993,1.414329905930413,0.498404634090874,1.3902313335671361,FALSE
abundance,abundance_pooled_bmp,all_grassland,prescribed_fire,GS4TG5A4,tc_0006,grasshopper_sparrow,Density,-1.070351761133686,0.4028183539296915,-1.38601289580796,FALSE
abundance,abundance_pooled_bmp,all_grassland,remove_non_native_shrubs,A9QQKZTZ,md_0831,northern_mockingbird,abundance - 2006,-1.2775290932025127,0.7501155790931396,-1.3846107766653908,FALSE
abundance,abundance_pooled_bmp,all_grassland,eliminate_pesticides,86MSLRJN,bc_0058,eastern_meadowlark,abundance (Quebec),1.4305844741403064,0.5687671277111248,1.3803224683217539,FALSE
species_richness,richness_bmp,,stream_exclusion_and_buffers,47D2B23I,md_0299,all_species,species_richness,-0.6574928357681501,0.31854304635761593,-1.3783700451652325,FALSE
abundance,abundance_pooled_bmp,all_grassland,plant_nwsg,ECUBV53L,md_1178,sedge_wren,abundance (individuals/100 ha),1.131501209598558,0.6247731527060174,1.3778290125437336,FALSE
abundance,abundance_pooled_bmp,all_grassland,prescribed_fire,K2FW7NWY,md_0625,grasshopper_sparrow,number of singing males - 1994,1.1463395033652877,0.2375909833367413,1.3770969423610395,FALSE
abundance,abundance_guild_bmp,obligate_grassland,edge_and_shrub_habitat,9HH6YMIM,md_0423,dickcissel,density (birds/count/100 ha),-1.2013745284723794,0.504462207123922,-1.3745187720292589,FALSE
abundance,abundance_guild_bmp,obligate_grassland,provide_overwintering_habitat,IF3VCNWP,md_0138,vesper_sparrow,abundance - 96-97,1.376111075378866,0.5639465219688845,1.3744704953900742,FALSE
abundance,abundance_guild_bmp,facultative_grassland,plant_nwsg,9HH6YMIM,md_0412,song_sparrow,density (birds/count/100 ha),1.106411613830781,0.5611805506755713,1.3720664941480896,FALSE
abundance,abundance_pooled_bmp,all_grassland,prescribed_fire,DTKILVPL,md_1033,grasshopper_sparrow,abundance (individuals/km),-0.9838942901916732,0.2779057894640262,-1.3707127184718353,FALSE
abundance,abundance_guild_bmp,facultative_grassland,provide_overwintering_habitat,BQ6ZPH37,md_0698,northern_cardinal,density (birds/ha) - 2006-2007,-0.5726072982220999,0.3247880956668024,-1.3686856355944168,FALSE
abundance,abundance_pooled_bmp,all_grassland,edge_and_shrub_habitat,9HH6YMIM,md_0444,indigo_bunting,density (birds/count/100 ha),0.8673656147257056,0.5447720173211077,1.3651149125879471,FALSE
abundance,abundance_pooled_bmp,all_grassland,prescribed_fire,K2FW7NWY,md_0602,grasshopper_sparrow,number of singing males - 1993,1.2943243823913104,0.49397830391962105,1.3644809099343937,FALSE
abundance,abundance_pooled_bmp,all_grassland,plant_nwsg,GE3868HZ,md_0538,chestnut_collared_longspur,breeding pairs/ha,1.2628240283764445,0.7480376843584883,1.3642713257128183,FALSE
abundance,abundance_guild_bmp,facultative_grassland,prescribed_fire,3NTX2A2K,md_0024,common_yellowthroat,density,-1.417464788732394,0.4834106165996171,-1.3621714617476064,FALSE
abundance,abundance_pooled_bmp,all_grassland,prescribed_fire,K2FW7NWY,md_0613,grasshopper_sparrow,number of singing males - 1994,1.1660899373686846,0.3071379956200549,1.3577515852757311,FALSE
abundance,abundance_pooled_bmp,all_grassland,provide_overwintering_habitat,IF3VCNWP,md_0146,dark_eyed_junco,abundance - 96-97,1.1884595650999297,0.5484964342910398,1.354976965668608,FALSE
abundance,abundance_pooled_bmp,all_grassland,remove_non_native_shrubs,BQ6ZPH37,md_0671,american_robin,density (birds/ha) - 2006,-0.8091194127090559,0.33134158008425224,-1.3543844257493383,FALSE
abundance,abundance_pooled_bmp,all_grassland,prescribed_fire,F8XKUC3R,md_1006,killdeer,abundance,1.549193338482967,0.7916228058025279,1.3538225732939313,FALSE
abundance,abundance_pooled_bmp,all_grassland,prescribed_fire,K2FW7NWY,md_0590,common_yellowthroat,number of singing males - 1993,-1.0164571118982466,0.36016329251549056,-1.3536555557255077,FALSE
abundance,abundance_guild_bmp,facultative_grassland,remove_non_native_shrubs,A9QQKZTZ,md_0831,northern_mockingbird,abundance - 2006,-1.2775290932025127,0.7501155790931396,-1.3509297287405915,FALSE
abundance,abundance_guild_bmp,facultative_grassland,edge_and_shrub_habitat,V8UPXK6I,md_1067,chipping_sparrow,Abundance,0.7704246735399547,0.4095562264208678,1.3496658440702343,FALSE
abundance,abundance_guild_bmp,facultative_grassland,eliminate_pesticides,JQQJHBMK,tc_0027,indigo_bunting,abundance,-1.172323077102594,0.46670568722322214,-1.3461543517032373,FALSE
abundance,abundance_guild_bmp,obligate_grassland,eliminate_pesticides,86MSLRJN,bc_0068,savannah_sparrow,abundance (Quebec),-0.5044556463966722,0.5094041630510082,-1.3421624932463367,FALSE
abundance,abundance_guild_bmp,obligate_grassland,prescribed_fire,VEK3WELY,md_0211,henslows_sparrow,nest density (nests/ha),-0.8906298676803144,0.585653261465556,-1.3378024334067582,FALSE
abundance,abundance_pooled_bmp,all_grassland,install_nest_boxes,GGQGCAKN,md_0962,indigo_bunting,territories/40 ha,0.7294848038488285,0.33237696279462137,1.3375415605208063,FALSE
abundance,abundance_pooled_bmp,all_grassland,plant_nwsg,9HH6YMIM,md_0456,dickcissel,nest density (nests/100 ha),1.0526987384877904,0.5821691418617777,1.3348262602882979,FALSE
abundance,abundance_guild_bmp,obligate_grassland,prescribed_fire,GS4TG5A4,md_1143,horned_lark,density (birds/km^2),-0.9617183175845022,0.6681655331115635,-1.3315552185639457,FALSE
abundance,abundance_pooled_bmp,all_grassland,edge_and_shrub_habitat,9HH6YMIM,md_0468,ring_necked_pheasant,nest density (nests/100 ha),0.9455614696065195,0.6365744476320303,1.3289356221455508,FALSE
abundance,abundance_pooled_bmp,all_grassland,edge_and_shrub_habitat,9HH6YMIM,md_0466,dickcissel,nest density (nests/100 ha),-0.9636273778053096,0.5770046326019839,-1.3282330556611142,FALSE
abundance,abundance_pooled_bmp,all_grassland,prescribed_fire,3NTX2A2K,md_0021,red_winged_blackbird,density,-1.1694368675783575,0.6042189597814414,-1.3235802953878746,FALSE
abundance,abundance_pooled_bmp,all_grassland,remove_non_native_shrubs,A9QQKZTZ,md_0832,northern_mockingbird,abundance - 2007,-1.2113246696611262,0.7409063962094918,-1.319512616719574,FALSE
species_richness,richness_bmp,,edge_and_shrub_habitat,55UE5VCT,md_0037,breeding_species,species_richness,0.95294232581245,0.2925778511445092,1.319254999982082,FALSE
abundance,abundance_pooled_bmp,all_grassland,install_nest_boxes,GGQGCAKN,md_0963,dickcissel,territories/40 ha,-0.3622382829998007,0.324344000795698,-1.3118255345766083,FALSE
abundance,abundance_pooled_bmp,all_grassland,prescribed_fire,QI6DHMSY,md_0478,eastern_meadowlark,density (birds/ha),-1.317906435692993,0.7838744077888753,-1.3097481564182252,FALSE
abundance,abundance_guild_bmp,facultative_grassland,prescribed_fire,86IBQ28G,md_0778,mourning_dove,density (birds/ha) - 2005,0.9580156390269352,0.6100954361467359,1.3070024342845978,FALSE
abundance,abundance_pooled_bmp,all_grassland,prescribed_fire,ZXCUY5K9,md_1187,bobolink,density (individuals/ha),-1.2235601609785594,0.6867609120860481,-1.3054949966560125,FALSE
abundance,abundance_pooled_bmp,all_grassland,provide_overwintering_habitat,55UE5VCT,md_0079,wintering_species,density,-0.451041056731282,0.40016467840045167,-1.3049826868727745,FALSE
abundance,abundance_pooled_bmp,all_grassland,plant_nwsg,9HH6YMIM,md_0437,eastern_meadowlark,density (birds/count/100 ha) - 2001,-0.8261495539862925,0.5423024382632206,-1.299786173951678,FALSE
abundance,abundance_pooled_bmp,all_grassland,eliminate_pesticides,86MSLRJN,bc_0063,red_winged_blackbird,abundance (Sasketchewan),1.2830996909002648,0.4739348942402602,1.298894805052575,FALSE
abundance,abundance_pooled_bmp,all_grassland,eliminate_pesticides,JQQJHBMK,tc_0079,brown_headed_cowbird,abundance,1.2824163455991702,0.4738886532143558,1.298087231476405,FALSE
abundance,abundance_guild_bmp,facultative_grassland,remove_non_native_shrubs,A9QQKZTZ,md_0820,lark_sparrow,abundance - 2006,0.7047752552712108,0.6841483854912008,1.2976080360544828,FALSE
abundance,abundance_guild_bmp,obligate_grassland,prescribed_fire,K2FW7NWY,md_0569,grasshopper_sparrow,number of singing males - 1993,1.1963956457893767,0.2926273736641071,1.2929083997477668,FALSE
abundance,abundance_guild_bmp,obligate_grassland,prescribed_fire,86IBQ28G,md_0790,upland_sandpiper,density (birds/ha) - 2004,-0.825625099384538,0.5589508346026139,-1.2893264323811475,FALSE
abundance,abundance_pooled_bmp,all_grassland,prescribed_fire,86IBQ28G,md_0799,upland_sandpiper,density (birds/ha) - 2005,1.305427903729011,0.5958435917242181,1.2881391340499946,FALSE
abundance,abundance_guild_bmp,obligate_grassland,prescribed_fire,86IBQ28G,md_0755,eastern_meadowlark,density (birds/ha) - 2005,-0.906382388847939,0.655299472244751,-1.2846569105328431,FALSE
abundance,abundance_guild_bmp,obligate_grassland,prescribed_fire,DTKILVPL,md_1032,grasshopper_sparrow,abundance (individuals/km),-0.6778376709268061,0.3690065598771011,-1.2828024274358276,FALSE
abundance,abundance_guild_bmp,facultative_grassland,remove_non_native_shrubs,A9QQKZTZ,md_0832,northern_mockingbird,abundance - 2007,-1.2113246696611262,0.7409063962094918,-1.2798997662331542,FALSE
abundance,abundance_pooled_bmp,all_grassland,stream_exclusion_and_buffers,ILUKKWJA,md_0261,northern_mockingbird,density (birds/0.2 ha),-0.22323719263661404,0.2717442634958277,-1.279738239397522,FALSE
abundance,abundance_pooled_bmp,all_grassland,prescribed_fire,K2FW7NWY,md_0622,bobolink,number of singing males - 1994,1.0681799917721997,0.23555867166249955,1.274808253241024,FALSE
abundance,abundance_guild_bmp,facultative_grassland,provide_overwintering_habitat,CRBK6BMU,md_1267,grassland_species,abundance,1.1387032057267428,0.6990073219118974,1.2743129790141423,FALSE
abundance,abundance_guild_bmp,facultative_grassland,prescribed_fire,K2FW7NWY,md_0543,brown_headed_cowbird,number of singing males - 1993,0.7449249201312045,0.3646230977240139,1.2717774580863423,FALSE
abundance,abundance_guild_bmp,facultative_grassland,edge_and_shrub_habitat,9HH6YMIM,md_0444,indigo_bunting,density (birds/count/100 ha),0.8673656147257056,0.5447720173211077,1.2693436264523785,FALSE
abundance,abundance_pooled_bmp,all_grassland,manage_in_patches,N87HY4T4,md_0010,grasshopper_sparrow,abundance 2016,1.6596722393438552,0.6812138724941668,1.26814268129191,FALSE
species_richness,richness_bmp,,stream_exclusion_and_buffers,47D2B23I,md_0297,all_species,species_richness,-0.5755535926369276,0.31655447595031033,-1.265294747197614,FALSE
abundance,abundance_guild_bmp,obligate_grassland,prescribed_fire,IWRX5UBB,md_0985,vesper_sparrow,density (males/10 ha),-0.8402352988301217,0.6013538981715124,-1.2644082935270111,FALSE
abundance,abundance_guild_bmp,obligate_grassland,prescribed_fire,K2FW7NWY,md_0625,grasshopper_sparrow,number of singing males - 1994,1.1463395033652877,0.2375909833367413,1.2601093509261339,FALSE
abundance,abundance_pooled_bmp,all_grassland,eliminate_pesticides,JQQJHBMK,tc_0078,common_grackle,abundance,-0.7664193658444821,0.4451299020144054,-1.2574186154273252,FALSE
abundance,abundance_guild_bmp,obligate_grassland,manage_in_patches,GS4TG5A4,tc_0005,western_meadowlark,Density,-1.231843430357365,0.4112755038255184,-1.2536913552672881,FALSE
abundance,abundance_guild_bmp,obligate_grassland,prescribed_fire,K2FW7NWY,md_0602,grasshopper_sparrow,number of singing males - 1993,1.2943243823913104,0.49397830391962105,1.2468423575435668,FALSE
abundance,abundance_pooled_bmp,all_grassland,provide_overwintering_habitat,XXILUEDP,md_1228,sparrows,density (birds/.08 ha),1.0494134913600432,0.4818224806662279,1.2451093852475494,FALSE
abundance,abundance_guild_bmp,obligate_grassland,prescribed_fire,K2FW7NWY,md_0613,grasshopper_sparrow,number of singing males - 1994,1.1660899373686846,0.3071379956200549,1.2387210937845978,FALSE
abundance,abundance_guild_bmp,facultative_grassland,eliminate_pesticides,86MSLRJN,bc_0063,red_winged_blackbird,abundance (Sasketchewan),1.2830996909002648,0.4739348942402602,1.238652445372253,FALSE
abundance,abundance_guild_bmp,facultative_grassland,edge_and_shrub_habitat,9HH6YMIM,md_0468,ring_necked_pheasant,nest density (nests/100 ha),0.9455614696065195,0.6365744476320303,1.237977267249535,FALSE
abundance,abundance_guild_bmp,facultative_grassland,eliminate_pesticides,JQQJHBMK,tc_0079,brown_headed_cowbird,abundance,1.2824163455991702,0.4738886532143558,1.2379550661716927,FALSE
species_richness,richness_bmp,,prescribed_fire,3NTX2A2K,md_0031,all_species,species_richness,-0.526502430277041,0.5684566337962037,-1.2338598378957306,FALSE
abundance,abundance_pooled_bmp,all_grassland,prescribed_fire,B34SZBUU,md_0728,grasshopper_sparrow,abundance,1.2544272144738955,0.5980842600481695,1.2321908436614961,FALSE
abundance,abundance_pooled_bmp,all_grassland,manage_in_patches,N87HY4T4,md_0009,grasshopper_sparrow,abundance 2015,1.6080096745203585,0.674989998921184,1.2285719614041744,FALSE
species_richness,richness_bmp,,rotational_grazing,9KZCR9YH,md_0724,all_species,species_richness,0.5962334460237917,0.23087918076258823,1.2243732161359973,FALSE
abundance,abundance_guild_bmp,facultative_grassland,remove_non_native_shrubs,A9QQKZTZ,md_0825,western_kingbird,abundance - 2006,0.6469160206408291,0.6793686001085718,1.2239935364406838,FALSE
abundance,abundance_pooled_bmp,all_grassland,provide_overwintering_habitat,IF3VCNWP,md_0169,says_phoebe,abundance - 97-98,-0.5080833102486663,0.5095329089440399,-1.2236595396855408,FALSE
abundance,abundance_guild_bmp,facultative_grassland,edge_and_shrub_habitat,9HH6YMIM,md_0414,ring_necked_pheasant,density (birds/count/100 ha),-0.6706375552996401,0.4792112975914069,-1.2235084522277293,FALSE
abundance,abundance_pooled_bmp,all_grassland,edge_and_shrub_habitat,9HH6YMIM,md_0472,song_sparrow,nest density (nests/100 ha),0.8597753913881846,0.6297801081698943,1.2228538410234389,FALSE
abundance,abundance_guild_bmp,facultative_grassland,remove_non_native_shrubs,BQ6ZPH37,md_0689,indigo_bunting,density (birds/ha) - 2007,0.24359433849852735,0.31930216719996735,1.2208965871694186,FALSE
abundance,abundance_guild_bmp,obligate_grassland,prescribed_fire,DTKILVPL,md_1034,grasshopper_sparrow,abundance (individuals/km),-0.6195838203642995,0.34824723757481907,-1.2207069957095427,FALSE
abundance,abundance_pooled_bmp,all_grassland,plant_nwsg,RI9YTV8X,md_0016,savannah_sparrow,density,0.732200742839581,0.3064013231339506,1.2197864091764594,FALSE
abundance,abundance_pooled_bmp,all_grassland,eliminate_pesticides,86MSLRJN,bc_0059,indigo_bunting,abundance (Ontario),-0.7351446504892765,0.4438091988539588,-1.2190098169133525,FALSE
abundance,abundance_pooled_bmp,all_grassland,prescribed_fire,ZXCUY5K9,md_1190,chestnut_collared_longspur,density (individuals/ha),1.3207118735510628,0.6979178493612738,1.2172032961002472,FALSE
abundance,abundance_guild_bmp,facultative_grassland,plant_nwsg,LU5JZP88,md_0380,red_winged_blackbird,abundance,-0.36077865073312776,0.305332029089412,-1.2170249757694636,FALSE
abundance,abundance_pooled_bmp,all_grassland,prescribed_fire,QI6DHMSY,md_0481,lark_sparrow,density (birds/ha),1.4047734731039423,0.7988180023859691,1.2138626277403557,FALSE
abundance,abundance_pooled_bmp,all_grassland,plant_nwsg,D7FXG82E,md_0931,savannah_sparrow,number of birds per count,-0.4520685878930337,0.0706230706694967,-1.2137767957350647,FALSE
abundance,abundance_guild_bmp,obligate_grassland,plant_nwsg,9HH6YMIM,md_0437,eastern_meadowlark,density (birds/count/100 ha) - 2001,-0.8261495539862925,0.5423024382632206,-1.2127580483979385,FALSE
abundance,abundance_pooled_bmp,all_grassland,prescribed_fire,K2FW7NWY,md_0608,bairds_sparrow,number of singing males - 1994,1.049480943631816,0.3029029439336024,1.2120838846109576,FALSE
abundance,abundance_guild_bmp,facultative_grassland,remove_non_native_shrubs,BQ6ZPH37,md_0680,northern_cardinal,density (birds/ha) - 2006,-0.6984569518910113,0.32801232194180313,-1.2119867755628038,FALSE
abundance,abundance_pooled_bmp,all_grassland,provide_overwintering_habitat,IF3VCNWP,md_0141,lark_sparrow,abundance - 97-98,-0.5004040274104966,0.5092614234924194,-1.2119654544264302,FALSE
abundance,abundance_pooled_bmp,all_grassland,provide_overwintering_habitat,IF3VCNWP,md_0191,western_bluebird,abundance - 97-98,-0.5004040274104966,0.5092614234924194,-1.2119654544264302,FALSE
abundance,abundance_guild_bmp,obligate_grassland,plant_nwsg,ECUBV53L,md_1172,dickcissel,abundance (individuals/100 ha),0.8975960547640767,0.6054838369869738,1.2087145197425364,FALSE
abundance,abundance_guild_bmp,facultative_grassland,reduce_grazing_intensity,CRBK6BMU,md_1266,grassland_species,abundance,1.1387032057267428,0.6990073219118974,1.204341865169789,FALSE
abundance,abundance_pooled_bmp,all_grassland,remove_non_native_shrubs,A9QQKZTZ,md_0824,mourning_dove,abundance - 2007,-1.097074795838176,0.7259231540863087,-1.2031586237778007,FALSE
abundance,abundance_pooled_bmp,all_grassland,install_nest_boxes,GGQGCAKN,md_0959,common_yellowthroat,territories/40 ha,0.6814596463473406,0.33103301275769864,1.2026277919364348,FALSE
abundance,abundance_pooled_bmp,all_grassland,edge_and_shrub_habitat,9HH6YMIM,md_0417,sedge_wren,density (birds/count/100 ha),-0.7856362625291838,0.4835599320661334,-1.2020464992540238,FALSE
abundance,abundance_pooled_bmp,all_grassland,prescribed_fire,K2FW7NWY,md_0647,clay_colored_sparrow,number of singing males - 1994,-0.945756190445608,0.4512569772141002,-1.2007468319954955,FALSE
abundance,abundance_guild_bmp,facultative_grassland,edge_and_shrub_habitat,9HH6YMIM,md_0416,cliff_swallow,density (birds/count/100 ha),-0.6564074601440346,0.4787184645677473,-1.1999544969442868,FALSE
abundance,abundance_pooled_bmp,all_grassland,prescribed_fire,K2FW7NWY,md_0635,clay_colored_sparrow,number of singing males - 1994,-0.8504521325874779,0.2789946610986059,-1.1974918799667364,FALSE
abundance,abundance_pooled_bmp,all_grassland,prescribed_fire,IWRX5UBB,md_0980,field_sparrow,density (males/10 ha),-1.0588844473132504,0.6183757406416919,-1.195506204962565,FALSE
abundance,abundance_guild_bmp,obligate_grassland,prescribed_fire,X3E5MBG4,bc_0081,upland_sandpiper,abundance,-0.5367220162955914,0.21987701915604,-1.1945581835548498,FALSE
abundance,abundance_pooled_bmp,all_grassland,prescribed_fire,K2FW7NWY,md_0663,savannah_sparrow,number of singing males - 1994,1.0813144494644098,0.39191731448966255,1.194318654140437,FALSE
abundance,abundance_guild_bmp,obligate_grassland,reduce_grazing_intensity,86IBQ28G,md_0818,upland_sandpiper,density (birds/ha) - 2005,-0.4615384615384616,0.541201818441165,-1.193375679850821,FALSE
species_richness,richness_bmp,,edge_and_shrub_habitat,55UE5VCT,md_0040,wintering_species,species_richness,0.8877156157939281,0.2913240900316602,1.1871470619494087,FALSE
abundance,abundance_pooled_bmp,all_grassland,provide_overwintering_habitat,IF3VCNWP,md_0131,cassins_sparrow,abundance - 97-98,1.0675285918090591,0.5395412943448185,1.1848354728696209,FALSE
abundance,abundance_guild_bmp,facultative_grassland,remove_non_native_shrubs,A9QQKZTZ,md_0836,red_winged_blackbird,abundance - 2007,0.6127302241488279,0.6767223906192673,1.179814949406182,FALSE
abundance,abundance_pooled_bmp,all_grassland,edge_and_shrub_habitat,9HH6YMIM,md_0438,eastern_meadowlark,density (birds/count/100 ha) - 2001,-0.8261495539862925,0.5423024382632206,-1.177799094687132,FALSE
abundance,abundance_pooled_bmp,all_grassland,prescribed_fire,K2FW7NWY,md_0651,savannah_sparrow,number of singing males - 1994,1.1055340560623506,0.4562728937973777,1.1776397257933522,FALSE
abundance,abundance_guild_bmp,facultative_grassland,provide_overwintering_habitat,IF3VCNWP,md_0190,western_bluebird,abundance - 96-97,-0.6428643232812871,0.5149407690040662,-1.1756330919466687,FALSE
abundance,abundance_guild_bmp,obligate_grassland,prescribed_fire,86IBQ28G,md_0744,dickcissel,density (birds/ha) - 2004,-0.7982860188783552,0.6464523332345812,-1.1750565036084957,FALSE
abundance,abundance_pooled_bmp,all_grassland,plant_nwsg,DS5EPZ93,md_0350,ring_necked_pheasant,crowing counts (male count),-0.6574200161031475,0.4493380425467687,-1.1748856493327584,FALSE
species_richness,richness_bmp,,eliminate_pesticides,RAN8HLMY,bc_0004,farmland_bird_indicator_species,species_richness (2001),4.123239917361444e-4,0.21373421546777485,-1.1711804956518108,FALSE
species_richness,richness_bmp,,stream_exclusion_and_buffers,55UE5VCT,md_0090,wintering_species,species_richness,-0.5466804134033239,0.4019670996814667,-1.170150346877883,FALSE
abundance,abundance_pooled_bmp,all_grassland,rotational_grazing,ZXCUY5K9,md_1203,western_meadowlark,density (individuals/ha),-0.9751303730475722,0.6614391781758069,-1.1694443698575556,FALSE
abundance,abundance_pooled_bmp,all_grassland,remove_non_native_shrubs,LUTCPDZB,md_0894,indigo_bunting,relative abundance,0.7628091642057054,0.5863203360170192,1.1674214328599752,FALSE
abundance,abundance_guild_bmp,obligate_grassland,manage_in_patches,DY9N6UPD,md_0224,dickcissel,nests/ha,-1.319353977594302,0.7376431908579758,-1.1669937602478333,FALSE
abundance,abundance_guild_bmp,obligate_grassland,prescribed_fire,86IBQ28G,md_0799,upland_sandpiper,density (birds/ha) - 2005,1.305427903729011,0.5958435917242181,1.166431265902917,FALSE
abundance,abundance_pooled_bmp,all_grassland,provide_overwintering_habitat,BQ6ZPH37,md_0694,american_robin,density (birds/ha) - 2006-2007,-0.3110172529163454,0.3200717015113543,-1.1645914681594778,FALSE
nest_success,nest_success_guild_bmp,obligate_grassland,delay_hay,IAAZA5MM,md_0338,savannah_sparrow,nest_success,0.6002032351909932,0.1978851463734331,-1.1630499216216035,FALSE
abundance,abundance_pooled_bmp,all_grassland,edge_and_shrub_habitat,XXILUEDP,md_1227,sparrows,density (birds/.08 ha),0.656100727183614,0.4620817626025382,1.1619003353235262,FALSE
abundance,abundance_guild_bmp,obligate_grassland,prescribed_fire,VEK3WELY,md_0208,bobolink,nest density (nests/ha),-0.7305864524809211,0.5770704633898279,-1.1615261320678312,FALSE
abundance,abundance_guild_bmp,obligate_grassland,prescribed_fire,GS4TG5A4,tc_0008,horned_lark,Density,-0.5971436141061618,0.38425274816452865,-1.161299897042865,FALSE
abundance,abundance_pooled_bmp,all_grassland,manage_in_patches,GS4TG5A4,tc_0005,western_meadowlark,Density,-1.231843430357365,0.4112755038255184,-1.1606655846957663,FALSE
abundance,abundance_guild_bmp,obligate_grassland,prescribed_fire,86IBQ28G,md_0784,eastern_meadowlark,density (birds/ha) - 2004,-0.7101115510799724,0.5522992268053344,-1.1597011370040742,FALSE
abundance,abundance_pooled_bmp,all_grassland,prescribed_fire,86IBQ28G,md_0779,northern_bobwhite,density (birds/ha) - 2005,-1.0218833482953975,0.615255249349599,-1.1592952605496059,FALSE
abundance,abundance_guild_bmp,facultative_grassland,prescribed_fire,K2FW7NWY,md_0546,common_yellowthroat,number of singing males - 1993,-1.1820963708376395,0.3781256873807042,-1.1588410119360164,FALSE
abundance,abundance_guild_bmp,facultative_grassland,prescribed_fire,86IBQ28G,md_0756,brown_headed_cowbird,density (birds/ha) - 2005,-1.4139684769762235,0.7092450296026381,-1.1585045235597935,FALSE
abundance,abundance_guild_bmp,obligate_grassland,prescribed_fire,86IBQ28G,md_0777,henslows_sparrow,density (birds/ha) - 2005,-0.7405345464897922,0.5947657637283006,-1.1571353867298173,FALSE
abundance,abundance_guild_bmp,facultative_grassland,provide_overwintering_habitat,BQ6ZPH37,md_0702,american_robin,density (birds/ha) - 2006-2007,-0.4694290334717149,0.32260289745841564,-1.157026275826765,FALSE
abundance,abundance_pooled_bmp,all_grassland,remove_non_native_shrubs,A9QQKZTZ,md_0835,red_winged_blackbird,abundance - 2006,0.8637281472941309,0.6991677381256084,1.1567463034934742,FALSE
abundance,abundance_guild_bmp,facultative_grassland,remove_non_native_shrubs,A9QQKZTZ,md_0826,western_kingbird,abundance - 2007,0.5925133522782715,0.6752204623076844,1.153458094483249,FALSE
abundance,abundance_pooled_bmp,all_grassland,prescribed_fire,5UK425N9,md_1027,grasshopper_sparrow,density (individuals/ha),-0.859999386758761,0.3722232796389906,-1.1529634865098426,FALSE
abundance,abundance_guild_bmp,facultative_grassland,remove_non_native_shrubs,A9QQKZTZ,md_0824,mourning_dove,abundance - 2007,-1.097074795838176,0.7259231540863087,-1.1522102958775866,FALSE
abundance,abundance_guild_bmp,obligate_grassland,reduce_grazing_intensity,86IBQ28G,md_0806,henslows_sparrow,density (birds/ha) - 2004,-0.43514263457633695,0.5402899360437302,-1.1504834675910154,FALSE
abundance,abundance_pooled_bmp,all_grassland,prescribed_fire,86IBQ28G,md_0798,northern_bobwhite,density (birds/ha) - 2005,-0.979070927796758,0.5691787918057208,-1.1493296952432686,FALSE
abundance,abundance_guild_bmp,obligate_grassland,plant_nwsg,XRV7BSRZ,md_0950,savannah_sparrow,abundance,0.8486279301373779,0.6019428637059576,1.1467239960753577,FALSE
abundance,abundance_guild_bmp,obligate_grassland,eliminate_pesticides,WQDZ5GX5,md_1255,northern_lapwing,density (territories/ha),-0.08810335986942379,0.1118764439471524,-1.1460604121502918,FALSE
abundance,abundance_guild_bmp,obligate_grassland,prescribed_fire,K2FW7NWY,md_0622,bobolink,number of singing males - 1994,1.0681799917721997,0.23555867166249955,1.1458237494243695,FALSE
abundance,abundance_pooled_bmp,all_grassland,remove_non_native_shrubs,BQ6ZPH37,md_0680,northern_cardinal,density (birds/ha) - 2006,-0.6984569518910113,0.32801232194180313,-1.144906622271551,FALSE
abundance,abundance_guild_bmp,obligate_grassland,eliminate_pesticides,JQQJHBMK,tc_0075,vesper_sparrow,abundance,0.9035238101422703,0.451513616014144,1.1394821532803605,FALSE
abundance,abundance_pooled_bmp,all_grassland,prescribed_fire,K2FW7NWY,md_0620,bairds_sparrow,number of singing males - 1994,0.9639673096480827,0.23304797172375305,1.1385737400540556,FALSE
abundance,abundance_guild_bmp,facultative_grassland,edge_and_shrub_habitat,9HH6YMIM,md_0415,barn_swallow,density (birds/count/100 ha),-0.6193071907714557,0.47748103039630146,-1.1383694750299995,FALSE
abundance,abundance_guild_bmp,obligate_grassland,prescribed_fire,86IBQ28G,md_0765,eastern_meadowlark,density (birds/ha) - 2004,-0.7222858947328892,0.5936426439050442,-1.1373151747230916,FALSE
abundance,abundance_pooled_bmp,all_grassland,edge_and_shrub_habitat,CXWJRPTX,md_1053,eastern_meadowlark,Density (males/ha),0.864396480220341,0.699236564345794,1.1364408298449709,FALSE
abundance,abundance_guild_bmp,obligate_grassland,rotational_grazing,ZXCUY5K9,md_1203,western_meadowlark,density (individuals/ha),-0.9751303730475722,0.6614391781758069,-1.1358866088012738,FALSE
abundance,abundance_guild_bmp,facultative_grassland,prescribed_fire,K2FW7NWY,md_0659,clay_colored_sparrow,number of singing males - 1994,-1.1721488949910244,0.39525110879615,-1.1343381569829623,FALSE
abundance,abundance_pooled_bmp,all_grassland,reduce_grazing_intensity,CRBK6BMU,md_1266,grassland_species,abundance,1.1387032057267428,0.6990073219118974,1.1314930089961683,FALSE
abundance,abundance_pooled_bmp,all_grassland,remove_non_native_shrubs,A9QQKZTZ,md_0849,northern_mockingbird,abundance - 2008,-1.0271459982563844,0.7173463192985488,-1.1294963481648492,FALSE
abundance,abundance_guild_bmp,obligate_grassland,plant_nwsg,4G526MHA,bc_0036,dickcissel,Male abundance per patch,0.8815876752455656,0.6509072252541126,1.1290842150429379,FALSE
abundance,abundance_guild_bmp,facultative_grassland,edge_and_shrub_habitat,9HH6YMIM,md_0472,song_sparrow,nest density (nests/100 ha),0.8597753913881846,0.6297801081698943,1.1282748303629606,FALSE
abundance,abundance_pooled_bmp,all_grassland,plant_nwsg,9HH6YMIM,md_0443,indigo_bunting,density (birds/count/100 ha),0.8673656147257056,0.5447720173211077,1.1258726204694836,FALSE
abundance,abundance_guild_bmp,obligate_grassland,prescribed_fire,QI6DHMSY,md_0477,dickcissel,density (birds/ha),-0.8027758625785171,0.710785662781775,-1.122778097170802,FALSE
abundance,abundance_guild_bmp,facultative_grassland,prescribed_fire,86IBQ28G,md_0795,red_winged_blackbird,density (birds/ha) - 2005,0.7465256162798662,0.5542964212667605,1.1211009129382394,FALSE
abundance,abundance_guild_bmp,obligate_grassland,prescribed_fire,86IBQ28G,md_0796,henslows_sparrow,density (birds/ha) - 2005,-0.6760251644310948,0.550514080590488,-1.12106538016564,FALSE
abundance,abundance_pooled_bmp,all_grassland,eliminate_pesticides,JQQJHBMK,tc_0058,mourning_dove,abundance,1.1324560015552043,0.4642381699572729,1.1192801633310738,FALSE
abundance,abundance_pooled_bmp,all_grassland,eliminate_pesticides,86MSLRJN,bc_0061,northern_harrier,abundance (Sasketchewan),1.131704160869105,0.4641923321771147,1.1183760656529351,FALSE
abundance,abundance_pooled_bmp,all_grassland,edge_and_shrub_habitat,VY6E42C6,md_1018,grasshopper_sparrow,territories/10 ha,-0.566564485615161,0.26924498674302205,-1.1160398305336159,FALSE
abundance,abundance_pooled_bmp,all_grassland,edge_and_shrub_habitat,XW78AT45,md_1355,grasshopper_sparrow,density - site TL,-0.566564485615161,0.26924498674302205,-1.1160398305336159,FALSE
abundance,abundance_pooled_bmp,all_grassland,stream_exclusion_and_buffers,ILUKKWJA,md_0264,red_tailed_hawk,density (birds/0.2 ha),-0.16027285625192805,0.2714221125473463,-1.113422993072946,FALSE
abundance,abundance_pooled_bmp,all_grassland,stream_exclusion_and_buffers,ILUKKWJA,md_0267,wild_turkey,density (birds/0.2 ha),-0.16027285625192805,0.2714221125473463,-1.113422993072946,FALSE
abundance,abundance_pooled_bmp,all_grassland,stream_exclusion_and_buffers,ILUKKWJA,md_0270,killdeer,density (birds/0.2 ha),-0.16027285625192805,0.2714221125473463,-1.113422993072946,FALSE
abundance,abundance_pooled_bmp,all_grassland,stream_exclusion_and_buffers,ILUKKWJA,md_0276,horned_lark,density (birds/0.2 ha),-0.16027285625192805,0.2714221125473463,-1.113422993072946,FALSE
abundance,abundance_pooled_bmp,all_grassland,stream_exclusion_and_buffers,ILUKKWJA,md_0285,painted_bunting,density (birds/0.2 ha),-0.16027285625192805,0.2714221125473463,-1.113422993072946,FALSE
abundance,abundance_pooled_bmp,all_grassland,stream_exclusion_and_buffers,ILUKKWJA,md_0291,orchard_oriole,density (birds/0.2 ha),-0.16027285625192805,0.2714221125473463,-1.113422993072946,FALSE
nest_success,nest_success_guild_bmp,obligate_grassland,plant_nwsg,ERL3H2FK,md_1241,dickcissel,DSR,0.577087656158656,0.4522447423011131,1.1128647134538903,FALSE
abundance,abundance_guild_bmp,facultative_grassland,prescribed_fire,K2FW7NWY,md_0636,common_yellowthroat,number of singing males - 1994,-1.099797418070868,0.2868079470234807,-1.1092009623169203,FALSE
species_richness,richness_bmp,,plant_nwsg,LU5JZP88,md_0370,all_species,species_richness,1.0622363027154669,0.32420795719946555,1.1090612785885405,FALSE
species_richness,richness_bmp,,edge_and_shrub_habitat,TL3GWJHM,bc_0018,all_species,species_richness,0.8472122602189268,0.2886146908266528,1.1087094666101895,FALSE
abundance,abundance_guild_bmp,obligate_grassland,prescribed_fire,B34SZBUU,md_0728,grasshopper_sparrow,abundance,1.2544272144738955,0.5980842600481695,1.1064827357298728,FALSE
species_richness,richness_bmp,,plant_nwsg,9HH6YMIM,md_0400,all_species,species_richness,1.1478025650737194,0.5013340878940192,1.106285694894634,FALSE
abundance,abundance_pooled_bmp,all_grassland,prescribed_fire,3NTX2A2K,md_0020,red_winged_blackbird,density,-0.8630781359834397,0.449531156071672,-1.1055436051282053,FALSE
abundance,abundance_guild_bmp,obligate_grassland,manage_in_patches,GS4TG5A4,tc_0007,grasshopper_sparrow,Density,-1.070351761133686,0.4028183539296915,-1.1052115670155656,FALSE
abundance,abundance_pooled_bmp,all_grassland,prescribed_fire,K2FW7NWY,md_0644,bairds_sparrow,number of singing males - 1994,1.0409239327370932,0.4541572437073843,1.1040381294913288,FALSE
abundance,abundance_pooled_bmp,all_grassland,prescribed_fire,K2FW7NWY,md_0646,bobolink,number of singing males - 1994,1.0409239327370932,0.4541572437073843,1.1040381294913288,FALSE
abundance,abundance_pooled_bmp,all_grassland,prescribed_fire,K2FW7NWY,md_0652,spragues_pipit,number of singing males - 1994,1.0409239327370932,0.4541572437073843,1.1040381294913288,FALSE
species_richness,richness_bmp,,eliminate_pesticides,65GGK69H,md_0501,grassland_species,species_richness,-0.09490115099335436,0.42858000334863305,-1.1040242788143098,FALSE
abundance,abundance_pooled_bmp,all_grassland,provide_overwintering_habitat,XXILUEDP,md_1224,sparrows,density (birds/.08 ha),0.9589659285552586,0.4765574315335353,1.1035349568077992,FALSE
abundance,abundance_pooled_bmp,all_grassland,edge_and_shrub_habitat,TIFDVC4W,md_0941,savannah_sparrow,winter density (birds/ha),0.6361193339930986,0.4803010626400337,1.1026019042146957,FALSE
abundance,abundance_pooled_bmp,all_grassland,prescribed_fire,K2FW7NWY,md_0556,clay_colored_sparrow,number of singing males - 1993,-0.7585171678941025,0.2404203779726613,-1.097672110221774,FALSE
abundance,abundance_pooled_bmp,all_grassland,reduce_grazing_intensity,86IBQ28G,md_0818,upland_sandpiper,density (birds/ha) - 2005,-0.4615384615384616,0.541201818441165,-1.0960980154210236,FALSE
abundance,abundance_pooled_bmp,all_grassland,prescribed_fire,LRBMJG8I,bc_0044,grasshopper_sparrow,Abundance ratio between treatment and control,0.997858077024561,0.3904321784654884,1.0944391399556237,FALSE
abundance,abundance_guild_bmp,obligate_grassland,prescribed_fire,ZXCUY5K9,md_1190,chestnut_collared_longspur,density (individuals/ha),1.3207118735510628,0.6979178493612738,1.0941775256674098,FALSE
abundance,abundance_pooled_bmp,all_grassland,plant_nwsg,ECUBV53L,md_1172,dickcissel,abundance (individuals/100 ha),0.8975960547640767,0.6054838369869738,1.0935813391234686,FALSE
abundance,abundance_pooled_bmp,all_grassland,prescribed_fire,IWRX5UBB,md_0981,grasshopper_sparrow,density (males/10 ha),1.1425003159318017,0.6257731949926266,1.093187879819606,FALSE
abundance,abundance_guild_bmp,facultative_grassland,prescribed_fire,86IBQ28G,md_0776,red_winged_blackbird,density (birds/ha) - 2005,0.7438330170777989,0.5949715294371821,1.086389562732523,FALSE
abundance,abundance_guild_bmp,facultative_grassland,eliminate_pesticides,JQQJHBMK,tc_0058,mourning_dove,abundance,1.1324560015552043,0.4642381699572729,1.0840099802645151,FALSE
abundance,abundance_guild_bmp,obligate_grassland,manage_in_patches,N87HY4T4,md_0010,grasshopper_sparrow,abundance 2016,1.6596722393438552,0.6812138724941668,1.0827420524596931,FALSE
abundance,abundance_pooled_bmp,all_grassland,manage_in_patches,DY9N6UPD,md_0224,dickcissel,nests/ha,-1.319353977594302,0.7376431908579758,-1.0814848893573556,FALSE
abundance,abundance_guild_bmp,facultative_grassland,provide_overwintering_habitat,BQ6ZPH37,md_0692,american_goldfinch,density (birds/ha) - 2006-2007,-0.4319499970127288,0.3219132160868346,-1.0811461939203029,FALSE
abundance,abundance_pooled_bmp,all_grassland,prescribed_fire,K2FW7NWY,md_0656,bairds_sparrow,number of singing males - 1994,0.9831228876620144,0.3885876105315764,1.0777651389956566,FALSE
abundance,abundance_guild_bmp,obligate_grassland,prescribed_fire,K2FW7NWY,md_0608,bairds_sparrow,number of singing males - 1994,1.049480943631816,0.3029029439336024,1.0772486400957848,FALSE
abundance,abundance_guild_bmp,facultative_grassland,prescribed_fire,K2FW7NWY,md_0621,brown_headed_cowbird,number of singing males - 1994,0.531045842661664,0.22520140362891475,1.0757572367208497,FALSE
abundance,abundance_pooled_bmp,all_grassland,prescribed_fire,B34SZBUU,md_0731,eastern_meadowlark,abundance,1.096364345373238,0.5849979313428434,1.0742206044965243,FALSE
abundance,abundance_pooled_bmp,all_grassland,provide_overwintering_habitat,CRBK6BMU,md_1267,grassland_species,abundance,1.1387032057267428,0.6990073219118974,1.0729657978532894,FALSE
abundance,abundance_guild_bmp,facultative_grassland,remove_non_native_shrubs,A9QQKZTZ,md_0849,northern_mockingbird,abundance - 2008,-1.0271459982563844,0.7173463192985488,-1.0709156990665714,FALSE
abundance,abundance_guild_bmp,obligate_grassland,plant_nwsg,D7FXG82E,md_0931,savannah_sparrow,number of birds per count,-0.4520685878930337,0.0706230706694967,-1.0703840390461936,FALSE
abundance,abundance_pooled_bmp,all_grassland,stream_exclusion_and_buffers,ILUKKWJA,md_0237,indigo_bunting,density (birds/0.2 ha),-0.14290009366584208,0.27135179539323506,-1.0677422527942004,FALSE
abundance,abundance_guild_bmp,facultative_grassland,plant_nwsg,ECUBV53L,md_1177,red_winged_blackbird,abundance (individuals/100 ha),-0.5224546837650395,0.5830734840527975,-1.0636064379923373,FALSE
abundance,abundance_guild_bmp,facultative_grassland,prescribed_fire,IWRX5UBB,md_0979,eastern_kingbird,density (males/10 ha),-1.264516129032258,0.6373984585839558,-1.0612810260996937,FALSE
abundance,abundance_guild_bmp,facultative_grassland,prescribed_fire,K2FW7NWY,md_0579,common_yellowthroat,number of singing males - 1993,-1.052725302571675,0.2600740495293853,-1.0595875840364284,FALSE
abundance,abundance_guild_bmp,obligate_grassland,prescribed_fire,K2FW7NWY,md_0663,savannah_sparrow,number of singing males - 1994,1.0813144494644098,0.39191731448966255,1.0595141478715082,FALSE
abundance,abundance_pooled_bmp,all_grassland,prescribed_fire,GS4TG5A4,md_1143,horned_lark,density (birds/km^2),-0.9617183175845022,0.6681655331115635,-1.0577963848884564,FALSE
abundance,abundance_pooled_bmp,all_grassland,reduce_grazing_intensity,86IBQ28G,md_0806,henslows_sparrow,density (birds/ha) - 2004,-0.43514263457633695,0.5402899360437302,-1.0552597528487107,FALSE
abundance,abundance_pooled_bmp,all_grassland,reduce_grazing_intensity,86IBQ28G,md_0819,lark_sparrow,density (birds/ha) - 2005,-0.43514263457633695,0.5402899360437302,-1.0552597528487107,FALSE
abundance,abundance_guild_bmp,facultative_grassland,prescribed_fire,K2FW7NWY,md_0554,brown_headed_cowbird,number of singing males - 1993,0.5202382406258538,0.2360999178429742,1.0540678113271535,FALSE
species_richness,richness_bmp,,provide_overwintering_habitat,55UE5VCT,md_0093,wintering_species,species_richness,1.0028375456885106,0.43527861036935966,1.0531009928135764,FALSE
abundance,abundance_guild_bmp,facultative_grassland,eliminate_pesticides,JQQJHBMK,tc_0065,barn_swallow,abundance,-0.8867906649826988,0.4506834872128434,-1.051686099034736,FALSE
abundance,abundance_pooled_bmp,all_grassland,prescribed_fire,DTKILVPL,md_1029,henslows_sparrow,abundance (individuals/km),-0.7766353498013846,0.3722375816682494,-1.0510880740759672,FALSE
abundance,abundance_pooled_bmp,all_grassland,provide_overwintering_habitat,IF3VCNWP,md_0139,vesper_sparrow,abundance - 97-98,0.9742132138677372,0.5331981916509821,1.0508492575959054,FALSE
abundance,abundance_pooled_bmp,all_grassland,prescribed_fire,K2FW7NWY,md_0658,bobolink,number of singing males - 1994,0.9575872282422218,0.3877692366572076,1.0473758335861463,FALSE
species_richness,richness_bmp,,provide_overwintering_habitat,55UE5VCT,md_0039,wintering_species,species_richness,0.8877156157939281,0.2913240900316602,1.0451752603142823,FALSE
abundance,abundance_guild_bmp,obligate_grassland,manage_in_patches,N87HY4T4,md_0009,grasshopper_sparrow,abundance 2015,1.6080096745203585,0.674989998921184,1.0443763179056453,FALSE
abundance,abundance_guild_bmp,obligate_grassland,prescribed_fire,K2FW7NWY,md_0651,savannah_sparrow,number of singing males - 1994,1.1055340560623506,0.4562728937973777,1.0430206339770551,FALSE
abundance,abundance_pooled_bmp,all_grassland,prescribed_fire,VEK3WELY,md_0211,henslows_sparrow,nest density (nests/ha),-0.8906298676803144,0.585653261465556,-1.0424246431992799,FALSE
abundance,abundance_pooled_bmp,all_grassland,provide_overwintering_habitat,XXILUEDP,md_1222,sparrows,density (birds/.08 ha),0.918930741772674,0.47436125286300274,1.0403446501430136,FALSE
abundance,abundance_pooled_bmp,all_grassland,plant_nwsg,LU5JZP88,md_0377,song_sparrow,abundance,0.6381485013601547,0.3106865421155339,1.0385110178845707,FALSE
abundance,abundance_guild_bmp,obligate_grassland,prescribed_fire,86IBQ28G,md_0758,henslows_sparrow,density (birds/ha) - 2005,-0.6661150837264578,0.6370272091491754,-1.0379010799401218,FALSE
abundance,abundance_pooled_bmp,all_grassland,plant_nwsg,XRV7BSRZ,md_0950,savannah_sparrow,abundance,0.8486279301373779,0.6019428637059576,1.031988211987834,FALSE
abundance,abundance_guild_bmp,facultative_grassland,plant_nwsg,9HH6YMIM,md_0443,indigo_bunting,density (birds/count/100 ha),0.8673656147257056,0.5447720173211077,1.031420361449851,FALSE
abundance,abundance_guild_bmp,obligate_grassland,edge_and_shrub_habitat,55UE5VCT,md_0061,breeding_grassland_species,density,0.17323416851056656,0.3116462838036361,1.0277469900172964,FALSE
nest_success,nest_success_guild_bmp,obligate_grassland,delay_hay,IAAZA5MM,md_0340,bobolink,nest_success,0.6020369894986823,0.27655859196697363,-1.0273937483922242,FALSE
abundance,abundance_pooled_bmp,all_grassland,prescribed_fire,86IBQ28G,md_0760,northern_bobwhite,density (birds/ha) - 2005,-0.9223131928520184,0.6566872811736181,-1.0260009241357053,FALSE
abundance,abundance_pooled_bmp,all_grassland,plant_nwsg,4G526MHA,bc_0036,dickcissel,Male abundance per patch,0.8815876752455656,0.6509072252541126,1.0212399137077182,FALSE
abundance,abundance_pooled_bmp,all_grassland,plant_nwsg,9HH6YMIM,md_0433,sedge_wren,density (birds/count/100 ha),-0.6236741830049458,0.531790759140835,-1.021006088361742,FALSE
abundance,abundance_pooled_bmp,all_grassland,edge_and_shrub_habitat,9HH6YMIM,md_0414,ring_necked_pheasant,density (birds/count/100 ha),-0.6706375552996401,0.4792112975914069,-1.0205485151349734,FALSE
abundance,abundance_guild_bmp,facultative_grassland,plant_nwsg,9HH6YMIM,md_0457,song_sparrow,nest density (nests/100 ha),-0.469489814517189,0.5561736342787192,-1.0199255123177846,FALSE
abundance,abundance_pooled_bmp,all_grassland,prescribed_fire,K2FW7NWY,md_0553,bairds_sparrow,number of singing males - 1993,0.8768154940675822,0.2431236327973154,1.019847786854423,FALSE
abundance,abundance_pooled_bmp,all_grassland,provide_overwintering_habitat,IF3VCNWP,md_0195,northern_mockingbird,abundance - 97-98,-0.3750041885807508,0.5053974913589999,-1.0198058047350884,FALSE
abundance,abundance_pooled_bmp,all_grassland,provide_overwintering_habitat,BQ6ZPH37,md_0706,northern_cardinal,density (birds/ha) - 2006-2007,-0.2387569606077782,0.3192540876147542,-1.0191975864453418,FALSE
abundance,abundance_pooled_bmp,all_grassland,eliminate_pesticides,4G526MHA,bc_0039,dickcissel,Male abundance per patch,-0.689860274328339,0.6213042829459204,-1.0189070349356206,FALSE
abundance,abundance_pooled_bmp,all_grassland,eliminate_pesticides,JQQJHBMK,tc_0067,american_crow,abundance,-0.5705842554764153,0.43771545937258954,-1.0153710179485518,FALSE
abundance,abundance_pooled_bmp,all_grassland,plant_nwsg,D7FXG82E,md_0930,song_sparrow,number of birds per count,0.5292983716838624,0.07094831589852628,1.01434765931879,FALSE
abundance,abundance_pooled_bmp,all_grassland,prescribed_fire,86IBQ28G,md_0755,eastern_meadowlark,density (birds/ha) - 2005,-0.906382388847939,0.655299472244751,-1.0107532082544974,FALSE
abundance,abundance_guild_bmp,facultative_grassland,plant_nwsg,9HH6YMIM,md_0389,barn_swallow,density (birds/count/100 ha),-0.3915846842108416,0.4714160196657466,-1.009200309621791,FALSE
abundance,abundance_pooled_bmp,all_grassland,manage_in_patches,GS4TG5A4,tc_0007,grasshopper_sparrow,Density,-1.070351761133686,0.4028183539296915,-1.0089984103315401,FALSE
abundance,abundance_pooled_bmp,all_grassland,prescribed_fire,DTKILVPL,md_1030,henslows_sparrow,abundance (individuals/km),-0.701859399130698,0.2748557177043508,-1.0082274568322607,FALSE
abundance,abundance_guild_bmp,obligate_grassland,edge_and_shrub_habitat,FFFPKYB5,md_1218,dickcissel,nest density (nests/ha),-1.0016787992888363,0.5350126084998501,-1.0082026438263474,FALSE
species_richness,richness_bmp,,provide_overwintering_habitat,N8CXRDSX,md_0352,wintering_species,species_richness - 2007,0.03199277920698003,0.1337871287360113,-1.0070977645918955,FALSE
abundance,abundance_pooled_bmp,all_grassland,edge_and_shrub_habitat,DJXGBKZP,md_1050,red_winged_blackbird,nest density (nests/ha) (2004),0.4875793808158332,0.36051256454990094,1.0045610846079385,FALSE
abundance,abundance_pooled_bmp,all_grassland,provide_overwintering_habitat,IF3VCNWP,md_0176,bridled_titmouse,abundance - 96-97,-0.3646027508369673,0.5051256033361529,-1.0037756708981005,FALSE
abundance,abundance_pooled_bmp,all_grassland,prescribed_fire,K2FW7NWY,md_0629,western_meadowlark,number of singing males - 1994,0.8597546275239657,0.23077152394977937,1.0025251838817064,FALSE
abundance,abundance_guild_bmp,facultative_grassland,prescribed_fire,QI6DHMSY,md_0484,northern_mockingbird,density (birds/ha),0.7411267859855535,0.7040584074867557,1.0022765903099655,FALSE
abundance,abundance_pooled_bmp,all_grassland,prescribed_fire,K2FW7NWY,md_0558,grasshopper_sparrow,number of singing males - 1993,0.8599536576432055,0.2427163538167212,0.99800602583418,FALSE
abundance,abundance_pooled_bmp,all_grassland,edge_and_shrub_habitat,9HH6YMIM,md_0416,cliff_swallow,density (birds/count/100 ha),-0.6564074601440346,0.4787184645677473,-0.9979206430739264,FALSE
abundance,abundance_pooled_bmp,all_grassland,plant_nwsg,VAP55SP2,md_0360,common_yellowthroat,density (male/ha),0.7003657394678738,0.4424007999363555,0.9957754314020604,FALSE
abundance,abundance_pooled_bmp,all_grassland,edge_and_shrub_habitat,57RFAGS5,bc_0095,northern_bobwhite,density (birds/ha),0.6817397537817854,0.6175565242634542,0.9952660044947095,FALSE
abundance,abundance_guild_bmp,obligate_grassland,prescribed_fire,K2FW7NWY,md_0620,bairds_sparrow,number of singing males - 1994,0.9639673096480827,0.23304797172375305,0.9938269046683715,FALSE
abundance,abundance_pooled_bmp,all_grassland,prescribed_fire,86IBQ28G,md_0790,upland_sandpiper,density (birds/ha) - 2004,-0.825625099384538,0.5589508346026139,-0.9904243866009216,FALSE
abundance,abundance_pooled_bmp,all_grassland,provide_overwintering_habitat,IF3VCNWP,md_0168,says_phoebe,abundance - 96-97,-0.3538390811150212,0.5048521506867979,-0.9871742580801572,FALSE
abundance,abundance_pooled_bmp,all_grassland,prescribed_fire,LRBMJG8I,bc_0043,eastern_meadowlark,Abundance ratio between treatment and control,0.9058055068122368,0.38640400048860335,0.9855294787658163,FALSE
abundance,abundance_guild_bmp,obligate_grassland,eliminate_pesticides,JQQJHBMK,tc_0055,upland_sandpiper,abundance,-0.22824754762855004,0.4298349533644034,-0.9848756520858338,FALSE
abundance,abundance_guild_bmp,facultative_grassland,prescribed_fire,3NTX2A2K,md_0021,red_winged_blackbird,density,-1.1694368675783575,0.6042189597814414,-0.9835870174288845,FALSE
abundance,abundance_guild_bmp,obligate_grassland,eliminate_pesticides,JQQJHBMK,tc_0031,eastern_meadowlark,abundance,0.8172515229273897,0.44738480623731086,0.9829894166024368,FALSE
abundance,abundance_pooled_bmp,all_grassland,plant_nwsg,5EM6FIBL,md_0710,grasshopper_sparrow,territory density (territories/40 ha),-0.43451474874424306,0.2873850847258582,-0.9813338978679444,FALSE
abundance,abundance_pooled_bmp,all_grassland,prescribed_fire,IWRX5UBB,md_0985,vesper_sparrow,density (males/10 ha),-0.8402352988301217,0.6013538981715124,-0.9783590019067907,FALSE
abundance,abundance_guild_bmp,facultative_grassland,provide_overwintering_habitat,IF3VCNWP,md_0128,canyon_towhee,abundance - 96-97,0.7581917775449653,0.5205138981847945,0.978096632793178,FALSE
abundance,abundance_pooled_bmp,all_grassland,remove_non_native_shrubs,A9QQKZTZ,md_0820,lark_sparrow,abundance - 2006,0.7047752552712108,0.6841483854912008,0.9773357239983048,FALSE
abundance,abundance_pooled_bmp,all_grassland,plant_nwsg,9HH6YMIM,md_0399,song_sparrow,density (birds/count/100 ha),0.7160018704475855,0.48084931780849394,0.97713976702142,FALSE
abundance,abundance_guild_bmp,obligate_grassland,plant_nwsg,8IQ6TE6A,md_0536,dickcissel,abundance,0.6339253101366599,0.4858284058890144,0.9760727229746643,FALSE
abundance,abundance_guild_bmp,facultative_grassland,prescribed_fire,ECNPR7UT,md_0004,red_winged_blackbird,nest density,0.571098776284743,0.4760042996348139,0.9744443413506173,FALSE
abundance,abundance_guild_bmp,facultative_grassland,plant_nwsg,9HH6YMIM,md_0398,american_goldfinch,density (birds/count/100 ha),-0.37020434383063466,0.47098394970482776,-0.9730594729876182,FALSE
abundance,abundance_guild_bmp,facultative_grassland,provide_overwintering_habitat,IF3VCNWP,md_0169,says_phoebe,abundance - 97-98,-0.5080833102486663,0.5095329089440399,-0.9714442023223363,FALSE
abundance,abundance_pooled_bmp,all_grassland,plant_nwsg,LU5JZP88,md_0378,field_sparrow,abundance,0.6010501701840903,0.3098045179209122,0.9702254901933401,FALSE
abundance,abundance_pooled_bmp,all_grassland,manage_in_patches,N87HY4T4,md_0008,grasshopper_sparrow,abundance 2014,1.2765092391075887,0.6385926204180709,0.9697362922844323,FALSE
abundance,abundance_pooled_bmp,all_grassland,install_nest_boxes,GGQGCAKN,md_0958,eastern_bluebird,territories/40 ha,0.5911464122525527,0.3287408964481507,0.9672189607643963,FALSE
abundance,abundance_pooled_bmp,all_grassland,edge_and_shrub_habitat,ZDBASF6Z,md_1081,american_crow,density (birds/ha),0.4933272943697674,0.4005506669619521,0.9640383958969639,FALSE
abundance,abundance_guild_bmp,facultative_grassland,plant_nwsg,AGDXXJXK,md_1207,brown_headed_cowbird,density (birds/ha),-0.4191312944572811,0.5397622582107606,-0.9632745168516357,FALSE
abundance,abundance_guild_bmp,obligate_grassland,prescribed_fire,K2FW7NWY,md_0644,bairds_sparrow,number of singing males - 1994,1.0409239327370932,0.4541572437073843,0.9628123810602742,FALSE
abundance,abundance_guild_bmp,obligate_grassland,prescribed_fire,K2FW7NWY,md_0646,bobolink,number of singing males - 1994,1.0409239327370932,0.4541572437073843,0.9628123810602742,FALSE
abundance,abundance_guild_bmp,obligate_grassland,prescribed_fire,K2FW7NWY,md_0652,spragues_pipit,number of singing males - 1994,1.0409239327370932,0.4541572437073843,0.9628123810602742,FALSE
abundance,abundance_guild_bmp,facultative_grassland,provide_overwintering_habitat,IF3VCNWP,md_0141,lark_sparrow,abundance - 97-98,-0.5004040274104966,0.5092614234924194,-0.9597394306958894,FALSE
abundance,abundance_guild_bmp,facultative_grassland,provide_overwintering_habitat,IF3VCNWP,md_0191,western_bluebird,abundance - 97-98,-0.5004040274104966,0.5092614234924194,-0.9597394306958894,FALSE
abundance,abundance_guild_bmp,facultative_grassland,prescribed_fire,K2FW7NWY,md_0590,common_yellowthroat,number of singing males - 1993,-1.0164571118982466,0.36016329251549056,-0.9592915786530826,FALSE
abundance,abundance_guild_bmp,obligate_grassland,prescribed_fire,IWRX5UBB,md_0981,grasshopper_sparrow,density (males/10 ha),1.1425003159318017,0.6257731949926266,0.9587703564188615,FALSE
species_richness,richness_bmp,,prescribed_fire,597YV2YF,md_0968,edge_species,species_richness,1.1029813151372327,0.673874854846773,0.9568627316360405,FALSE
species_richness,richness_bmp,,provide_overwintering_habitat,TL3GWJHM,bc_0019,all_species,species_richness,0.8472122602189268,0.2886146908266528,0.9541636992824601,FALSE
abundance,abundance_pooled_bmp,all_grassland,remove_non_native_shrubs,7DEL2BXP,md_0525,eastern_meadowlark,density (birds/ha),0.3969159936850175,0.26618743548604656,0.9510336146112796,FALSE
species_richness,richness_bmp,,stream_exclusion_and_buffers,7SS4IEI5,md_0099,wintering_species,species_richness,1.2448130856014663,0.4172315880512766,0.9502855316868294,FALSE
abundance,abundance_guild_bmp,obligate_grassland,prescribed_fire,LRBMJG8I,bc_0044,grasshopper_sparrow,Abundance ratio between treatment and control,0.997858077024561,0.3904321784654884,0.9499393243123118,FALSE
abundance,abundance_pooled_bmp,all_grassland,prescribed_fire,K2FW7NWY,md_0583,western_meadowlark,number of singing males - 1993,0.826079725194355,0.25379633676344027,0.9494859821691494,FALSE
abundance,abundance_pooled_bmp,all_grassland,stream_exclusion_and_buffers,ILUKKWJA,md_0240,mourning_dove,density (birds/0.2 ha),-0.09736086408800632,0.27120566382064154,-0.9483937141376321,FALSE
abundance,abundance_pooled_bmp,all_grassland,plant_nwsg,D7FXG82E,md_0932,grasshopper_sparrow,number of birds per count,-0.3421059584055391,0.07024644125142859,-0.9483357747527857,FALSE
abundance,abundance_pooled_bmp,all_grassland,manage_in_patches,YD99BG64,md_0344,eastern_meadowlark,density,1.277502884508039,0.692872776845642,0.947617489799002,FALSE
abundance,abundance_guild_bmp,facultative_grassland,reduce_grazing_intensity,86IBQ28G,md_0819,lark_sparrow,density (birds/ha) - 2005,-0.43514263457633695,0.5402899360437302,-0.9439260734637994,FALSE
abundance,abundance_pooled_bmp,all_grassland,prescribed_fire,K2FW7NWY,md_0570,savannah_sparrow,number of singing males - 1993,0.8292333747473347,0.2808372422282716,0.9423858275371154,FALSE
abundance,abundance_pooled_bmp,all_grassland,plant_nwsg,YXR6499E,md_0328,horned_lark,abundance,-0.3445519656032709,0.10357966173278206,-0.9405725237873069,FALSE
abundance,abundance_pooled_bmp,all_grassland,prescribed_fire,IWRX5UBB,md_0992,field_sparrow,density (males/10 ha),-0.8016312513190408,0.5987131000158867,-0.9392740210022087,FALSE
abundance,abundance_pooled_bmp,all_grassland,edge_and_shrub_habitat,9HH6YMIM,md_0415,barn_swallow,density (birds/count/100 ha),-0.6193071907714557,0.47748103039630146,-0.9387641324950379,FALSE
abundance,abundance_pooled_bmp,all_grassland,eliminate_pesticides,86MSLRJN,bc_0064,red_winged_blackbird,abundance (Ontario),0.9832181539465632,0.4556573405697201,0.9384539891113131,FALSE
abundance,abundance_guild_bmp,obligate_grassland,prescribed_fire,B34SZBUU,md_0731,eastern_meadowlark,abundance,1.096364345373238,0.5849979313428434,0.9364229417004728,FALSE
abundance,abundance_guild_bmp,facultative_grassland,plant_nwsg,LU5JZP88,md_0377,song_sparrow,abundance,0.6381485013601547,0.3106865421155339,0.9360948139460922,FALSE
abundance,abundance_pooled_bmp,all_grassland,prescribed_fire,DTKILVPL,md_1032,grasshopper_sparrow,abundance (individuals/km),-0.6778376709268061,0.3690065598771011,-0.9321903312748354,FALSE
abundance,abundance_guild_bmp,obligate_grassland,prescribed_fire,K2FW7NWY,md_0656,bairds_sparrow,number of singing males - 1994,0.9831228876620144,0.3885876105315764,0.9315870924305317,FALSE
abundance,abundance_guild_bmp,facultative_grassland,reduce_grazing_intensity,86IBQ28G,md_0807,common_nighthawk,density (birds/ha) - 2004,0.825625099384538,0.5589508346026139,0.9303687942158251,FALSE
abundance,abundance_guild_bmp,facultative_grassland,eliminate_pesticides,86MSLRJN,bc_0064,red_winged_blackbird,abundance (Ontario),0.9832181539465632,0.4556573405697201,0.9291955930317767,FALSE
abundance,abundance_guild_bmp,obligate_grassland,plant_nwsg,9HH6YMIM,md_0433,sedge_wren,density (birds/count/100 ha),-0.6236741830049458,0.531790759140835,-0.928684717484518,FALSE
abundance,abundance_guild_bmp,obligate_grassland,prescribed_fire,DTKILVPL,md_1036,dickcissel,abundance (individuals/km),-0.37595569067369894,0.2725803528589494,-0.9282915833256697,FALSE
abundance,abundance_guild_bmp,obligate_grassland,reduce_grazing_intensity,86IBQ28G,md_0810,dickcissel,density (birds/ha) - 2005,-0.2971425680771288,0.5363791318143022,-0.926304098506638,FALSE
species_richness,richness_bmp,,provide_overwintering_habitat,FQ4DXWJU,md_0902,all_species,total species_richness,1.0093265331793395,0.5355256892845001,0.9260877355617476,FALSE
abundance,abundance_guild_bmp,facultative_grassland,eliminate_pesticides,JQQJHBMK,tc_0078,common_grackle,abundance,-0.7664193658444821,0.4451299020144054,-0.925992068506557,FALSE
nest_success,nest_success_guild_bmp,obligate_grassland,edge_and_shrub_habitat,XW78AT45,md_1359,grasshopper_sparrow,DSR - site TL,-0.9131676008423506,0.48946652549472286,-0.922986572786011,FALSE
abundance,abundance_guild_bmp,obligate_grassland,prescribed_fire,86IBQ28G,md_0753,dickcissel,density (birds/ha) - 2005,-0.555912099599409,0.6303861713691514,-0.9211815887678145,FALSE
abundance,abundance_pooled_bmp,all_grassland,reduce_grazing_intensity,86IBQ28G,md_0812,eastern_meadowlark,density (birds/ha) - 2005,0.8643038562175794,0.5613818220549576,0.9205994620871545,FALSE
abundance,abundance_guild_bmp,facultative_grassland,prescribed_fire,86IBQ28G,md_0748,red_winged_blackbird,density (birds/ha) - 2004,0.6148754619013457,0.6337991190049239,0.9198263207069944,FALSE
nest_success,nest_success_guild_bmp,obligate_grassland,plant_nwsg,SQ8ICKWV,md_1309,bairds_sparrow,nestling DSR,0.5322652060653552,0.49656190816173584,0.9183678834871496,FALSE
abundance,abundance_pooled_bmp,all_grassland,stream_exclusion_and_buffers,ILUKKWJA,md_0236,indigo_bunting,density (birds/0.2 ha),0.6333228096049172,0.2840061903465065,0.9172410048733182,FALSE
abundance,abundance_guild_bmp,obligate_grassland,manage_in_patches,N87HY4T4,md_0011,eastern_meadowlark,abundance 2014,-0.9282787184721372,0.6077925731155985,-0.9137615081135729,FALSE
abundance,abundance_pooled_bmp,all_grassland,prescribed_fire,K2FW7NWY,md_0641,western_meadowlark,number of singing males - 1994,0.8057046740973655,0.2777846368781465,0.9135457746351868,FALSE
abundance,abundance_pooled_bmp,all_grassland,prescribed_fire,86IBQ28G,md_0778,mourning_dove,density (birds/ha) - 2005,0.9580156390269352,0.6100954361467359,0.9112126360158146,FALSE
abundance,abundance_pooled_bmp,all_grassland,remove_non_native_shrubs,A9QQKZTZ,md_0825,western_kingbird,abundance - 2006,0.6469160206408291,0.6793686001085718,0.9100246447392906,FALSE
species_richness,richness_bmp,,edge_and_shrub_habitat,RZ8PLSVX,md_1045,all_species,species_richness (Iowa),0.8531451212397086,0.4709356061654619,0.9094598454766107,FALSE
abundance,abundance_pooled_bmp,all_grassland,remove_non_native_shrubs,BQ6ZPH37,md_0697,northern_cardinal,density (birds/ha) - 2006-2007,-0.5726072982220999,0.3247880956668024,-0.9079174423944382,FALSE
abundance,abundance_pooled_bmp,all_grassland,prescribed_fire,86IBQ28G,md_0744,dickcissel,density (birds/ha) - 2004,-0.7982860188783552,0.6464523332345812,-0.9061739814166428,FALSE
species_richness,richness_bmp,,edge_and_shrub_habitat,55UE5VCT,md_0075,breeding_species,species_richness,-0.220338730607874,0.2865603887991349,-0.9052106071538382,FALSE
abundance,abundance_pooled_bmp,all_grassland,plant_nwsg,ECUBV53L,md_1173,grasshopper_sparrow,abundance (individuals/100 ha),-0.5809083203327595,0.5858322855627351,-0.9031849656632805,FALSE
abundance,abundance_pooled_bmp,all_grassland,prescribed_fire,K2FW7NWY,md_0571,spragues_pipit,number of singing males - 1993,0.7975970971929178,0.28000299297292613,0.9022655491227468,FALSE
abundance,abundance_pooled_bmp,all_grassland,prescribed_fire,K2FW7NWY,md_0572,western_meadowlark,number of singing males - 1993,0.7975970971929178,0.28000299297292613,0.9022655491227468,FALSE
abundance,abundance_guild_bmp,obligate_grassland,eliminate_pesticides,86MSLRJN,bc_0052,bobolink,abundance (Sasketchewan),-0.18421633813719995,0.42930648147883194,-0.9016724983363205,FALSE
abundance,abundance_guild_bmp,obligate_grassland,edge_and_shrub_habitat,9HH6YMIM,md_0466,dickcissel,nest density (nests/100 ha),-0.9636273778053096,0.5770046326019839,-0.9010943672249879,FALSE
abundance,abundance_pooled_bmp,all_grassland,plant_nwsg,D7FXG82E,md_0929,field_sparrow,number of birds per count,0.4809855592364329,0.07073902763408049,0.900235801048639,FALSE
abundance,abundance_pooled_bmp,all_grassland,plant_nwsg,D7FXG82E,md_0934,eastern_meadowlark,number of birds per count,-0.32102212160196686,0.07018595593957647,-0.8986809558309015,FALSE
abundance,abundance_pooled_bmp,all_grassland,stream_exclusion_and_buffers,55UE5VCT,md_0043,breeding_grassland_species,density,0.6280736416171353,0.2871758241886745,0.8985608480705224,FALSE
abundance,abundance_guild_bmp,obligate_grassland,prescribed_fire,K2FW7NWY,md_0658,bobolink,number of singing males - 1994,0.9575872282422218,0.3877692366572076,0.8982287458330221,FALSE
abundance,abundance_pooled_bmp,all_grassland,edge_and_shrub_habitat,TIFDVC4W,md_0945,savannah_sparrow,winter density (birds/ha),0.4780869249228785,0.4349365945208256,0.8958276676644569,FALSE
abundance,abundance_guild_bmp,facultative_grassland,plant_nwsg,ECUBV53L,md_1176,brown_headed_cowbird,abundance (individuals/100 ha),-0.4041255608907502,0.5783533663983722,-0.8940072144420805,FALSE
abundance,abundance_guild_bmp,facultative_grassland,eliminate_pesticides,86MSLRJN,bc_0059,indigo_bunting,abundance (Ontario),-0.7351446504892765,0.4438091988539588,-0.8932087981712656,FALSE
abundance,abundance_guild_bmp,facultative_grassland,edge_and_shrub_habitat,57RFAGS5,bc_0095,northern_bobwhite,density (birds/ha),0.6817397537817854,0.6175565242634542,0.8928927801929701,FALSE
abundance,abundance_guild_bmp,facultative_grassland,remove_non_native_shrubs,BQ6ZPH37,md_0697,northern_cardinal,density (birds/ha) - 2006-2007,-0.5726072982220999,0.3247880956668024,-0.8876526702959805,FALSE
abundance,abundance_guild_bmp,facultative_grassland,plant_nwsg,VAP55SP2,md_0360,common_yellowthroat,density (male/ha),0.7003657394678738,0.4424007999363555,0.8875471875074731,FALSE
abundance,abundance_pooled_bmp,all_grassland,provide_overwintering_habitat,IF3VCNWP,md_0150,eastern_meadowlark,abundance - 96-97,0.8618645566227434,0.5262443705883019,0.8867154475112566,FALSE
abundance,abundance_pooled_bmp,all_grassland,prescribed_fire,K2FW7NWY,md_0633,brown_headed_cowbird,number of singing males - 1994,0.7837295194653329,0.27721251170810235,0.8856382375751372,FALSE
abundance,abundance_pooled_bmp,all_grassland,eliminate_pesticides,86MSLRJN,bc_0068,savannah_sparrow,abundance (Quebec),-0.5044556463966722,0.5094041630510082,-0.8849455580943651,FALSE
abundance,abundance_pooled_bmp,all_grassland,edge_and_shrub_habitat,9HH6YMIM,md_0434,sedge_wren,density (birds/count/100 ha),-0.6236741830049458,0.531790759140835,-0.8835930841538517,FALSE
abundance,abundance_pooled_bmp,all_grassland,prescribed_fire,K2FW7NWY,md_0634,bobolink,number of singing males - 1994,0.7812893809429,0.2771498867255669,0.8825389444290851,FALSE
abundance,abundance_guild_bmp,facultative_grassland,plant_nwsg,D7FXG82E,md_0930,song_sparrow,number of birds per count,0.5292983716838624,0.07094831589852628,0.8823968379426818,FALSE
abundance,abundance_guild_bmp,facultative_grassland,prescribed_fire,86IBQ28G,md_0757,red_winged_blackbird,density (birds/ha) - 2005,0.5775356064560162,0.6315999878828971,0.8815982683967006,FALSE
abundance,abundance_pooled_bmp,all_grassland,provide_overwintering_habitat,IF3VCNWP,md_0123,mourning_dove,abundance - 97-98,-0.2836618965338744,0.5032672326801587,-0.8786371317305298,FALSE
abundance,abundance_pooled_bmp,all_grassland,plant_nwsg,LU5JZP88,md_0382,common_yellowthroat,abundance,0.5505549468143611,0.3086852292889223,0.877047409401216,FALSE
abundance,abundance_pooled_bmp,all_grassland,prescribed_fire,86IBQ28G,md_0777,henslows_sparrow,density (birds/ha) - 2005,-0.7405345464897922,0.5947657637283006,-0.87700147751659,FALSE
abundance,abundance_guild_bmp,obligate_grassland,reduce_grazing_intensity,86IBQ28G,md_0812,eastern_meadowlark,density (birds/ha) - 2005,0.8643038562175794,0.5613818220549576,0.8768887284515607,FALSE
abundance,abundance_pooled_bmp,all_grassland,prescribed_fire,VEK3WELY,md_0208,bobolink,nest density (nests/ha),-0.7305864524809211,0.5770704633898279,-0.8767089625019475,FALSE
abundance,abundance_guild_bmp,facultative_grassland,edge_and_shrub_habitat,DJXGBKZP,md_1050,red_winged_blackbird,nest density (nests/ha) (2004),0.4875793808158332,0.36051256454990094,0.8762643305693908,FALSE
abundance,abundance_guild_bmp,facultative_grassland,remove_non_native_shrubs,A9QQKZTZ,md_0828,western_kingbird,abundance - 2007,0.386378760763713,0.6626517780082098,0.8759093876433397,FALSE
abundance,abundance_pooled_bmp,all_grassland,stream_exclusion_and_buffers,ILUKKWJA,md_0239,mourning_dove,density (birds/0.2 ha),-0.07271079934369852,0.2781386197832486,-0.8728551211799591,FALSE
abundance,abundance_pooled_bmp,all_grassland,plant_nwsg,D7FXG82E,md_0936,common_yellowthroat,number of birds per count,0.46912872971395175,0.0706906355766237,0.8725107951012464,FALSE
abundance,abundance_pooled_bmp,all_grassland,prescribed_fire,QI6DHMSY,md_0477,dickcissel,density (birds/ha),-0.8027758625785171,0.710785662781775,-0.8718293536238518,FALSE
abundance,abundance_pooled_bmp,all_grassland,prescribed_fire,DTKILVPL,md_1034,grasshopper_sparrow,abundance (individuals/km),-0.6195838203642995,0.34824723757481907,-0.8707088926382583,FALSE
abundance,abundance_pooled_bmp,all_grassland,prescribed_fire,K2FW7NWY,md_0600,clay_colored_sparrow,number of singing males - 1993,-0.674062271908265,0.47698606317905695,-0.8704776826573829,FALSE
abundance,abundance_pooled_bmp,all_grassland,remove_non_native_shrubs,A9QQKZTZ,md_0836,red_winged_blackbird,abundance - 2007,0.6127302241488279,0.6767223906192673,0.8697908995184978,FALSE
abundance,abundance_pooled_bmp,all_grassland,prescribed_fire,86IBQ28G,md_0784,eastern_meadowlark,density (birds/ha) - 2004,-0.7101115510799724,0.5522992268053344,-0.8688143401979738,FALSE
abundance,abundance_guild_bmp,facultative_grassland,plant_nwsg,9HH6YMIM,md_0399,song_sparrow,density (birds/count/100 ha),0.7160018704475855,0.48084931780849394,0.8681983219661267,FALSE
abundance,abundance_pooled_bmp,all_grassland,plant_nwsg,9HH6YMIM,md_0403,cliff_swallow,density (birds/count/100 ha),0.6800087067531624,0.5344400036094735,0.8677063580054954,FALSE
abundance,abundance_guild_bmp,facultative_grassland,prescribed_fire,K2FW7NWY,md_0609,brown_headed_cowbird,number of singing males - 1994,0.4017972619250826,0.28696777054241607,0.8656096147782314,FALSE
abundance,abundance_pooled_bmp,all_grassland,reduce_grazing_intensity,86IBQ28G,md_0807,common_nighthawk,density (birds/ha) - 2004,0.825625099384538,0.5589508346026139,0.865270379789581,FALSE
abundance,abundance_pooled_bmp,all_grassland,remove_non_native_shrubs,BQ6ZPH37,md_0672,brown_headed_cowbird,density (birds/ha) - 2006,0.38046386197004184,0.32105723729106705,0.8650747318516356,FALSE
abundance,abundance_guild_bmp,obligate_grassland,plant_nwsg,5EM6FIBL,md_0710,grasshopper_sparrow,territory density (territories/40 ha),-0.43451474874424306,0.2873850847258582,-0.863891990855186,FALSE
abundance,abundance_guild_bmp,obligate_grassland,prescribed_fire,K2FW7NWY,md_0553,bairds_sparrow,number of singing males - 1993,0.8768154940675822,0.2431236327973154,0.8620426412707386,FALSE
abundance,abundance_guild_bmp,facultative_grassland,prescribed_fire,F8XKUC3R,md_1011,red_winged_blackbird,abundance,0.5842373946721773,0.6746192341692543,0.861948443995126,FALSE
abundance,abundance_guild_bmp,obligate_grassland,prescribed_fire,86IBQ28G,md_0787,henslows_sparrow,density (birds/ha) - 2004,-0.45024794647361904,0.5408053893900971,-0.8613421962313661,FALSE
abundance,abundance_pooled_bmp,all_grassland,prescribed_fire,86IBQ28G,md_0765,eastern_meadowlark,density (birds/ha) - 2004,-0.7222858947328892,0.5936426439050442,-0.8583070626391086,FALSE
abundance,abundance_pooled_bmp,all_grassland,prescribed_fire,86IBQ28G,md_0747,brown_headed_cowbird,density (birds/ha) - 2004,-0.7491737307315528,0.6427679702462878,-0.8580481279988522,FALSE
abundance,abundance_guild_bmp,facultative_grassland,plant_nwsg,LU5JZP88,md_0378,field_sparrow,abundance,0.6010501701840903,0.3098045179209122,0.8578263722480767,FALSE
species_richness,richness_bmp,,prescribed_fire,K2FW7NWY,md_0552,all_species,species_richness - 1993,-0.1338889772975723,0.35574893177722017,-0.857245732606758,FALSE
abundance,abundance_guild_bmp,facultative_grassland,prescribed_fire,IWRX5UBB,md_0980,field_sparrow,density (males/10 ha),-1.0588844473132504,0.6183757406416919,-0.85559866782729,FALSE
abundance,abundance_pooled_bmp,all_grassland,provide_overwintering_habitat,IF3VCNWP,md_0137,brewers_sparrow,abundance - 97-98,-0.26836813115958974,0.5029675789034573,-0.8549210044017176,FALSE
abundance,abundance_guild_bmp,facultative_grassland,prescribed_fire,K2FW7NWY,md_0565,brown_headed_cowbird,number of singing males - 1993,0.3887031444128131,0.27201459474787304,0.8543824425599167,FALSE
abundance,abundance_guild_bmp,obligate_grassland,stream_exclusion_and_buffers,55UE5VCT,md_0062,breeding_grassland_species,density,0.06170843017675521,0.28582296862285417,-0.8534968231529471,FALSE
abundance,abundance_guild_bmp,obligate_grassland,provide_overwintering_habitat,IF3VCNWP,md_0131,cassins_sparrow,abundance - 97-98,1.0675285918090591,0.5395412943448185,0.8534343598401285,FALSE
abundance,abundance_guild_bmp,obligate_grassland,prescribed_fire,86IBQ28G,md_0780,upland_sandpiper,density (birds/ha) - 2005,-0.4647058436119594,0.5806240772052272,-0.8522114440878221,FALSE
abundance,abundance_pooled_bmp,all_grassland,eliminate_pesticides,JQQJHBMK,tc_0026,common_yellowthroat,abundance,-0.4394442226253015,0.4339164022928686,-0.8514981783195236,FALSE
abundance,abundance_guild_bmp,obligate_grassland,provide_overwintering_habitat,IF3VCNWP,md_0143,lark_bunting,abundance - 97-98,0.2033498235782799,0.5018774924830967,-0.8510300958995323,FALSE
abundance,abundance_pooled_bmp,all_grassland,prescribed_fire,B34SZBUU,md_0735,grasshopper_sparrow,abundance,0.8769185410168233,0.569367824213221,0.8488473651796064,FALSE
abundance,abundance_guild_bmp,obligate_grassland,plant_nwsg,PH3S49AI,md_1001,eastern_meadowlark,abundance,0.5491922533497752,0.4825934660542677,0.8473074756455391,FALSE
abundance,abundance_pooled_bmp,all_grassland,plant_nwsg,8IQ6TE6A,md_0536,dickcissel,abundance,0.6339253101366599,0.4858284058890144,0.8461268020925116,FALSE
abundance,abundance_guild_bmp,obligate_grassland,prescribed_fire,5H9BFCB2,md_0952,grasshopper_sparrow,abundance,-0.29193773212212115,0.1738486346146044,-0.8459116681072794,FALSE
abundance,abundance_pooled_bmp,all_grassland,remove_non_native_shrubs,A9QQKZTZ,md_0826,western_kingbird,abundance - 2007,0.5925133522782715,0.6752204623076844,0.8458422147816465,FALSE
abundance,abundance_pooled_bmp,all_grassland,provide_overwintering_habitat,IF3VCNWP,md_0154,northern_harrier,abundance - 96-97,0.8340067123508279,0.5246388054927579,0.8455781731185293,FALSE
abundance,abundance_pooled_bmp,all_grassland,prescribed_fire,F8XKUC3R,md_1008,horned_lark,abundance,0.948708944724612,0.7082871746803744,0.8435068725439056,FALSE
abundance,abundance_guild_bmp,obligate_grassland,prescribed_fire,K2FW7NWY,md_0629,western_meadowlark,number of singing males - 1994,0.8597546275239657,0.23077152394977937,0.8422462361437254,FALSE
nest_success,nest_success_guild_bmp,obligate_grassland,edge_and_shrub_habitat,FFFPKYB5,md_1217,dickcissel,daily nest predation rate,-0.8373016030232181,0.44399840091274706,-0.8422349405595531,FALSE
abundance,abundance_pooled_bmp,all_grassland,plant_nwsg,9HH6YMIM,md_0401,ring_necked_pheasant,density (birds/count/100 ha),0.6614260837993176,0.5335422871634032,0.8416583410534618,FALSE
abundance,abundance_guild_bmp,obligate_grassland,eliminate_pesticides,86MSLRJN,bc_0054,bobolink,abundance (Quebec),-0.20372247258327145,0.5018828898685112,-0.8416419133417881,FALSE
abundance,abundance_guild_bmp,facultative_grassland,plant_nwsg,9HH6YMIM,md_0388,ring_necked_pheasant,density (birds/count/100 ha),-0.2924954203356787,0.4696152028498616,-0.8412577860407204,FALSE
abundance,abundance_pooled_bmp,all_grassland,reduce_grazing_intensity,86IBQ28G,md_0810,dickcissel,density (birds/ha) - 2005,-0.2971425680771288,0.5363791318143022,-0.8409896145158062,FALSE
abundance,abundance_pooled_bmp,all_grassland,eliminate_pesticides,JQQJHBMK,tc_0075,vesper_sparrow,abundance,0.9035238101422703,0.451513616014144,0.8408486071189549,FALSE
abundance,abundance_guild_bmp,facultative_grassland,provide_overwintering_habitat,BQ6ZPH37,md_0694,american_robin,density (birds/ha) - 2006-2007,-0.3110172529163454,0.3200717015113543,-0.8394756539925922,FALSE
abundance,abundance_pooled_bmp,all_grassland,edge_and_shrub_habitat,9HH6YMIM,md_0463,ring_necked_pheasant,nest density (nests/100 ha),0.5260483483953045,0.5578583907205006,0.8386788901107475,FALSE
abundance,abundance_guild_bmp,facultative_grassland,edge_and_shrub_habitat,ZDBASF6Z,md_1081,american_crow,density (birds/ha),0.4933272943697674,0.4005506669619521,0.8379282559714709,FALSE
abundance,abundance_guild_bmp,obligate_grassland,prescribed_fire,K2FW7NWY,md_0558,grasshopper_sparrow,number of singing males - 1993,0.8599536576432055,0.2427163538167212,0.8377387519552733,FALSE
abundance,abundance_guild_bmp,obligate_grassland,eliminate_pesticides,JQQJHBMK,tc_0029,bobolink,abundance,0.737167767103391,0.4438930856413768,0.8362609045176337,FALSE
nest_success,nest_success_guild_bmp,obligate_grassland,plant_nwsg,SQ8ICKWV,md_1302,bairds_sparrow,incubation DSR,0.575910552462243,0.5957629765132105,0.835715587124119,FALSE
abundance,abundance_pooled_bmp,all_grassland,prescribed_fire,F8XKUC3R,md_1003,eastern_meadowlark,abundance,0.9370293455139336,0.7069903343489612,0.8327850733731352,FALSE
abundance,abundance_pooled_bmp,all_grassland,prescribed_fire,86IBQ28G,md_0796,henslows_sparrow,density (birds/ha) - 2005,-0.6760251644310948,0.550514080590488,-0.8326362649027913,FALSE
abundance,abundance_guild_bmp,obligate_grassland,prescribed_fire,LRBMJG8I,bc_0043,eastern_meadowlark,Abundance ratio between treatment and control,0.9058055068122368,0.38640400048860335,0.8303470953277894,FALSE
abundance,abundance_guild_bmp,obligate_grassland,stream_exclusion_and_buffers,ILUKKWJA,md_0255,eastern_meadowlark,density (birds/0.2 ha),0.07998711061178915,0.2711644972193472,-0.8273670931044941,FALSE
abundance,abundance_guild_bmp,facultative_grassland,plant_nwsg,AGDXXJXK,md_1209,common_nighthawk,density (birds/ha),-0.33037565909993566,0.5371885191851101,-0.8273518761167243,FALSE
abundance,abundance_pooled_bmp,all_grassland,prescribed_fire,GS4TG5A4,tc_0008,horned_lark,Density,-0.5971436141061618,0.38425274816452865,-0.8266839349212675,FALSE
abundance,abundance_guild_bmp,obligate_grassland,edge_and_shrub_habitat,55UE5VCT,md_0063,breeding_grassland_species,density,0.06170843017675521,0.28582296862285417,0.8264334121599032,FALSE
abundance,abundance_pooled_bmp,all_grassland,plant_nwsg,ECUBV53L,md_1177,red_winged_blackbird,abundance (individuals/100 ha),-0.5224546837650395,0.5830734840527975,-0.8257578750001296,FALSE
abundance,abundance_pooled_bmp,all_grassland,plant_nwsg,LU5JZP88,md_0380,red_winged_blackbird,abundance,-0.36077865073312776,0.305332029089412,-0.8245919554235385,FALSE
abundance,abundance_guild_bmp,facultative_grassland,prescribed_fire,K2FW7NWY,md_0647,clay_colored_sparrow,number of singing males - 1994,-0.945756190445608,0.4512569772141002,-0.8227120805014164,FALSE
species_richness,richness_bmp,,eliminate_pesticides,65GGK69H,md_0503,omnivores,species_richness,0.08187675997418206,0.42851284537854223,-0.8210274543768874,FALSE
abundance,abundance_pooled_bmp,all_grassland,prescribed_fire,K2FW7NWY,md_0567,clay_colored_sparrow,number of singing males - 1993,-0.555533903856115,0.2746343214497923,-0.8204633771769103,FALSE
abundance,abundance_guild_bmp,facultative_grassland,prescribed_fire,86IBQ28G,md_0779,northern_bobwhite,density (birds/ha) - 2005,-1.0218833482953975,0.615255249349599,-0.8178487772233689,FALSE
abundance,abundance_pooled_bmp,all_grassland,manage_in_patches,N87HY4T4,md_0011,eastern_meadowlark,abundance 2014,-0.9282787184721372,0.6077925731155985,-0.8168545415026307,FALSE
species_richness,richness_bmp,,stream_exclusion_and_buffers,55UE5VCT,md_0074,breeding_species,species_richness,-0.220338730607874,0.2865603887991349,-0.8166744049466328,FALSE
abundance,abundance_pooled_bmp,all_grassland,prescribed_fire,X3E5MBG4,bc_0081,upland_sandpiper,abundance,-0.5367220162955914,0.21987701915604,-0.8141693117753678,FALSE
abundance,abundance_guild_bmp,obligate_grassland,plant_nwsg,ECUBV53L,md_1173,grasshopper_sparrow,abundance (individuals/100 ha),-0.5809083203327595,0.5858322855627351,-0.8138445695813923,FALSE
abundance,abundance_guild_bmp,obligate_grassland,plant_nwsg,VAP55SP2,md_0363,dickcissel,density (male/ha),0.4936468413699979,0.43537092651976905,0.8041945988552375,FALSE
abundance,abundance_guild_bmp,facultative_grassland,provide_overwintering_habitat,7SS4IEI5,md_0110,swamp_sparrow,winter density (birds/10 ha),0.566356994507943,0.3878807044665556,0.8039399252884657,FALSE
abundance,abundance_pooled_bmp,all_grassland,remove_non_native_shrubs,BQ6ZPH37,md_0690,northern_cardinal,density (birds/ha) - 2007,-0.5164733341092772,0.3235473797051805,-0.8026288498861425,FALSE
abundance,abundance_guild_bmp,obligate_grassland,plant_nwsg,YXR6499E,md_0328,horned_lark,abundance,-0.3445519656032709,0.10357966173278206,-0.8009400356380538,FALSE
abundance,abundance_pooled_bmp,all_grassland,prescribed_fire,K2FW7NWY,md_0543,brown_headed_cowbird,number of singing males - 1993,0.7449249201312045,0.3646230977240139,0.8006492329303324,FALSE
abundance,abundance_guild_bmp,obligate_grassland,plant_nwsg,D7FXG82E,md_0932,grasshopper_sparrow,number of birds per count,-0.3421059584055391,0.07024644125142859,-0.7996590035012482,FALSE
abundance,abundance_pooled_bmp,all_grassland,provide_overwintering_habitat,IF3VCNWP,md_0157,red_tailed_hawk,abundance - 97-98,-0.2326831464174706,0.5023323737750307,-0.7995078805379456,FALSE
abundance,abundance_pooled_bmp,all_grassland,prescribed_fire,K2FW7NWY,md_0580,grasshopper_sparrow,number of singing males - 1993,0.7080683358808757,0.2510796941136573,0.7976357598699065,FALSE
abundance,abundance_guild_bmp,facultative_grassland,prescribed_fire,86IBQ28G,md_0798,northern_bobwhite,density (birds/ha) - 2005,-0.979070927796758,0.5691787918057208,-0.7971970895560958,FALSE
abundance,abundance_guild_bmp,obligate_grassland,prescribed_fire,ZXCUY5K9,md_1199,savannah_sparrow,density (individuals/ha),-0.4402146499435531,0.624646814027696,-0.7966471063158179,FALSE
abundance,abundance_guild_bmp,obligate_grassland,manage_in_patches,N87HY4T4,md_0008,grasshopper_sparrow,abundance 2014,1.2765092391075887,0.6385926204180709,0.7944971108378138,FALSE
abundance,abundance_pooled_bmp,all_grassland,remove_non_native_shrubs,A9QQKZTZ,md_0840,lark_sparrow,abundance - 2009,-0.726563438432539,0.6860450926668326,-0.7933104122825335,FALSE
abundance,abundance_guild_bmp,obligate_grassland,prescribed_fire,86IBQ28G,md_0772,dickcissel,density (birds/ha) - 2005,-0.41089558072291976,0.5785918266696721,-0.791565103614198,FALSE
abundance,abundance_pooled_bmp,all_grassland,eliminate_pesticides,JQQJHBMK,tc_0068,american_robin,abundance,-0.3909983626977844,0.4327558856325659,-0.790665467456844,FALSE
abundance,abundance_pooled_bmp,all_grassland,edge_and_shrub_habitat,ZDBASF6Z,md_1085,american_goldfinch,density (birds/ha),0.3941707632064886,0.3982555434269061,0.7876521039805097,FALSE
abundance,abundance_pooled_bmp,all_grassland,edge_and_shrub_habitat,ZDBASF6Z,md_1086,dark_eyed_junco,density (birds/ha),0.3941707632064885,0.39825554342690606,0.7876521039805096,FALSE
abundance,abundance_pooled_bmp,all_grassland,plant_nwsg,SQ8ICKWV,md_0318,grasshopper_sparrow,abundance,-0.3689177599145176,0.3644265261629757,-0.7871187887164409,FALSE
abundance,abundance_guild_bmp,facultative_grassland,remove_non_native_shrubs,7DEL2BXP,md_0524,common_yellowthroat,density (birds/ha),0.0457773573117707,0.2635675122103945,0.7863300007930815,FALSE
abundance,abundance_guild_bmp,obligate_grassland,plant_nwsg,HZBZKNRR,md_0316,western_meadowlark,abundance,0.3566421902330773,0.14491446406306543,0.7851475474871107,FALSE
abundance,abundance_guild_bmp,obligate_grassland,prescribed_fire,K2FW7NWY,md_0583,western_meadowlark,number of singing males - 1993,0.826079725194355,0.25379633676344027,0.7843207044416212,FALSE
abundance,abundance_guild_bmp,facultative_grassland,plant_nwsg,9HH6YMIM,md_0396,indigo_bunting,density (birds/count/100 ha),-0.258186674476897,0.4691120425300538,-0.7828725545396752,FALSE
abundance,abundance_pooled_bmp,all_grassland,provide_overwintering_habitat,IF3VCNWP,md_0175,chihuahuan_raven,abundance - 97-98,-0.2211494256968883,0.5021462652116458,-0.7815766818559394,FALSE
abundance,abundance_pooled_bmp,all_grassland,prescribed_fire,GS4TG5A4,md_1145,mccowns_longspur,density (birds/km^2),0.8589414665444515,0.6603404658061982,0.780461815405528,FALSE
abundance,abundance_pooled_bmp,all_grassland,edge_and_shrub_habitat,CXWJRPTX,md_1057,henslows_sparrow,nest density (nests/ha),-0.6531972647421809,0.6798692684790381,-0.7802605035649645,FALSE
abundance,abundance_guild_bmp,facultative_grassland,prescribed_fire,K2FW7NWY,md_0635,clay_colored_sparrow,number of singing males - 1994,-0.8504521325874779,0.2789946610986059,-0.7799120829504235,FALSE
abundance,abundance_guild_bmp,facultative_grassland,prescribed_fire,86IBQ28G,md_0800,lark_sparrow,density (birds/ha) - 2005,0.43514263457633695,0.5402899360437302,0.7786006316384884,FALSE
abundance,abundance_guild_bmp,obligate_grassland,manage_in_patches,YD99BG64,md_0344,eastern_meadowlark,density,1.277502884508039,0.692872776845642,0.7785209943134257,FALSE
species_richness,richness_bmp,,prescribed_fire,QIGRJQ54,bc_0096,all_species,species_richness,-0.00583683550580792,0.14376737163471562,-0.7783575977626513,FALSE
abundance,abundance_guild_bmp,obligate_grassland,prescribed_fire,K2FW7NWY,md_0570,savannah_sparrow,number of singing males - 1993,0.8292333747473347,0.2808372422282716,0.7777160883061587,FALSE
abundance,abundance_guild_bmp,facultative_grassland,prescribed_fire,IWRX5UBB,md_0989,common_yellowthroat,density (males/10 ha),0.4534866191360713,0.5801803587358328,0.7775642323261069,FALSE
abundance,abundance_pooled_bmp,all_grassland,prescribed_fire,86IBQ28G,md_0758,henslows_sparrow,density (birds/ha) - 2005,-0.6661150837264578,0.6370272091491754,-0.7758554438055709,FALSE
abundance,abundance_pooled_bmp,all_grassland,plant_nwsg,9HH6YMIM,md_0457,song_sparrow,nest density (nests/100 ha),-0.469489814517189,0.5561736342787192,-0.7757970746486537,FALSE
abundance,abundance_guild_bmp,facultative_grassland,remove_non_native_shrubs,7DEL2BXP,md_0535,common_yellowthroat,density (birds/ha),0.04137220469622785,0.2635610095416704,0.7732276080892193,FALSE
abundance,abundance_pooled_bmp,all_grassland,remove_non_native_shrubs,BQ6ZPH37,md_0682,brown_headed_cowbird,density (birds/ha) - 2007,-0.500601152372775,0.3232189606211591,-0.7729026788173303,FALSE
abundance,abundance_pooled_bmp,all_grassland,prescribed_fire,86IBQ28G,md_0770,mourning_dove,density (birds/ha) - 2004,-0.6386770926846236,0.5888311849860457,-0.7721334554795649,FALSE
abundance,abundance_pooled_bmp,all_grassland,plant_nwsg,9HH6YMIM,md_0405,common_yellowthroat,density (birds/count/100 ha),0.6107781643824269,0.5312147609574719,0.7702982902754228,FALSE
abundance,abundance_pooled_bmp,all_grassland,eliminate_pesticides,86MSLRJN,bc_0055,common_yellowthroat,abundance (Ontario),-0.3732215849674709,0.43236329902751747,-0.7683084010243036,FALSE
abundance,abundance_pooled_bmp,all_grassland,remove_non_native_shrubs,7DEL2BXP,md_0514,eastern_meadowlark,density (birds/ha),0.30556584837626366,0.2651090118174169,0.768301305069131,FALSE
abundance,abundance_guild_bmp,facultative_grassland,provide_overwintering_habitat,IF3VCNWP,md_0195,northern_mockingbird,abundance - 97-98,-0.3750041885807508,0.5053974913589999,-0.7677135817204971,FALSE
abundance,abundance_pooled_bmp,all_grassland,prescribed_fire,K2FW7NWY,md_0564,bairds_sparrow,number of singing males - 1993,0.6912508175671955,0.2774207656161299,0.7672978387078271,FALSE
abundance,abundance_guild_bmp,facultative_grassland,provide_overwintering_habitat,IF3VCNWP,md_0171,loggerhead_shrike,abundance - 97-98,0.6183207856154556,0.5138662253685353,0.767058163318934,FALSE
abundance,abundance_pooled_bmp,all_grassland,prescribed_fire,K2FW7NWY,md_0545,clay_colored_sparrow,number of singing males - 1993,-0.5386239337484775,0.3602744141037973,-0.7658967099955297,FALSE
abundance,abundance_guild_bmp,facultative_grassland,prescribed_fire,QI6DHMSY,md_0482,mourning_dove,density (birds/ha),0.4940845239903691,0.682043474821758,0.7651546258130106,FALSE
abundance,abundance_guild_bmp,obligate_grassland,plant_nwsg,SQ8ICKWV,md_0317,savannah_sparrow,abundance,0.432985477455588,0.365639833679347,0.7645450429299733,FALSE
abundance,abundance_guild_bmp,facultative_grassland,prescribed_fire,F8XKUC3R,md_1009,northern_bobwhite,abundance,0.48611489620016,0.6681010210731416,0.7645367236371348,FALSE
abundance,abundance_pooled_bmp,all_grassland,plant_nwsg,9HH6YMIM,md_0454,common_yellowthroat,nest density (nests/100 ha),0.6246318910710892,0.5612372539729111,0.7644397909559475,FALSE
abundance,abundance_guild_bmp,obligate_grassland,prescribed_fire,86IBQ28G,md_0783,grasshopper_sparrow,density (birds/ha) - 2004,-0.366866584078789,0.5381743497638923,-0.7640111617274672,FALSE
species_richness,richness_bmp,,edge_and_shrub_habitat,V8UPXK6I,md_1059,all_species,species_richness,-0.1941363068375852,0.3951655046949275,-0.7625604795201704,FALSE
abundance,abundance_guild_bmp,obligate_grassland,prescribed_fire,86IBQ28G,md_0792,grasshopper_sparrow,density (birds/ha) - 2005,-0.3655290391335624,0.5381364265448549,-0.7624447078333205,FALSE
abundance,abundance_pooled_bmp,all_grassland,provide_overwintering_habitat,TIFDVC4W,md_0944,song_sparrow,winter density (birds/ha),-0.16632002160979786,0.4291237843542639,-0.7615681968473436,FALSE
abundance,abundance_pooled_bmp,all_grassland,provide_overwintering_habitat,BQ6ZPH37,md_0700,american_goldfinch,density (birds/ha) - 2006-2007,-0.10935729537564032,0.31832446287836214,-0.7615253314455797,FALSE
abundance,abundance_guild_bmp,obligate_grassland,prescribed_fire,ECNPR7UT,md_0003,dickcissel,nest density,-0.3340982715399016,0.4728641242217436,-0.7612653281040952,FALSE
abundance,abundance_pooled_bmp,all_grassland,plant_nwsg,5EM6FIBL,md_0714,grasshopper_sparrow,territory density (territories/40 ha),-0.30385035530735716,0.248419585963612,-0.7609728420503262,FALSE
abundance,abundance_pooled_bmp,all_grassland,remove_non_native_shrubs,BQ6ZPH37,md_0674,common_yellowthroat,density (birds/ha) - 2006,-0.494183998707468,0.3230889979475929,-0.7608897831928664,FALSE
abundance,abundance_pooled_bmp,all_grassland,prescribed_fire,IWRX5UBB,md_0997,vesper_sparrow,density (males/10 ha),0.8078697209031497,0.5991322201932334,0.7593292773306793,FALSE
abundance,abundance_pooled_bmp,all_grassland,rotational_grazing,2WJYSYDE,md_1169,bobolink,abundance,0.5426865928099135,0.5506214051923023,0.7577134948780455,FALSE
abundance,abundance_guild_bmp,facultative_grassland,prescribed_fire,K2FW7NWY,md_0576,brown_headed_cowbird,number of singing males - 1993,0.30927960869648313,0.24488257540338623,0.7562167597809766,FALSE
abundance,abundance_pooled_bmp,all_grassland,prescribed_fire,3NTX2A2K,md_0025,common_yellowthroat,density,-0.613984188349029,0.5718219307157496,-0.7543253610622493,FALSE
abundance,abundance_guild_bmp,facultative_grassland,eliminate_pesticides,JQQJHBMK,tc_0030,red_winged_blackbird,abundance,0.8156827318932074,0.4473132253092198,0.7538111855410936,FALSE
abundance,abundance_pooled_bmp,all_grassland,prescribed_fire,K2FW7NWY,md_0660,common_yellowthroat,number of singing males - 1994,-0.5344147296305174,0.3771875394517021,-0.7537775326569952,FALSE
abundance,abundance_pooled_bmp,all_grassland,provide_overwintering_habitat,IF3VCNWP,md_0125,horned_lark,abundance - 97-98,-0.20304249224654689,0.5018730485398728,-0.753407114274226,FALSE
abundance,abundance_guild_bmp,facultative_grassland,prescribed_fire,86IBQ28G,md_0794,brown_headed_cowbird,density (birds/ha) - 2005,0.41155461111594216,0.5395192785120563,0.7523100651661274,FALSE
abundance,abundance_guild_bmp,facultative_grassland,plant_nwsg,9HH6YMIM,md_0403,cliff_swallow,density (birds/count/100 ha),0.6800087067531624,0.5344400036094735,0.7519738540628574,FALSE
abundance,abundance_guild_bmp,facultative_grassland,provide_overwintering_habitat,IF3VCNWP,md_0176,bridled_titmouse,abundance - 96-97,-0.3646027508369673,0.5051256033361529,-0.7517186012642452,FALSE
abundance,abundance_guild_bmp,facultative_grassland,edge_and_shrub_habitat,9HH6YMIM,md_0424,american_goldfinch,density (birds/count/100 ha),-0.3890253605370711,0.47136304241349675,-0.7512406767904901,FALSE
abundance,abundance_guild_bmp,facultative_grassland,plant_nwsg,LU5JZP88,md_0382,common_yellowthroat,abundance,0.5505549468143611,0.3086852292889223,0.7510334354336857,FALSE
abundance,abundance_pooled_bmp,all_grassland,stream_exclusion_and_buffers,ILUKKWJA,md_0232,northern_cardinal,density (birds/0.2 ha),0.5316482607569727,0.2102910196763018,0.7502202225323983,FALSE
abundance,abundance_guild_bmp,obligate_grassland,plant_nwsg,D7FXG82E,md_0934,eastern_meadowlark,number of birds per count,-0.32102212160196686,0.07018595593957647,-0.7492905368148314,FALSE
abundance,abundance_pooled_bmp,all_grassland,plant_nwsg,D7FXG82E,md_0937,horned_lark,number of birds per count,-0.2565794688041543,0.07002467203642954,-0.7489926479244399,FALSE
abundance,abundance_guild_bmp,facultative_grassland,plant_nwsg,D7FXG82E,md_0929,field_sparrow,number of birds per count,0.4809855592364329,0.07073902763408049,0.748672848945386,FALSE
abundance,abundance_pooled_bmp,all_grassland,plant_nwsg,SQ8ICKWV,md_0320,grasshopper_sparrow,abundance,-0.3496040547033826,0.3699177096747107,-0.7485977795010235,FALSE
abundance,abundance_guild_bmp,obligate_grassland,prescribed_fire,K2FW7NWY,md_0641,western_meadowlark,number of singing males - 1994,0.8057046740973655,0.2777846368781465,0.7456086352413431,FALSE
abundance,abundance_pooled_bmp,all_grassland,reduce_grazing_intensity,86IBQ28G,md_0811,grasshopper_sparrow,density (birds/ha) - 2005,0.7426924341285261,0.554081826803325,0.7454768875457934,FALSE
abundance,abundance_guild_bmp,facultative_grassland,remove_non_native_shrubs,BQ6ZPH37,md_0690,northern_cardinal,density (birds/ha) - 2007,-0.5164733341092772,0.3235473797051805,-0.7437656817193768,FALSE
abundance,abundance_pooled_bmp,all_grassland,stream_exclusion_and_buffers,ILUKKWJA,md_0235,indigo_bunting,density (birds/0.2 ha),0.5280369697259116,0.21024209519539963,0.7397291132139785,FALSE
abundance,abundance_pooled_bmp,all_grassland,plant_nwsg,YXR6499E,md_0331,vesper_sparrow,abundance,-0.2543706960946631,0.10323329353948718,-0.7377178900867352,FALSE
species_richness,richness_bmp,,provide_overwintering_habitat,FQ4DXWJU,md_0905,grassland_obligates,obligate species_richness,-0.08573619279807683,0.5833448596995132,-0.7374981712847158,FALSE
abundance,abundance_guild_bmp,facultative_grassland,provide_overwintering_habitat,IF3VCNWP,md_0168,says_phoebe,abundance - 96-97,-0.3538390811150212,0.5048521506867979,-0.7351570887914269,FALSE
abundance,abundance_guild_bmp,obligate_grassland,edge_and_shrub_habitat,WGSP9SQJ,md_1118,savannah_sparrow,abundance,0.11063829787234042,0.4731316945735543,0.7344712074856918,FALSE
abundance,abundance_pooled_bmp,all_grassland,eliminate_pesticides,JQQJHBMK,tc_0031,eastern_meadowlark,abundance,0.8172515229273897,0.44738480623731086,0.7344592199341159,FALSE
abundance,abundance_guild_bmp,obligate_grassland,prescribed_fire,K2FW7NWY,md_0571,spragues_pipit,number of singing males - 1993,0.7975970971929178,0.28000299297292613,0.7332223306429329,FALSE
abundance,abundance_guild_bmp,obligate_grassland,prescribed_fire,K2FW7NWY,md_0572,western_meadowlark,number of singing males - 1993,0.7975970971929178,0.28000299297292613,0.7332223306429329,FALSE
abundance,abundance_pooled_bmp,all_grassland,provide_overwintering_habitat,IF3VCNWP,md_0128,canyon_towhee,abundance - 96-97,0.7581917775449653,0.5205138981847945,0.7328120977414686,FALSE
abundance,abundance_pooled_bmp,all_grassland,eliminate_pesticides,JQQJHBMK,tc_0030,red_winged_blackbird,abundance,0.8156827318932074,0.4473132253092198,0.7325180825887004,FALSE
abundance,abundance_pooled_bmp,all_grassland,plant_nwsg,9HH6YMIM,md_0389,barn_swallow,density (birds/count/100 ha),-0.3915846842108416,0.4714160196657466,-0.7323501545950458,FALSE
abundance,abundance_guild_bmp,obligate_grassland,edge_and_shrub_habitat,9HH6YMIM,md_0438,eastern_meadowlark,density (birds/count/100 ha) - 2001,-0.8261495539862925,0.5423024382632206,-0.7310220487096607,FALSE
abundance,abundance_guild_bmp,obligate_grassland,prescribed_fire,86IBQ28G,md_0745,grasshopper_sparrow,density (birds/ha) - 2004,-0.37978074323502514,0.6221626973361971,-0.7308942771563081,FALSE
abundance,abundance_guild_bmp,obligate_grassland,prescribed_fire,3NTX2A2K,md_0023,dickcissel,density,-0.3493802753125004,0.5631838859715872,-0.7292708243728315,FALSE
abundance,abundance_pooled_bmp,all_grassland,prescribed_fire,K2FW7NWY,md_0632,bairds_sparrow,number of singing males - 1994,0.6592129151705717,0.27425063419290135,0.7273902355257541,FALSE
abundance,abundance_guild_bmp,facultative_grassland,edge_and_shrub_habitat,9HH6YMIM,md_0463,ring_necked_pheasant,nest density (nests/100 ha),0.5260483483953045,0.5578583907205006,0.7252559929021647,FALSE
abundance,abundance_guild_bmp,facultative_grassland,prescribed_fire,3NTX2A2K,md_0020,red_winged_blackbird,density,-0.8630781359834397,0.449531156071672,-0.7245070684237522,FALSE
abundance,abundance_guild_bmp,facultative_grassland,plant_nwsg,9HH6YMIM,md_0401,ring_necked_pheasant,density (birds/count/100 ha),0.6614260837993176,0.5335422871634032,0.7237403526758267,FALSE
abundance,abundance_pooled_bmp,all_grassland,prescribed_fire,K2FW7NWY,md_0575,bairds_sparrow,number of singing males - 1993,0.6490626412241361,0.24986868116307703,0.7217099534182716,FALSE
abundance,abundance_guild_bmp,obligate_grassland,edge_and_shrub_habitat,9HH6YMIM,md_0417,sedge_wren,density (birds/count/100 ha),-0.7856362625291838,0.4835599320661334,-0.720802308714387,FALSE
abundance,abundance_guild_bmp,obligate_grassland,plant_nwsg,9HH6YMIM,md_0404,sedge_wren,density (birds/count/100 ha),0.4920570987503931,0.5264535702035253,0.7201548655498783,FALSE
abundance,abundance_guild_bmp,facultative_grassland,eliminate_pesticides,JQQJHBMK,tc_0067,american_crow,abundance,-0.5705842554764153,0.43771545937258954,-0.7199761894614506,FALSE
abundance,abundance_pooled_bmp,all_grassland,plant_nwsg,PH3S49AI,md_1001,eastern_meadowlark,abundance,0.5491922533497752,0.4825934660542677,0.7192405250841325,FALSE
abundance,abundance_pooled_bmp,all_grassland,prescribed_fire,3NTX2A2K,md_0029,grasshopper_sparrow,density,0.7595317031885823,0.5785060386707169,0.7180589849219298,FALSE
abundance,abundance_pooled_bmp,all_grassland,rotational_grazing,C8RH4NET,md_0327,grasshopper_sparrow,abundance,0.39067021700640264,0.27311131070457456,0.7180165184885324,FALSE
abundance,abundance_pooled_bmp,all_grassland,plant_nwsg,AGDXXJXK,md_1207,brown_headed_cowbird,density (birds/ha),-0.4191312944572811,0.5397622582107606,-0.7176537158941356,FALSE
abundance,abundance_guild_bmp,facultative_grassland,prescribed_fire,QI6DHMSY,md_0483,northern_bobwhite,density (birds/ha),0.44536177141512334,0.6786796450506385,0.7170456784537795,FALSE
abundance,abundance_guild_bmp,facultative_grassland,plant_nwsg,D7FXG82E,md_0936,common_yellowthroat,number of birds per count,0.46912872971395175,0.0706906355766237,0.7166545188732206,FALSE
species_richness,richness_bmp,,eliminate_pesticides,WQDZ5GX5,md_1258,all_species,species_richness,0.26396877290772935,0.1013025988695533,-0.71580012507974,FALSE
abundance,abundance_pooled_bmp,all_grassland,prescribed_fire,86IBQ28G,md_0795,red_winged_blackbird,density (birds/ha) - 2005,0.7465256162798662,0.5542964212667605,0.7154395024303272,FALSE
abundance,abundance_pooled_bmp,all_grassland,remove_non_native_shrubs,BQ6ZPH37,md_0701,american_robin,density (birds/ha) - 2006-2007,-0.4694290334717149,0.32260289745841564,-0.7145774162196599,FALSE
species_richness,richness_bmp,,edge_and_shrub_habitat,J6MAVCRC,bc_0098,all_species,species_richness,-0.12393081083601055,0.29521172697012393,-0.714547161718005,FALSE
abundance,abundance_guild_bmp,facultative_grassland,prescribed_fire,86IBQ28G,md_0786,red_winged_blackbird,density (birds/ha) - 2004,0.3751119478958379,0.5384111277945309,0.7116174907371529,FALSE
abundance,abundance_guild_bmp,obligate_grassland,prescribed_fire,K2FW7NWY,md_0634,bobolink,number of singing males - 1994,0.7812893809429,0.2771498867255669,0.7112162268798033,FALSE
abundance,abundance_guild_bmp,facultative_grassland,eliminate_pesticides,86MSLRJN,bc_0049,american_goldfinch,abundance (Quebec),0.8025430738128876,0.5228832402952711,0.7109729640835769,FALSE
abundance,abundance_guild_bmp,obligate_grassland,prescribed_fire,K2FW7NWY,md_0548,savannah_sparrow,number of singing males - 1993,-0.2478313085123245,0.35647593096352737,-0.7085841017647483,FALSE
abundance,abundance_pooled_bmp,all_grassland,remove_non_native_shrubs,BQ6ZPH37,md_0688,house_wren,density (birds/ha) - 2007,-0.4648484656494291,0.3225156119567046,-0.7060128949815313,FALSE
abundance,abundance_guild_bmp,facultative_grassland,remove_non_native_shrubs,7DEL2BXP,md_0527,field_sparrow,density (birds/ha),0.01811071364687708,0.2635375715741989,0.7042826356827233,FALSE
abundance,abundance_pooled_bmp,all_grassland,remove_non_native_shrubs,A9QQKZTZ,md_0847,orchard_oriole,abundance - 2008,-0.6502549197615943,0.6796341822795897,-0.7034312252507491,FALSE
abundance,abundance_guild_bmp,facultative_grassland,remove_non_native_shrubs,BQ6ZPH37,md_0682,brown_headed_cowbird,density (birds/ha) - 2007,-0.500601152372775,0.3232189606211591,-0.7031499623456492,FALSE
abundance,abundance_guild_bmp,obligate_grassland,prescribed_fire,DTKILVPL,md_1037,dickcissel,abundance (individuals/km),-0.2403729459033404,0.34607281503412746,-0.7031474732941927,FALSE
species_richness,richness_bmp,,prescribed_fire,3NTX2A2K,md_0030,all_species,species_richness,-0.0838388491498695,0.4285223300768433,-0.7018240800614768,FALSE
abundance,abundance_pooled_bmp,all_grassland,plant_nwsg,9HH6YMIM,md_0455,red_winged_blackbird,nest density (nests/100 ha),0.5787119704353427,0.559593906411716,0.7012279079050995,FALSE
abundance,abundance_pooled_bmp,all_grassland,plant_nwsg,VAP55SP2,md_0366,american_goldfinch,density (male/ha),0.5137459339758065,0.43595187311873607,0.7011055381922671,FALSE
species_richness,richness_bmp,,plant_nwsg,FQ4DXWJU,md_0908,grassland_facultative_species,facultative species_richness,0.8203738783030267,0.6112072934857428,0.7009638491923468,FALSE
abundance,abundance_pooled_bmp,all_grassland,plant_nwsg,9HH6YMIM,md_0398,american_goldfinch,density (birds/count/100 ha),-0.37020434383063466,0.47098394970482776,-0.699475360342084,FALSE
abundance,abundance_guild_bmp,obligate_grassland,reduce_grazing_intensity,86IBQ28G,md_0811,grasshopper_sparrow,density (birds/ha) - 2005,0.7426924341285261,0.554081826803325,0.6992867301987017,FALSE
abundance,abundance_guild_bmp,obligate_grassland,prescribed_fire,F8XKUC3R,md_1008,horned_lark,abundance,0.948708944724612,0.7082871746803744,0.6979750767693698,FALSE
abundance,abundance_guild_bmp,facultative_grassland,provide_overwintering_habitat,BQ6ZPH37,md_0706,northern_cardinal,density (birds/ha) - 2006-2007,-0.2387569606077782,0.3192540876147542,-0.6970452047782705,FALSE
abundance,abundance_guild_bmp,facultative_grassland,remove_non_native_shrubs,A9QQKZTZ,md_0840,lark_sparrow,abundance - 2009,-0.726563438432539,0.6860450926668326,-0.696053584489609,FALSE
abundance,abundance_pooled_bmp,all_grassland,stream_exclusion_and_buffers,ILUKKWJA,md_0238,mourning_dove,density (birds/0.2 ha),0.02821802636891541,0.20665664986679408,-0.6960360809240917,FALSE
species_richness,richness_bmp,,eliminate_pesticides,WQDZ5GX5,md_1257,all_species,species_richness,0.2753848655507593,0.11234067983852344,-0.694304963167176,FALSE
abundance,abundance_pooled_bmp,all_grassland,prescribed_fire,86IBQ28G,md_0776,red_winged_blackbird,density (birds/ha) - 2005,0.7438330170777989,0.5949715294371821,0.6936382334996184,FALSE
abundance,abundance_pooled_bmp,all_grassland,manage_in_patches,N87HY4T4,md_0006,bobolink,abundance 2015,0.9312160109307148,0.6080171921309069,0.6935200162289883,FALSE
abundance,abundance_guild_bmp,obligate_grassland,prescribed_fire,B34SZBUU,md_0735,grasshopper_sparrow,abundance,0.8769185410168233,0.569367824213221,0.6933342307025786,FALSE
abundance,abundance_guild_bmp,obligate_grassland,rotational_grazing,2WJYSYDE,md_1169,bobolink,abundance,0.5426865928099135,0.5506214051923023,0.69217984500881935,FALSE
abundance,abundance_guild_bmp,obligate_grassland,edge_and_shrub_habitat,WGSP9SQJ,md_1125,western_meadowlark,abundance,-0.04094520110685397,0.13818413371860863,0.6919507639944933,FALSE
abundance,abundance_guild_bmp,facultative_grassland,prescribed_fire,86IBQ28G,md_0760,northern_bobwhite,density (birds/ha) - 2005,-0.9223131928520184,0.6566872811736181,-0.6908641312050046,FALSE
abundance,abundance_guild_bmp,obligate_grassland,manage_in_patches,GS4TG5A4,tc_0009,horned_lark,Density,-0.5971436141061618,0.38425274816452865,-0.6897938445856201,FALSE
abundance,abundance_pooled_bmp,all_grassland,prescribed_fire,K2FW7NWY,md_0648,common_yellowthroat,number of singing males - 1994,-0.5025243062266734,0.44126777253253985,-0.6891661114829729,FALSE
abundance,abundance_guild_bmp,facultative_grassland,remove_non_native_shrubs,BQ6ZPH37,md_0674,common_yellowthroat,density (birds/ha) - 2006,-0.494183998707468,0.3230889979475929,-0.6867365826639552,FALSE
abundance,abundance_guild_bmp,obligate_grassland,prescribed_fire,F8XKUC3R,md_1003,eastern_meadowlark,abundance,0.9370293455139336,0.7069903343489612,0.6864995913761599,FALSE
abundance,abundance_pooled_bmp,all_grassland,plant_nwsg,55UE5VCT,md_0053,common_yellowthroat,density,0.4300400008527765,0.2598040675603952,0.6859471812743629,FALSE
abundance,abundance_guild_bmp,obligate_grassland,eliminate_pesticides,RAN8HLMY,bc_0005,farmland_bird_indicator_species,Abundance (2003),0.03332001708578584,0.2137493126566816,-0.6855348758974534,FALSE
abundance,abundance_guild_bmp,obligate_grassland,provide_overwintering_habitat,IF3VCNWP,md_0139,vesper_sparrow,abundance - 97-98,0.9742132138677372,0.5331981916509821,0.6845980849191954,FALSE
abundance,abundance_pooled_bmp,all_grassland,plant_nwsg,9HH6YMIM,md_0462,song_sparrow,nest density (nests/100 ha),0.5921922338643107,0.6124038084035548,0.679783355164485,FALSE
abundance,abundance_pooled_bmp,all_grassland,eliminate_pesticides,86MSLRJN,bc_0049,american_goldfinch,abundance (Quebec),0.8025430738128876,0.5228832402952711,0.6777202570275491,FALSE
abundance,abundance_pooled_bmp,all_grassland,plant_nwsg,AGDXXJXK,md_1212,lark_sparrow,density (birds/ha),0.5533307466844495,0.5447760611237294,0.6765609598862471,FALSE
abundance,abundance_pooled_bmp,all_grassland,remove_non_native_shrubs,A9QQKZTZ,md_0829,orchard_oriole,abundance - 2006,-0.6264461914941245,0.677768079239837,-0.6750597389642085,FALSE
abundance,abundance_guild_bmp,obligate_grassland,plant_nwsg,SQ8ICKWV,md_0318,grasshopper_sparrow,abundance,-0.3689177599145176,0.3644265261629757,-0.6732929057951049,FALSE
nest_success,nest_success_guild_bmp,obligate_grassland,edge_and_shrub_habitat,JY7UF4YC,md_1244,bobolink,Daily nest survival,-0.09692153044901408,0.3991763357331949,0.6723156457587821,FALSE
abundance,abundance_guild_bmp,obligate_grassland,plant_nwsg,9HH6YMIM,md_0397,dickcissel,density (birds/count/100 ha),0.43137952403120594,0.4722836084585381,0.6713174423581673,FALSE
abundance,abundance_pooled_bmp,all_grassland,prescribed_fire,K2FW7NWY,md_0561,western_meadowlark,number of singing males - 1993,0.6070261112775569,0.23749569286522929,0.6706069042812318,FALSE
abundance,abundance_pooled_bmp,all_grassland,plant_nwsg,VAP55SP2,md_0363,dickcissel,density (male/ha),0.4936468413699979,0.43537092651976905,0.6690364949612012,FALSE
abundance,abundance_guild_bmp,facultative_grassland,prescribed_fire,K2FW7NWY,md_0556,clay_colored_sparrow,number of singing males - 1993,-0.7585171678941025,0.2404203779726613,-0.6686518006299407,FALSE
abundance,abundance_guild_bmp,facultative_grassland,reduce_grazing_intensity,86IBQ28G,md_0817,northern_bobwhite,density (birds/ha) - 2005,0.6527139518645054,0.5493406483494501,0.6684680228744859,FALSE
abundance,abundance_pooled_bmp,all_grassland,plant_nwsg,ECUBV53L,md_1176,brown_headed_cowbird,abundance (individuals/100 ha),-0.4041255608907502,0.5783533663983722,-0.6669663506528807,FALSE
abundance,abundance_guild_bmp,obligate_grassland,eliminate_pesticides,JQQJHBMK,tc_0025,horned_lark,abundance,0.6455687170557188,0.4403119777723994,0.6669284672300563,FALSE
abundance,abundance_pooled_bmp,all_grassland,prescribed_fire,86IBQ28G,md_0753,dickcissel,density (birds/ha) - 2005,-0.555912099599409,0.6303861713691514,-0.6653856323389375,FALSE
abundance,abundance_pooled_bmp,all_grassland,prescribed_fire,VEK3WELY,md_0215,henslows_sparrow,nest density (nests/ha),0.7155417527999327,0.5930170560198528,0.664552853915023,FALSE
abundance,abundance_pooled_bmp,all_grassland,prescribed_fire,K2FW7NWY,md_0617,western_meadowlark,number of singing males - 1994,0.6121972171185593,0.2906612207702584,0.662472904164016,FALSE
abundance,abundance_pooled_bmp,all_grassland,eliminate_pesticides,86MSLRJN,bc_0065,red_winged_blackbird,abundance (Quebec),-0.31074467818035006,0.5038381115135621,-0.6548685044227325,FALSE
abundance,abundance_guild_bmp,obligate_grassland,prescribed_fire,5H9BFCB2,md_0953,dickcissel,abundance,-0.1650945094476995,0.17345495858404647,-0.6545326822220183,FALSE
abundance,abundance_guild_bmp,obligate_grassland,plant_nwsg,VAP55SP2,md_0359,sedge_wren,density (male/ha),0.4012083875707165,0.43298945462360294,0.6532900100812347,FALSE
abundance,abundance_guild_bmp,facultative_grassland,edge_and_shrub_habitat,ZDBASF6Z,md_1085,american_goldfinch,density (birds/ha),0.3941707632064886,0.3982555434269061,0.652021625145865,FALSE
abundance,abundance_guild_bmp,facultative_grassland,edge_and_shrub_habitat,ZDBASF6Z,md_1086,dark_eyed_junco,density (birds/ha),0.3941707632064885,0.39825554342690606,0.6520216251458649,FALSE
nest_success,nest_success_guild_bmp,facultative_grassland,edge_and_shrub_habitat,RYCYMRRZ,md_1131,indigo_bunting_blue_grosbeak,Nest survival probability,0.11230781262177142,0.3843149989429174,-0.6519520003062574,FALSE
abundance,abundance_guild_bmp,facultative_grassland,prescribed_fire,86IBQ28G,md_0785,brown_headed_cowbird,density (birds/ha) - 2004,0.32083446260131876,0.5369474989749136,0.650857004076416,FALSE
abundance,abundance_guild_bmp,obligate_grassland,stream_exclusion_and_buffers,55UE5VCT,md_0043,breeding_grassland_species,density,0.6280736416171353,0.2871758241886745,0.6498973962462805,FALSE
abundance,abundance_guild_bmp,obligate_grassland,prescribed_fire,86IBQ28G,md_0774,eastern_meadowlark,density (birds/ha) - 2005,-0.2847858020251865,0.5747885616710052,-0.6482926969378686,FALSE
abundance,abundance_pooled_bmp,all_grassland,remove_non_native_shrubs,7DEL2BXP,md_0534,yellow_warbler,density (birds/ha),-0.4141802383328076,0.2664221786431857,-0.6480755083261481,FALSE
abundance,abundance_pooled_bmp,all_grassland,plant_nwsg,LU5JZP88,md_0381,american_goldfinch,abundance,0.42693987042933496,0.30634634245753983,0.6479441785221308,FALSE
species_richness,richness_bmp,,edge_and_shrub_habitat,TL3GWJHM,bc_0026,all_species,species_richness,0.6093642356097291,0.2835690528644169,0.646671110618406,FALSE
abundance,abundance_guild_bmp,facultative_grassland,plant_nwsg,9HH6YMIM,md_0405,common_yellowthroat,density (birds/count/100 ha),0.6107781643824269,0.5312147609574719,0.6463622881832338,FALSE
abundance,abundance_pooled_bmp,all_grassland,provide_overwintering_habitat,IF3VCNWP,md_0155,northern_harrier,abundance - 97-98,0.7005656383746954,0.517621950842553,0.6463594015670083,FALSE
abundance,abundance_pooled_bmp,all_grassland,prescribed_fire,K2FW7NWY,md_0639,savannah_sparrow,number of singing males - 1994,0.5952245920045882,0.27291700014460424,0.6460015082187102,FALSE
abundance,abundance_pooled_bmp,all_grassland,remove_non_native_shrubs,BQ6ZPH37,md_0691,american_goldfinch,density (birds/ha) - 2006-2007,-0.4319499970127288,0.3219132160868346,-0.6445450260432438,FALSE
abundance,abundance_pooled_bmp,all_grassland,plant_nwsg,5EM6FIBL,md_0711,field_sparrow,territory density (territories/40 ha),0.4177802530689765,0.28712648232049925,0.6437246986937727,FALSE
abundance,abundance_guild_bmp,facultative_grassland,eliminate_pesticides,JQQJHBMK,tc_0032,american_goldfinch,abundance,0.7106877133823294,0.4428121376019777,0.6431952151008143,FALSE
abundance,abundance_guild_bmp,facultative_grassland,plant_nwsg,9HH6YMIM,md_0454,common_yellowthroat,nest density (nests/100 ha),0.6246318910710892,0.5612372539729111,0.6426342702948682,FALSE
abundance,abundance_pooled_bmp,all_grassland,prescribed_fire,QI6DHMSY,md_0484,northern_mockingbird,density (birds/ha),0.7411267859855535,0.7040584074867557,0.6417807926567514,FALSE
abundance,abundance_pooled_bmp,all_grassland,provide_overwintering_habitat,IF3VCNWP,md_0188,eastern_bluebird,abundance - 96-97,-0.1314125356558223,0.5010199095234766,-0.6417718355026868,FALSE
abundance,abundance_guild_bmp,facultative_grassland,remove_non_native_shrubs,LUTCPDZB,md_0895,northern_cardinal,relative abundance,0.16489635797318256,0.566268114578806,0.6410994059236471,FALSE
abundance,abundance_guild_bmp,obligate_grassland,prescribed_fire,K2FW7NWY,md_0544,bobolink,number of singing males - 1993,-0.1970160618062733,0.3560982755782096,-0.6399974542909184,FALSE
abundance,abundance_guild_bmp,obligate_grassland,eliminate_pesticides,86MSLRJN,bc_0062,northern_harrier,abundance (Ontario),-0.04561321332741788,0.4283779612556755,-0.6389105498195741,FALSE
abundance,abundance_pooled_bmp,all_grassland,edge_and_shrub_habitat,2NUD7X3Z,md_1352,ground_breeders,abundance,0.3791882013041966,0.538530088115851,0.6369041475286772,FALSE
abundance,abundance_pooled_bmp,all_grassland,eliminate_pesticides,JQQJHBMK,tc_0029,bobolink,abundance,0.737167767103391,0.4438930856413768,0.6350912863712735,FALSE
abundance,abundance_guild_bmp,obligate_grassland,plant_nwsg,SQ8ICKWV,md_0320,grasshopper_sparrow,abundance,-0.3496040547033826,0.3699177096747107,-0.6345217127836537,FALSE
abundance,abundance_pooled_bmp,all_grassland,provide_overwintering_habitat,IF3VCNWP,md_0147,dark_eyed_junco,abundance - 97-98,-0.1266450205538682,0.5009760580033866,-0.6343320770369816,FALSE
species_richness,richness_bmp,,stream_exclusion_and_buffers,55UE5VCT,md_0092,wintering_species,species_richness,1.0028375456885106,0.43527861036935966,0.6331319024034894,FALSE
abundance,abundance_guild_bmp,obligate_grassland,plant_nwsg,5EM6FIBL,md_0714,grasshopper_sparrow,territory density (territories/40 ha),-0.30385035530735716,0.248419585963612,-0.6330833712694661,FALSE
abundance,abundance_pooled_bmp,all_grassland,install_nest_boxes,XDNK38QY,md_0492,omnivores,abundance,-0.2312212767083628,0.5350245837864183,-0.6327065048970798,FALSE
species_richness,richness_bmp,,provide_overwintering_habitat,TL3GWJHM,bc_0023,all_species,species_richness,0.1515406141069648,0.20694481232105225,-0.6323746306537877,FALSE
abundance,abundance_pooled_bmp,all_grassland,plant_nwsg,9HH6YMIM,md_0409,indigo_bunting,density (birds/count/100 ha),0.5138152742767734,0.5272524336570911,0.6323088448131975,FALSE
abundance,abundance_pooled_bmp,all_grassland,plant_nwsg,9HH6YMIM,md_0439,eastern_meadowlark,density (birds/count/100 ha) - 2002,-0.35039627424689906,0.5220759140811894,-0.6311686239317604,FALSE
abundance,abundance_pooled_bmp,all_grassland,manage_in_patches,KXCFYIJV,md_0309,grassland_obligates,abundance,0.8673315737689313,0.6485087660178228,0.630591111870623,FALSE
abundance,abundance_guild_bmp,facultative_grassland,prescribed_fire,IWRX5UBB,md_0991,eastern_kingbird,density (males/10 ha),0.3168725747173784,0.5756276178281126,0.6294000988592756,FALSE
abundance,abundance_guild_bmp,facultative_grassland,provide_overwintering_habitat,IF3VCNWP,md_0134,chipping_sparrow,abundance - 96-97,0.5274167726025968,0.5102340425930817,0.6285202701498849,FALSE
abundance,abundance_pooled_bmp,all_grassland,prescribed_fire,K2FW7NWY,md_0591,grasshopper_sparrow,number of singing males - 1993,0.599277488557932,0.3491128593033943,0.6279108168927102,FALSE
abundance,abundance_pooled_bmp,all_grassland,prescribed_fire,K2FW7NWY,md_0593,spragues_pipit,number of singing males - 1993,0.599277488557932,0.3491128593033943,0.6279108168927102,FALSE
abundance,abundance_guild_bmp,obligate_grassland,prescribed_fire,GS4TG5A4,md_1145,mccowns_longspur,density (birds/km^2),0.8589414665444515,0.6603404658061982,0.6272106825152106,FALSE
abundance,abundance_guild_bmp,facultative_grassland,provide_overwintering_habitat,IF3VCNWP,md_0123,mourning_dove,abundance - 97-98,-0.2836618965338744,0.5032672326801587,-0.6269619969319865,FALSE
abundance,abundance_pooled_bmp,all_grassland,remove_non_native_shrubs,BQ6ZPH37,md_0681,american_robin,density (birds/ha) - 2007,-0.4224935540185648,0.32174804264345513,-0.6268904673553196,FALSE
species_richness,richness_bmp,,prescribed_fire,K2FW7NWY,md_0619,all_species,species_richness - 1994,0.01627341863179278,0.2841456302228128,-0.6245871278816661,FALSE
abundance,abundance_guild_bmp,facultative_grassland,remove_non_native_shrubs,BQ6ZPH37,md_0701,american_robin,density (birds/ha) - 2006-2007,-0.4694290334717149,0.32260289745841564,-0.623457656653787,FALSE
abundance,abundance_guild_bmp,obligate_grassland,prescribed_fire,86IBQ28G,md_0746,eastern_meadowlark,density (birds/ha) - 2004,-0.2812007246798063,0.6188812076003933,-0.6227662396754391,FALSE
abundance,abundance_pooled_bmp,all_grassland,reduce_grazing_intensity,86IBQ28G,md_0802,grasshopper_sparrow,density (birds/ha) - 2004,0.6582668139059187,0.5496166560138048,0.6220100584259318,FALSE
abundance,abundance_pooled_bmp,all_grassland,prescribed_fire,QI6DHMSY,md_0476,cassins_sparrow,density (birds/ha),0.7196732137437464,0.7018292551043196,0.6216278942974502,FALSE
abundance,abundance_pooled_bmp,all_grassland,stream_exclusion_and_buffers,7SS4IEI5,md_0111,swamp_sparrow,winter density (birds/10 ha),0.566356994507943,0.3878807044665556,0.6211473484041048,FALSE
abundance,abundance_pooled_bmp,all_grassland,plant_nwsg,5EM6FIBL,md_0713,eastern_meadowlark,territory density (territories/40 ha),-0.23306262689164545,0.24782123026859904,-0.6207544333592823,FALSE
abundance,abundance_pooled_bmp,all_grassland,edge_and_shrub_habitat,9HH6YMIM,md_0419,eastern_meadowlark,density (birds/count/100 ha) - 2001,-0.42167626671518293,0.4720644779291853,-0.620197333451844,FALSE
abundance,abundance_pooled_bmp,all_grassland,plant_nwsg,9HH6YMIM,md_0391,sedge_wren,density (birds/count/100 ha),-0.3185626961076742,0.4700389922746492,-0.6198773581191374,FALSE
species_richness,richness_bmp,,stream_exclusion_and_buffers,55UE5VCT,md_0036,breeding_species,species_richness,0.95294232581245,0.2925778511445092,0.619703176696812,FALSE
abundance,abundance_pooled_bmp,all_grassland,provide_overwintering_habitat,XXILUEDP,md_1226,sparrows,density (birds/.08 ha),0.656100727183614,0.4620817626025382,0.6187332508971494,FALSE
abundance,abundance_guild_bmp,facultative_grassland,provide_overwintering_habitat,IF3VCNWP,md_0129,canyon_towhee,abundance - 97-98,0.5209402734225835,0.5099963622641853,0.618614778093152,FALSE
abundance,abundance_guild_bmp,obligate_grassland,rotational_grazing,C8RH4NET,md_0327,grasshopper_sparrow,abundance,0.39067021700640264,0.27311131070457456,0.6181300774255533,FALSE
abundance,abundance_pooled_bmp,all_grassland,prescribed_fire,GS4TG5A4,tc_0010,mccowns_longspur,Density,0.600899234320666,0.3843611538409955,0.6180757001369432,FALSE
species_richness,richness_bmp,,prescribed_fire,K2FW7NWY,md_0574,all_species,species_richness - 1993,0.6595777601480596,0.2767188606173319,0.6179408165430232,FALSE
abundance,abundance_pooled_bmp,all_grassland,plant_nwsg,SQ8ICKWV,md_0317,savannah_sparrow,abundance,0.432985477455588,0.365639833679347,0.6177549737563878,FALSE
abundance,abundance_guild_bmp,obligate_grassland,prescribed_fire,K2FW7NWY,md_0580,grasshopper_sparrow,number of singing males - 1993,0.7080683358808757,0.2510796941136573,0.6155961338409582,FALSE
abundance,abundance_pooled_bmp,all_grassland,manage_in_patches,YD99BG64,md_0342,grasshopper_sparrow,density,0.8477511259455702,0.6503763963042993,0.6142933601813942,FALSE
abundance,abundance_pooled_bmp,all_grassland,eliminate_pesticides,WQDZ5GX5,md_1256,northern_lapwing,density (territories/ha),-0.1888794238033193,0.10110115856875074,-0.6139935315374372,FALSE
abundance,abundance_pooled_bmp,all_grassland,reduce_grazing_intensity,86IBQ28G,md_0817,northern_bobwhite,density (birds/ha) - 2005,0.6527139518645054,0.5493406483494501,0.6138389345239225,FALSE
abundance,abundance_guild_bmp,obligate_grassland,plant_nwsg,AGDXXJXK,md_1205,dickcissel,density (birds/ha),0.4266818918587514,0.5400086991651709,0.6134672181484889,FALSE
abundance,abundance_guild_bmp,facultative_grassland,remove_non_native_shrubs,BQ6ZPH37,md_0688,house_wren,density (birds/ha) - 2007,-0.4648484656494291,0.3225156119567046,-0.6117548546729256,FALSE
abundance,abundance_pooled_bmp,all_grassland,edge_and_shrub_habitat,9HH6YMIM,md_0464,common_yellowthroat,nest density (nests/100 ha),0.3695738688837278,0.5536556541940204,0.6110246274006575,FALSE
abundance,abundance_pooled_bmp,all_grassland,remove_non_native_shrubs,BQ6ZPH37,md_0689,indigo_bunting,density (birds/ha) - 2007,0.24359433849852735,0.31930216719996735,0.60977378802049,FALSE
abundance,abundance_guild_bmp,obligate_grassland,prescribed_fire,DTKILVPL,md_1035,dickcissel,abundance (individuals/km),-0.17302423701341205,0.3591755362958933,-0.6063569598343618,FALSE
abundance,abundance_guild_bmp,facultative_grassland,provide_overwintering_habitat,IF3VCNWP,md_0137,brewers_sparrow,abundance - 97-98,-0.26836813115958974,0.5029675789034573,-0.6033377739922227,FALSE
abundance,abundance_pooled_bmp,all_grassland,eliminate_pesticides,JQQJHBMK,tc_0032,american_goldfinch,abundance,0.7106877133823294,0.4428121376019777,0.6021168087265819,FALSE
abundance,abundance_pooled_bmp,all_grassland,plant_nwsg,9HH6YMIM,md_0404,sedge_wren,density (birds/count/100 ha),0.4920570987503931,0.5264535702035253,0.6011182610495039,FALSE
abundance,abundance_guild_bmp,facultative_grassland,prescribed_fire,F8XKUC3R,md_1010,brown_headed_cowbird,abundance,0.3240765974667734,0.6598627155846916,0.6007769271512746,FALSE
abundance,abundance_pooled_bmp,all_grassland,eliminate_pesticides,JQQJHBMK,tc_0072,yellow_warbler,abundance,-0.2403469130268946,0.4299998017718807,-0.6006845380513403,FALSE
abundance,abundance_guild_bmp,obligate_grassland,prescribed_fire,IWRX5UBB,md_0997,vesper_sparrow,density (males/10 ha),0.8078697209031497,0.5991322201932334,0.5995879522461981,FALSE
abundance,abundance_guild_bmp,obligate_grassland,plant_nwsg,D7FXG82E,md_0937,horned_lark,number of birds per count,-0.2565794688041543,0.07002467203642954,-0.5977520266930428,FALSE
abundance,abundance_pooled_bmp,all_grassland,plant_nwsg,HZBZKNRR,md_0316,western_meadowlark,abundance,0.3566421902330773,0.14491446406306543,0.5966516632655463,FALSE
abundance,abundance_pooled_bmp,all_grassland,prescribed_fire,K2FW7NWY,md_0657,brown_headed_cowbird,number of singing males - 1994,-0.4040325818436633,0.3751023371048788,-0.5963263292968658,FALSE
abundance,abundance_pooled_bmp,all_grassland,remove_non_native_shrubs,A9QQKZTZ,md_0828,western_kingbird,abundance - 2007,0.386378760763713,0.6626517780082098,0.5958099640999871,FALSE
abundance,abundance_guild_bmp,facultative_grassland,remove_non_native_shrubs,A9QQKZTZ,md_0847,orchard_oriole,abundance - 2008,-0.6502549197615943,0.6796341822795897,-0.5949448476276434,FALSE
abundance,abundance_pooled_bmp,all_grassland,stream_exclusion_and_buffers,7SS4IEI5,md_0107,savannah_sparrow,winter density (birds/10 ha),0.5533367970285358,0.3875191382962773,0.594121678662513,FALSE
abundance,abundance_guild_bmp,obligate_grassland,plant_nwsg,YXR6499E,md_0331,vesper_sparrow,abundance,-0.2543706960946631,0.10323329353948718,-0.5927434690192012,FALSE
abundance,abundance_guild_bmp,obligate_grassland,stream_exclusion_and_buffers,ILUKKWJA,md_0274,horned_lark,density (birds/0.2 ha),0.18734688722620552,0.20710237446778496,-0.5920097747689054,FALSE
abundance,abundance_pooled_bmp,all_grassland,plant_nwsg,AGDXXJXK,md_1209,common_nighthawk,density (birds/ha),-0.33037565909993566,0.5371885191851101,-0.5917081543036509,FALSE
abundance,abundance_pooled_bmp,all_grassland,prescribed_fire,DTKILVPL,md_1036,dickcissel,abundance (individuals/km),-0.37595569067369894,0.2725803528589494,-0.5913240886150516,FALSE
abundance,abundance_pooled_bmp,all_grassland,prescribed_fire,86IBQ28G,md_0780,upland_sandpiper,density (birds/ha) - 2005,-0.4647058436119594,0.5806240772052272,-0.5903903665898413,FALSE
abundance,abundance_pooled_bmp,all_grassland,prescribed_fire,86IBQ28G,md_0787,henslows_sparrow,density (birds/ha) - 2004,-0.45024794647361904,0.5408053893900971,-0.5901440476670022,FALSE
abundance,abundance_guild_bmp,facultative_grassland,prescribed_fire,IWRX5UBB,md_0992,field_sparrow,density (males/10 ha),-0.8016312513190408,0.5987131000158867,-0.5890208566534567,FALSE
species_richness,richness_bmp,,rotational_grazing,LIZQ6R64,md_0858,all_species,species_richness - 1997,-0.8944271909999157,0.6542719875161959,-0.5889600708148803,FALSE
abundance,abundance_guild_bmp,facultative_grassland,provide_overwintering_habitat,IF3VCNWP,md_0118,scaled_quail,abundance - 96-97,0.5004040274104967,0.5092614234924194,0.5871771704753834,FALSE
abundance,abundance_guild_bmp,facultative_grassland,provide_overwintering_habitat,IF3VCNWP,md_0152,house_finch,abundance - 96-97,0.5004040274104967,0.5092614234924194,0.5871771704753834,FALSE
abundance,abundance_guild_bmp,facultative_grassland,provide_overwintering_habitat,IF3VCNWP,md_0177,bridled_titmouse,abundance - 97-98,0.5004040274104966,0.5092614234924194,0.5871771704753833,FALSE
abundance,abundance_pooled_bmp,all_grassland,prescribed_fire,B34SZBUU,md_0732,brown_headed_cowbird,abundance,-0.4496841865916832,0.5482374410354621,-0.5866839392945754,FALSE
abundance,abundance_guild_bmp,facultative_grassland,provide_overwintering_habitat,7SS4IEI5,md_0104,field_sparrow,winter density (birds/10 ha),0.4459931501419898,0.3848482361072803,0.5857155869324278,FALSE
abundance,abundance_pooled_bmp,all_grassland,eliminate_pesticides,JQQJHBMK,tc_0055,upland_sandpiper,abundance,-0.22824754762855004,0.4298349533644034,-0.5853818942381579,FALSE
abundance,abundance_guild_bmp,facultative_grassland,remove_non_native_shrubs,A9QQKZTZ,md_0853,brown_headed_cowbird,abundance - 2009,0.17882357223299372,0.6552339194253561,0.5836613521353347,FALSE
abundance,abundance_guild_bmp,obligate_grassland,prescribed_fire,K2FW7NWY,md_0564,bairds_sparrow,number of singing males - 1993,0.6912508175671955,0.2774207656161299,0.5835633638613589,FALSE
abundance,abundance_pooled_bmp,all_grassland,prescribed_fire,K2FW7NWY,md_0560,spragues_pipit,number of singing males - 1993,0.5395787655800506,0.2363930355742227,0.5833768663938741,FALSE
abundance,abundance_pooled_bmp,all_grassland,edge_and_shrub_habitat,CXWJRPTX,md_1055,bobolink,nest density (nests/ha),-0.4932815957171597,0.6685386259517389,-0.582839083965823,FALSE
abundance,abundance_guild_bmp,facultative_grassland,eliminate_pesticides,JQQJHBMK,tc_0026,common_yellowthroat,abundance,-0.4394442226253015,0.4339164022928686,-0.5811826970328873,FALSE
abundance,abundance_pooled_bmp,all_grassland,manage_in_patches,GS4TG5A4,tc_0009,horned_lark,Density,-0.5971436141061618,0.38425274816452865,-0.5808333833730238,FALSE
abundance,abundance_pooled_bmp,all_grassland,plant_nwsg,9HH6YMIM,md_0388,ring_necked_pheasant,density (birds/count/100 ha),-0.2924954203356787,0.4696152028498616,-0.5796035256510531,FALSE
abundance,abundance_pooled_bmp,all_grassland,eliminate_pesticides,86MSLRJN,bc_0047,american_goldfinch,abundance (Sasketchewan),-0.22122408463797671,0.4297431395024422,-0.576496416099252,FALSE
abundance,abundance_guild_bmp,facultative_grassland,plant_nwsg,DS5EPZ93,md_0351,ring_necked_pheasant,crowing counts (male count),-0.12084771467340533,0.4317870146600252,-0.5763226524126753,FALSE
abundance,abundance_guild_bmp,obligate_grassland,edge_and_shrub_habitat,WGSP9SQJ,md_1121,vesper_sparrow,abundance,-0.09068954246282844,0.11448185614518396,0.5761726417447957,FALSE
abundance,abundance_pooled_bmp,all_grassland,stream_exclusion_and_buffers,ILUKKWJA,md_0233,northern_cardinal,density (birds/0.2 ha),0.04310780198469685,0.2780872530945761,-0.5761512125195041,FALSE
abundance,abundance_pooled_bmp,all_grassland,prescribed_fire,K2FW7NWY,md_0621,brown_headed_cowbird,number of singing males - 1994,0.531045842661664,0.22520140362891475,0.57462189259236085,FALSE
abundance,abundance_guild_bmp,facultative_grassland,plant_nwsg,9HH6YMIM,md_0455,red_winged_blackbird,nest density (nests/100 ha),0.5787119704353427,0.559593906411716,0.5744539316754499,FALSE
abundance,abundance_guild_bmp,obligate_grassland,reduce_grazing_intensity,86IBQ28G,md_0802,grasshopper_sparrow,density (birds/ha) - 2004,0.6582668139059187,0.5496166560138048,0.5740219464630947,FALSE
abundance,abundance_pooled_bmp,all_grassland,prescribed_fire,86IBQ28G,md_0789,mourning_dove,density (birds/ha) - 2004,-0.43514263457633695,0.5402899360437302,-0.5737670197445233,FALSE
abundance,abundance_pooled_bmp,all_grassland,provide_overwintering_habitat,TIFDVC4W,md_0942,savannah_sparrow,winter density (birds/ha),0.6361193339930986,0.4803010626400337,0.5726137041322854,FALSE
species_richness,richness_bmp,,eliminate_pesticides,65GGK69H,md_0500,all_species,species_richness,0.23714635601946724,0.4299553737461023,-0.5725990538631317,FALSE
abundance,abundance_guild_bmp,obligate_grassland,prescribed_fire,C3NIZKWQ,bc_0077,dickcissel,abundance (individuals/ha),-0.1125130195165625,0.19123848787067588,-0.5725160888778597,FALSE
abundance,abundance_pooled_bmp,all_grassland,rotational_grazing,43J4RKSJ,md_1041,vesper_sparrow,abundance,0.29088318133370117,0.11690497907404118,0.5709173677473202,FALSE
species_richness,richness_bmp,,provide_overwintering_habitat,TL3GWJHM,bc_0031,all_species,species_richness,0.17712539311203676,0.20705401276551197,-0.5705447771488423,FALSE
species_richness,richness_bmp,,provide_overwintering_habitat,FQ4DXWJU,md_0907,grassland_facultative_species,facultative species_richness,0.8203738783030267,0.6112072934857428,0.5704322707994431,FALSE
species_richness,richness_bmp,,stream_exclusion_and_buffers,55UE5VCT,md_0072,breeding_species,species_richness,-0.01705996130164162,0.3111593655200854,-0.5677303937649332,FALSE
abundance,abundance_pooled_bmp,all_grassland,prescribed_fire,VEK3WELY,md_0214,grasshopper_sparrow,nest density (nests/ha),0.6220926330877913,0.5882069161370493,0.5673275859562117,FALSE
abundance,abundance_pooled_bmp,all_grassland,edge_and_shrub_habitat,9HH6YMIM,md_0424,american_goldfinch,density (birds/count/100 ha),-0.3890253605370711,0.47136304241349675,-0.5670966130946546,FALSE
abundance,abundance_pooled_bmp,all_grassland,reduce_grazing_intensity,86IBQ28G,md_0805,red_winged_blackbird,density (birds/ha) - 2004,-0.1212059380243593,0.5335126883351214,-0.5669879634770698,FALSE
abundance,abundance_guild_bmp,obligate_grassland,plant_nwsg,YXR6499E,md_0330,chestnut_collared_longspur,abundance,0.2543706960946633,0.10323329353948718,0.5666064934364389,FALSE
abundance,abundance_pooled_bmp,all_grassland,provide_overwintering_habitat,IF3VCNWP,md_0124,horned_lark,abundance - 96-97,-0.08256666452273198,0.5006472450828197,-0.5655029067743578,FALSE
abundance,abundance_guild_bmp,facultative_grassland,remove_non_native_shrubs,A9QQKZTZ,md_0829,orchard_oriole,abundance - 2006,-0.6264461914941245,0.677768079239837,-0.5629654398020989,FALSE
abundance,abundance_guild_bmp,facultative_grassland,plant_nwsg,VAP55SP2,md_0366,american_goldfinch,density (male/ha),0.5137459339758065,0.43595187311873607,0.561857271328296,FALSE
abundance,abundance_pooled_bmp,all_grassland,prescribed_fire,K2FW7NWY,md_0626,lecontes_sparrow,number of singing males - 1994,0.5210634106205854,0.22507182046623508,0.5616532867586618,FALSE
abundance,abundance_pooled_bmp,all_grassland,prescribed_fire,K2FW7NWY,md_0628,spragues_pipit,number of singing males - 1994,0.5210634106205854,0.22507182046623508,0.5616532867586618,FALSE
abundance,abundance_pooled_bmp,all_grassland,manage_in_patches,YD99BG64,md_0346,common_yellowthroat,density,-0.6244623454188782,0.6343846703312361,-0.5616185080377152,FALSE
abundance,abundance_guild_bmp,facultative_grassland,eliminate_pesticides,JQQJHBMK,tc_0076,song_sparrow,abundance,0.6331634099725659,0.43986141130135514,0.5612345694679959,FALSE
abundance,abundance_pooled_bmp,all_grassland,eliminate_pesticides,86MSLRJN,bc_0051,american_kestrel,abundance (Quebec),-0.2314561201114143,0.5023121281242191,-0.5599179549205723,FALSE
species_richness,richness_bmp,,prescribed_fire,6Q5B6N44,md_1259,all_species,species_richness,-0.09578889177937214,0.6537822975953286,-0.5594249899836587,FALSE
abundance,abundance_pooled_bmp,all_grassland,prescribed_fire,K2FW7NWY,md_0554,brown_headed_cowbird,number of singing males - 1993,0.5202382406258538,0.2360999178429742,0.5583692605409794,FALSE
abundance,abundance_guild_bmp,obligate_grassland,plant_nwsg,LU5JZP88,md_0374,bobolink,abundance,0.2969040726299786,0.3045119675594025,0.5582699297747763,FALSE
abundance,abundance_guild_bmp,facultative_grassland,plant_nwsg,9HH6YMIM,md_0462,song_sparrow,nest density (nests/100 ha),0.5921922338643107,0.6124038084035548,0.556685275703241,FALSE
abundance,abundance_pooled_bmp,all_grassland,prescribed_fire,K2FW7NWY,md_0645,brown_headed_cowbird,number of singing males - 1994,-0.38658944341240253,0.43964257118818534,-0.5542913303411566,FALSE
abundance,abundance_guild_bmp,obligate_grassland,prescribed_fire,3NTX2A2K,md_0029,grasshopper_sparrow,density,0.7595317031885823,0.5785060386707169,0.553541552346969,FALSE
abundance,abundance_pooled_bmp,all_grassland,plant_nwsg,ECUBV53L,md_1182,ring_necked_pheasant,abundance (individuals/100 ha),0.4830536938350414,0.5813723303808417,0.5532430072243391,FALSE
abundance,abundance_guild_bmp,obligate_grassland,eliminate_pesticides,JQQJHBMK,tc_0028,savannah_sparrow,abundance,0,0.42831724639432595,-0.5522484163608448,FALSE
abundance,abundance_pooled_bmp,all_grassland,prescribed_fire,ECNPR7UT,md_0004,red_winged_blackbird,nest density,0.571098776284743,0.4760042996348139,0.5515446128155457,FALSE
abundance,abundance_pooled_bmp,all_grassland,prescribed_fire,86IBQ28G,md_0759,mourning_dove,density (birds/ha) - 2005,-0.4417079096599541,0.6247126947560804,-0.54942900461358,FALSE
species_richness,richness_bmp,,provide_overwintering_habitat,TL3GWJHM,bc_0015,all_species,species_richness,0.18598166276763856,0.20709575879247635,-0.5492509191400012,FALSE
abundance,abundance_guild_bmp,facultative_grassland,provide_overwintering_habitat,IF3VCNWP,md_0157,red_tailed_hawk,abundance - 97-98,-0.2326831464174706,0.5023323737750307,-0.5481605855399638,FALSE
species_richness,richness_bmp,,stream_exclusion_and_buffers,47D2B23I,md_0298,all_species,species_richness,0,0.3099450951688213,-0.5479272186117343,FALSE
abundance,abundance_pooled_bmp,all_grassland,prescribed_fire,ZXCUY5K9,md_1199,savannah_sparrow,density (individuals/ha),-0.4402146499435531,0.624646814027696,-0.547904060148526,FALSE
abundance,abundance_guild_bmp,facultative_grassland,plant_nwsg,AGDXXJXK,md_1212,lark_sparrow,density (birds/ha),0.5533307466844495,0.5447760611237294,0.546367831940355,FALSE
abundance,abundance_pooled_bmp,all_grassland,plant_nwsg,9HH6YMIM,md_0397,dickcissel,density (birds/count/100 ha),0.43137952403120594,0.4722836084585381,0.5448924041342703,FALSE
abundance,abundance_guild_bmp,facultative_grassland,plant_nwsg,9HH6YMIM,md_0429,barn_swallow,density (birds/count/100 ha),-0.1411471874714419,0.5182733812745427,-0.5446244676235876,FALSE
abundance,abundance_pooled_bmp,all_grassland,prescribed_fire,B34SZBUU,md_0736,henslows_sparrow,abundance,0.5883099443716144,0.5536784462818721,0.5436325069161201,FALSE
abundance,abundance_guild_bmp,facultative_grassland,eliminate_pesticides,86MSLRJN,bc_0048,american_goldfinch,abundance (Ontario),0.6164446403395305,0.4392673029305744,0.5435309472401127,FALSE
abundance,abundance_pooled_bmp,all_grassland,prescribed_fire,86IBQ28G,md_0748,red_winged_blackbird,density (birds/ha) - 2004,0.6148754619013457,0.6337991190049239,0.5428637868597259,FALSE
abundance,abundance_guild_bmp,facultative_grassland,remove_non_native_shrubs,7DEL2BXP,md_0534,yellow_warbler,density (birds/ha),-0.4141802383328076,0.2664221786431857,-0.542716917652197,FALSE
species_richness,richness_bmp,,provide_overwintering_habitat,FQ4DXWJU,md_0901,grassland_facultative_species,facultative species_richness,0.08594280204439209,0.5006675366585703,-0.5399062273341962,FALSE
abundance,abundance_guild_bmp,obligate_grassland,prescribed_fire,K2FW7NWY,md_0632,bairds_sparrow,number of singing males - 1994,0.6592129151705717,0.27425063419290135,0.5391498392858846,FALSE
abundance,abundance_pooled_bmp,all_grassland,prescribed_fire,86IBQ28G,md_0791,dickcissel,density (birds/ha) - 2005,0.5810464136483517,0.5459770669081445,0.5384287048566777,FALSE
abundance,abundance_guild_bmp,obligate_grassland,manage_in_patches,DY9N6UPD,md_0225,dickcissel,nests/ha,-0.4475223231902681,0.5929292883338618,-0.5379147268079443,FALSE
abundance,abundance_pooled_bmp,all_grassland,prescribed_fire,86IBQ28G,md_0772,dickcissel,density (birds/ha) - 2005,-0.41089558072291976,0.5785918266696721,-0.5336110884598007,FALSE
abundance,abundance_pooled_bmp,all_grassland,eliminate_pesticides,JQQJHBMK,tc_0071,european_starling,abundance,0.6543436764755413,0.44063568254557633,0.5317745449080821,FALSE
abundance,abundance_guild_bmp,obligate_grassland,plant_nwsg,9HH6YMIM,md_0439,eastern_meadowlark,density (birds/count/100 ha) - 2002,-0.35039627424689906,0.5220759140811894,-0.5316783265943772,FALSE
abundance,abundance_guild_bmp,obligate_grassland,prescribed_fire,K2FW7NWY,md_0575,bairds_sparrow,number of singing males - 1993,0.6490626412241361,0.24986868116307703,0.531257161129824,FALSE
species_richness,richness_bmp,,eliminate_pesticides,65GGK69H,md_0502,insectivores,species_richness,0.26324078448813093,0.43033481886115826,-0.5308446855374206,FALSE
abundance,abundance_guild_bmp,facultative_grassland,provide_overwintering_habitat,IF3VCNWP,md_0175,chihuahuan_raven,abundance - 97-98,-0.2211494256968883,0.5021462652116458,-0.5303116553522612,FALSE
abundance,abundance_guild_bmp,facultative_grassland,eliminate_pesticides,JQQJHBMK,tc_0068,american_robin,abundance,-0.3909983626977844,0.4327558856325659,-0.5297749321516189,FALSE
abundance,abundance_pooled_bmp,all_grassland,eliminate_pesticides,86MSLRJN,bc_0052,bobolink,abundance (Sasketchewan),-0.18421633813719995,0.42930648147883194,-0.5296481208402672,FALSE
abundance,abundance_guild_bmp,obligate_grassland,manage_in_patches,N87HY4T4,md_0006,bobolink,abundance 2015,0.9312160109307148,0.6080171921309069,0.5295656190397376,FALSE
species_richness,richness_bmp,,stream_exclusion_and_buffers,55UE5VCT,md_0038,wintering_species,species_richness,0.8877156157939281,0.2913240900316602,0.5285646856229825,FALSE
abundance,abundance_guild_bmp,facultative_grassland,remove_non_native_shrubs,BQ6ZPH37,md_0691,american_goldfinch,density (birds/ha) - 2006-2007,-0.4319499970127288,0.3219132160868346,-0.527751413435324,FALSE
abundance,abundance_guild_bmp,facultative_grassland,plant_nwsg,55UE5VCT,md_0053,common_yellowthroat,density,0.4300400008527765,0.2598040675603952,0.5277209128291908,FALSE
abundance,abundance_pooled_bmp,all_grassland,eliminate_pesticides,86MSLRJN,bc_0054,bobolink,abundance (Quebec),-0.20372247258327145,0.5018828898685112,-0.5266240378266387,FALSE
abundance,abundance_pooled_bmp,all_grassland,plant_nwsg,9HH6YMIM,md_0396,indigo_bunting,density (birds/count/100 ha),-0.258186674476897,0.4691120425300538,-0.5265096319052023,FALSE
species_richness,richness_bmp,,prescribed_fire,IWRX5UBB,md_0969,resident_species,species_richness,0.7266287476765837,0.5939075768363025,0.5263493754692623,FALSE
abundance,abundance_pooled_bmp,all_grassland,plant_nwsg,9HH6YMIM,md_0407,eastern_meadowlark,density (birds/count/100 ha) - 2002,-0.2782558648431257,0.5204027116263658,-0.5263470088618142,FALSE
abundance,abundance_guild_bmp,obligate_grassland,edge_and_shrub_habitat,CXWJRPTX,md_1056,eastern_meadowlark,nest density (nests/ha),0.05979121932396819,0.6534252692484076,0.5252257916802968,FALSE
abundance,abundance_pooled_bmp,all_grassland,prescribed_fire,86IBQ28G,md_0788,common_nighthawk,density (birds/ha) - 2004,-0.3892034043284159,0.538827714320562,-0.5238617100979533,FALSE
abundance,abundance_guild_bmp,obligate_grassland,stream_exclusion_and_buffers,55UE5VCT,md_0060,breeding_grassland_species,density,0.17323416851056656,0.3116462838036361,-0.5225166284485923,FALSE
abundance,abundance_pooled_bmp,all_grassland,provide_overwintering_habitat,IF3VCNWP,md_0171,loggerhead_shrike,abundance - 97-98,0.6183207856154556,0.5138662253685353,0.521972897571022,FALSE
abundance,abundance_guild_bmp,facultative_grassland,prescribed_fire,JFJNVKAK,md_0385,northern_bobwhite,density,0.21949179417067863,0.5766738187298179,0.5218193712965478,FALSE
abundance,abundance_pooled_bmp,all_grassland,stream_exclusion_and_buffers,55UE5VCT,md_0062,breeding_grassland_species,density,0.06170843017675521,0.28582296862285417,-0.52151926271376,FALSE
abundance,abundance_pooled_bmp,all_grassland,provide_overwintering_habitat,IF3VCNWP,md_0119,scaled_quail,abundance - 97-98,-0.05427643738022921,0.5005091432665896,-0.5212923349492494,FALSE
abundance,abundance_pooled_bmp,all_grassland,plant_nwsg,VAP55SP2,md_0359,sedge_wren,density (male/ha),0.4012083875707165,0.43298945462360294,0.5208555649122419,FALSE
abundance,abundance_pooled_bmp,all_grassland,eliminate_pesticides,JQQJHBMK,tc_0025,horned_lark,abundance,0.6455687170557188,0.4403119777723994,0.5207986302810671,FALSE
abundance,abundance_guild_bmp,obligate_grassland,prescribed_fire,VEK3WELY,md_0213,eastern_meadowlark,nest density (nests/ha),-0.17232846512572614,0.5742354653229472,-0.5187872234197245,FALSE
abundance,abundance_pooled_bmp,all_grassland,manage_in_patches,YD99BG64,md_0343,bobolink,density,0.7253983892836774,0.6410612374000262,0.5176241232048577,FALSE
abundance,abundance_pooled_bmp,all_grassland,prescribed_fire,B34SZBUU,md_0729,henslows_sparrow,abundance,0.562922697188244,0.5525776377357057,0.5163974398686895,FALSE
abundance,abundance_guild_bmp,facultative_grassland,prescribed_fire,86IBQ28G,md_0747,brown_headed_cowbird,density (birds/ha) - 2004,-0.7491737307315528,0.6427679702462878,-0.5161682884757405,FALSE
abundance,abundance_pooled_bmp,all_grassland,provide_overwintering_habitat,7SS4IEI5,md_0110,swamp_sparrow,winter density (birds/10 ha),0.566356994507943,0.3878807044665556,0.5161017094658658,FALSE
species_richness,richness_bmp,,prescribed_fire,K2FW7NWY,md_0607,all_species,species_richness - 1993,0.6720562260419577,0.47694780941623177,0.5154721449571055,FALSE
abundance,abundance_guild_bmp,obligate_grassland,plant_nwsg,9HH6YMIM,md_0391,sedge_wren,density (birds/count/100 ha),-0.3185626961076742,0.4700389922746492,-0.5145962961161993,FALSE
abundance,abundance_guild_bmp,facultative_grassland,remove_non_native_shrubs,7DEL2BXP,md_0521,willow_flycatcher,density (birds/ha),-0.04658631876625362,0.2635687777860144,0.5144257617175333,FALSE
abundance,abundance_pooled_bmp,all_grassland,prescribed_fire,IWRX5UBB,md_0998,western_meadowlark,density (males/10 ha),0.5712501579659007,0.5853572243723228,0.5142550458515263,FALSE
abundance,abundance_guild_bmp,facultative_grassland,edge_and_shrub_habitat,2NUD7X3Z,md_1352,ground_breeders,abundance,0.3791882013041966,0.538530088115851,0.5140763178695265,FALSE
abundance,abundance_pooled_bmp,all_grassland,rotational_grazing,C8RH4NET,md_0323,mccowns_longspur,abundance,0.2751873117214941,0.27208928078203615,0.511497840976969,FALSE
abundance,abundance_guild_bmp,facultative_grassland,eliminate_pesticides,86MSLRJN,bc_0055,common_yellowthroat,abundance (Ontario),-0.3732215849674709,0.43236329902751747,-0.5108954876100263,FALSE
abundance,abundance_pooled_bmp,all_grassland,prescribed_fire,K2FW7NWY,md_0638,lecontes_sparrow,number of singing males - 1994,0.4883058630893125,0.270980644855154,0.5099283431963746,FALSE
species_richness,richness_bmp,,edge_and_shrub_habitat,55UE5VCT,md_0073,breeding_species,species_richness,-0.01705996130164162,0.3111593655200854,-0.5074820448189552,FALSE
abundance,abundance_guild_bmp,obligate_grassland,eliminate_pesticides,RAN8HLMY,bc_0003,farmland_bird_indicator_species,Abundance (2001),0.10068007270878966,0.21387203388764744,-0.506720459964658,FALSE
abundance,abundance_pooled_bmp,all_grassland,provide_overwintering_habitat,IF3VCNWP,md_0135,chipping_sparrow,abundance - 97-98,-0.04458163757303371,0.5004749480161946,-0.5061369152437625,FALSE
abundance,abundance_pooled_bmp,all_grassland,manage_in_patches,N87HY4T4,md_0007,bobolink,abundance 2016,0.6986440676229769,0.5922262402471757,0.5053025919969228,FALSE
abundance,abundance_pooled_bmp,all_grassland,eliminate_pesticides,JQQJHBMK,tc_0076,song_sparrow,abundance,0.6331634099725659,0.43986141130135514,0.5052726150755245,FALSE
abundance,abundance_pooled_bmp,all_grassland,prescribed_fire,86IBQ28G,md_0757,red_winged_blackbird,density (birds/ha) - 2005,0.5775356064560162,0.6315999878828971,0.5051138740185962,FALSE
abundance,abundance_guild_bmp,facultative_grassland,plant_nwsg,9HH6YMIM,md_0453,ring_necked_pheasant,nest density (nests/100 ha),-0.1294214872380854,0.550036440593636,-0.5043764888231821,FALSE
abundance,abundance_guild_bmp,facultative_grassland,remove_non_native_shrubs,BQ6ZPH37,md_0681,american_robin,density (birds/ha) - 2007,-0.4224935540185648,0.32174804264345513,-0.5036188910046586,FALSE
abundance,abundance_pooled_bmp,all_grassland,stream_exclusion_and_buffers,7SS4IEI5,md_0103,eastern_bluebird,winter density (birds/10 ha),0.0342388546679802,0.3798756623658239,-0.5006178523392089,FALSE
abundance,abundance_pooled_bmp,all_grassland,prescribed_fire,5H9BFCB2,md_0952,grasshopper_sparrow,abundance,-0.29193773212212115,0.1738486346146044,-0.5005302403169263,FALSE
abundance,abundance_pooled_bmp,all_grassland,prescribed_fire,IWRX5UBB,md_0987,american_goldfinch,density (males/10 ha),-0.3795179478784239,0.5775192088702843,-0.5003978955695003,FALSE
abundance,abundance_pooled_bmp,all_grassland,prescribed_fire,86IBQ28G,md_0783,grasshopper_sparrow,density (birds/ha) - 2004,-0.366866584078789,0.5381743497638923,-0.4995461361055213,FALSE
abundance,abundance_guild_bmp,obligate_grassland,plant_nwsg,LU5JZP88,md_0379,eastern_meadowlark,abundance,0.2658126734533634,0.3041697828970892,0.49862284613757746,FALSE
abundance,abundance_guild_bmp,obligate_grassland,plant_nwsg,HZBZKNRR,md_0315,western_meadowlark,abundance,0.22749780253894908,0.12911043137194475,0.49828679057324216,FALSE
abundance,abundance_pooled_bmp,all_grassland,plant_nwsg,AGDXXJXK,md_1205,dickcissel,density (birds/ha),0.4266818918587514,0.5400086991651709,0.4981057520316682,FALSE
abundance,abundance_pooled_bmp,all_grassland,prescribed_fire,86IBQ28G,md_0792,grasshopper_sparrow,density (birds/ha) - 2005,-0.3655290391335624,0.5381364265448549,-0.49808911233672926,FALSE
abundance,abundance_guild_bmp,obligate_grassland,prescribed_fire,VEK3WELY,md_0215,henslows_sparrow,nest density (nests/ha),0.7155417527999327,0.5930170560198528,0.4974368545372839,FALSE
abundance,abundance_pooled_bmp,all_grassland,prescribed_fire,F8XKUC3R,md_1011,red_winged_blackbird,abundance,0.5842373946721773,0.6746192341692543,0.49737741903400484,FALSE
abundance,abundance_guild_bmp,facultative_grassland,plant_nwsg,9HH6YMIM,md_0409,indigo_bunting,density (birds/count/100 ha),0.5138152742767734,0.5272524336570911,0.49662198734518576,FALSE
abundance,abundance_guild_bmp,obligate_grassland,plant_nwsg,HZBZKNRR,md_0312,savannah_sparrow,abundance,0.2263687742173029,0.12910629702016563,0.4957232702215008,FALSE
abundance,abundance_pooled_bmp,all_grassland,prescribed_fire,86IBQ28G,md_0751,mourning_dove,density (birds/ha) - 2004,-0.3888813873912677,0.6225139592728849,-0.4953580616228109,FALSE
abundance,abundance_guild_bmp,facultative_grassland,eliminate_pesticides,JQQJHBMK,tc_0056,common_snipe,abundance,0.5705842554764153,0.43771545937258954,0.4949225047170981,FALSE
abundance,abundance_pooled_bmp,all_grassland,prescribed_fire,K2FW7NWY,md_0582,spragues_pipit,number of singing males - 1993,0.4720455572539172,0.24684186952909185,0.49395132492894184,FALSE
abundance,abundance_pooled_bmp,all_grassland,provide_overwintering_habitat,7SS4IEI5,md_0106,savannah_sparrow,winter density (birds/10 ha),0.5533367970285358,0.3875191382962773,0.4927347083362123,FALSE
abundance,abundance_pooled_bmp,all_grassland,stream_exclusion_and_buffers,ILUKKWJA,md_0282,blue_grosbeak,density (birds/0.2 ha),0.4626678835042043,0.2739251603701854,0.49236828057632953,FALSE
abundance,abundance_pooled_bmp,all_grassland,edge_and_shrub_habitat,TY9UGHCS,md_1139,american_crow,abundance (birds/point),0.2995790128120121,0.581161819426892,0.49085390240900256,FALSE
abundance,abundance_guild_bmp,obligate_grassland,prescribed_fire,B34SZBUU,md_0738,eastern_meadowlark,abundance,-0.13744267919160502,0.5412261397538088,-0.49067001581608427,FALSE
abundance,abundance_pooled_bmp,all_grassland,eliminate_pesticides,86MSLRJN,bc_0069,song_sparrow,abundance (Sasketchewan),-0.15278785701615655,0.42899797993709415,-0.48982732228639553,FALSE
abundance,abundance_pooled_bmp,all_grassland,manage_in_patches,YD99BG64,md_0345,red_winged_blackbird,density,-0.5341204001165596,0.6292075343336134,-0.4898271448078939,FALSE
abundance,abundance_guild_bmp,facultative_grassland,prescribed_fire,K2FW7NWY,md_0600,clay_colored_sparrow,number of singing males - 1993,-0.674062271908265,0.47698606317905695,-0.48981584178459964,FALSE
abundance,abundance_guild_bmp,facultative_grassland,edge_and_shrub_habitat,9HH6YMIM,md_0464,common_yellowthroat,nest density (nests/100 ha),0.3695738688837278,0.5536556541940204,0.489293582429137,FALSE
abundance,abundance_guild_bmp,obligate_grassland,plant_nwsg,5EM6FIBL,md_0713,eastern_meadowlark,territory density (territories/40 ha),-0.23306262689164545,0.24782123026859904,-0.4887716253058043,FALSE
abundance,abundance_guild_bmp,facultative_grassland,plant_nwsg,LU5JZP88,md_0381,american_goldfinch,abundance,0.42693987042933496,0.30634634245753983,0.4884031222181038,FALSE
abundance,abundance_pooled_bmp,all_grassland,stream_exclusion_and_buffers,ILUKKWJA,md_0255,eastern_meadowlark,density (birds/0.2 ha),0.07998711061178915,0.2711644972193472,-0.4881610177575695,FALSE
abundance,abundance_guild_bmp,facultative_grassland,provide_overwintering_habitat,TIFDVC4W,md_0944,song_sparrow,winter density (birds/ha),-0.16632002160979786,0.4291237843542639,-0.48632039499911384,FALSE
abundance,abundance_pooled_bmp,all_grassland,prescribed_fire,86IBQ28G,md_0745,grasshopper_sparrow,density (birds/ha) - 2004,-0.37978074323502514,0.6221626973361971,-0.4860184493575072,FALSE
abundance,abundance_pooled_bmp,all_grassland,eliminate_pesticides,86MSLRJN,bc_0048,american_goldfinch,abundance (Ontario),0.6164446403395305,0.4392673029305744,0.4843314022757405,FALSE
abundance,abundance_pooled_bmp,all_grassland,plant_nwsg,9HH6YMIM,md_0410,dickcissel,density (birds/count/100 ha),-0.24877766167974125,0.5198282829491787,-0.48334630334722634,FALSE
abundance,abundance_pooled_bmp,all_grassland,prescribed_fire,ECNPR7UT,md_0003,dickcissel,nest density,-0.3340982715399016,0.4728641242217436,-0.48311640709604853,FALSE
abundance,abundance_guild_bmp,facultative_grassland,plant_nwsg,5EM6FIBL,md_0711,field_sparrow,territory density (territories/40 ha),0.4177802530689765,0.28712648232049925,0.4814839586377275,FALSE
abundance,abundance_pooled_bmp,all_grassland,prescribed_fire,IWRX5UBB,md_0976,brown_headed_cowbird,density (males/10 ha),-0.3576591719033892,0.5768212436608048,-0.47721849984791903,FALSE
abundance,abundance_pooled_bmp,all_grassland,prescribed_fire,K2FW7NWY,md_0587,brown_headed_cowbird,number of singing males - 1993,-0.2993365366939765,0.3445949875388416,-0.476983505340349,FALSE
abundance,abundance_pooled_bmp,all_grassland,remove_non_native_shrubs,A9QQKZTZ,md_0834,yellow_warbler,abundance - 2006,-0.4629904654953862,0.6667308409408074,-0.4765364984718865,FALSE
abundance,abundance_guild_bmp,obligate_grassland,provide_overwintering_habitat,IF3VCNWP,md_0150,eastern_meadowlark,abundance - 96-97,0.8618645566227434,0.5262443705883019,0.47498768320061074,FALSE
abundance,abundance_guild_bmp,obligate_grassland,edge_and_shrub_habitat,VY6E42C6,md_1018,grasshopper_sparrow,territories/10 ha,-0.566564485615161,0.26924498674302205,-0.474786323232872,FALSE
abundance,abundance_guild_bmp,obligate_grassland,edge_and_shrub_habitat,XW78AT45,md_1355,grasshopper_sparrow,density - site TL,-0.566564485615161,0.26924498674302205,-0.4747863232328719,FALSE
abundance,abundance_guild_bmp,obligate_grassland,prescribed_fire,K2FW7NWY,md_0561,western_meadowlark,number of singing males - 1993,0.6070261112775569,0.23749569286522929,0.47372106876266395,FALSE
abundance,abundance_guild_bmp,obligate_grassland,manage_in_patches,KXCFYIJV,md_0309,grassland_obligates,abundance,0.8673315737689313,0.6485087660178228,0.4728374068573026,FALSE
abundance,abundance_pooled_bmp,all_grassland,edge_and_shrub_habitat,9HH6YMIM,md_0440,eastern_meadowlark,density (birds/count/100 ha) - 2002,-0.35039627424689906,0.5220759140811894,-0.47268947007781437,FALSE
abundance,abundance_pooled_bmp,all_grassland,prescribed_fire,3NTX2A2K,md_0023,dickcissel,density,-0.3493802753125004,0.5631838859715872,-0.4725734040472001,FALSE
abundance,abundance_pooled_bmp,all_grassland,stream_exclusion_and_buffers,ILUKKWJA,md_0243,common_grackle,density (birds/0.2 ha),0.08673856149998072,0.27117953714314635,-0.4707568623983437,FALSE
abundance,abundance_pooled_bmp,all_grassland,prescribed_fire,3NTX2A2K,md_0027,american_goldfinch,density,-0.3476663011357446,0.5631430889705451,-0.47073389830570755,FALSE
abundance,abundance_pooled_bmp,all_grassland,rotational_grazing,C8RH4NET,md_0326,western_meadowlark,abundance,0.25128939873833955,0.2719216891246129,0.46908963568751144,FALSE
abundance,abundance_guild_bmp,obligate_grassland,prescribed_fire,K2FW7NWY,md_0617,western_meadowlark,number of singing males - 1994,0.6121972171185593,0.2906612207702584,0.46844325379021323,FALSE
abundance,abundance_pooled_bmp,all_grassland,eliminate_pesticides,WQDZ5GX5,md_1255,northern_lapwing,density (territories/ha),-0.08810335986942379,0.1118764439471524,-0.46832094807039987,FALSE
abundance,abundance_pooled_bmp,all_grassland,prescribed_fire,VEK3WELY,md_0210,grasshopper_sparrow,nest density (nests/ha),0.5222232542055953,0.5683047961777723,0.4672771357838842,FALSE
abundance,abundance_guild_bmp,facultative_grassland,reduce_grazing_intensity,86IBQ28G,md_0805,red_winged_blackbird,density (birds/ha) - 2004,-0.1212059380243593,0.5335126883351214,-0.4661098838630076,FALSE
abundance,abundance_pooled_bmp,all_grassland,provide_overwintering_habitat,IF3VCNWP,md_0151,eastern_meadowlark,abundance - 97-98,0.5807668443446932,0.5122990011999186,0.46482036769763346,FALSE
abundance,abundance_guild_bmp,obligate_grassland,prescribed_fire,QI6DHMSY,md_0476,cassins_sparrow,density (birds/ha),0.7196732137437464,0.7018292551043196,0.46192084005926504,FALSE
species_richness,richness_bmp,,edge_and_shrub_habitat,N8CXRDSX,md_0354,wintering_species,species_richness - 2007,0.03199277920698003,0.1337871287360113,-0.4613938945448312,FALSE
abundance,abundance_guild_bmp,obligate_grassland,rotational_grazing,43J4RKSJ,md_1041,vesper_sparrow,abundance,0.29088318133370117,0.11690497907404118,0.45936670546555897,FALSE
abundance,abundance_guild_bmp,obligate_grassland,manage_in_patches,YD99BG64,md_0342,grasshopper_sparrow,density,0.8477511259455702,0.6503763963042993,0.45746045772741506,FALSE
abundance,abundance_guild_bmp,facultative_grassland,prescribed_fire,86IBQ28G,md_0766,brown_headed_cowbird,density (birds/ha) - 2004,0.15843628735868912,0.5723476616827109,0.45607552183680977,FALSE
species_richness,richness_bmp,,prescribed_fire,597YV2YF,md_0967,edge_species,species_richness,0,0.6148754619013457,-0.4549434281525184,FALSE
abundance,abundance_guild_bmp,obligate_grassland,prescribed_fire,VEK3WELY,md_0219,henslows_sparrow,nest density (nests/ha),-0.11396879961341412,0.5657453763450686,-0.45439239793439207,FALSE
abundance,abundance_guild_bmp,obligate_grassland,prescribed_fire,X3E5MBG4,bc_0080,bobolink,abundance,-0.03547082070840814,0.2180877421354444,-0.4541304211796425,FALSE
nest_success,nest_success_guild_bmp,facultative_grassland,edge_and_shrub_habitat,KGGBIEC9,md_1312,indigo_bunting,dsr (late nests),0.8173237393447534,0.5517267448901456,0.4521190707852128,FALSE
abundance,abundance_pooled_bmp,all_grassland,prescribed_fire,IWRX5UBB,md_0993,grasshopper_sparrow,density (males/10 ha),0.5109416741476988,0.5825631405222178,0.4508709232756999,FALSE
abundance,abundance_pooled_bmp,all_grassland,manage_in_patches,GS4TG5A4,tc_0011,mccowns_longspur,Density,0.600899234320666,0.3843611538409955,0.45064022034893847,FALSE
abundance,abundance_pooled_bmp,all_grassland,edge_and_shrub_habitat,9HH6YMIM,md_0448,american_goldfinch,density (birds/count/100 ha),0.2482486482794516,0.5198185557711058,0.44960356587111394,FALSE
abundance,abundance_guild_bmp,facultative_grassland,eliminate_pesticides,JQQJHBMK,tc_0023,killdeer,abundance,0.5275339581960149,0.4363633411333571,0.44923502051243663,FALSE
abundance,abundance_guild_bmp,obligate_grassland,prescribed_fire,K2FW7NWY,md_0639,savannah_sparrow,number of singing males - 1994,0.5952245920045882,0.27291700014460424,0.4488906108614404,FALSE
abundance,abundance_guild_bmp,obligate_grassland,reduce_grazing_intensity,86IBQ28G,md_0809,upland_sandpiper,density (birds/ha) - 2004,-0,0.532938710021193,-0.4470734457812966,FALSE
abundance,abundance_guild_bmp,facultative_grassland,provide_overwintering_habitat,BQ6ZPH37,md_0700,american_goldfinch,density (birds/ha) - 2006-2007,-0.10935729537564032,0.31832446287836214,-0.4447366024988048,FALSE
abundance,abundance_pooled_bmp,all_grassland,provide_overwintering_habitat,7SS4IEI5,md_0102,eastern_bluebird,winter density (birds/10 ha),0.0342388546679802,0.3798756623658239,-0.44427059647528605,FALSE
species_richness,richness_bmp,,prescribed_fire,K2FW7NWY,md_0655,all_species,species_richness - 1994,0.6133567910899338,0.443209845964127,0.44055913575869193,FALSE
abundance,abundance_pooled_bmp,all_grassland,plant_nwsg,9HH6YMIM,md_0394,eastern_meadowlark,density (birds/count/100 ha) - 2002,-0.20212023518488423,0.4684238617017314,-0.439558015121496,FALSE
abundance,abundance_guild_bmp,obligate_grassland,prescribed_fire,ZXCUY5K9,md_1196,grasshopper_sparrow,density (individuals/ha),-0.11586041675662669,0.6155573173223448,-0.43954699117880625,FALSE
abundance,abundance_guild_bmp,facultative_grassland,prescribed_fire,K2FW7NWY,md_0589,clay_colored_sparrow,number of singing males - 1993,0.0892629109287697,0.3432148993323661,0.43833557684331476,FALSE
abundance,abundance_pooled_bmp,all_grassland,provide_overwintering_habitat,IF3VCNWP,md_0194,northern_mockingbird,abundance - 96-97,0,0.5004040274104967,-0.43642181457014273,FALSE
abundance,abundance_pooled_bmp,all_grassland,provide_overwintering_habitat,IF3VCNWP,md_0158,american_kestrel,abundance - 96-97,0,0.5004040274104967,-0.43642181457014256,FALSE
abundance,abundance_guild_bmp,obligate_grassland,prescribed_fire,K2FW7NWY,md_0591,grasshopper_sparrow,number of singing males - 1993,0.599277488557932,0.3491128593033943,0.43503300009239676,FALSE
abundance,abundance_guild_bmp,obligate_grassland,prescribed_fire,K2FW7NWY,md_0593,spragues_pipit,number of singing males - 1993,0.599277488557932,0.3491128593033943,0.43503300009239676,FALSE
abundance,abundance_pooled_bmp,all_grassland,edge_and_shrub_habitat,55UE5VCT,md_0061,breeding_grassland_species,density,0.17323416851056656,0.3116462838036361,0.4348942054556943,FALSE
abundance,abundance_pooled_bmp,all_grassland,rotational_grazing,ZXCUY5K9,md_1200,savannah_sparrow,density (individuals/ha),0.32735909012616593,0.6202979784074809,0.433593710885217,FALSE
abundance,abundance_guild_bmp,obligate_grassland,prescribed_fire,VEK3WELY,md_0218,grasshopper_sparrow,nest density (nests/ha),-0.09541133429939108,0.5656022739805489,-0.43289741294196227,FALSE
abundance,abundance_guild_bmp,obligate_grassland,rotational_grazing,C8RH4NET,md_0323,mccowns_longspur,abundance,0.2751873117214941,0.27208928078203615,0.43175565026159063,FALSE
abundance,abundance_pooled_bmp,all_grassland,reduce_grazing_intensity,86IBQ28G,md_0804,brown_headed_cowbird,density (birds/ha) - 2004,-0.0338302761369441,0.5329834477933617,-0.4310278683953948,FALSE
abundance,abundance_guild_bmp,obligate_grassland,edge_and_shrub_habitat,9HH6YMIM,md_0434,sedge_wren,density (birds/count/100 ha),-0.6236741830049458,0.531790759140835,-0.43038798924680716,FALSE
abundance,abundance_guild_bmp,facultative_grassland,prescribed_fire,IWRX5UBB,md_0982,northern_bobwhite,density (males/10 ha),0.1346449534838584,0.5720430107526882,0.42995095701819314,FALSE
abundance,abundance_guild_bmp,facultative_grassland,eliminate_pesticides,86MSLRJN,bc_0065,red_winged_blackbird,abundance (Quebec),-0.31074467818035006,0.5038381115135621,-0.4285573054851566,FALSE
abundance,abundance_guild_bmp,facultative_grassland,prescribed_fire,IWRX5UBB,md_0975,american_goldfinch,density (males/10 ha),0.1328129639911396,0.5720215967481229,0.42793850361478797,FALSE
abundance,abundance_guild_bmp,obligate_grassland,prescribed_fire,GS4TG5A4,tc_0010,mccowns_longspur,Density,0.600899234320666,0.3843611538409955,0.4273711899178685,FALSE
abundance,abundance_pooled_bmp,all_grassland,eliminate_pesticides,JQQJHBMK,tc_0056,common_snipe,abundance,0.5705842554764153,0.43771545937258954,0.42679510863897197,FALSE
abundance,abundance_pooled_bmp,all_grassland,manage_in_patches,DY9N6UPD,md_0225,dickcissel,nests/ha,-0.4475223231902681,0.5929292883338618,-0.42571344380444626,FALSE
abundance,abundance_guild_bmp,obligate_grassland,plant_nwsg,9HH6YMIM,md_0407,eastern_meadowlark,density (birds/count/100 ha) - 2002,-0.2782558648431257,0.5204027116263658,-0.42498925349684535,FALSE
nest_success,nest_success_guild_bmp,obligate_grassland,plant_nwsg,4G526MHA,bc_0038,dickcissel,Nest survival,0.38180198924527575,0.7075406749194417,0.4248594917191757,FALSE
abundance,abundance_guild_bmp,obligate_grassland,provide_overwintering_habitat,IF3VCNWP,md_0154,northern_harrier,abundance - 96-97,0.8340067123508279,0.5246388054927579,0.42200707087037953,FALSE
abundance,abundance_pooled_bmp,all_grassland,rotational_grazing,2WJYSYDE,md_1170,eastern_meadowlark,abundance,0.2926110316377234,0.5450139275317707,0.41993638790561505,FALSE
abundance,abundance_pooled_bmp,all_grassland,remove_non_native_shrubs,BQ6ZPH37,md_0693,american_robin,density (birds/ha) - 2006-2007,-0.3110172529163454,0.3200717015113543,-0.4191972800704537,FALSE
species_richness,richness_bmp,,prescribed_fire,IWRX5UBB,md_0970,resident_species,species_richness,0.6462957767225189,0.5892466839334226,0.4186797566071569,FALSE
species_richness,richness_bmp,,provide_overwintering_habitat,TL3GWJHM,bc_0027,all_species,species_richness,0.6093642356097291,0.2835690528644169,0.4184692617257151,FALSE
abundance,abundance_guild_bmp,facultative_grassland,plant_nwsg,ECUBV53L,md_1182,ring_necked_pheasant,abundance (individuals/100 ha),0.4830536938350414,0.5813723303808417,0.41789549336554427,FALSE
abundance,abundance_pooled_bmp,all_grassland,prescribed_fire,K2FW7NWY,md_0598,brown_headed_cowbird,number of singing males - 1993,-0.2756725688751254,0.4715958752854456,-0.41655700243529264,FALSE
abundance,abundance_guild_bmp,facultative_grassland,prescribed_fire,86IBQ28G,md_0770,mourning_dove,density (birds/ha) - 2004,-0.6386770926846236,0.5888311849860457,-0.4157907471045037,FALSE
species_richness,richness_bmp,,rotational_grazing,LIZQ6R64,md_0859,all_species,species_richness - 1998,-0.724777021162854,0.6410173100617093,-0.41293078367090374,FALSE
abundance,abundance_pooled_bmp,all_grassland,prescribed_fire,K2FW7NWY,md_0548,savannah_sparrow,number of singing males - 1993,-0.2478313085123245,0.35647593096352737,-0.41097363517595925,FALSE
abundance,abundance_pooled_bmp,all_grassland,manage_in_patches,YD99BG64,md_0348,eastern_bluebird,density,-0.43403233616304165,0.6243763592182122,-0.41004953884056544,FALSE
abundance,abundance_guild_bmp,facultative_grassland,remove_non_native_shrubs,BQ6ZPH37,md_0684,common_yellowthroat,density (birds/ha) - 2007,-0.06624485888066402,0.31816795882944543,0.40723191443956497,FALSE
abundance,abundance_pooled_bmp,all_grassland,plant_nwsg,LU5JZP88,md_0374,bobolink,abundance,0.2969040726299786,0.3045119675594025,0.4057135591765781,FALSE
abundance,abundance_pooled_bmp,all_grassland,prescribed_fire,QI6DHMSY,md_0482,mourning_dove,density (birds/ha),0.4940845239903691,0.682043474821758,0.4049316295633377,FALSE
abundance,abundance_guild_bmp,obligate_grassland,prescribed_fire,3NTX2A2K,md_0022,dickcissel,density,-0.03778452770025903,0.4283589094697996,-0.4048538063117679,FALSE
species_richness,richness_bmp,,rotational_grazing,9WPH8J6A,md_1328,facultative_grassland_species,species_richness - 2008,0,0.3276181851549741,0.4048138997472489,FALSE
abundance,abundance_guild_bmp,facultative_grassland,plant_nwsg,9HH6YMIM,md_0427,ring_necked_pheasant,density (birds/count/100 ha),-0.05326992336621882,0.5176390521985291,-0.4041862800234485,FALSE
abundance,abundance_pooled_bmp,all_grassland,prescribed_fire,DTKILVPL,md_1037,dickcissel,abundance (individuals/km),-0.2403729459033404,0.34607281503412746,-0.4040234890025872,FALSE
abundance,abundance_guild_bmp,obligate_grassland,prescribed_fire,86IBQ28G,md_0768,henslows_sparrow,density (birds/ha) - 2004,-0.0717433586519582,0.5714753699430971,-0.4036171612293531,FALSE
abundance,abundance_pooled_bmp,all_grassland,stream_exclusion_and_buffers,ILUKKWJA,md_0254,eastern_meadowlark,density (birds/0.2 ha),0.42971068287478065,0.2808127405174009,0.4028403334851671,FALSE
abundance,abundance_pooled_bmp,all_grassland,stream_exclusion_and_buffers,ILUKKWJA,md_0257,northern_bobwhite,density (birds/0.2 ha),0.42971068287478065,0.2808127405174009,0.4028403334851671,FALSE
abundance,abundance_pooled_bmp,all_grassland,stream_exclusion_and_buffers,ILUKKWJA,md_0281,blue_grosbeak,density (birds/0.2 ha),0.42971068287478065,0.2808127405174009,0.4028403334851671,FALSE
abundance,abundance_guild_bmp,obligate_grassland,eliminate_pesticides,WQDZ5GX5,md_1254,whinchat,density (territories/ha),0.15695946296622926,0.10103567615750192,-0.4026841557655602,FALSE
abundance,abundance_pooled_bmp,all_grassland,prescribed_fire,F8XKUC3R,md_1009,northern_bobwhite,abundance,0.48611489620016,0.6681010210731416,0.400747227244132,FALSE
abundance,abundance_guild_bmp,obligate_grassland,edge_and_shrub_habitat,CXWJRPTX,md_1057,henslows_sparrow,nest density (nests/ha),-0.6531972647421809,0.6798692684790381,-0.3999467275058095,FALSE
abundance,abundance_pooled_bmp,all_grassland,prescribed_fire,86IBQ28G,md_0774,eastern_meadowlark,density (birds/ha) - 2005,-0.2847858020251865,0.5747885616710052,-0.39971856743344647,FALSE
abundance,abundance_pooled_bmp,all_grassland,edge_and_shrub_habitat,XW78AT45,md_1356,bachmans_sparrow,density - site DO,-0.2294585442684122,0.2578403335926017,-0.39882252294552767,FALSE
abundance,abundance_pooled_bmp,all_grassland,edge_and_shrub_habitat,VY6E42C6,md_1019,bachmans_sparrow,territories/10 ha,-0.2294585442684122,0.2578403335926017,-0.3988225229455275,FALSE
abundance,abundance_pooled_bmp,all_grassland,prescribed_fire,3NTX2A2K,md_0028,grasshopper_sparrow,density,0.4283172463943259,0.4336381615446087,0.3985011269117279,FALSE
abundance,abundance_pooled_bmp,all_grassland,prescribed_fire,K2FW7NWY,md_0609,brown_headed_cowbird,number of singing males - 1994,0.4017972619250826,0.28696777054241607,0.39681220191533373,FALSE
abundance,abundance_guild_bmp,obligate_grassland,edge_and_shrub_habitat,VY6E42C6,md_1020,bachmans_sparrow,territories/10 ha,-0.1465259707971031,0.29272501829125447,0.39485102325626403,FALSE
abundance,abundance_guild_bmp,obligate_grassland,rotational_grazing,C8RH4NET,md_0326,western_meadowlark,abundance,0.25128939873833955,0.2719216891246129,0.393539356861936,FALSE
abundance,abundance_guild_bmp,facultative_grassland,prescribed_fire,3NTX2A2K,md_0025,common_yellowthroat,density,-0.613984188349029,0.5718219307157496,-0.3935350999961404,FALSE
abundance,abundance_guild_bmp,obligate_grassland,prescribed_fire,VEK3WELY,md_0214,grasshopper_sparrow,nest density (nests/ha),0.6220926330877913,0.5882069161370493,0.392672861397062,FALSE
abundance,abundance_guild_bmp,facultative_grassland,prescribed_fire,K2FW7NWY,md_0567,clay_colored_sparrow,number of singing males - 1993,-0.555533903856115,0.2746343214497923,-0.3925653533862402,FALSE
species_richness,richness_bmp,,prescribed_fire,6Q5B6N44,md_1260,all_species,species_richness,0.03442208784830246,0.6532728424461353,-0.39229967415642536,FALSE
abundance,abundance_guild_bmp,facultative_grassland,edge_and_shrub_habitat,TIFDVC4W,md_0943,song_sparrow,winter density (birds/ha),-0.16632002160979786,0.4291237843542639,-0.39187251947746626,FALSE
abundance,abundance_guild_bmp,facultative_grassland,provide_overwintering_habitat,IF3VCNWP,md_0188,eastern_bluebird,abundance - 96-97,-0.1314125356558223,0.5010199095234766,-0.3912314305797091,FALSE
abundance,abundance_guild_bmp,obligate_grassland,rotational_grazing,ZXCUY5K9,md_1200,savannah_sparrow,density (individuals/ha),0.32735909012616593,0.6202979784074809,0.39101265822030684,FALSE
abundance,abundance_guild_bmp,facultative_grassland,edge_and_shrub_habitat,9HH6YMIM,md_0467,song_sparrow,nest density (nests/100 ha),-0.20436945465968157,0.5507939582114311,-0.3908575696949618,FALSE
abundance,abundance_pooled_bmp,all_grassland,prescribed_fire,IWRX5UBB,md_0989,common_yellowthroat,density (males/10 ha),0.4534866191360713,0.5801803587358328,0.3902010020266711,FALSE
abundance,abundance_pooled_bmp,all_grassland,prescribed_fire,F8XKUC3R,md_1007,mourning_dove,abundance,-0.2921186973360886,0.6586180818788517,-0.3853664655786286,FALSE
abundance,abundance_guild_bmp,facultative_grassland,prescribed_fire,IWRX5UBB,md_0995,red_winged_blackbird,density (males/10 ha),0.093597272801442,0.5716334187657856,0.38483547264242124,FALSE
abundance,abundance_pooled_bmp,all_grassland,prescribed_fire,IWRX5UBB,md_0986,western_meadowlark,density (males/10 ha),0.4481254927093983,0.5799720388405536,0.38452685771640066,FALSE
abundance,abundance_pooled_bmp,all_grassland,prescribed_fire,86IBQ28G,md_0746,eastern_meadowlark,density (birds/ha) - 2004,-0.2812007246798063,0.6188812076003933,-0.38444184393249786,FALSE
abundance,abundance_guild_bmp,obligate_grassland,prescribed_fire,86IBQ28G,md_0773,grasshopper_sparrow,density (birds/ha) - 2005,-0.05486908504446183,0.5713818983838632,-0.384145166209439,FALSE
abundance,abundance_guild_bmp,facultative_grassland,provide_overwintering_habitat,IF3VCNWP,md_0147,dark_eyed_junco,abundance - 97-98,-0.1266450205538682,0.5009760580033866,-0.3838337466864297,FALSE
abundance,abundance_pooled_bmp,all_grassland,edge_and_shrub_habitat,9HH6YMIM,md_0420,eastern_meadowlark,density (birds/count/100 ha) - 2002,-0.2765855849898416,0.46937414619936974,-0.3834650587211264,FALSE
abundance,abundance_pooled_bmp,all_grassland,plant_nwsg,YXR6499E,md_0330,chestnut_collared_longspur,abundance,0.2543706960946633,0.10323329353948718,0.38338915421724407,FALSE
abundance,abundance_pooled_bmp,all_grassland,provide_overwintering_habitat,IF3VCNWP,md_0134,chipping_sparrow,abundance - 96-97,0.5274167726025968,0.5102340425930817,0.38328082574445393,FALSE
abundance,abundance_pooled_bmp,all_grassland,prescribed_fire,K2FW7NWY,md_0565,brown_headed_cowbird,number of singing males - 1993,0.3887031444128131,0.27201459474787304,0.3826910918460099,FALSE
abundance,abundance_guild_bmp,obligate_grassland,eliminate_pesticides,H9PA8BNU,md_0509,northern_lapwing,nest density - 2005,0.42864660444353336,0.18717415946611932,0.3824939216200703,FALSE
nest_success,nest_success_guild_bmp,obligate_grassland,plant_nwsg,SQ8ICKWV,md_1303,western_meadowlark,incubation DSR,-0.0165279383579584,0.27629774226839715,-0.3824925781308455,FALSE
abundance,abundance_guild_bmp,obligate_grassland,plant_nwsg,9HH6YMIM,md_0410,dickcissel,density (birds/count/100 ha),-0.24877766167974125,0.5198282829491787,-0.3812309831966444,FALSE
abundance,abundance_pooled_bmp,all_grassland,plant_nwsg,9HH6YMIM,md_0402,barn_swallow,density (birds/count/100 ha),0.3394730077588477,0.5217982639815144,0.3804367288923499,FALSE
abundance,abundance_pooled_bmp,all_grassland,prescribed_fire,86IBQ28G,md_0800,lark_sparrow,density (birds/ha) - 2005,0.43514263457633695,0.5402899360437302,0.38040420141117104,FALSE
abundance,abundance_guild_bmp,facultative_grassland,remove_non_native_shrubs,7DEL2BXP,md_0516,field_sparrow,density (birds/ha),-0.09328429892103106,0.26367938704672506,0.37880567663528913,FALSE
abundance,abundance_pooled_bmp,all_grassland,reduce_grazing_intensity,86IBQ28G,md_0809,upland_sandpiper,density (birds/ha) - 2004,-0,0.532938710021193,-0.3784630568318516,FALSE
abundance,abundance_pooled_bmp,all_grassland,manage_in_patches,N87HY4T4,md_0012,eastern_meadowlark,abundance 2015,0.5420928859898462,0.5839691582850131,0.37810098409672777,FALSE
abundance,abundance_guild_bmp,obligate_grassland,eliminate_pesticides,WQDZ5GX5,md_1253,whinchat,density (territories/ha),0.41632301186976584,0.11300217965410413,0.37722646927838716,FALSE
abundance,abundance_pooled_bmp,all_grassland,eliminate_pesticides,WQDZ5GX5,md_1251,ortolan_bunting,density (territories/ha),-0.02524620512676495,0.11182774464788484,-0.3770722587302943,FALSE
abundance,abundance_guild_bmp,obligate_grassland,prescribed_fire,K2FW7NWY,md_0560,spragues_pipit,number of singing males - 1993,0.5395787655800506,0.2363930355742227,0.3767712295359586,FALSE
abundance,abundance_guild_bmp,obligate_grassland,prescribed_fire,5UK425N9,md_1028,eastern_meadowlark,density (individuals/ha),0,0.3552794967601077,-0.37415492397283295,FALSE
abundance,abundance_guild_bmp,obligate_grassland,prescribed_fire,IWRX5UBB,md_0990,dickcissel,density (males/10 ha),-0.04618283803812127,0.571343491870284,-0.37411835942269495,FALSE
abundance,abundance_pooled_bmp,all_grassland,plant_nwsg,AGDXXJXK,md_1206,eastern_meadowlark,density (birds/ha),-0.17813594859545476,0.5341777350719858,-0.3734474206088327,FALSE
abundance,abundance_pooled_bmp,all_grassland,provide_overwintering_habitat,IF3VCNWP,md_0129,canyon_towhee,abundance - 97-98,0.5209402734225835,0.5099963622641853,0.37335614433766945,FALSE
abundance,abundance_guild_bmp,obligate_grassland,rotational_grazing,2WJYSYDE,md_1170,eastern_meadowlark,abundance,0.2926110316377234,0.5450139275317707,0.37323268002122584,FALSE
abundance,abundance_pooled_bmp,all_grassland,eliminate_pesticides,JQQJHBMK,tc_0023,killdeer,abundance,0.5275339581960149,0.4363633411333571,0.37266798628180003,FALSE
abundance,abundance_pooled_bmp,all_grassland,plant_nwsg,4HKVZM4T,md_1240,eastern_meadowlark,Number of detections,-0.08862359041209449,0.08630791101909477,-0.37102184830369445,FALSE
abundance,abundance_guild_bmp,obligate_grassland,stream_exclusion_and_buffers,7SS4IEI5,md_0107,savannah_sparrow,winter density (birds/10 ha),0.5533367970285358,0.3875191382962773,0.37089746369422033,FALSE
abundance,abundance_pooled_bmp,all_grassland,manage_in_patches,YD99BG64,md_0347,northern_bobwhite,density,-0.3846653232781424,0.6223502203998048,-0.37062385704711603,FALSE
abundance,abundance_pooled_bmp,all_grassland,stream_exclusion_and_buffers,7SS4IEI5,md_0105,field_sparrow,winter density (birds/10 ha),0.4459931501419898,0.3848482361072803,0.37024879709460573,FALSE
abundance,abundance_guild_bmp,facultative_grassland,eliminate_pesticides,JQQJHBMK,tc_0072,yellow_warbler,abundance,-0.2403469130268946,0.4299998017718807,-0.3695492495153448,FALSE
abundance,abundance_guild_bmp,facultative_grassland,edge_and_shrub_habitat,TY9UGHCS,md_1139,american_crow,abundance (birds/point),0.2995790128120121,0.581161819426892,0.36883338222945783,FALSE
abundance,abundance_guild_bmp,obligate_grassland,prescribed_fire,ZXCUY5K9,md_1201,western_meadowlark,density (individuals/ha),-0.05122612862356724,0.6150088136882699,-0.367487834489705,FALSE
abundance,abundance_guild_bmp,obligate_grassland,prescribed_fire,ECNPR7UT,md_0001,dickcissel,nest density,-0.01624923634661987,0.47122589742234583,-0.3658394254017794,FALSE
abundance,abundance_guild_bmp,obligate_grassland,manage_in_patches,YD99BG64,md_0343,bobolink,density,0.7253983892836774,0.6410612374000262,0.36476876446350787,FALSE
abundance,abundance_guild_bmp,obligate_grassland,stream_exclusion_and_buffers,ILUKKWJA,md_0253,eastern_meadowlark,density (birds/0.2 ha),0.260947450065072,0.207530201305664,-0.3640685435585864,FALSE
abundance,abundance_guild_bmp,obligate_grassland,prescribed_fire,B34SZBUU,md_0736,henslows_sparrow,abundance,0.5883099443716144,0.5536784462818721,0.36356392715395025,FALSE
abundance,abundance_guild_bmp,facultative_grassland,edge_and_shrub_habitat,WGSP9SQJ,md_1111,mountain_bluebird,abundance,-0.11357710213566408,0.2841792757927822,-0.3633079232674471,FALSE
abundance,abundance_guild_bmp,obligate_grassland,edge_and_shrub_habitat,WGSP9SQJ,md_1105,grasshopper_sparrow,abundance,-0.11818181818181817,0.4731886952604786,0.36154104335842197,FALSE
species_richness,richness_bmp,,plant_nwsg,FQ4DXWJU,md_0910,all_species,total species_richness,0.4772439405204508,0.5927155975155738,0.3597585115331761,FALSE
abundance,abundance_pooled_bmp,all_grassland,prescribed_fire,QI6DHMSY,md_0483,northern_bobwhite,density (birds/ha),0.44536177141512334,0.6786796450506385,0.357137097462331,FALSE
abundance,abundance_guild_bmp,obligate_grassland,prescribed_fire,86IBQ28G,md_0791,dickcissel,density (birds/ha) - 2005,0.5810464136483517,0.5459770669081445,0.35713253966511294,FALSE
abundance,abundance_guild_bmp,facultative_grassland,plant_nwsg,ECUBV53L,md_1179,mourning_dove,abundance (individuals/100 ha),-0.03912726965087873,0.571317153722504,-0.3558371458547318,FALSE
species_richness,richness_bmp,,rotational_grazing,9WPH8J6A,md_1326,obligate_grassland_species,species_richness - 2008,-0.04187239351185905,0.32765434294621326,0.3553222915767523,FALSE
abundance,abundance_guild_bmp,facultative_grassland,prescribed_fire,K2FW7NWY,md_0545,clay_colored_sparrow,number of singing males - 1993,-0.5386239337484775,0.3602744141037973,-0.35519279840266754,FALSE
abundance,abundance_pooled_bmp,all_grassland,prescribed_fire,86IBQ28G,md_0794,brown_headed_cowbird,density (birds/ha) - 2005,0.41155461111594216,0.5395192785120563,0.3547171810847318,FALSE
abundance,abundance_pooled_bmp,all_grassland,eliminate_pesticides,86MSLRJN,bc_0062,northern_harrier,abundance (Ontario),-0.04561321332741788,0.4283779612556755,-0.35384361309337165,FALSE
abundance,abundance_guild_bmp,obligate_grassland,prescribed_fire,K2FW7NWY,md_0626,lecontes_sparrow,number of singing males - 1994,0.5210634106205854,0.22507182046623508,0.3518438702360755,FALSE
abundance,abundance_guild_bmp,obligate_grassland,prescribed_fire,K2FW7NWY,md_0628,spragues_pipit,number of singing males - 1994,0.5210634106205854,0.22507182046623508,0.3518438702360755,FALSE
abundance,abundance_pooled_bmp,all_grassland,remove_non_native_shrubs,LUTCPDZB,md_0895,northern_cardinal,relative abundance,0.16489635797318256,0.566268114578806,0.35041738234310255,FALSE
abundance,abundance_guild_bmp,obligate_grassland,manage_in_patches,N87HY4T4,md_0007,bobolink,abundance 2016,0.6986440676229769,0.5922262402471757,0.34977610201627324,FALSE
abundance,abundance_guild_bmp,facultative_grassland,eliminate_pesticides,86MSLRJN,bc_0047,american_goldfinch,abundance (Sasketchewan),-0.22122408463797671,0.4297431395024422,-0.3491786817031136,FALSE
abundance,abundance_pooled_bmp,all_grassland,prescribed_fire,K2FW7NWY,md_0544,bobolink,number of singing males - 1993,-0.1970160618062733,0.3560982755782096,-0.34884128427789124,FALSE
species_richness,richness_bmp,,provide_overwintering_habitat,FQ4DXWJU,md_0898,grassland_obligates,species_richness,0.20308383285150783,0.5018736459269306,-0.348579934201286,FALSE
abundance,abundance_pooled_bmp,all_grassland,plant_nwsg,LU5JZP88,md_0379,eastern_meadowlark,abundance,0.2658126734533634,0.3041697828970892,0.3476528702176047,FALSE
abundance,abundance_pooled_bmp,all_grassland,remove_non_native_shrubs,A9QQKZTZ,md_0848,orchard_oriole,abundance - 2009,-0.35900799542147066,0.6613676953087785,-0.3473713220321277,FALSE
abundance,abundance_guild_bmp,facultative_grassland,eliminate_pesticides,86MSLRJN,bc_0051,american_kestrel,abundance (Quebec),-0.2314561201114143,0.5023121281242191,-0.34725533129572506,FALSE
nest_success,nest_success_guild_bmp,obligate_grassland,plant_nwsg,SQ8ICKWV,md_1310,western_meadowlark,nestling DSR,-0.01491963244155902,0.29718150238325286,-0.34720817917726676,FALSE
abundance,abundance_guild_bmp,facultative_grassland,prescribed_fire,K2FW7NWY,md_0660,common_yellowthroat,number of singing males - 1994,-0.5344147296305174,0.3771875394517021,-0.34661475812665493,FALSE
abundance,abundance_guild_bmp,facultative_grassland,reduce_grazing_intensity,86IBQ28G,md_0808,mourning_dove,density (birds/ha) - 2004,0.43514263457633695,0.5402899360437302,0.34622529164184795,FALSE
abundance,abundance_guild_bmp,obligate_grassland,prescribed_fire,K2FW7NWY,md_0615,savannah_sparrow,number of singing males - 1994,0.03177137382718538,0.28415873228730537,-0.3453822428073619,FALSE
abundance,abundance_guild_bmp,obligate_grassland,edge_and_shrub_habitat,5LF5W5A9,md_1215,dickcissel,nest density (nests/ha),-0.139888234900381,0.42888795916347,0.34495528805649933,FALSE
abundance,abundance_pooled_bmp,all_grassland,remove_non_native_shrubs,BQ6ZPH37,md_0679,indigo_bunting,density (birds/ha) - 2006,-0.26999133528991565,0.31958137794366787,-0.3429341589322171,FALSE
abundance,abundance_pooled_bmp,all_grassland,provide_overwintering_habitat,IF3VCNWP,md_0116,montezuma_quail,abundance - 96-97,0.5004040274104967,0.5092614234924194,0.3418507117499197,FALSE
abundance,abundance_pooled_bmp,all_grassland,provide_overwintering_habitat,IF3VCNWP,md_0118,scaled_quail,abundance - 96-97,0.5004040274104967,0.5092614234924194,0.3418507117499197,FALSE
abundance,abundance_pooled_bmp,all_grassland,provide_overwintering_habitat,IF3VCNWP,md_0130,cassins_sparrow,abundance - 96-97,0.5004040274104967,0.5092614234924194,0.3418507117499197,FALSE
abundance,abundance_pooled_bmp,all_grassland,provide_overwintering_habitat,IF3VCNWP,md_0144,grasshopper_sparrow,abundance - 96-97,0.5004040274104967,0.5092614234924194,0.3418507117499197,FALSE
abundance,abundance_pooled_bmp,all_grassland,provide_overwintering_habitat,IF3VCNWP,md_0152,house_finch,abundance - 96-97,0.5004040274104967,0.5092614234924194,0.34185071174991966,FALSE
abundance,abundance_pooled_bmp,all_grassland,provide_overwintering_habitat,IF3VCNWP,md_0149,chestnut_collared_longspur,abundance - 97-98,0.5004040274104966,0.5092614234924194,0.3418507117499195,FALSE
abundance,abundance_pooled_bmp,all_grassland,provide_overwintering_habitat,IF3VCNWP,md_0177,bridled_titmouse,abundance - 97-98,0.5004040274104966,0.5092614234924194,0.3418507117499195,FALSE
abundance,abundance_guild_bmp,facultative_grassland,plant_nwsg,AGDXXJXK,md_1210,mourning_dove,density (birds/ha),-0.01810208506652999,0.5329515195595904,-0.34089720531355644,FALSE
abundance,abundance_guild_bmp,facultative_grassland,remove_non_native_shrubs,A9QQKZTZ,md_0834,yellow_warbler,abundance - 2006,-0.4629904654953862,0.6667308409408074,-0.338492189926046,FALSE
abundance,abundance_pooled_bmp,all_grassland,edge_and_shrub_habitat,5LF5W5A9,md_1216,common_yellowthroat,nest density (nests/ha),0.15228207328382984,0.4289934839888694,0.3381495001355882,FALSE
abundance,abundance_guild_bmp,facultative_grassland,reduce_grazing_intensity,86IBQ28G,md_0804,brown_headed_cowbird,density (birds/ha) - 2004,-0.0338302761369441,0.5329834477933617,-0.3371951084537588,FALSE
abundance,abundance_pooled_bmp,all_grassland,provide_overwintering_habitat,TIFDVC4W,md_0946,savannah_sparrow,winter density (birds/ha),0.4780869249228785,0.4349365945208256,0.3364935679342177,FALSE
abundance,abundance_pooled_bmp,all_grassland,remove_non_native_shrubs,A9QQKZTZ,md_0853,brown_headed_cowbird,abundance - 2009,0.17882357223299372,0.6552339194253561,0.3358020537118811,FALSE
nest_success,nest_success_guild_bmp,obligate_grassland,delay_hay,PAM2R2T8,md_1288,whinchat,hatching_success,0.8479786097188342,0.05293890119408775,-0.3355031819694296,FALSE
abundance,abundance_guild_bmp,obligate_grassland,prescribed_fire,IWRX5UBB,md_0998,western_meadowlark,density (males/10 ha),0.5712501579659007,0.5853572243723228,0.3354182510797388,FALSE
abundance,abundance_guild_bmp,obligate_grassland,provide_overwintering_habitat,TIFDVC4W,md_0946,savannah_sparrow,winter density (birds/ha),0.4780869249228785,0.4349365945208256,-0.3352053723157014,FALSE
species_richness,richness_bmp,,rotational_grazing,9WPH8J6A,md_1327,obligate_grassland_species,species_richness - 2009,-0.05916595918992191,0.3276903733627247,0.3348847235934383,FALSE
abundance,abundance_guild_bmp,obligate_grassland,prescribed_fire,B34SZBUU,md_0729,henslows_sparrow,abundance,0.562922697188244,0.5525776377357057,0.33412009517711333,FALSE
abundance,abundance_pooled_bmp,all_grassland,prescribed_fire,5H9BFCB2,md_0953,dickcissel,abundance,-0.1650945094476995,0.17345495858404647,-0.33301462972314844,FALSE
species_richness,richness_bmp,,rotational_grazing,9WPH8J6A,md_1329,facultative_grassland_species,species_richness - 2009,-0.06089786447081632,0.32769466090156085,0.3328377360576951,FALSE
abundance,abundance_pooled_bmp,all_grassland,install_nest_boxes,XDNK38QY,md_0493,granivores,abundance,-0.0486054413191894,0.5330310550780598,-0.3324605706387811,FALSE
abundance,abundance_pooled_bmp,all_grassland,prescribed_fire,K2FW7NWY,md_0616,spragues_pipit,number of singing males - 1994,0.3498269812106053,0.2862863603125533,0.33111765001073123,FALSE
abundance,abundance_guild_bmp,obligate_grassland,plant_nwsg,9HH6YMIM,md_0394,eastern_meadowlark,density (birds/count/100 ha) - 2002,-0.20212023518488423,0.4684238617017314,-0.3308204644644786,FALSE
abundance,abundance_guild_bmp,obligate_grassland,plant_nwsg,D7FXG82E,md_0935,bobolink,number of birds per count,0.15110744913996915,0.06983789102422959,0.3287590424640147,FALSE
abundance,abundance_pooled_bmp,all_grassland,prescribed_fire,K2FW7NWY,md_0599,bobolink,number of singing males - 1993,0.37545916781662536,0.4725258718907088,0.32875598075845436,FALSE
abundance,abundance_pooled_bmp,all_grassland,edge_and_shrub_habitat,9HH6YMIM,md_0422,indigo_bunting,density (birds/count/100 ha),0.15649805573073644,0.4679870623328924,0.3286992553984475,FALSE
abundance,abundance_pooled_bmp,all_grassland,remove_non_native_shrubs,BQ6ZPH37,md_0678,house_wren,density (birds/ha) - 2006,-0.26143346409656026,0.3194877412353432,-0.3270358200859126,FALSE
abundance,abundance_pooled_bmp,all_grassland,plant_nwsg,DS5EPZ93,md_0351,ring_necked_pheasant,crowing counts (male count),-0.12084771467340533,0.4317870146600252,-0.3262471744853175,FALSE
abundance,abundance_guild_bmp,facultative_grassland,remove_non_native_shrubs,A9QQKZTZ,md_0827,western_kingbird,abundance - 2006,0,0.6531972647421809,0.3258702333584349,FALSE
abundance,abundance_guild_bmp,facultative_grassland,remove_non_native_shrubs,A9QQKZTZ,md_0837,brown_headed_cowbird,abundance - 2006,0,0.6531972647421809,0.3258702333584349,FALSE
abundance,abundance_guild_bmp,facultative_grassland,remove_non_native_shrubs,A9QQKZTZ,md_0839,lark_sparrow,abundance - 2008,0,0.6531972647421809,0.3258702333584349,FALSE
abundance,abundance_guild_bmp,facultative_grassland,remove_non_native_shrubs,A9QQKZTZ,md_0851,blue_grosbeak,abundance - 2008,0,0.6531972647421809,0.3258702333584349,FALSE
abundance,abundance_guild_bmp,facultative_grassland,remove_non_native_shrubs,A9QQKZTZ,md_0852,red_winged_blackbird,abundance - 2009,0,0.6531972647421809,0.3258702333584349,FALSE
abundance,abundance_pooled_bmp,all_grassland,plant_nwsg,9HH6YMIM,md_0429,barn_swallow,density (birds/count/100 ha),-0.1411471874714419,0.5182733812745427,-0.3256915336665237,FALSE
species_richness,richness_bmp,,provide_overwintering_habitat,N8CXRDSX,md_0355,wintering_species,species_richness - 2008,0.2849552290957375,0.13446029996761183,-0.3246124615305633,FALSE
species_richness,richness_bmp,,prescribed_fire,K2FW7NWY,md_0643,all_species,species_richness - 1994,0.5066509011954974,0.27128664155075183,0.32198894486790886,FALSE
abundance,abundance_pooled_bmp,all_grassland,plant_nwsg,HZBZKNRR,md_0315,western_meadowlark,abundance,0.22749780253894908,0.12911043137194475,0.32056435926364096,FALSE
abundance,abundance_guild_bmp,obligate_grassland,manage_in_patches,N87HY4T4,md_0013,eastern_meadowlark,abundance 2016,-0.16478369941324056,0.5724372684894671,-0.3201408515625304,FALSE
abundance,abundance_pooled_bmp,all_grassland,prescribed_fire,DTKILVPL,md_1035,dickcissel,abundance (individuals/km),-0.17302423701341205,0.3591755362958933,-0.3189581307415619,FALSE
abundance,abundance_guild_bmp,facultative_grassland,prescribed_fire,QI6DHMSY,md_0479,field_sparrow,density (birds/ha),0.05297423152255141,0.6641174420106729,0.3188758574965459,FALSE
abundance,abundance_guild_bmp,obligate_grassland,prescribed_fire,K2FW7NWY,md_0577,bobolink,number of singing males - 1993,0.05540659487219343,0.2434462608172309,-0.3184544169370738,FALSE
abundance,abundance_pooled_bmp,all_grassland,plant_nwsg,HZBZKNRR,md_0312,savannah_sparrow,abundance,0.2263687742173029,0.12910629702016563,0.3181089623788444,FALSE
abundance,abundance_guild_bmp,facultative_grassland,provide_overwintering_habitat,7SS4IEI5,md_0114,dark_eyed_junco,winter density (birds/10 ha),0.29739813400469994,0.38207833297611393,0.31759679789714756,FALSE
abundance,abundance_guild_bmp,facultative_grassland,edge_and_shrub_habitat,9HH6YMIM,md_0448,american_goldfinch,density (birds/count/100 ha),0.2482486482794516,0.5198185557711058,0.31727631710535753,FALSE
abundance,abundance_guild_bmp,obligate_grassland,plant_nwsg,9HH6YMIM,md_0393,eastern_meadowlark,density (birds/count/100 ha) - 2001,0.205798179450845,0.4684638958782363,0.31625146941220234,FALSE
abundance,abundance_guild_bmp,facultative_grassland,edge_and_shrub_habitat,TY9UGHCS,md_1141,common_grackle,abundance (birds/point),-0.1616244071283537,0.5742786069211937,-0.3154506331200435,FALSE
abundance,abundance_pooled_bmp,all_grassland,prescribed_fire,86IBQ28G,md_0786,red_winged_blackbird,density (birds/ha) - 2004,0.3751119478958379,0.5384111277945309,0.3149665510747705,FALSE
abundance,abundance_guild_bmp,facultative_grassland,remove_non_native_shrubs,A9QQKZTZ,md_0846,eastern_kingbird,abundance - 2009,-0.00823474206650615,0.653201590308389,0.31393432524828474,FALSE
abundance,abundance_guild_bmp,facultative_grassland,eliminate_pesticides,JQQJHBMK,tc_0080,baltimore_oriole,abundance,0.3985736184453565,0.4329286162773643,0.31209469933286954,FALSE
abundance,abundance_pooled_bmp,all_grassland,stream_exclusion_and_buffers,ILUKKWJA,md_0242,common_grackle,density (birds/0.2 ha),0.3936900625466624,0.28037231233365484,0.3119440631696616,FALSE
abundance,abundance_pooled_bmp,all_grassland,edge_and_shrub_habitat,WGSP9SQJ,md_1092,black_billed_magpie,abundance,0.11847009621770412,0.3449582901837525,0.3114989465236608,FALSE
abundance,abundance_pooled_bmp,all_grassland,edge_and_shrub_habitat,WGSP9SQJ,md_1107,house_wren,abundance,0.11847009621770412,0.3449582901837525,0.3114989465236608,FALSE
abundance,abundance_guild_bmp,facultative_grassland,provide_overwintering_habitat,IF3VCNWP,md_0170,loggerhead_shrike,abundance - 96-97,0.3203508518774768,0.5040529311229089,0.3099839005685983,FALSE
abundance,abundance_guild_bmp,facultative_grassland,prescribed_fire,3NTX2A2K,md_0026,american_goldfinch,density,0,0.42831724639432595,0.3093614407584209,FALSE
abundance,abundance_pooled_bmp,all_grassland,prescribed_fire,86IBQ28G,md_0782,dickcissel,density (birds/ha) - 2004,0.36958083403490755,0.538251723956955,0.308926844601077,FALSE
abundance,abundance_guild_bmp,facultative_grassland,edge_and_shrub_habitat,9HH6YMIM,md_0430,barn_swallow,density (birds/count/100 ha),-0.1411471874714419,0.5182733812745427,-0.3064562165842427,FALSE
abundance,abundance_pooled_bmp,all_grassland,edge_and_shrub_habitat,WGSP9SQJ,md_1091,bank_swallow,abundance,0.11488009330201614,0.3449393170815321,0.3045926419185368,FALSE
abundance,abundance_pooled_bmp,all_grassland,edge_and_shrub_habitat,WGSP9SQJ,md_1106,house_finch,abundance,0.09696220416813844,0.2471122252480149,0.3043677074034399,FALSE
abundance,abundance_guild_bmp,obligate_grassland,reduce_grazing_intensity,86IBQ28G,md_0801,dickcissel,density (birds/ha) - 2004,0.08966578861085218,0.5332529106415518,-0.30414659531053884,FALSE
abundance,abundance_pooled_bmp,all_grassland,edge_and_shrub_habitat,WGSP9SQJ,md_1098,california_quail,abundance,0.08371577234449958,0.14383052279364875,0.3040051812957616,FALSE
abundance,abundance_pooled_bmp,all_grassland,plant_nwsg,D7FXG82E,md_0928,american_goldfinch,number of birds per count,0.21776012872889927,0.0699447485292366,0.303924962702788,FALSE
abundance,abundance_pooled_bmp,all_grassland,provide_overwintering_habitat,IF3VCNWP,md_0122,mourning_dove,abundance - 96-97,0.08674194131140545,0.5006724586045871,-0.30074435012536826,FALSE
abundance,abundance_pooled_bmp,all_grassland,prescribed_fire,VEK3WELY,md_0216,bobolink,nest density (nests/ha),0.3671750154444845,0.5702140148378902,0.299968075417616,FALSE
abundance,abundance_pooled_bmp,all_grassland,provide_overwintering_habitat,7SS4IEI5,md_0104,field_sparrow,winter density (birds/10 ha),0.4459931501419898,0.3848482361072803,0.2998374929610943,FALSE
abundance,abundance_guild_bmp,obligate_grassland,prescribed_fire,K2FW7NWY,md_0638,lecontes_sparrow,number of singing males - 1994,0.4883058630893125,0.270980644855154,0.29796773014340583,FALSE
abundance,abundance_pooled_bmp,all_grassland,plant_nwsg,9HH6YMIM,md_0453,ring_necked_pheasant,nest density (nests/100 ha),-0.1294214872380854,0.550036440593636,-0.297678443297186,FALSE
abundance,abundance_guild_bmp,facultative_grassland,remove_non_native_shrubs,BQ6ZPH37,md_0699,american_goldfinch,density (birds/ha) - 2006-2007,-0.10935729537564032,0.31832446287836214,0.2962615471585685,FALSE
abundance,abundance_pooled_bmp,all_grassland,eliminate_pesticides,JQQJHBMK,tc_0028,savannah_sparrow,abundance,0,0.42831724639432595,-0.2959064123581554,FALSE
abundance,abundance_pooled_bmp,all_grassland,eliminate_pesticides,JQQJHBMK,tc_0074,chipping_sparrow,abundance,0,0.42831724639432595,-0.2959064123581553,FALSE
abundance,abundance_guild_bmp,facultative_grassland,prescribed_fire,K2FW7NWY,md_0648,common_yellowthroat,number of singing males - 1994,-0.5025243062266734,0.44126777253253985,-0.295375841759342,FALSE
abundance,abundance_pooled_bmp,all_grassland,edge_and_shrub_habitat,WGSP9SQJ,md_1124,western_kingbird,abundance,0.08586006330378501,0.20258593791779825,0.29403716898040355,FALSE
abundance,abundance_pooled_bmp,all_grassland,prescribed_fire,K2FW7NWY,md_0601,common_yellowthroat,number of singing males - 1993,-0.16687074125183343,0.4709055110999402,-0.29206673699624486,FALSE
abundance,abundance_pooled_bmp,all_grassland,plant_nwsg,9HH6YMIM,md_0392,common_yellowthroat,density (birds/count/100 ha),0.2672474135644064,0.4692388826346391,0.2912988006058706,FALSE
abundance,abundance_pooled_bmp,all_grassland,stream_exclusion_and_buffers,ILUKKWJA,md_0229,dickcissel,density (birds/0.2 ha),0.3719786021737704,0.20843849067205697,0.2904750579805248,FALSE
abundance,abundance_pooled_bmp,all_grassland,prescribed_fire,B34SZBUU,md_0733,upland_sandpiper,abundance,0.3532471987991194,0.545287031367559,0.2896727665801381,FALSE
abundance,abundance_pooled_bmp,all_grassland,reduce_grazing_intensity,86IBQ28G,md_0808,mourning_dove,density (birds/ha) - 2004,0.43514263457633695,0.5402899360437302,0.2893242513175625,FALSE
abundance,abundance_pooled_bmp,all_grassland,reduce_grazing_intensity,86IBQ28G,md_0815,henslows_sparrow,density (birds/ha) - 2005,0.43514263457633695,0.5402899360437302,0.2893242513175624,FALSE
abundance,abundance_pooled_bmp,all_grassland,remove_non_native_shrubs,7DEL2BXP,md_0532,willow_flycatcher,density (birds/ha),-0.232931593831268,0.2644495447446532,-0.2892837972185166,FALSE
abundance,abundance_pooled_bmp,all_grassland,edge_and_shrub_habitat,WGSP9SQJ,md_1096,bullocks_oriole,abundance,0.08347544436979105,0.2025807471444609,0.28862092948990803,FALSE
abundance,abundance_guild_bmp,facultative_grassland,reduce_grazing_intensity,W9HAEBRV,md_1148,grassland_species,Number of territories,0.3589720535669599,0.30530667898183983,0.28647876667271566,FALSE
abundance,abundance_pooled_bmp,all_grassland,eliminate_pesticides,RAN8HLMY,bc_0005,farmland_bird_indicator_species,Abundance (2003),0.03332001708578584,0.2137493126566816,-0.286458166330188,FALSE
abundance,abundance_guild_bmp,obligate_grassland,manage_in_patches,GS4TG5A4,tc_0011,mccowns_longspur,Density,0.600899234320666,0.3843611538409955,0.2859133583173355,FALSE
abundance,abundance_pooled_bmp,all_grassland,remove_non_native_shrubs,BQ6ZPH37,md_0705,northern_cardinal,density (birds/ha) - 2006-2007,-0.2387569606077782,0.3192540876147542,-0.28492370139340073,FALSE
abundance,abundance_pooled_bmp,all_grassland,prescribed_fire,K2FW7NWY,md_0576,brown_headed_cowbird,number of singing males - 1993,0.30927960869648313,0.24488257540338623,0.28455368139563125,FALSE
abundance,abundance_guild_bmp,obligate_grassland,prescribed_fire,VEK3WELY,md_0210,grasshopper_sparrow,nest density (nests/ha),0.5222232542055953,0.5683047961777723,0.28304091240216067,FALSE
abundance,abundance_pooled_bmp,all_grassland,prescribed_fire,VEK3WELY,md_0212,bobolink,nest density (nests/ha),0.3527472135483814,0.5779726963013249,0.2830068981654575,FALSE
abundance,abundance_pooled_bmp,all_grassland,eliminate_pesticides,H9PA8BNU,md_0509,northern_lapwing,nest density - 2005,0.42864660444353336,0.18717415946611932,0.282801762406637,FALSE
abundance,abundance_pooled_bmp,all_grassland,plant_nwsg,4HKVZM4T,md_1238,henslows_sparrow,Number of detections,-0.04831098472373275,0.08627807412051965,-0.2818665624174639,FALSE
abundance,abundance_guild_bmp,facultative_grassland,prescribed_fire,IWRX5UBB,md_0983,red_winged_blackbird,density (males/10 ha),0,0.5712501579659007,0.281822054203006,FALSE
abundance,abundance_guild_bmp,facultative_grassland,prescribed_fire,IWRX5UBB,md_0984,ring_necked_pheasant,density (males/10 ha),0,0.5712501579659007,0.281822054203006,FALSE
abundance,abundance_guild_bmp,obligate_grassland,prescribed_fire,C3NIZKWQ,bc_0078,grasshopper_sparrow,abundance (individuals/ha),0.0857242053459524,0.1911741965038764,-0.28041938075000705,FALSE
abundance,abundance_pooled_bmp,all_grassland,plant_nwsg,SQ8ICKWV,md_0319,savannah_sparrow,abundance,-0.08036853734034279,0.3671129247944664,-0.28025015459862446,FALSE
abundance,abundance_pooled_bmp,all_grassland,prescribed_fire,VEK3WELY,md_0213,eastern_meadowlark,nest density (nests/ha),-0.17232846512572614,0.5742354653229472,-0.2792599828693165,FALSE
abundance,abundance_guild_bmp,obligate_grassland,prescribed_fire,K2FW7NWY,md_0582,spragues_pipit,number of singing males - 1993,0.4720455572539172,0.24684186952909185,0.2782583738818314,FALSE
abundance,abundance_pooled_bmp,all_grassland,stream_exclusion_and_buffers,ILUKKWJA,md_0241,common_grackle,density (birds/0.2 ha),0.17314518896109543,0.2070359118140196,-0.2775401149544321,FALSE
abundance,abundance_guild_bmp,facultative_grassland,eliminate_pesticides,86MSLRJN,bc_0069,song_sparrow,abundance (Sasketchewan),-0.15278785701615655,0.42899797993709415,-0.2762307988137635,FALSE
abundance,abundance_guild_bmp,facultative_grassland,provide_overwintering_habitat,7SS4IEI5,md_0100,american_kestrel,winter density (birds/10 ha),0.2739108373438416,0.38174049351557704,0.27532043458912375,FALSE
abundance,abundance_guild_bmp,facultative_grassland,edge_and_shrub_habitat,WGSP9SQJ,md_1103,eastern_kingbird,abundance,-0.11063829787234042,0.4731316945735543,-0.27367309953348856,FALSE
abundance,abundance_pooled_bmp,all_grassland,edge_and_shrub_habitat,WGSP9SQJ,md_1108,lark_sparrow,abundance,0.06959397472929672,0.13321923928376703,0.27219850978184007,FALSE
abundance,abundance_guild_bmp,facultative_grassland,provide_overwintering_habitat,IF3VCNWP,md_0119,scaled_quail,abundance - 97-98,-0.05427643738022921,0.5005091432665896,-0.2714649069809986,FALSE
abundance,abundance_guild_bmp,obligate_grassland,plant_nwsg,AGDXXJXK,md_1206,eastern_meadowlark,density (birds/ha),-0.17813594859545476,0.5341777350719858,-0.27116611627725296,FALSE
abundance,abundance_guild_bmp,obligate_grassland,prescribed_fire,86IBQ28G,md_0754,grasshopper_sparrow,density (birds/ha) - 2005,0.03634246778509333,0.6149425843797839,-0.2696455098480134,FALSE
abundance,abundance_pooled_bmp,all_grassland,plant_nwsg,9HH6YMIM,md_0411,american_goldfinch,density (birds/count/100 ha),0.26298998622960285,0.5200972891794596,0.268776143642452,FALSE
abundance,abundance_guild_bmp,obligate_grassland,prescribed_fire,IWRX5UBB,md_0993,grasshopper_sparrow,density (males/10 ha),0.5109416741476988,0.5825631405222178,0.2670667329624955,FALSE
abundance,abundance_guild_bmp,facultative_grassland,plant_nwsg,9HH6YMIM,md_0459,common_yellowthroat,nest density (nests/100 ha),0.0147273147581023,0.5962948978576877,-0.26688510913461444,FALSE
species_richness,richness_bmp,,edge_and_shrub_habitat,TL3GWJHM,bc_0034,all_species,species_richness,0.4074533906470514,0.2805361299220988,0.2668590486117544,FALSE
abundance,abundance_pooled_bmp,all_grassland,eliminate_pesticides,WQDZ5GX5,md_1253,whinchat,density (territories/ha),0.41632301186976584,0.11300217965410413,0.26587096709238306,FALSE
abundance,abundance_pooled_bmp,all_grassland,edge_and_shrub_habitat,WGSP9SQJ,md_1094,brown_headed_cowbird,abundance,0.06940310666448098,0.16583526657640424,0.2654854787678341,FALSE
abundance,abundance_pooled_bmp,all_grassland,edge_and_shrub_habitat,CXWJRPTX,md_1052,bobolink,Density (males/ha),-0.2452354496154817,0.6570223503141597,-0.26492948833856145,FALSE
abundance,abundance_pooled_bmp,all_grassland,edge_and_shrub_habitat,WGSP9SQJ,md_1104,gray_partridge,abundance,0.11818181818181817,0.4731886952604786,0.2638974858010519,FALSE
abundance,abundance_pooled_bmp,all_grassland,edge_and_shrub_habitat,WGSP9SQJ,md_1112,mourning_dove,abundance,0.11818181818181817,0.4731886952604786,0.2638974858010519,FALSE
abundance,abundance_pooled_bmp,all_grassland,prescribed_fire,C3NIZKWQ,bc_0077,dickcissel,abundance (individuals/ha),-0.1125130195165625,0.19123848787067588,-0.26264350222613597,FALSE
abundance,abundance_pooled_bmp,all_grassland,prescribed_fire,K2FW7NWY,md_0640,spragues_pipit,number of singing males - 1994,0.29298351785358745,0.2684086574487615,0.26114503280442586,FALSE
abundance,abundance_pooled_bmp,all_grassland,prescribed_fire,B34SZBUU,md_0739,brown_headed_cowbird,abundance,-0.14953524599781248,0.5413597049790341,-0.26034995866473576,FALSE
abundance,abundance_guild_bmp,facultative_grassland,prescribed_fire,C3NIZKWQ,bc_0079,brown_headed_cowbird,abundance (individuals/ha),-0.06090930379843985,0.1911301326156016,0.2602243193978259,FALSE
abundance,abundance_guild_bmp,obligate_grassland,prescribed_fire,86IBQ28G,md_0763,dickcissel,density (birds/ha) - 2004,0.05301069152888754,0.5713731264654343,-0.2595035467573527,FALSE
abundance,abundance_guild_bmp,facultative_grassland,provide_overwintering_habitat,IF3VCNWP,md_0135,chipping_sparrow,abundance - 97-98,-0.04458163757303371,0.5004749480161946,-0.2564030593542623,FALSE
abundance,abundance_pooled_bmp,all_grassland,remove_non_native_shrubs,7DEL2BXP,md_0524,common_yellowthroat,density (birds/ha),0.0457773573117707,0.2635675122103945,0.2563752601834715,FALSE
abundance,abundance_pooled_bmp,all_grassland,prescribed_fire,86IBQ28G,md_0785,brown_headed_cowbird,density (birds/ha) - 2004,0.32083446260131876,0.5369474989749136,0.2556299398715486,FALSE
species_richness,richness_bmp,,prescribed_fire,K2FW7NWY,md_0667,all_species,species_richness - 1994,0.1946393517979598,0.37295389980459154,-0.25368739988772876,FALSE
abundance,abundance_pooled_bmp,all_grassland,prescribed_fire,ZXCUY5K9,md_1198,savannah_sparrow,density (individuals/ha),0.3317147612458668,0.6204425850352056,0.2532576154011275,FALSE
abundance,abundance_pooled_bmp,all_grassland,edge_and_shrub_habitat,WGSP9SQJ,md_1118,savannah_sparrow,abundance,0.11063829787234042,0.4731316945735543,0.25158310601662787,FALSE
abundance,abundance_guild_bmp,facultative_grassland,edge_and_shrub_habitat,WGSP9SQJ,md_1123,western_bluebird,abundance,-0.0631524225270772,0.28401590159032913,-0.25102446617929425,FALSE
abundance,abundance_pooled_bmp,all_grassland,plant_nwsg,D7FXG82E,md_0933,red_winged_blackbird,number of birds per count,0.19362545685406496,0.06990161554974615,0.25065231121875575,FALSE
abundance,abundance_pooled_bmp,all_grassland,prescribed_fire,ZXCUY5K9,md_1195,grasshopper_sparrow,density (individuals/ha),0.32865409667853074,0.6203407759871722,0.250092155410423,FALSE
abundance,abundance_guild_bmp,obligate_grassland,prescribed_fire,K2FW7NWY,md_0588,bobolink,number of singing males - 1993,0.09466806791901552,0.34323173994785744,-0.24834428052895297,FALSE
abundance,abundance_pooled_bmp,all_grassland,remove_non_native_shrubs,7DEL2BXP,md_0535,common_yellowthroat,density (birds/ha),0.04137220469622785,0.2635610095416704,0.24775398509869212,FALSE
abundance,abundance_pooled_bmp,all_grassland,plant_nwsg,9HH6YMIM,md_0447,american_goldfinch,density (birds/count/100 ha),0.2482486482794516,0.5198185557711058,0.24719306702651547,FALSE
abundance,abundance_pooled_bmp,all_grassland,prescribed_fire,B34SZBUU,md_0738,eastern_meadowlark,abundance,-0.13744267919160502,0.5412261397538088,-0.2471228970363101,FALSE
species_richness,richness_bmp,,provide_overwintering_habitat,FQ4DXWJU,md_0903,all_species,total species_richness,0.5716178784423919,0.5119313687650023,0.24656374980340565,FALSE
nest_success,nest_success_guild_bmp,facultative_grassland,edge_and_shrub_habitat,NMR6JN8N,md_1135,indigo_bunting,Daily percent predation rate (Trail of Tears),0.621804998998778,0.12955847168800047,0.24541874132327984,FALSE
abundance,abundance_pooled_bmp,all_grassland,prescribed_fire,IWRX5UBB,md_0991,eastern_kingbird,density (males/10 ha),0.3168725747173784,0.5756276178281126,0.24501347282123404,FALSE
abundance,abundance_pooled_bmp,all_grassland,provide_overwintering_habitat,IF3VCNWP,md_0159,american_kestrel,abundance - 97-98,0.12298408572328914,0.5009434821094826,-0.2440768425491831,FALSE
abundance,abundance_pooled_bmp,all_grassland,reduce_grazing_intensity,86IBQ28G,md_0801,dickcissel,density (birds/ha) - 2004,0.08966578861085218,0.5332529106415518,-0.23944676092316713,FALSE
abundance,abundance_pooled_bmp,all_grassland,edge_and_shrub_habitat,9HH6YMIM,md_0467,song_sparrow,nest density (nests/100 ha),-0.20436945465968157,0.5507939582114311,-0.2393220256889171,FALSE
abundance,abundance_pooled_bmp,all_grassland,prescribed_fire,F8XKUC3R,md_1010,brown_headed_cowbird,abundance,0.3240765974667734,0.6598627155846916,0.2388952994054677,FALSE
abundance,abundance_guild_bmp,obligate_grassland,provide_overwintering_habitat,IF3VCNWP,md_0149,chestnut_collared_longspur,abundance - 97-98,0.5004040274104966,0.5092614234924194,-0.23815306269630124,FALSE
abundance,abundance_guild_bmp,obligate_grassland,provide_overwintering_habitat,IF3VCNWP,md_0116,montezuma_quail,abundance - 96-97,0.5004040274104967,0.5092614234924194,-0.23815306269630102,FALSE
abundance,abundance_guild_bmp,obligate_grassland,provide_overwintering_habitat,IF3VCNWP,md_0130,cassins_sparrow,abundance - 96-97,0.5004040274104967,0.5092614234924194,-0.23815306269630102,FALSE
abundance,abundance_guild_bmp,obligate_grassland,provide_overwintering_habitat,IF3VCNWP,md_0144,grasshopper_sparrow,abundance - 96-97,0.5004040274104967,0.5092614234924194,-0.23815306269630102,FALSE
nest_success,nest_success_guild_bmp,obligate_grassland,edge_and_shrub_habitat,JY7UF4YC,md_1243,savannah_sparrow,Daily nest survival,-0.35077070426884216,0.20279262703923215,0.2372176873238791,FALSE
abundance,abundance_pooled_bmp,all_grassland,stream_exclusion_and_buffers,ILUKKWJA,md_0256,northern_bobwhite,density (birds/0.2 ha),0.18734688722620552,0.20710237446778496,-0.23686566968695774,FALSE
abundance,abundance_pooled_bmp,all_grassland,stream_exclusion_and_buffers,ILUKKWJA,md_0262,red_tailed_hawk,density (birds/0.2 ha),0.18734688722620552,0.20710237446778496,-0.23686566968695774,FALSE
abundance,abundance_pooled_bmp,all_grassland,stream_exclusion_and_buffers,ILUKKWJA,md_0265,wild_turkey,density (birds/0.2 ha),0.18734688722620552,0.20710237446778496,-0.23686566968695774,FALSE
abundance,abundance_pooled_bmp,all_grassland,stream_exclusion_and_buffers,ILUKKWJA,md_0268,killdeer,density (birds/0.2 ha),0.18734688722620552,0.20710237446778496,-0.23686566968695774,FALSE
abundance,abundance_pooled_bmp,all_grassland,stream_exclusion_and_buffers,ILUKKWJA,md_0274,horned_lark,density (birds/0.2 ha),0.18734688722620552,0.20710237446778496,-0.23686566968695774,FALSE
abundance,abundance_pooled_bmp,all_grassland,stream_exclusion_and_buffers,ILUKKWJA,md_0283,painted_bunting,density (birds/0.2 ha),0.18734688722620552,0.20710237446778496,-0.23686566968695774,FALSE
abundance,abundance_pooled_bmp,all_grassland,stream_exclusion_and_buffers,ILUKKWJA,md_0289,orchard_oriole,density (birds/0.2 ha),0.18734688722620552,0.20710237446778496,-0.23686566968695774,FALSE
abundance,abundance_guild_bmp,obligate_grassland,edge_and_shrub_habitat,VY6E42C6,md_1019,bachmans_sparrow,territories/10 ha,-0.2294585442684122,0.2578403335926017,0.23665748456098334,FALSE
abundance,abundance_guild_bmp,obligate_grassland,edge_and_shrub_habitat,XW78AT45,md_1356,bachmans_sparrow,density - site DO,-0.2294585442684122,0.2578403335926017,0.23665748456098332,FALSE
abundance,abundance_guild_bmp,facultative_grassland,prescribed_fire,IWRX5UBB,md_0977,common_yellowthroat,density (males/10 ha),-0.04117582437645941,0.5713243521868472,0.23647076432247957,FALSE
abundance,abundance_guild_bmp,obligate_grassland,reduce_grazing_intensity,86IBQ28G,md_0815,henslows_sparrow,density (birds/ha) - 2005,0.43514263457633695,0.5402899360437302,0.2360130334532779,FALSE
abundance,abundance_pooled_bmp,all_grassland,reduce_grazing_intensity,W9HAEBRV,md_1148,grassland_species,Number of territories,0.3589720535669599,0.30530667898183983,0.23597182196202332,FALSE
abundance,abundance_pooled_bmp,all_grassland,edge_and_shrub_habitat,WGSP9SQJ,md_1109,lazuli_bunting,abundance,0.05383428143744018,0.13320294204754157,0.23450629181038074,FALSE
nest_success,nest_success_guild_bmp,obligate_grassland,plant_nwsg,SQ8ICKWV,md_1306,vesper_sparrow,nestling DSR,0.03878671097456498,0.211217912887892,-0.23357567598419812,FALSE
nest_success,nest_success_guild_bmp,obligate_grassland,delay_hay,IXNBX5LG,md_0717,bobolink,dsr,1.4255313837028374,1.6746836324183367,0.2327905405282161,FALSE
abundance,abundance_pooled_bmp,all_grassland,remove_non_native_shrubs,A9QQKZTZ,md_0845,western_kingbird,abundance - 2009,-0.2677637043598173,0.657754855637246,-0.23263563535476664,FALSE
abundance,abundance_guild_bmp,obligate_grassland,plant_nwsg,VAP55SP2,md_0364,bobolink,density (male/ha),0.14596314449145323,0.4289385673351878,0.23189342551004186,FALSE
abundance,abundance_pooled_bmp,all_grassland,edge_and_shrub_habitat,WGSP9SQJ,md_1117,says_phoebe,abundance,0.05694125707390437,0.18772934183568676,0.23170037978217256,FALSE
abundance,abundance_guild_bmp,facultative_grassland,prescribed_fire,K2FW7NWY,md_0578,clay_colored_sparrow,number of singing males - 1993,-0.08048758311808477,0.2434992870977446,0.2315215371591391,FALSE
abundance,abundance_pooled_bmp,all_grassland,stream_exclusion_and_buffers,55UE5VCT,md_0060,breeding_grassland_species,density,0.17323416851056656,0.3116462838036361,-0.23132293889379862,FALSE
species_richness,richness_bmp,,provide_overwintering_habitat,FQ4DXWJU,md_0904,all_species,total species_richness,0.2758099712034919,0.5031113366690367,-0.23014321340460617,FALSE
abundance,abundance_guild_bmp,obligate_grassland,manage_in_patches,N87HY4T4,md_0012,eastern_meadowlark,abundance 2015,0.5420928859898462,0.5839691582850131,0.22848801354967346,FALSE
abundance,abundance_guild_bmp,facultative_grassland,rotational_grazing,9WPH8J6A,md_1343,clay_colored_sparrow,abundance - 2009,0.06320596192150146,0.3277005670494665,0.22774446803755674,FALSE
abundance,abundance_guild_bmp,obligate_grassland,prescribed_fire,ZXCUY5K9,md_1202,western_meadowlark,density (individuals/ha),0.07643875582030973,0.6151723448435836,-0.22480412467983887,FALSE
abundance,abundance_guild_bmp,facultative_grassland,plant_nwsg,9HH6YMIM,md_0402,barn_swallow,density (birds/count/100 ha),0.3394730077588477,0.5217982639815144,0.22300544212226114,FALSE
abundance,abundance_guild_bmp,facultative_grassland,prescribed_fire,ECNPR7UT,md_0002,red_winged_blackbird,nest density,-0.0688816604734268,0.471291923958545,0.22007486901763396,FALSE
abundance,abundance_guild_bmp,facultative_grassland,remove_non_native_shrubs,BQ6ZPH37,md_0693,american_robin,density (birds/ha) - 2006-2007,-0.3110172529163454,0.3200717015113543,-0.21936677688996764,FALSE
species_richness,richness_bmp,,edge_and_shrub_habitat,TL3GWJHM,bc_0022,all_species,species_richness,0.1515406141069648,0.20694481232105225,-0.21921673760280377,FALSE
abundance,abundance_guild_bmp,facultative_grassland,plant_nwsg,9HH6YMIM,md_0460,red_winged_blackbird,nest density (nests/100 ha),0.04803639686632949,0.5963922784089112,-0.21866868962298375,FALSE
abundance,abundance_pooled_bmp,all_grassland,prescribed_fire,VEK3WELY,md_0219,henslows_sparrow,nest density (nests/ha),-0.11396879961341412,0.5657453763450686,-0.2178939818086103,FALSE
abundance,abundance_pooled_bmp,all_grassland,edge_and_shrub_habitat,55UE5VCT,md_0063,breeding_grassland_species,density,0.06170843017675521,0.28582296862285417,0.21774294117378018,FALSE
abundance,abundance_pooled_bmp,all_grassland,prescribed_fire,IWRX5UBB,md_0988,brown_headed_cowbird,density (males/10 ha),-0.11425003159318024,0.5718211227840563,-0.21732833241041147,FALSE
abundance,abundance_pooled_bmp,all_grassland,prescribed_fire,K2FW7NWY,md_0578,clay_colored_sparrow,number of singing males - 1993,-0.08048758311808477,0.2434992870977446,-0.21704755547758664,FALSE
abundance,abundance_guild_bmp,facultative_grassland,prescribed_fire,B34SZBUU,md_0732,brown_headed_cowbird,abundance,-0.4496841865916832,0.5482374410354621,-0.21631355938036453,FALSE
abundance,abundance_pooled_bmp,all_grassland,provide_overwintering_habitat,55UE5VCT,md_0081,wintering_species,density,0.4047799951804245,0.4198973404063502,0.2160211677458614,FALSE
abundance,abundance_guild_bmp,obligate_grassland,plant_nwsg,4HKVZM4T,md_1240,eastern_meadowlark,Number of detections,-0.08862359041209449,0.08630791101909477,-0.21559016516902318,FALSE
abundance,abundance_guild_bmp,obligate_grassland,prescribed_fire,VEK3WELY,md_0217,eastern_meadowlark,nest density (nests/ha),0.09318148304852863,0.5655867838668955,-0.21403786547316092,FALSE
abundance,abundance_pooled_bmp,all_grassland,prescribed_fire,ZXCUY5K9,md_1196,grasshopper_sparrow,density (individuals/ha),-0.11586041675662669,0.6155573173223448,-0.21279314672313657,FALSE
abundance,abundance_pooled_bmp,all_grassland,edge_and_shrub_habitat,TIFDVC4W,md_0943,song_sparrow,winter density (birds/ha),-0.16632002160979786,0.4291237843542639,-0.21276971059717287,FALSE
abundance,abundance_pooled_bmp,all_grassland,edge_and_shrub_habitat,VY6E42C6,md_1020,bachmans_sparrow,territories/10 ha,-0.1465259707971031,0.29272501829125447,-0.21192315162872755,FALSE
abundance,abundance_guild_bmp,obligate_grassland,eliminate_pesticides,H9PA8BNU,md_0510,northern_lapwing,nest density - 2006,0.3688100022532293,0.18957365459440384,0.21164749121272233,FALSE
abundance,abundance_pooled_bmp,all_grassland,manage_in_patches,YD99BG64,md_0341,dickcissel,density,0.340633547382636,0.6207445404500536,0.21082431925370534,FALSE
species_richness,richness_bmp,,plant_nwsg,FQ4DXWJU,md_0906,grassland_obligates,obligate species_richness,-0.08573619279807683,0.5833448596995132,-0.21044760582953856,FALSE
abundance,abundance_pooled_bmp,all_grassland,eliminate_pesticides,JQQJHBMK,tc_0080,baltimore_oriole,abundance,0.3985736184453565,0.4329286162773643,0.2099523054199916,FALSE
abundance,abundance_guild_bmp,obligate_grassland,prescribed_fire,K2FW7NWY,md_0627,savannah_sparrow,number of singing males - 1994,0.13287495261628424,0.2219167394089573,-0.2091161547726738,FALSE
abundance,abundance_guild_bmp,facultative_grassland,eliminate_pesticides,JQQJHBMK,tc_0064,cliff_swallow,abundance,0.3003732625121707,0.43094230005839856,0.20744769060540136,FALSE
abundance,abundance_guild_bmp,facultative_grassland,eliminate_pesticides,86MSLRJN,bc_0056,common_yellowthroat,abundance (Quebec),0.30632005516135263,0.5037413350674884,0.20617778604592948,FALSE
abundance,abundance_guild_bmp,facultative_grassland,remove_non_native_shrubs,7DEL2BXP,md_0523,yellow_warbler,density (birds/ha),-0.15319599866088776,0.26392928569224716,0.20606816630425265,FALSE
abundance,abundance_guild_bmp,obligate_grassland,prescribed_fire,QI6DHMSY,md_0485,western_meadowlark,density (birds/ha),0.08682241847120069,0.6644735984952133,-0.2052985754755841,FALSE
abundance,abundance_pooled_bmp,all_grassland,remove_non_native_shrubs,A9QQKZTZ,md_0844,western_kingbird,abundance - 2008,-0.24403627550281204,0.6569851408619836,-0.20263047299692216,FALSE
species_richness,richness_bmp,,plant_nwsg,9HH6YMIM,md_0413,all_species,species_richness,0.31379751984335164,0.521179730408669,0.20256982634775406,FALSE
abundance,abundance_pooled_bmp,all_grassland,remove_non_native_shrubs,7DEL2BXP,md_0527,field_sparrow,density (birds/ha),0.01811071364687708,0.2635375715741989,0.2022436796048507,FALSE
abundance,abundance_guild_bmp,obligate_grassland,plant_nwsg,ECUBV53L,md_1181,meadowlark_spp,abundance (individuals/100 ha),0.1497628925135419,0.5722308879943198,0.2016200911542716,FALSE
abundance,abundance_guild_bmp,facultative_grassland,prescribed_fire,86IBQ28G,md_0789,mourning_dove,density (birds/ha) - 2004,-0.43514263457633695,0.5402899360437302,-0.20115132138861377,FALSE
species_richness,richness_bmp,,plant_nwsg,XRV7BSRZ,md_0947,all_species,species_richness,-0.07500882051305552,0.5714963334386359,-0.20082697715137116,FALSE
abundance,abundance_pooled_bmp,all_grassland,prescribed_fire,VEK3WELY,md_0218,grasshopper_sparrow,nest density (nests/ha),-0.09541133429939108,0.5656022739805489,-0.19790332893421117,FALSE
abundance,abundance_guild_bmp,obligate_grassland,edge_and_shrub_habitat,CXWJRPTX,md_1055,bobolink,nest density (nests/ha),-0.4932815957171597,0.6685386259517389,-0.19789313689745008,FALSE
abundance,abundance_pooled_bmp,all_grassland,manage_in_patches,N87HY4T4,md_0013,eastern_meadowlark,abundance 2016,-0.16478369941324056,0.5724372684894671,-0.19755848851275168,FALSE
abundance,abundance_guild_bmp,facultative_grassland,prescribed_fire,86IBQ28G,md_0759,mourning_dove,density (birds/ha) - 2005,-0.4417079096599541,0.6247126947560804,-0.1967054539972537,FALSE
abundance,abundance_pooled_bmp,all_grassland,plant_nwsg,9HH6YMIM,md_0427,ring_necked_pheasant,density (birds/count/100 ha),-0.05326992336621882,0.5176390521985291,-0.19643955112528103,FALSE
abundance,abundance_pooled_bmp,all_grassland,plant_nwsg,9HH6YMIM,md_0393,eastern_meadowlark,density (birds/count/100 ha) - 2001,0.205798179450845,0.4684638958782363,0.1958408713161948,FALSE
nest_success,nest_success_guild_bmp,facultative_grassland,edge_and_shrub_habitat,NMR6JN8N,md_1134,indigo_bunting,Daily percent predation rate (Dutch Creek),0.6245542913813553,0.01866687393956032,0.19576466701901113,FALSE
abundance,abundance_pooled_bmp,all_grassland,eliminate_pesticides,H9PA8BNU,md_0510,northern_lapwing,nest density - 2006,0.3688100022532293,0.18957365459440384,0.19564321646814703,FALSE
abundance,abundance_guild_bmp,obligate_grassland,prescribed_fire,IWRX5UBB,md_0986,western_meadowlark,density (males/10 ha),0.4481254927093983,0.5799720388405536,0.19552125929038036,FALSE
abundance,abundance_pooled_bmp,all_grassland,prescribed_fire,86IBQ28G,md_0775,brown_headed_cowbird,density (birds/ha) - 2005,-0.0939129474676194,0.5716360074918037,-0.19551146483307044,FALSE
abundance,abundance_pooled_bmp,all_grassland,prescribed_fire,C3NIZKWQ,bc_0079,brown_headed_cowbird,abundance (individuals/ha),-0.06090930379843985,0.1911301326156016,-0.1950361725263249,FALSE
abundance,abundance_guild_bmp,facultative_grassland,prescribed_fire,86IBQ28G,md_0767,red_winged_blackbird,density (birds/ha) - 2004,-0.07921814367934459,0.5715247314775334,0.19456814862945324,FALSE
abundance,abundance_guild_bmp,obligate_grassland,prescribed_fire,3NTX2A2K,md_0028,grasshopper_sparrow,density,0.4283172463943259,0.4336381615446087,0.19253488721390413,FALSE
abundance,abundance_guild_bmp,facultative_grassland,remove_non_native_shrubs,A9QQKZTZ,md_0848,orchard_oriole,abundance - 2009,-0.35900799542147066,0.6613676953087785,-0.19193728030508478,FALSE
abundance,abundance_pooled_bmp,all_grassland,eliminate_pesticides,RAN8HLMY,bc_0003,farmland_bird_indicator_species,Abundance (2001),0.10068007270878966,0.21387203388764744,-0.19007105618479259,FALSE
abundance,abundance_pooled_bmp,all_grassland,plant_nwsg,4HKVZM4T,md_1237,grasshopper_sparrow,Number of detections,-0.00627835371259102,0.08626566901662862,-0.18916786912098693,FALSE
abundance,abundance_guild_bmp,facultative_grassland,provide_overwintering_habitat,IF3VCNWP,md_0158,american_kestrel,abundance - 96-97,0,0.5004040274104967,-0.18712552258201773,FALSE
abundance,abundance_guild_bmp,facultative_grassland,provide_overwintering_habitat,IF3VCNWP,md_0194,northern_mockingbird,abundance - 96-97,0,0.5004040274104967,-0.18712552258201773,FALSE
abundance,abundance_guild_bmp,facultative_grassland,edge_and_shrub_habitat,WGSP9SQJ,md_1095,brewers_sparrow,abundance,-0.02360535975244658,0.16579066752493682,-0.18615415215727088,FALSE
abundance,abundance_pooled_bmp,all_grassland,eliminate_pesticides,86MSLRJN,bc_0067,savannah_sparrow,abundance (Ontario),0.37924128795081713,0.43249423397426073,0.18549695571948918,FALSE
abundance,abundance_guild_bmp,facultative_grassland,edge_and_shrub_habitat,5LF5W5A9,md_1216,common_yellowthroat,nest density (nests/ha),0.15228207328382984,0.4289934839888694,0.18541863288095758,FALSE
abundance,abundance_guild_bmp,facultative_grassland,prescribed_fire,K2FW7NWY,md_0657,brown_headed_cowbird,number of singing males - 1994,-0.4040325818436633,0.3751023371048788,-0.18458313967591047,FALSE
abundance,abundance_guild_bmp,facultative_grassland,edge_and_shrub_habitat,WGSP9SQJ,md_1127,yellow_rumped_warbler,abundance,-0.0266850071734851,0.2214598674530543,-0.1838362092077234,FALSE
abundance,abundance_guild_bmp,facultative_grassland,edge_and_shrub_habitat,9HH6YMIM,md_0422,indigo_bunting,density (birds/count/100 ha),0.15649805573073644,0.4679870623328924,0.1828549915170424,FALSE
abundance,abundance_guild_bmp,facultative_grassland,eliminate_pesticides,WQDZ5GX5,md_1248,eurasian_skylark,density (territories/ha),0.2697347750156352,0.101320809258432,0.1806296225430696,FALSE
abundance,abundance_pooled_bmp,all_grassland,prescribed_fire,ECNPR7UT,md_0002,red_winged_blackbird,nest density,-0.0688816604734268,0.471291923958545,-0.1797784538588126,FALSE
abundance,abundance_pooled_bmp,all_grassland,prescribed_fire,86IBQ28G,md_0767,red_winged_blackbird,density (birds/ha) - 2004,-0.07921814367934459,0.5715247314775334,-0.179741792315396,FALSE
abundance,abundance_guild_bmp,obligate_grassland,prescribed_fire,K2FW7NWY,md_0566,bobolink,number of singing males - 1993,0.15064280904546593,0.2698605110150622,-0.17954110390409644,FALSE
abundance,abundance_guild_bmp,facultative_grassland,prescribed_fire,86IBQ28G,md_0775,brown_headed_cowbird,density (birds/ha) - 2005,-0.0939129474676194,0.5716360074918037,0.17838368222732334,FALSE
abundance,abundance_guild_bmp,obligate_grassland,provide_overwintering_habitat,7SS4IEI5,md_0106,savannah_sparrow,winter density (birds/10 ha),0.5533367970285358,0.3875191382962773,-0.17622745042305987,FALSE
abundance,abundance_pooled_bmp,all_grassland,prescribed_fire,IWRX5UBB,md_0978,dickcissel,density (males/10 ha),0.2519948814059566,0.574022485612547,0.17570193262611916,FALSE
abundance,abundance_guild_bmp,facultative_grassland,rotational_grazing,9WPH8J6A,md_1341,brown_headed_cowbird,abundance - 2009,0.04093831927725838,0.32765274783367593,0.17560251049528725,FALSE
abundance,abundance_pooled_bmp,all_grassland,plant_nwsg,YXR6499E,md_0332,savannah_sparrow,abundance,0,0.10281681756024762,-0.17508260234440556,FALSE
abundance,abundance_pooled_bmp,all_grassland,plant_nwsg,YXR6499E,md_0334,western_meadowlark,abundance,0,0.10281681756024762,-0.17508260234440556,FALSE
abundance,abundance_guild_bmp,facultative_grassland,eliminate_pesticides,86MSLRJN,bc_0070,song_sparrow,abundance (Ontario),0.26931627695058036,0.43042879200232503,0.1743232842435458,FALSE
species_richness,richness_bmp,,plant_nwsg,N8CXRDSX,md_0356,wintering_species,species_richness - 2008,0.2849552290957375,0.13446029996761183,0.17415463117377716,FALSE
abundance,abundance_pooled_bmp,all_grassland,edge_and_shrub_habitat,WGSP9SQJ,md_1089,american_goldfinch,abundance,0.03545230298497091,0.23318654337273104,0.1737887014549189,FALSE
abundance,abundance_pooled_bmp,all_grassland,prescribed_fire,86IBQ28G,md_0768,henslows_sparrow,density (birds/ha) - 2004,-0.0717433586519582,0.5714753699430971,-0.1717186513892584,FALSE
abundance,abundance_pooled_bmp,all_grassland,edge_and_shrub_habitat,TY9UGHCS,md_1141,common_grackle,abundance (birds/point),-0.1616244071283537,0.5742786069211937,-0.1709293408731543,FALSE
species_richness,richness_bmp,,edge_and_shrub_habitat,TL3GWJHM,bc_0030,all_species,species_richness,0.17712539311203676,0.20705401276551197,-0.16944199593929338,FALSE
abundance,abundance_pooled_bmp,all_grassland,provide_overwintering_habitat,IF3VCNWP,md_0174,chihuahuan_raven,abundance - 96-97,0.17163716540102683,0.5014541944153511,-0.16805480454410063,FALSE
abundance,abundance_guild_bmp,obligate_grassland,eliminate_pesticides,86MSLRJN,bc_0067,savannah_sparrow,abundance (Ontario),0.37924128795081713,0.43249423397426073,0.16764805550724743,FALSE
abundance,abundance_pooled_bmp,all_grassland,edge_and_shrub_habitat,5LF5W5A9,md_1215,dickcissel,nest density (nests/ha),-0.139888234900381,0.42888795916347,-0.1671001774447129,FALSE
abundance,abundance_guild_bmp,obligate_grassland,prescribed_fire,ZXCUY5K9,md_1186,bobolink,density (individuals/ha),0.1290175749982696,0.6157208617259491,-0.16600099242001426,FALSE
abundance,abundance_guild_bmp,facultative_grassland,edge_and_shrub_habitat,9HH6YMIM,md_0428,ring_necked_pheasant,density (birds/count/100 ha),-0.05326992336621882,0.5176390521985291,-0.16563086178572123,FALSE
abundance,abundance_pooled_bmp,all_grassland,plant_nwsg,ECUBV53L,md_1179,mourning_dove,abundance (individuals/100 ha),-0.03912726965087873,0.571317153722504,-0.16542822754911785,FALSE
abundance,abundance_pooled_bmp,all_grassland,prescribed_fire,B34SZBUU,md_0726,upland_sandpiper,abundance,0.23883149645588336,0.5559641630713312,0.16351090649083003,FALSE
abundance,abundance_pooled_bmp,all_grassland,eliminate_pesticides,65GGK69H,md_0505,grassland_species,abundance,0.10436407412458187,0.4286349963057318,-0.1632859534822285,FALSE
abundance,abundance_guild_bmp,obligate_grassland,provide_overwintering_habitat,IF3VCNWP,md_0155,northern_harrier,abundance - 97-98,0.7005656383746954,0.517621950842553,0.16318937212282128,FALSE
abundance,abundance_pooled_bmp,all_grassland,eliminate_pesticides,JQQJHBMK,tc_0063,bank_swallow,abundance,0.10507359895387816,0.4286393298435711,-0.1623842761583556,FALSE
abundance,abundance_pooled_bmp,all_grassland,stream_exclusion_and_buffers,ILUKKWJA,md_0258,northern_bobwhite,density (birds/0.2 ha),0.2070818756587967,0.2716515568871175,-0.16152303356048156,FALSE
abundance,abundance_pooled_bmp,all_grassland,prescribed_fire,X3E5MBG4,bc_0080,bobolink,abundance,-0.03547082070840814,0.2180877421354444,-0.16047546593837272,FALSE
abundance,abundance_guild_bmp,facultative_grassland,provide_overwintering_habitat,IF3VCNWP,md_0156,red_tailed_hawk,abundance - 96-97,0.22378748430090775,0.5021880046460899,0.16046214149028917,FALSE
abundance,abundance_guild_bmp,facultative_grassland,rotational_grazing,9WPH8J6A,md_1342,clay_colored_sparrow,abundance - 2008,0.03435264149635794,0.32764252256886606,0.16021282815086565,FALSE
abundance,abundance_pooled_bmp,all_grassland,edge_and_shrub_habitat,WGSP9SQJ,md_1101,chipping_sparrow,abundance,0.02039072887482739,0.0998140428580307,0.15753230235914456,FALSE
abundance,abundance_pooled_bmp,all_grassland,plant_nwsg,D7FXG82E,md_0935,bobolink,number of birds per count,0.15110744913996915,0.06983789102422959,0.15708248252409873,FALSE
abundance,abundance_pooled_bmp,all_grassland,prescribed_fire,K2FW7NWY,md_0559,savannah_sparrow,number of singing males - 1993,0.20943167383008024,0.23283219710656697,0.15673246094675614,FALSE
abundance,abundance_guild_bmp,facultative_grassland,prescribed_fire,K2FW7NWY,md_0645,brown_headed_cowbird,number of singing males - 1994,-0.38658944341240253,0.43964257118818534,-0.1566451477761893,FALSE
abundance,abundance_guild_bmp,facultative_grassland,prescribed_fire,IWRX5UBB,md_0988,brown_headed_cowbird,density (males/10 ha),-0.11425003159318024,0.5718211227840563,0.15598783915514247,FALSE
abundance,abundance_guild_bmp,facultative_grassland,provide_overwintering_habitat,7SS4IEI5,md_0102,eastern_bluebird,winter density (birds/10 ha),0.0342388546679802,0.3798756623658239,-0.15529135832586113,FALSE
abundance,abundance_guild_bmp,obligate_grassland,plant_nwsg,SQ8ICKWV,md_0319,savannah_sparrow,abundance,-0.08036853734034279,0.3671129247944664,-0.15515726584361672,FALSE
nest_success,nest_success_guild_bmp,obligate_grassland,plant_nwsg,SQ8ICKWV,md_1299,vesper_sparrow,incubation DSR,0.04982564186066351,0.2351103728204939,-0.15494568800825095,FALSE
abundance,abundance_pooled_bmp,all_grassland,prescribed_fire,86IBQ28G,md_0773,grasshopper_sparrow,density (birds/ha) - 2005,-0.05486908504446183,0.5713818983838632,-0.15360296899404008,FALSE
abundance,abundance_pooled_bmp,all_grassland,remove_non_native_shrubs,A9QQKZTZ,md_0830,orchard_oriole,abundance - 2007,-0.2046972959178568,0.6558646318001454,-0.15275903982534939,FALSE
species_richness,richness_bmp,,edge_and_shrub_habitat,TL3GWJHM,bc_0014,all_species,species_richness,0.18598166276763856,0.20709575879247635,-0.152232481873029,FALSE
abundance,abundance_pooled_bmp,all_grassland,edge_and_shrub_habitat,9HH6YMIM,md_0430,barn_swallow,density (birds/count/100 ha),-0.1411471874714419,0.5182733812745427,-0.151303773746193,FALSE
abundance,abundance_pooled_bmp,all_grassland,provide_overwintering_habitat,55UE5VCT,md_0048,wintering_species,density,0.354194877463997,0.28430542199123165,0.15030606871140534,FALSE
abundance,abundance_guild_bmp,facultative_grassland,prescribed_fire,86IBQ28G,md_0788,common_nighthawk,density (birds/ha) - 2004,-0.3892034043284159,0.538827714320562,-0.14969833877506156,FALSE
abundance,abundance_guild_bmp,facultative_grassland,eliminate_pesticides,WQDZ5GX5,md_1251,ortolan_bunting,density (territories/ha),-0.02524620512676495,0.11182774464788484,-0.1495824705960625,FALSE
abundance,abundance_pooled_bmp,all_grassland,reduce_grazing_intensity,X3E5MBG4,bc_0083,bobolink,abundance,0.30339469070731123,0.14808242457720525,0.14807157862138978,FALSE
abundance,abundance_pooled_bmp,all_grassland,prescribed_fire,3NTX2A2K,md_0022,dickcissel,density,-0.03778452770025903,0.4283589094697996,-0.1479352865449231,FALSE
abundance,abundance_pooled_bmp,all_grassland,prescribed_fire,86IBQ28G,md_0764,grasshopper_sparrow,density (birds/ha) - 2004,0.22523260963919803,0.5734659792858777,0.14705885487225676,FALSE
abundance,abundance_pooled_bmp,all_grassland,edge_and_shrub_habitat,WGSP9SQJ,md_1111,mountain_bluebird,abundance,-0.11357710213566408,0.2841792757927822,-0.145634443773189,FALSE
abundance,abundance_pooled_bmp,all_grassland,prescribed_fire,ZXCUY5K9,md_1201,western_meadowlark,density (individuals/ha),-0.05122612862356724,0.6150088136882699,-0.14542107355158648,FALSE
abundance,abundance_pooled_bmp,all_grassland,prescribed_fire,F8XKUC3R,md_1005,european_starling,abundance,0.23094010767585035,0.6565905201197404,0.14491035997785975,FALSE
abundance,abundance_pooled_bmp,all_grassland,prescribed_fire,K2FW7NWY,md_0581,savannah_sparrow,number of singing males - 1993,0.20060633587037585,0.24402396527262668,0.14474301302285564,FALSE
abundance,abundance_pooled_bmp,all_grassland,prescribed_fire,IWRX5UBB,md_0990,dickcissel,density (males/10 ha),-0.04618283803812127,0.571343491870284,-0.14427601860136186,FALSE
abundance,abundance_guild_bmp,obligate_grassland,plant_nwsg,LU5JZP88,md_0376,grasshopper_sparrow,abundance,0.08054929498586774,0.30291145541619313,0.14257140843249622,FALSE
abundance,abundance_pooled_bmp,all_grassland,plant_nwsg,AGDXXJXK,md_1210,mourning_dove,density (birds/ha),-0.01810208506652999,0.5329515195595904,-0.1421656552907378,FALSE
nest_success,nest_success_guild_bmp,obligate_grassland,plant_nwsg,SQ8ICKWV,md_1308,savannah_sparrow,nestling DSR,0.13210617314879292,0.3535480969290178,0.14182651567153506,FALSE
abundance,abundance_guild_bmp,facultative_grassland,prescribed_fire,86IBQ28G,md_0751,mourning_dove,density (birds/ha) - 2004,-0.3888813873912677,0.6225139592728849,-0.14093083184750752,FALSE
abundance,abundance_pooled_bmp,all_grassland,prescribed_fire,JFJNVKAK,md_0385,northern_bobwhite,density,0.21949179417067863,0.5766738187298179,0.1406035150848892,FALSE
abundance,abundance_guild_bmp,facultative_grassland,edge_and_shrub_habitat,WGSP9SQJ,md_1092,black_billed_magpie,abundance,0.11847009621770412,0.3449582901837525,0.13999176976315483,FALSE
abundance,abundance_guild_bmp,facultative_grassland,edge_and_shrub_habitat,WGSP9SQJ,md_1107,house_wren,abundance,0.11847009621770412,0.3449582901837525,0.13999176976315483,FALSE
abundance,abundance_pooled_bmp,all_grassland,prescribed_fire,IWRX5UBB,md_0977,common_yellowthroat,density (males/10 ha),-0.04117582437645941,0.5713243521868472,-0.1388992302745047,FALSE
abundance,abundance_pooled_bmp,all_grassland,prescribed_fire,86IBQ28G,md_0793,eastern_meadowlark,density (birds/ha) - 2005,0.21414850107396508,0.5347284212511332,0.13862545829183237,FALSE
abundance,abundance_pooled_bmp,all_grassland,edge_and_shrub_habitat,CXWJRPTX,md_1056,eastern_meadowlark,nest density (nests/ha),0.05979121932396819,0.6534252692484076,0.13559736989080426,FALSE
abundance,abundance_guild_bmp,facultative_grassland,eliminate_pesticides,86MSLRJN,bc_0060,loggerhead_shrike,abundance (Sasketchewan),0.2326273879698312,0.42989365091806064,0.1351784425078376,FALSE
abundance,abundance_guild_bmp,facultative_grassland,prescribed_fire,IWRX5UBB,md_0987,american_goldfinch,density (males/10 ha),-0.3795179478784239,0.5775192088702843,-0.13516770444505363,FALSE
abundance,abundance_pooled_bmp,all_grassland,remove_non_native_shrubs,7DEL2BXP,md_0523,yellow_warbler,density (birds/ha),-0.15319599866088776,0.26392928569224716,-0.13282690733257002,FALSE
abundance,abundance_guild_bmp,facultative_grassland,edge_and_shrub_habitat,WGSP9SQJ,md_1091,bank_swallow,abundance,0.11488009330201614,0.3449393170815321,0.13267130904146815,FALSE
abundance,abundance_guild_bmp,obligate_grassland,edge_and_shrub_habitat,9HH6YMIM,md_0419,eastern_meadowlark,density (birds/count/100 ha) - 2001,-0.42167626671518293,0.4720644779291853,-0.13238964368647907,FALSE
abundance,abundance_pooled_bmp,all_grassland,rotational_grazing,9WPH8J6A,md_1343,clay_colored_sparrow,abundance - 2009,0.06320596192150146,0.3277005670494665,0.1321280757577564,FALSE
nest_success,nest_success_guild_bmp,obligate_grassland,plant_nwsg,SQ8ICKWV,md_1301,savannah_sparrow,incubation DSR,0.12996413886140745,0.3682563056103927,0.12981276708454423,FALSE
abundance,abundance_guild_bmp,facultative_grassland,plant_nwsg,9HH6YMIM,md_0458,ring_necked_pheasant,nest density (nests/100 ha),0.1105520881373267,0.5968538702690003,-0.12818488645100287,FALSE
abundance,abundance_pooled_bmp,all_grassland,edge_and_shrub_habitat,WGSP9SQJ,md_1122,white_crowned_sparrow,abundance,0.01270032373912453,0.20249322645851275,0.12796543355142992,FALSE
abundance,abundance_pooled_bmp,all_grassland,eliminate_pesticides,WQDZ5GX5,md_1252,ortolan_bunting,density (territories/ha),0.14762627250734545,0.10101880654339689,-0.12733449808511185,FALSE
abundance,abundance_guild_bmp,facultative_grassland,edge_and_shrub_habitat,WGSP9SQJ,md_1090,american_robin,abundance,0,0.13816955070008746,-0.1272702846766747,FALSE
abundance,abundance_pooled_bmp,all_grassland,rotational_grazing,9WPH8J6A,md_1333,savannah_sparrow,abundance - 2009,0.06008102707492276,0.3276926233177451,0.12688764951947726,FALSE
abundance,abundance_guild_bmp,facultative_grassland,eliminate_pesticides,WQDZ5GX5,md_1249,meadow_pipit,density (territories/ha),0.21892618477111456,0.11215059221716656,0.12468279410335381,FALSE
abundance,abundance_guild_bmp,obligate_grassland,plant_nwsg,4HKVZM4T,md_1238,henslows_sparrow,Number of detections,-0.04831098472373275,0.08627807412051965,-0.12423582923519391,FALSE
abundance,abundance_guild_bmp,obligate_grassland,edge_and_shrub_habitat,CXWJRPTX,md_1052,bobolink,Density (males/ha),-0.2452354496154817,0.6570223503141597,0.12420037091515747,FALSE
abundance,abundance_pooled_bmp,all_grassland,eliminate_pesticides,WQDZ5GX5,md_1247,eurasian_skylark,density (territories/ha),0.14989110116448337,0.1119768888391494,-0.12382861960033095,FALSE
abundance,abundance_guild_bmp,obligate_grassland,prescribed_fire,B34SZBUU,md_0737,dickcissel,abundance,0.17338392287629478,0.541655991655683,-0.12320006295225593,FALSE
abundance,abundance_guild_bmp,obligate_grassland,stream_exclusion_and_buffers,ILUKKWJA,md_0254,eastern_meadowlark,density (birds/0.2 ha),0.42971068287478065,0.2808127405174009,0.12296082360597632,FALSE
abundance,abundance_pooled_bmp,all_grassland,edge_and_shrub_habitat,WGSP9SQJ,md_1105,grasshopper_sparrow,abundance,-0.11818181818181817,0.4731886952604786,-0.1224920371929529,FALSE
abundance,abundance_pooled_bmp,all_grassland,reduce_grazing_intensity,X3E5MBG4,bc_0084,upland_sandpiper,abundance,0.29191377843381205,0.1480193584225287,0.12226661499543551,FALSE
abundance,abundance_guild_bmp,obligate_grassland,prescribed_fire,K2FW7NWY,md_0599,bobolink,number of singing males - 1993,0.37545916781662536,0.4725258718907088,0.12154217770956326,FALSE
abundance,abundance_pooled_bmp,all_grassland,plant_nwsg,ECUBV53L,md_1180,northern_bobwhite,abundance (individuals/100 ha),0.16709297807606546,0.572470738240989,0.12064045933049405,FALSE
abundance,abundance_guild_bmp,facultative_grassland,rotational_grazing,9WPH8J6A,md_1340,brown_headed_cowbird,abundance - 2008,0.01699809616049083,0.327624144065965,0.11970898071075087,FALSE
abundance,abundance_guild_bmp,facultative_grassland,prescribed_fire,B34SZBUU,md_0739,brown_headed_cowbird,abundance,-0.14953524599781248,0.5413597049790341,0.11960515686706465,FALSE
abundance,abundance_pooled_bmp,all_grassland,prescribed_fire,ECNPR7UT,md_0001,dickcissel,nest density,-0.01624923634661987,0.47122589742234583,-0.1195163004367935,FALSE
abundance,abundance_pooled_bmp,all_grassland,provide_overwintering_habitat,IF3VCNWP,md_0143,lark_bunting,abundance - 97-98,0.2033498235782799,0.5018774924830967,-0.11854741917357443,FALSE
abundance,abundance_guild_bmp,facultative_grassland,edge_and_shrub_habitat,WGSP9SQJ,md_1104,gray_partridge,abundance,0.11818181818181817,0.4731886952604786,0.11627152393344026,FALSE
abundance,abundance_guild_bmp,facultative_grassland,edge_and_shrub_habitat,WGSP9SQJ,md_1112,mourning_dove,abundance,0.11818181818181817,0.4731886952604786,0.11627152393344026,FALSE
abundance,abundance_guild_bmp,facultative_grassland,plant_nwsg,9HH6YMIM,md_0392,common_yellowthroat,density (birds/count/100 ha),0.2672474135644064,0.4692388826346391,0.11612256138779017,FALSE
abundance,abundance_pooled_bmp,all_grassland,stream_exclusion_and_buffers,ILUKKWJA,md_0247,brown_headed_cowbird,density (birds/0.2 ha),0.3109161107158305,0.2079000116971751,0.11605097624981432,FALSE
abundance,abundance_guild_bmp,facultative_grassland,remove_non_native_shrubs,BQ6ZPH37,md_0679,indigo_bunting,density (birds/ha) - 2006,-0.26999133528991565,0.31958137794366787,-0.11474324914003198,FALSE
species_richness,richness_bmp,,prescribed_fire,K2FW7NWY,md_0596,all_species,species_richness - 1993,0.2763518624632046,0.34437166673792835,-0.11390021465296343,FALSE
abundance,abundance_pooled_bmp,all_grassland,eliminate_pesticides,WQDZ5GX5,md_1254,whinchat,density (territories/ha),0.15695946296622926,0.10103567615750192,-0.11389536781884858,FALSE
abundance,abundance_guild_bmp,facultative_grassland,eliminate_pesticides,JQQJHBMK,tc_0074,chipping_sparrow,abundance,0,0.42831724639432595,-0.11318485167288495,FALSE
abundance,abundance_pooled_bmp,all_grassland,eliminate_pesticides,86MSLRJN,bc_0066,savannah_sparrow,abundance (Sasketchewan),0.32178048674614784,0.431328448632921,0.11273134904031547,FALSE
abundance,abundance_guild_bmp,facultative_grassland,prescribed_fire,IWRX5UBB,md_0976,brown_headed_cowbird,density (males/10 ha),-0.3576591719033892,0.5768212436608048,-0.11128380531640612,FALSE
abundance,abundance_pooled_bmp,all_grassland,plant_nwsg,XRV7BSRZ,md_0951,western_meadowlark,abundance,0,0.5712501579659007,-0.11112899229191366,FALSE
abundance,abundance_pooled_bmp,all_grassland,edge_and_shrub_habitat,WGSP9SQJ,md_1121,vesper_sparrow,abundance,-0.09068954246282844,0.11448185614518396,-0.11042837005578755,FALSE
abundance,abundance_guild_bmp,facultative_grassland,edge_and_shrub_habitat,WGSP9SQJ,md_1106,house_finch,abundance,0.09696220416813844,0.2471122252480149,0.11033183110847189,FALSE
abundance,abundance_pooled_bmp,all_grassland,edge_and_shrub_habitat,WGSP9SQJ,md_1103,eastern_kingbird,abundance,-0.11063829787234042,0.4731316945735543,-0.11016585004702496,FALSE
abundance,abundance_guild_bmp,obligate_grassland,prescribed_fire,K2FW7NWY,md_0581,savannah_sparrow,number of singing males - 1993,0.20060633587037585,0.24402396527262668,-0.11012642492600704,FALSE
abundance,abundance_pooled_bmp,all_grassland,rotational_grazing,9WPH8J6A,md_1330,lecontes_sparrow,abundance - 2008,0.04992964703514872,0.327669595817699,0.10986500288140578,FALSE
abundance,abundance_pooled_bmp,all_grassland,reduce_grazing_intensity,86IBQ28G,md_0803,eastern_meadowlark,density (birds/ha) - 2004,0.3166127725707855,0.5368430751118151,0.10944840957779005,FALSE
abundance,abundance_guild_bmp,obligate_grassland,prescribed_fire,86IBQ28G,md_0782,dickcissel,density (birds/ha) - 2004,0.36958083403490755,0.538251723956955,0.10879749757513281,FALSE
abundance,abundance_pooled_bmp,all_grassland,remove_non_native_shrubs,A9QQKZTZ,md_0827,western_kingbird,abundance - 2006,0,0.6531972647421809,0.1081873551801512,FALSE
abundance,abundance_pooled_bmp,all_grassland,remove_non_native_shrubs,A9QQKZTZ,md_0837,brown_headed_cowbird,abundance - 2006,0,0.6531972647421809,0.1081873551801512,FALSE
abundance,abundance_pooled_bmp,all_grassland,remove_non_native_shrubs,A9QQKZTZ,md_0839,lark_sparrow,abundance - 2008,0,0.6531972647421809,0.1081873551801512,FALSE
abundance,abundance_pooled_bmp,all_grassland,remove_non_native_shrubs,A9QQKZTZ,md_0851,blue_grosbeak,abundance - 2008,0,0.6531972647421809,0.1081873551801512,FALSE
abundance,abundance_pooled_bmp,all_grassland,remove_non_native_shrubs,A9QQKZTZ,md_0852,red_winged_blackbird,abundance - 2009,0,0.6531972647421809,0.1081873551801512,FALSE
species_richness,richness_bmp,,provide_overwintering_habitat,FQ4DXWJU,md_0897,grassland_obligates,species_richness,0.4850889973209838,0.5087319204749597,0.10817153965490107,FALSE
abundance,abundance_pooled_bmp,all_grassland,prescribed_fire,5UK425N9,md_1028,eastern_meadowlark,density (individuals/ha),0,0.3552794967601077,-0.10782985147857234,FALSE
abundance,abundance_pooled_bmp,all_grassland,plant_nwsg,VAP55SP2,md_0364,bobolink,density (male/ha),0.14596314449145323,0.4289385673351878,0.1073669276766616,FALSE
nest_success,nest_success_guild_bmp,obligate_grassland,delay_hay,PAM2R2T8,md_1289,corn_bunting,hatching_success,0.9590027997733584,0.04625217359153945,-0.10733766796821666,FALSE
abundance,abundance_pooled_bmp,all_grassland,edge_and_shrub_habitat,WGSP9SQJ,md_1090,american_robin,abundance,0,0.13816955070008746,0.10550166875311533,FALSE
abundance,abundance_guild_bmp,facultative_grassland,prescribed_fire,K2FW7NWY,md_0601,common_yellowthroat,number of singing males - 1993,-0.16687074125183343,0.4709055110999402,0.10481380442814055,FALSE
abundance,abundance_guild_bmp,obligate_grassland,edge_and_shrub_habitat,9HH6YMIM,md_0420,eastern_meadowlark,density (birds/count/100 ha) - 2002,-0.2765855849898416,0.46937414619936974,0.10452893891838803,FALSE
abundance,abundance_pooled_bmp,all_grassland,prescribed_fire,3NTX2A2K,md_0026,american_goldfinch,density,0,0.42831724639432595,-0.10354311532274196,FALSE
abundance,abundance_guild_bmp,obligate_grassland,prescribed_fire,VEK3WELY,md_0216,bobolink,nest density (nests/ha),0.3671750154444845,0.5702140148378902,0.10341439645838241,FALSE
abundance,abundance_guild_bmp,facultative_grassland,edge_and_shrub_habitat,WGSP9SQJ,md_1099,clay_colored_sparrow,abundance,0,0.3446402799060484,-0.10174137766752732,FALSE
abundance,abundance_guild_bmp,facultative_grassland,plant_nwsg,9HH6YMIM,md_0411,american_goldfinch,density (birds/count/100 ha),0.26298998622960285,0.5200972891794596,0.10162323696392533,FALSE
abundance,abundance_guild_bmp,obligate_grassland,prescribed_fire,K2FW7NWY,md_0616,spragues_pipit,number of singing males - 1994,0.3498269812106053,0.2862863603125533,0.1013271318778192,FALSE
abundance,abundance_guild_bmp,facultative_grassland,prescribed_fire,3NTX2A2K,md_0027,american_goldfinch,density,-0.3476663011357446,0.5631430889705451,-0.10129036418699107,FALSE
abundance,abundance_pooled_bmp,all_grassland,rotational_grazing,9WPH8J6A,md_1334,spragues_pipit,abundance - 2008,0.04465843394526533,0.32765931433047213,0.10102630336121027,FALSE
abundance,abundance_pooled_bmp,all_grassland,rotational_grazing,9WPH8J6A,md_1336,vesper_sparrow,abundance - 2008,0.04465843394526533,0.32765931433047213,0.10102630336121027,FALSE
abundance,abundance_guild_bmp,facultative_grassland,eliminate_pesticides,86MSLRJN,bc_0050,american_kestrel,abundance (Ontario),0.1999347375807656,0.4294822592856484,0.10028712313017901,FALSE
abundance,abundance_guild_bmp,obligate_grassland,prescribed_fire,K2FW7NWY,md_0559,savannah_sparrow,number of singing males - 1993,0.20943167383008024,0.23283219710656697,-0.09793025197373025,FALSE
abundance,abundance_pooled_bmp,all_grassland,remove_non_native_shrubs,A9QQKZTZ,md_0846,eastern_kingbird,abundance - 2009,-0.00823474206650615,0.653201590308389,0.0976735733497993,FALSE
abundance,abundance_pooled_bmp,all_grassland,plant_nwsg,ECUBV53L,md_1181,meadowlark_spp,abundance (individuals/100 ha),0.1497628925135419,0.5722308879943198,0.09664328293464497,FALSE
abundance,abundance_pooled_bmp,all_grassland,install_nest_boxes,GGQGCAKN,md_0964,red_winged_blackbird,territories/40 ha,0.20047914218676471,0.322492383784923,0.09642545201267617,FALSE
abundance,abundance_pooled_bmp,all_grassland,rotational_grazing,9WPH8J6A,md_1341,brown_headed_cowbird,abundance - 2009,0.04093831927725838,0.32765274783367593,0.09478863923615531,FALSE
abundance,abundance_pooled_bmp,all_grassland,prescribed_fire,IWRX5UBB,md_0983,red_winged_blackbird,density (males/10 ha),0,0.5712501579659007,-0.09467303607442681,FALSE
abundance,abundance_pooled_bmp,all_grassland,prescribed_fire,IWRX5UBB,md_0984,ring_necked_pheasant,density (males/10 ha),0,0.5712501579659007,-0.09467303607442681,FALSE
abundance,abundance_pooled_bmp,all_grassland,prescribed_fire,B34SZBUU,md_0737,dickcissel,abundance,0.17338392287629478,0.541655991655683,0.09336235147188492,FALSE
species_richness,richness_bmp,,plant_nwsg,VAP55SP2,md_0358,all_species,species_richness,0.205303414279256,0.4295455748307573,0.09316479051533992,FALSE
abundance,abundance_guild_bmp,facultative_grassland,remove_non_native_shrubs,BQ6ZPH37,md_0678,house_wren,density (birds/ha) - 2006,-0.26143346409656026,0.3194877412353432,-0.09290985807400626,FALSE
abundance,abundance_pooled_bmp,all_grassland,plant_nwsg,4HKVZM4T,md_1239,dickcissel,Number of detections,0.03808261149186554,0.08627329690406456,-0.09152815855269245,FALSE
abundance,abundance_guild_bmp,facultative_grassland,edge_and_shrub_habitat,WGSP9SQJ,md_1122,white_crowned_sparrow,abundance,0.01270032373912453,0.20249322645851275,-0.09059772902208112,FALSE
species_richness,richness_bmp,,prescribed_fire,K2FW7NWY,md_0585,all_species,species_richness - 1993,0.29231208941111886,0.2447246331058119,-0.0902891283071584,FALSE
abundance,abundance_guild_bmp,facultative_grassland,edge_and_shrub_habitat,WGSP9SQJ,md_1098,california_quail,abundance,0.08371577234449958,0.14383052279364875,0.09008316581232392,FALSE
abundance,abundance_guild_bmp,facultative_grassland,edge_and_shrub_habitat,WGSP9SQJ,md_1124,western_kingbird,abundance,0.08586006330378501,0.20258593791779825,0.0895083302710365,FALSE
abundance,abundance_guild_bmp,obligate_grassland,prescribed_fire,B34SZBUU,md_0733,upland_sandpiper,abundance,0.3532471987991194,0.545287031367559,0.08898390405622567,FALSE
abundance,abundance_pooled_bmp,all_grassland,eliminate_pesticides,86MSLRJN,bc_0056,common_yellowthroat,abundance (Quebec),0.30632005516135263,0.5037413350674884,0.08851237328594508,FALSE
abundance,abundance_guild_bmp,obligate_grassland,reduce_grazing_intensity,X3E5MBG4,bc_0083,bobolink,abundance,0.30339469070731123,0.14808242457720525,0.08849435669236147,FALSE
abundance,abundance_pooled_bmp,all_grassland,edge_and_shrub_habitat,9HH6YMIM,md_0469,common_yellowthroat,nest density (nests/100 ha),0.01963641967746963,0.5963027562953491,0.08839220321904506,FALSE
abundance,abundance_guild_bmp,obligate_grassland,rotational_grazing,9WPH8J6A,md_1333,savannah_sparrow,abundance - 2009,0.06008102707492276,0.3276926233177451,0.08836358930506528,FALSE
abundance,abundance_pooled_bmp,all_grassland,plant_nwsg,9HH6YMIM,md_0459,common_yellowthroat,nest density (nests/100 ha),0.0147273147581023,0.5962948978576877,-0.08823722155256504,FALSE
abundance,abundance_pooled_bmp,all_grassland,provide_overwintering_habitat,IF3VCNWP,md_0156,red_tailed_hawk,abundance - 96-97,0.22378748430090775,0.5021880046460899,-0.08666515604351623,FALSE
nest_success,nest_success_guild_bmp,obligate_grassland,plant_nwsg,SQ8ICKWV,md_1304,chestnut_collared_longspur,nestling DSR,0.05376155896724155,0.35634575021287296,-0.08635367282976061,FALSE
abundance,abundance_guild_bmp,obligate_grassland,prescribed_fire,VEK3WELY,md_0212,bobolink,nest density (nests/ha),0.3527472135483814,0.5779726963013249,0.0862275849652976,FALSE
species_richness,richness_bmp,,provide_overwintering_habitat,FQ4DXWJU,md_0909,all_species,total species_richness,0.4772439405204508,0.5927155975155738,0.08592452966130859,FALSE
abundance,abundance_pooled_bmp,all_grassland,eliminate_pesticides,JQQJHBMK,tc_0064,cliff_swallow,abundance,0.3003732625121707,0.43094230005839856,0.08559590952663891,FALSE
abundance,abundance_pooled_bmp,all_grassland,rotational_grazing,9WPH8J6A,md_1342,clay_colored_sparrow,abundance - 2008,0.03435264149635794,0.32764252256886606,0.08374647846709854,FALSE
abundance,abundance_guild_bmp,facultative_grassland,edge_and_shrub_habitat,WGSP9SQJ,md_1096,bullocks_oriole,abundance,0.08347544436979105,0.2025807471444609,0.08363955934520792,FALSE
abundance,abundance_pooled_bmp,all_grassland,edge_and_shrub_habitat,WGSP9SQJ,md_1099,clay_colored_sparrow,abundance,0,0.3446402799060484,0.08346308519719188,FALSE
abundance,abundance_guild_bmp,facultative_grassland,rotational_grazing,9WPH8J6A,md_1345,eastern_kingbird,abundance - 2009,0,0.3276181851549741,0.08008691688784327,FALSE
abundance,abundance_pooled_bmp,all_grassland,prescribed_fire,K2FW7NWY,md_0566,bobolink,number of singing males - 1993,0.15064280904546593,0.2698605110150622,0.07963544866106567,FALSE
abundance,abundance_guild_bmp,facultative_grassland,provide_overwintering_habitat,IF3VCNWP,md_0174,chihuahuan_raven,abundance - 96-97,0.17163716540102683,0.5014541944153511,0.07955070741203236,FALSE
abundance,abundance_guild_bmp,facultative_grassland,plant_nwsg,9HH6YMIM,md_0447,american_goldfinch,density (birds/count/100 ha),0.2482486482794516,0.5198185557711058,0.07815745108268983,FALSE
abundance,abundance_pooled_bmp,all_grassland,edge_and_shrub_habitat,2NUD7X3Z,md_1353,ground_breeders,abundance,0.00753937181678832,0.5329409320562908,0.07705362199374399,FALSE
species_richness,richness_bmp,,plant_nwsg,N8CXRDSX,md_0353,wintering_species,species_richness - 2007,0.03199277920698003,0.1337871287360113,-0.07607721404778504,FALSE
abundance,abundance_pooled_bmp,all_grassland,remove_non_native_shrubs,7DEL2BXP,md_0521,willow_flycatcher,density (birds/ha),-0.04658631876625362,0.2635687777860144,0.0757415814845447,FALSE
abundance,abundance_guild_bmp,obligate_grassland,rotational_grazing,9WPH8J6A,md_1337,vesper_sparrow,abundance - 2009,-0.04733784530638531,0.327664397353243,-0.07556542352038036,FALSE
abundance,abundance_pooled_bmp,all_grassland,prescribed_fire,86IBQ28G,md_0766,brown_headed_cowbird,density (birds/ha) - 2004,0.15843628735868912,0.5723476616827109,0.0754651126467102,FALSE
abundance,abundance_guild_bmp,obligate_grassland,prescribed_fire,86IBQ28G,md_0793,eastern_meadowlark,density (birds/ha) - 2005,0.21414850107396508,0.5347284212511332,-0.075441961640713,FALSE
abundance,abundance_guild_bmp,obligate_grassland,provide_overwintering_habitat,IF3VCNWP,md_0151,eastern_meadowlark,abundance - 97-98,0.5807668443446932,0.5122990011999186,-0.07540581894102873,FALSE
abundance,abundance_guild_bmp,obligate_grassland,rotational_grazing,9WPH8J6A,md_1330,lecontes_sparrow,abundance - 2008,0.04992964703514872,0.327669595817699,0.07286974821798636,FALSE
abundance,abundance_guild_bmp,facultative_grassland,edge_and_shrub_habitat,WGSP9SQJ,md_1101,chipping_sparrow,abundance,0.02039072887482739,0.0998140428580307,-0.07184419699154984,FALSE
abundance,abundance_guild_bmp,obligate_grassland,plant_nwsg,4HKVZM4T,md_1239,dickcissel,Number of detections,0.03808261149186554,0.08627329690406456,0.07159502056117774,FALSE
abundance,abundance_guild_bmp,obligate_grassland,manage_in_patches,YD99BG64,md_0341,dickcissel,density,0.340633547382636,0.6207445404500536,0.07135110256794334,FALSE
abundance,abundance_pooled_bmp,all_grassland,prescribed_fire,K2FW7NWY,md_0615,savannah_sparrow,number of singing males - 1994,0.03177137382718538,0.28415873228730537,-0.07134520906887798,FALSE
species_richness,richness_bmp,,eliminate_pesticides,J6EY9D55,md_0540,all_species,species per field,0.5747664443589203,0.21336183064417016,-0.06948830660297474,FALSE
nest_success,nest_success_guild_bmp,obligate_grassland,delay_hay,IXNBX5LG,md_0718,savannah_sparrow,dsr,1.095893427063095,0.933517783576296,0.06796556705191323,FALSE
abundance,abundance_pooled_bmp,all_grassland,rotational_grazing,9WPH8J6A,md_1346,red_winged_blackbird,abundance - 2008,-0.05541861999079481,0.32768151956392216,-0.06677169794162323,FALSE
abundance,abundance_guild_bmp,facultative_grassland,edge_and_shrub_habitat,2NUD7X3Z,md_1353,ground_breeders,abundance,0.00753937181678832,0.5329409320562908,-0.06668932147722186,FALSE
abundance,abundance_guild_bmp,facultative_grassland,plant_nwsg,D7FXG82E,md_0928,american_goldfinch,number of birds per count,0.21776012872889927,0.0699447485292366,0.066356820786631035,FALSE
abundance,abundance_pooled_bmp,all_grassland,reduce_grazing_intensity,CRBK6BMU,md_1268,grassland_species,abundance,0.20019793440299571,0.5757955486648896,-0.06560997148925438,FALSE
abundance,abundance_guild_bmp,obligate_grassland,rotational_grazing,9WPH8J6A,md_1334,spragues_pipit,abundance - 2008,0.04465843394526533,0.32765931433047213,0.06482500155191295,FALSE
abundance,abundance_guild_bmp,obligate_grassland,rotational_grazing,9WPH8J6A,md_1336,vesper_sparrow,abundance - 2008,0.04465843394526533,0.32765931433047213,0.06482500155191295,FALSE
abundance,abundance_pooled_bmp,all_grassland,provide_overwintering_habitat,IF3VCNWP,md_0170,loggerhead_shrike,abundance - 96-97,0.3203508518774768,0.5040529311229089,0.06364852518344119,FALSE
abundance,abundance_pooled_bmp,all_grassland,rotational_grazing,9WPH8J6A,md_1338,western_meadowlark,abundance - 2008,0.02163073582978848,0.32762783469197004,0.062416606520783076,FALSE
abundance,abundance_guild_bmp,facultative_grassland,remove_non_native_shrubs,A9QQKZTZ,md_0845,western_kingbird,abundance - 2009,-0.2677637043598173,0.657754855637246,-0.06155184571966298,FALSE
abundance,abundance_guild_bmp,obligate_grassland,reduce_grazing_intensity,X3E5MBG4,bc_0084,upland_sandpiper,abundance,0.29191377843381205,0.1480193584225287,0.06131537431446006,FALSE
abundance,abundance_guild_bmp,obligate_grassland,prescribed_fire,86IBQ28G,md_0764,grasshopper_sparrow,density (birds/ha) - 2004,0.22523260963919803,0.5734659792858777,-0.06049346248987537,FALSE
abundance,abundance_guild_bmp,obligate_grassland,prescribed_fire,ZXCUY5K9,md_1198,savannah_sparrow,density (individuals/ha),0.3317147612458668,0.6204425850352056,0.06007457976442428,FALSE
abundance,abundance_guild_bmp,obligate_grassland,eliminate_pesticides,86MSLRJN,bc_0066,savannah_sparrow,abundance (Sasketchewan),0.32178048674614784,0.431328448632921,0.058961867849274,FALSE
abundance,abundance_pooled_bmp,all_grassland,prescribed_fire,K2FW7NWY,md_0627,savannah_sparrow,number of singing males - 1994,0.13287495261628424,0.2219167394089573,0.058037305684153856,FALSE
abundance,abundance_pooled_bmp,all_grassland,stream_exclusion_and_buffers,7SS4IEI5,md_0115,dark_eyed_junco,winter density (birds/10 ha),0.29739813400469994,0.38207833297611393,0.05771090412637791,FALSE
abundance,abundance_guild_bmp,obligate_grassland,prescribed_fire,ZXCUY5K9,md_1195,grasshopper_sparrow,density (individuals/ha),0.32865409667853074,0.6203407759871722,0.05667455978968885,FALSE
abundance,abundance_guild_bmp,obligate_grassland,rotational_grazing,9WPH8J6A,md_1339,western_meadowlark,abundance - 2009,-0.03435264149635794,0.32764252256886606,-0.05574579571976594,FALSE
abundance,abundance_pooled_bmp,all_grassland,install_nest_boxes,GGQGCAKN,md_0955,northern_bobwhite,territories/40 ha,0.1288413229220683,0.3220107438871576,-0.05543827992812205,FALSE
abundance,abundance_guild_bmp,facultative_grassland,prescribed_fire,K2FW7NWY,md_0587,brown_headed_cowbird,number of singing males - 1993,-0.2993365366939765,0.3445949875388416,-0.05520950085493482,FALSE
abundance,abundance_pooled_bmp,all_grassland,rotational_grazing,9WPH8J6A,md_1340,brown_headed_cowbird,abundance - 2008,0.01699809616049083,0.327624144065965,0.05464960063351735,FALSE
abundance,abundance_guild_bmp,facultative_grassland,edge_and_shrub_habitat,WGSP9SQJ,md_1108,lark_sparrow,abundance,0.06959397472929672,0.13321923928376703,0.05421861658762668,FALSE
abundance,abundance_pooled_bmp,all_grassland,prescribed_fire,86IBQ28G,md_0754,grasshopper_sparrow,density (birds/ha) - 2005,0.03634246778509333,0.6149425843797839,-0.0540450079109916,FALSE
abundance,abundance_pooled_bmp,all_grassland,rotational_grazing,9WPH8J6A,md_1337,vesper_sparrow,abundance - 2009,-0.04733784530638531,0.327664397353243,-0.05322024295116067,FALSE
abundance,abundance_guild_bmp,obligate_grassland,reduce_grazing_intensity,86IBQ28G,md_0803,eastern_meadowlark,density (birds/ha) - 2004,0.3166127725707855,0.5368430751118151,0.05277804246400815,FALSE
abundance,abundance_guild_bmp,facultative_grassland,provide_overwintering_habitat,IF3VCNWP,md_0122,mourning_dove,abundance - 96-97,0.08674194131140545,0.5006724586045871,-0.05231321871575643,FALSE
abundance,abundance_guild_bmp,facultative_grassland,edge_and_shrub_habitat,WGSP9SQJ,md_1094,brown_headed_cowbird,abundance,0.06940310666448098,0.16583526657640424,0.051479973840023834,FALSE
abundance,abundance_pooled_bmp,all_grassland,prescribed_fire,IWRX5UBB,md_0982,northern_bobwhite,density (males/10 ha),0.1346449534838584,0.5720430107526882,0.049936947561373686,FALSE
abundance,abundance_pooled_bmp,all_grassland,eliminate_pesticides,WQDZ5GX5,md_1248,eurasian_skylark,density (territories/ha),0.2697347750156352,0.101320809258432,0.049215613304409184,FALSE
abundance,abundance_guild_bmp,facultative_grassland,rotational_grazing,9WPH8J6A,md_1346,red_winged_blackbird,abundance - 2008,-0.05541861999079481,0.32768151956392216,-0.04907604584292303,FALSE
abundance,abundance_pooled_bmp,all_grassland,prescribed_fire,IWRX5UBB,md_0975,american_goldfinch,density (males/10 ha),0.1328129639911396,0.5720215967481229,0.04797073423035861,FALSE
abundance,abundance_guild_bmp,facultative_grassland,plant_nwsg,ECUBV53L,md_1180,northern_bobwhite,abundance (individuals/100 ha),0.16709297807606546,0.572470738240989,-0.04791803667883349,FALSE
abundance,abundance_pooled_bmp,all_grassland,edge_and_shrub_habitat,WGSP9SQJ,md_1095,brewers_sparrow,abundance,-0.02360535975244658,0.16579066752493682,0.047642551066222956,FALSE
abundance,abundance_guild_bmp,facultative_grassland,eliminate_pesticides,WQDZ5GX5,md_1247,eurasian_skylark,density (territories/ha),0.14989110116448337,0.1119768888391494,0.046521631255095765,FALSE
abundance,abundance_pooled_bmp,all_grassland,eliminate_pesticides,86MSLRJN,bc_0070,song_sparrow,abundance (Ontario),0.26931627695058036,0.43042879200232503,0.04620685456957959,FALSE
abundance,abundance_guild_bmp,obligate_grassland,prescribed_fire,B34SZBUU,md_0726,upland_sandpiper,abundance,0.23883149645588336,0.5559641630713312,-0.04540937325680884,FALSE
abundance,abundance_pooled_bmp,all_grassland,remove_non_native_shrubs,BQ6ZPH37,md_0699,american_goldfinch,density (birds/ha) - 2006-2007,-0.10935729537564032,0.31832446287836214,-0.044937480418905544,FALSE
abundance,abundance_guild_bmp,facultative_grassland,edge_and_shrub_habitat,9HH6YMIM,md_0469,common_yellowthroat,nest density (nests/100 ha),0.01963641967746963,0.5963027562953491,-0.043967475259068856,FALSE
abundance,abundance_pooled_bmp,all_grassland,plant_nwsg,9HH6YMIM,md_0460,red_winged_blackbird,nest density (nests/100 ha),0.04803639686632949,0.5963922784089112,-0.043247483972334765,FALSE
abundance,abundance_guild_bmp,facultative_grassland,eliminate_pesticides,WQDZ5GX5,md_1252,ortolan_bunting,density (territories/ha),0.14762627250734545,0.10101880654339689,0.04292928674854491,FALSE
abundance,abundance_pooled_bmp,all_grassland,prescribed_fire,ZXCUY5K9,md_1186,bobolink,density (individuals/ha),0.1290175749982696,0.6157208617259491,0.04264127587583953,FALSE
abundance,abundance_pooled_bmp,all_grassland,prescribed_fire,K2FW7NWY,md_0577,bobolink,number of singing males - 1993,0.05540659487219343,0.2434462608172309,-0.04209861626110285,FALSE
abundance,abundance_pooled_bmp,all_grassland,eliminate_pesticides,86MSLRJN,bc_0050,american_kestrel,abundance (Ontario),0.1999347375807656,0.4294822592856484,-0.04186407456616339,FALSE
abundance,abundance_pooled_bmp,all_grassland,plant_nwsg,9HH6YMIM,md_0458,ring_necked_pheasant,nest density (nests/100 ha),0.1105520881373267,0.5968538702690003,0.04115212711148946,FALSE
abundance,abundance_pooled_bmp,all_grassland,edge_and_shrub_habitat,WGSP9SQJ,md_1123,western_bluebird,abundance,-0.0631524225270772,0.28401590159032913,-0.04094355539005104,FALSE
abundance,abundance_guild_bmp,obligate_grassland,provide_overwintering_habitat,TIFDVC4W,md_0942,savannah_sparrow,winter density (birds/ha),0.6361193339930986,0.4803010626400337,0.03818899760662902,FALSE
abundance,abundance_pooled_bmp,all_grassland,prescribed_fire,86IBQ28G,md_0763,dickcissel,density (birds/ha) - 2004,0.05301069152888754,0.5713731264654343,-0.037725115032715716,FALSE
abundance,abundance_pooled_bmp,all_grassland,edge_and_shrub_habitat,WGSP9SQJ,md_1127,yellow_rumped_warbler,abundance,-0.0266850071734851,0.2214598674530543,0.03767753135326671,FALSE
abundance,abundance_guild_bmp,facultative_grassland,prescribed_fire,F8XKUC3R,md_1007,mourning_dove,abundance,-0.2921186973360886,0.6586180818788517,-0.037241364628577474,FALSE
species_richness,richness_bmp,,edge_and_shrub_habitat,N8CXRDSX,md_0357,wintering_species,species_richness - 2008,0.2849552290957375,0.13446029996761183,0.03590634138061088,FALSE
abundance,abundance_pooled_bmp,all_grassland,prescribed_fire,QI6DHMSY,md_0479,field_sparrow,density (birds/ha),0.05297423152255141,0.6641174420106729,-0.035496392998687606,FALSE
abundance,abundance_guild_bmp,facultative_grassland,remove_non_native_shrubs,BQ6ZPH37,md_0705,northern_cardinal,density (birds/ha) - 2006-2007,-0.2387569606077782,0.3192540876147542,-0.03503402372573141,FALSE
abundance,abundance_pooled_bmp,all_grassland,remove_non_native_shrubs,BQ6ZPH37,md_0684,common_yellowthroat,density (birds/ha) - 2007,-0.06624485888066402,0.31816795882944543,0.03494598273407622,FALSE
nest_success,nest_success_guild_bmp,obligate_grassland,plant_nwsg,SQ8ICKWV,md_1297,chestnut_collared_longspur,incubation DSR,0.06556509689269374,0.5229922023064987,-0.03492406787009677,FALSE
abundance,abundance_guild_bmp,obligate_grassland,stream_exclusion_and_buffers,ILUKKWJA,md_0229,dickcissel,density (birds/0.2 ha),0.3719786021737704,0.20843849067205697,-0.033896290123140674,FALSE
abundance,abundance_guild_bmp,facultative_grassland,edge_and_shrub_habitat,WGSP9SQJ,md_1089,american_goldfinch,abundance,0.03545230298497091,0.23318654337273104,-0.033651841112288916,FALSE
abundance,abundance_pooled_bmp,all_grassland,eliminate_pesticides,JQQJHBMK,tc_0057,ring_billed_gull,abundance,0.25933496115755195,0.4302755269717097,0.03354278090180219,FALSE
abundance,abundance_pooled_bmp,all_grassland,provide_overwintering_habitat,7SS4IEI5,md_0114,dark_eyed_junco,winter density (birds/10 ha),0.29739813400469994,0.38207833297611393,0.03209622775948395,FALSE
abundance,abundance_pooled_bmp,all_grassland,rotational_grazing,9WPH8J6A,md_1339,western_meadowlark,abundance - 2009,-0.03435264149635794,0.32764252256886606,-0.031445948571648064,FALSE
abundance,abundance_pooled_bmp,all_grassland,rotational_grazing,9WPH8J6A,md_1344,eastern_kingbird,abundance - 2008,-0.03337928071803559,0.3276411629844812,-0.02981384478643258,FALSE
abundance,abundance_guild_bmp,obligate_grassland,rotational_grazing,9WPH8J6A,md_1338,western_meadowlark,abundance - 2008,0.02163073582978848,0.32762783469197004,0.029684273927849527,FALSE
abundance,abundance_guild_bmp,obligate_grassland,prescribed_fire,IWRX5UBB,md_0978,dickcissel,density (males/10 ha),0.2519948814059566,0.574022485612547,-0.029624708256963894,FALSE
abundance,abundance_guild_bmp,facultative_grassland,remove_non_native_shrubs,A9QQKZTZ,md_0830,orchard_oriole,abundance - 2007,-0.2046972959178568,0.6558646318001454,0.02927709833262274,FALSE
abundance,abundance_guild_bmp,obligate_grassland,plant_nwsg,4HKVZM4T,md_1237,grasshopper_sparrow,Number of detections,-0.00627835371259102,0.08626566901662862,-0.029018112525884456,FALSE
abundance,abundance_guild_bmp,facultative_grassland,remove_non_native_shrubs,A9QQKZTZ,md_0844,western_kingbird,abundance - 2008,-0.24403627550281204,0.6569851408619836,-0.02743559937341661,FALSE
abundance,abundance_pooled_bmp,all_grassland,stream_exclusion_and_buffers,ILUKKWJA,md_0253,eastern_meadowlark,density (birds/0.2 ha),0.260947450065072,0.207530201305664,-0.026546278839545846,FALSE
abundance,abundance_pooled_bmp,all_grassland,stream_exclusion_and_buffers,ILUKKWJA,md_0259,northern_mockingbird,density (birds/0.2 ha),0.260947450065072,0.207530201305664,-0.026546278839545846,FALSE
abundance,abundance_pooled_bmp,all_grassland,rotational_grazing,9WPH8J6A,md_1345,eastern_kingbird,abundance - 2009,0,0.3276181851549741,0.02615121377860661,FALSE
abundance,abundance_pooled_bmp,all_grassland,rotational_grazing,9WPH8J6A,md_1331,lecontes_sparrow,abundance - 2009,0,0.3276181851549741,0.026151213778606554,FALSE
abundance,abundance_pooled_bmp,all_grassland,rotational_grazing,9WPH8J6A,md_1332,savannah_sparrow,abundance - 2008,0,0.3276181851549741,0.026151213778606554,FALSE
abundance,abundance_pooled_bmp,all_grassland,rotational_grazing,9WPH8J6A,md_1335,spragues_pipit,abundance - 2009,0,0.3276181851549741,0.026151213778606554,FALSE
abundance,abundance_pooled_bmp,all_grassland,eliminate_pesticides,WQDZ5GX5,md_1249,meadow_pipit,density (territories/ha),0.21892618477111456,0.11215059221716656,-0.02377502425383059,FALSE
species_richness,richness_bmp,,provide_overwintering_habitat,TL3GWJHM,bc_0035,all_species,species_richness,0.4074533906470514,0.2805361299220988,-0.023549428719298916,FALSE
abundance,abundance_guild_bmp,facultative_grassland,prescribed_fire,K2FW7NWY,md_0598,brown_headed_cowbird,number of singing males - 1993,-0.2756725688751254,0.4715958752854456,-0.023130963756617804,FALSE
abundance,abundance_pooled_bmp,all_grassland,rotational_grazing,9WPH8J6A,md_1347,red_winged_blackbird,abundance - 2009,-0.02915133914837801,0.3276357108676973,-0.022724664470324566,FALSE
abundance,abundance_guild_bmp,facultative_grassland,remove_non_native_shrubs,7DEL2BXP,md_0532,willow_flycatcher,density (birds/ha),-0.232931593831268,0.2644495447446532,-0.022515924948933695,FALSE
abundance,abundance_guild_bmp,obligate_grassland,prescribed_fire,K2FW7NWY,md_0640,spragues_pipit,number of singing males - 1994,0.29298351785358745,0.2684086574487615,0.02185666845203947,FALSE
abundance,abundance_guild_bmp,facultative_grassland,edge_and_shrub_habitat,WGSP9SQJ,md_1117,says_phoebe,abundance,0.05694125707390437,0.18772934183568676,0.018846530776257274,FALSE
nest_success,nest_success_guild_bmp,obligate_grassland,plant_nwsg,ERL3H2FK,md_1242,dickcissel,DSR,0.07692367935275346,0.3835777459071242,-0.017798064140929555,FALSE
abundance,abundance_pooled_bmp,all_grassland,rotational_grazing,ZXCUY5K9,md_1188,bobolink,density (individuals/ha),-0.00225915988563133,0.6148757212934212,0.017224302564027648,FALSE
abundance,abundance_pooled_bmp,all_grassland,remove_non_native_shrubs,7DEL2BXP,md_0516,field_sparrow,density (birds/ha),-0.09328429892103106,0.26367938704672506,-0.015568413152756956,FALSE
abundance,abundance_pooled_bmp,all_grassland,edge_and_shrub_habitat,9HH6YMIM,md_0428,ring_necked_pheasant,density (birds/count/100 ha),-0.05326992336621882,0.5176390521985291,-0.015509426489917643,FALSE
abundance,abundance_guild_bmp,obligate_grassland,edge_and_shrub_habitat,9HH6YMIM,md_0440,eastern_meadowlark,density (birds/count/100 ha) - 2002,-0.35039627424689906,0.5220759140811894,-0.015322554937688764,FALSE
abundance,abundance_guild_bmp,obligate_grassland,plant_nwsg,YXR6499E,md_0332,savannah_sparrow,abundance,0,0.10281681756024762,-0.014722085887015799,FALSE
abundance,abundance_guild_bmp,obligate_grassland,plant_nwsg,YXR6499E,md_0334,western_meadowlark,abundance,0,0.10281681756024762,-0.014722085887015799,FALSE
abundance,abundance_guild_bmp,facultative_grassland,edge_and_shrub_habitat,WGSP9SQJ,md_1109,lazuli_bunting,abundance,0.05383428143744018,0.13320294204754157,0.013150632826642215,FALSE
species_richness,richness_bmp,,provide_overwintering_habitat,FQ4DXWJU,md_0900,grassland_facultative_species,facultative species_richness,0.425601894201373,0.5068267635321709,0.012468934726176948,FALSE
abundance,abundance_pooled_bmp,all_grassland,prescribed_fire,ZXCUY5K9,md_1202,western_meadowlark,density (individuals/ha),0.07643875582030973,0.6151723448435836,-0.012201649836683157,FALSE
abundance,abundance_guild_bmp,facultative_grassland,rotational_grazing,9WPH8J6A,md_1347,red_winged_blackbird,abundance - 2009,-0.02915133914837801,0.3276357108676973,0.012173418916259053,FALSE
abundance,abundance_pooled_bmp,all_grassland,provide_overwintering_habitat,7SS4IEI5,md_0100,american_kestrel,winter density (birds/10 ha),0.2739108373438416,0.38174049351557704,-0.010300856931213121,FALSE
abundance,abundance_guild_bmp,obligate_grassland,plant_nwsg,XRV7BSRZ,md_0951,western_meadowlark,abundance,0,0.5712501579659007,-0.009064454925372981,FALSE
abundance,abundance_pooled_bmp,all_grassland,stream_exclusion_and_buffers,7SS4IEI5,md_0101,american_kestrel,winter density (birds/10 ha),0.2739108373438416,0.38174049351557704,0.008084525484642132,FALSE
abundance,abundance_pooled_bmp,all_grassland,prescribed_fire,K2FW7NWY,md_0588,bobolink,number of singing males - 1993,0.09466806791901552,0.34323173994785744,0.008053031840631924,FALSE
abundance,abundance_pooled_bmp,all_grassland,edge_and_shrub_habitat,WGSP9SQJ,md_1125,western_meadowlark,abundance,-0.04094520110685397,0.13818413371860863,0.007971092370827689,FALSE
species_richness,richness_bmp,,rotational_grazing,LIZQ6R64,md_0857,all_species,species_richness - 1996,-0.33724166931700206,0.6206287780296895,-0.007167757620065149,FALSE
abundance,abundance_pooled_bmp,all_grassland,prescribed_fire,IWRX5UBB,md_0995,red_winged_blackbird,density (males/10 ha),0.093597272801442,0.5716334187657856,0.005868349562199991,FALSE
abundance,abundance_pooled_bmp,all_grassland,prescribed_fire,VEK3WELY,md_0217,eastern_meadowlark,nest density (nests/ha),0.09318148304852863,0.5655867838668955,0.005443466090084006,FALSE
abundance,abundance_guild_bmp,obligate_grassland,rotational_grazing,ZXCUY5K9,md_1188,bobolink,density (individuals/ha),-0.00225915988563133,0.6148757212934212,-0.0044417787516593645,FALSE
abundance,abundance_guild_bmp,facultative_grassland,reduce_grazing_intensity,CRBK6BMU,md_1268,grassland_species,abundance,0.20019793440299571,0.5757955486648896,0.0042420547069200315,FALSE
abundance,abundance_guild_bmp,facultative_grassland,provide_overwintering_habitat,IF3VCNWP,md_0159,american_kestrel,abundance - 97-98,0.12298408572328914,0.5009434821094826,0.003996686717140084,FALSE
abundance,abundance_guild_bmp,obligate_grassland,rotational_grazing,9WPH8J6A,md_1331,lecontes_sparrow,abundance - 2009,0,0.3276181851549741,-0.0033224094661007592,FALSE
abundance,abundance_guild_bmp,obligate_grassland,rotational_grazing,9WPH8J6A,md_1332,savannah_sparrow,abundance - 2008,0,0.3276181851549741,-0.0033224094661007592,FALSE
abundance,abundance_guild_bmp,obligate_grassland,rotational_grazing,9WPH8J6A,md_1335,spragues_pipit,abundance - 2009,0,0.3276181851549741,-0.0033224094661007592,FALSE
abundance,abundance_pooled_bmp,all_grassland,prescribed_fire,C3NIZKWQ,bc_0078,grasshopper_sparrow,abundance (individuals/ha),0.0857242053459524,0.1911741965038764,-0.0031170322437883095,FALSE
abundance,abundance_guild_bmp,facultative_grassland,plant_nwsg,D7FXG82E,md_0933,red_winged_blackbird,number of birds per count,0.19362545685406496,0.06990161554974615,0.002678851253718271,FALSE
abundance,abundance_guild_bmp,facultative_grassland,rotational_grazing,9WPH8J6A,md_1344,eastern_kingbird,abundance - 2008,-0.03337928071803559,0.3276411629844812,0.0023211297517418935,FALSE
abundance,abundance_guild_bmp,facultative_grassland,eliminate_pesticides,65GGK69H,md_0505,grassland_species,abundance,0.10436407412458187,0.4286349963057318,-0.001746904773262334,FALSE
abundance,abundance_pooled_bmp,all_grassland,prescribed_fire,K2FW7NWY,md_0589,clay_colored_sparrow,number of singing males - 1993,0.0892629109287697,0.3432148993323661,0.0013985860431129206,FALSE
abundance,abundance_pooled_bmp,all_grassland,prescribed_fire,QI6DHMSY,md_0485,western_meadowlark,density (birds/ha),0.08682241847120069,0.6644735984952133,-0.0013235753713420218,FALSE
abundance,abundance_guild_bmp,facultative_grassland,eliminate_pesticides,JQQJHBMK,tc_0063,bank_swallow,abundance,0.10507359895387816,0.4286393298435711,-9.892786503012418e-4,FALSE
abundance,abundance_pooled_bmp,all_grassland,plant_nwsg,LU5JZP88,md_0376,grasshopper_sparrow,abundance,0.08054929498586774,0.30291145541619313,9.532841200420857e-4,FALSE
abundance,abundance_pooled_bmp,all_grassland,eliminate_pesticides,86MSLRJN,bc_0060,loggerhead_shrike,abundance (Sasketchewan),0.2326273879698312,0.42989365091806064,-3.5364505257796247e-4,FALSE
