es_id,key,paper,source_sheet,bmp,treatment,control,response_var,species,species_key,species_group,analysis_class,response_metric,response_scale,survival_scale,link,baseline_survival,beta_is_derived,notes,conversion,effect_metric,xbar_e,xbar_c,yi,sei,n_total,label_type,guild,fire_excluded_original,non_grassland_class,in_primary_pool
md_0001,ECNPR7UT,Adams et al. 2013,mean_diff,prescribed_fire,2-year post-burn field,Control field,nest density,dickcissel,dickcissel,species,obligate,abundance,count,,,,,"nest_success was also evaluated, but I do not think in a usable way",two group means,hedges_g,0.75,0.77,-0.01624923634661987,0.47122589742234583,36,species,obligate_grassland,FALSE,FALSE,TRUE
md_0002,ECNPR7UT,Adams et al. 2013,mean_diff,prescribed_fire,2-year post-burn field,Control field,nest density,red_winged_blackbird,red_winged_blackbird,species,facultative,abundance,count,,,,,"nest_success was also evaluated, but I do not think in a usable way",two group means,hedges_g,0.92,1.06,-0.0688816604734268,0.471291923958545,36,species,facultative_grassland,FALSE,FALSE,TRUE
md_0003,ECNPR7UT,Adams et al. 2013,mean_diff,prescribed_fire,1-year post-burn field,Control field,nest density,dickcissel,dickcissel,species,obligate,abundance,count,,,,,"nest_success was also evaluated, but I do not think in a usable way",two group means,hedges_g,0.27,0.53,-0.3340982715399016,0.4728641242217436,36,species,obligate_grassland,FALSE,FALSE,TRUE
md_0004,ECNPR7UT,Adams et al. 2013,mean_diff,prescribed_fire,1-year post-burn field,Control field,nest density,red_winged_blackbird,red_winged_blackbird,species,facultative,abundance,count,,,,,"nest_success was also evaluated, but I do not think in a usable way",two group means,hedges_g,2.39,1.04,0.571098776284743,0.4760042996348139,36,species,facultative_grassland,FALSE,FALSE,TRUE
md_0005,N87HY4T4,Allen et al. 2019,mean_diff,manage_in_patches,Refugia post-harvest of neighboring field,Refugia pre-harvest of neighboring field,abundance 2014,bobolink,bobolink,species,obligate,abundance,count,,,,,Pretty cool way to test the manage_in_patches idea!,two group means,hedges_g,9.72,0.07,2.3750243479878126,0.779976778918971,10,species,obligate_grassland,FALSE,FALSE,TRUE
md_0006,N87HY4T4,Allen et al. 2019,mean_diff,manage_in_patches,Refugia post-harvest of neighboring field,Refugia pre-harvest of neighboring field,abundance 2015,bobolink,bobolink,species,obligate,abundance,count,,,,,Pretty cool way to test the manage_in_patches idea!,two group means,hedges_g,3.57,0,0.9312160109307148,0.6080171921309069,10,species,obligate_grassland,FALSE,FALSE,TRUE
md_0007,N87HY4T4,Allen et al. 2019,mean_diff,manage_in_patches,Refugia post-harvest of neighboring field,Refugia pre-harvest of neighboring field,abundance 2016,bobolink,bobolink,species,obligate,abundance,count,,,,,Pretty cool way to test the manage_in_patches idea!,two group means,hedges_g,6.17,0.15,0.6986440676229769,0.5922262402471757,10,species,obligate_grassland,FALSE,FALSE,TRUE
md_0008,N87HY4T4,Allen et al. 2019,mean_diff,manage_in_patches,Refugia post-harvest of neighboring field,Refugia pre-harvest of neighboring field,abundance 2014,grasshopper_sparrow,grasshopper_sparrow,species,obligate,abundance,count,,,,,Pretty cool way to test the manage_in_patches idea!,two group means,hedges_g,1.61,0.08,1.2765092391075887,0.6385926204180709,10,species,obligate_grassland,FALSE,FALSE,TRUE
md_0009,N87HY4T4,Allen et al. 2019,mean_diff,manage_in_patches,Refugia post-harvest of neighboring field,Refugia pre-harvest of neighboring field,abundance 2015,grasshopper_sparrow,grasshopper_sparrow,species,obligate,abundance,count,,,,,Pretty cool way to test the manage_in_patches idea!,two group means,hedges_g,7.08,0.36,1.6080096745203585,0.674989998921184,10,species,obligate_grassland,FALSE,FALSE,TRUE
md_0010,N87HY4T4,Allen et al. 2019,mean_diff,manage_in_patches,Refugia post-harvest of neighboring field,Refugia pre-harvest of neighboring field,abundance 2016,grasshopper_sparrow,grasshopper_sparrow,species,obligate,abundance,count,,,,,Pretty cool way to test the manage_in_patches idea!,two group means,hedges_g,5.3,0.6,1.6596722393438552,0.6812138724941668,10,species,obligate_grassland,FALSE,FALSE,TRUE
md_0011,N87HY4T4,Allen et al. 2019,mean_diff,manage_in_patches,Refugia post-harvest of neighboring field,Refugia pre-harvest of neighboring field,abundance 2014,eastern_meadowlark,eastern_meadowlark,species,obligate,abundance,count,,,,,Pretty cool way to test the manage_in_patches idea!,two group means,hedges_g,0.23,0.74,-0.9282787184721372,0.6077925731155985,10,species,obligate_grassland,FALSE,FALSE,TRUE
md_0012,N87HY4T4,Allen et al. 2019,mean_diff,manage_in_patches,Refugia post-harvest of neighboring field,Refugia pre-harvest of neighboring field,abundance 2015,eastern_meadowlark,eastern_meadowlark,species,obligate,abundance,count,,,,,Pretty cool way to test the manage_in_patches idea!,two group means,hedges_g,1.32,0.49,0.5420928859898462,0.5839691582850131,10,species,obligate_grassland,FALSE,FALSE,TRUE
md_0013,N87HY4T4,Allen et al. 2019,mean_diff,manage_in_patches,Refugia post-harvest of neighboring field,Refugia pre-harvest of neighboring field,abundance 2016,eastern_meadowlark,eastern_meadowlark,species,obligate,abundance,count,,,,,Pretty cool way to test the manage_in_patches idea!,two group means,hedges_g,0.33,0.48,-0.16478369941324056,0.5724372684894671,10,species,obligate_grassland,FALSE,FALSE,TRUE
md_0014,RI9YTV8X,Bakker and Higgins 2009,mean_diff,plant_nwsg,NWSG grass mix,CSG grass mix,density,dickcissel,dickcissel,species,obligate,abundance,count,,,,,"Looks like SD, but was no readable?",two group means,hedges_g,9.6,36.8,-2.3611440920680087,0.3871296491032721,45,species,obligate_grassland,FALSE,FALSE,TRUE
md_0015,RI9YTV8X,Bakker and Higgins 2009,mean_diff,plant_nwsg,NWSG grass mix,CSG grass mix,abundance,grasshopper_sparrow,grasshopper_sparrow,species,obligate,abundance,count,,,,,"Looks like SD, but was no readable?",two group means,hedges_g,53.8,26.3,1.7610296337381068,0.3498327666619222,45,species,obligate_grassland,FALSE,FALSE,TRUE
md_0016,RI9YTV8X,Bakker and Higgins 2009,mean_diff,plant_nwsg,NWSG grass mix,CSG grass mix,density,savannah_sparrow,savannah_sparrow,species,obligate,abundance,count,,,,,"Looks like SD, but was no readable?",two group means,hedges_g,21.2,15.8,0.732200742839581,0.3064013231339506,45,species,obligate_grassland,FALSE,FALSE,TRUE
md_0017,RI9YTV8X,Bakker and Higgins 2009,mean_diff,plant_nwsg,NWSG grass mix,CSG grass mix,density,red_winged_blackbird,red_winged_blackbird,species,facultative,abundance,count,,,,,"Looks like SD, but was no readable?",two group means,hedges_g,55.8,81.6,-1.659933514074995,0.3442967182367837,45,species,facultative_grassland,FALSE,FALSE,TRUE
md_0018,RI9YTV8X,Bakker and Higgins 2009,mean_diff,plant_nwsg,NWSG grass mix,CSG grass mix,density,bobolink,bobolink,species,obligate,abundance,count,,,,,"Looks like SD, but was no readable?",two group means,hedges_g,65.4,50,1.4004699676877066,0.3312360282373612,45,species,obligate_grassland,FALSE,FALSE,TRUE
md_0019,RI9YTV8X,Bakker and Higgins 2009,mean_diff,plant_nwsg,NWSG grass mix,CSG grass mix,density,western_meadowlark,western_meadowlark,species,obligate,abundance,count,,,,,"Looks like SD, but was no readable?",two group means,hedges_g,44.2,23.7,1.550134718137023,0.3385616485828134,45,species,obligate_grassland,FALSE,FALSE,TRUE
md_0020,3NTX2A2K,Benson et al. 2011,mean_diff,prescribed_fire,Year of burn,Unburned,density,red_winged_blackbird,red_winged_blackbird,species,facultative,abundance,count,,,,,,two group means,hedges_g,0.64,1.19,-0.8630781359834397,0.449531156071672,20,species,facultative_grassland,FALSE,FALSE,TRUE
md_0021,3NTX2A2K,Benson et al. 2011,mean_diff,prescribed_fire,1-year post-burn,Unburned,density,red_winged_blackbird,red_winged_blackbird,species,facultative,abundance,count,,,,,,two group means,hedges_g,0.24,0.92,-1.1694368675783575,0.6042189597814414,13,species,facultative_grassland,FALSE,FALSE,TRUE
md_0022,3NTX2A2K,Benson et al. 2011,mean_diff,prescribed_fire,Year of burn,Unburned,density,dickcissel,dickcissel,species,obligate,abundance,count,,,,,,two group means,hedges_g,0.68,0.7,-0.03778452770025903,0.4283589094697996,20,species,obligate_grassland,FALSE,FALSE,TRUE
md_0023,3NTX2A2K,Benson et al. 2011,mean_diff,prescribed_fire,1-year post-burn,Unburned,density,dickcissel,dickcissel,species,obligate,abundance,count,,,,,,two group means,hedges_g,0.58,0.75,-0.3493802753125004,0.5631838859715872,13,species,obligate_grassland,FALSE,FALSE,TRUE
md_0024,3NTX2A2K,Benson et al. 2011,mean_diff,prescribed_fire,Year of burn,Unburned,density,common_yellowthroat,common_yellowthroat,species,facultative,abundance,count,,,,,,two group means,hedges_g,0.06,0.43,-1.417464788732394,0.4834106165996171,20,species,facultative_grassland,FALSE,FALSE,TRUE
md_0025,3NTX2A2K,Benson et al. 2011,mean_diff,prescribed_fire,1-year post-burn,Unburned,density,common_yellowthroat,common_yellowthroat,species,facultative,abundance,count,,,,,,two group means,hedges_g,0.03,0.15,-0.613984188349029,0.5718219307157496,13,species,facultative_grassland,FALSE,FALSE,TRUE
md_0026,3NTX2A2K,Benson et al. 2011,mean_diff,prescribed_fire,Year of burn,Unburned,density,american_goldfinch,american_goldfinch,species,facultative,abundance,count,,,,,,two group means,hedges_g,0.1,0.1,0,0.42831724639432595,20,species,facultative_grassland,FALSE,FALSE,TRUE
md_0027,3NTX2A2K,Benson et al. 2011,mean_diff,prescribed_fire,1-year post-burn,Unburned,density,american_goldfinch,american_goldfinch,species,facultative,abundance,count,,,,,,two group means,hedges_g,0.03,0.07,-0.3476663011357446,0.5631430889705451,13,species,facultative_grassland,FALSE,FALSE,TRUE
md_0028,3NTX2A2K,Benson et al. 2011,mean_diff,prescribed_fire,Year of burn,Unburned,density,grasshopper_sparrow,grasshopper_sparrow,species,obligate,abundance,count,,,,,,two group means,hedges_g,0.06,0,0.4283172463943259,0.4336381615446087,20,species,obligate_grassland,FALSE,FALSE,TRUE
md_0029,3NTX2A2K,Benson et al. 2011,mean_diff,prescribed_fire,1-year post-burn,Unburned,density,grasshopper_sparrow,grasshopper_sparrow,species,obligate,abundance,count,,,,,,two group means,hedges_g,0.06,0.02,0.7595317031885823,0.5785060386707169,13,species,obligate_grassland,FALSE,FALSE,TRUE
md_0030,3NTX2A2K,Benson et al. 2011,mean_diff,prescribed_fire,Year of burn,Unburned,species_richness,all_species,all_species,aggregate,,species_richness,count,,,,,,two group means,hedges_g,5.7,5.8,-0.0838388491498695,0.4285223300768433,20,community,,FALSE,FALSE,TRUE
md_0031,3NTX2A2K,Benson et al. 2011,mean_diff,prescribed_fire,1-year post-burn,Unburned,species_richness,all_species,all_species,aggregate,,species_richness,count,,,,,,two group means,hedges_g,4,5,-0.526502430277041,0.5684566337962037,13,community,,FALSE,FALSE,TRUE
md_0032,U3SWA47K,Berges et al. 2010,mean_diff,stream_exclusion_and_buffers,Riparian buffer (2 yr.),pasture,species_richness,all_species,all_species,aggregate,,species_richness,count,,,,,Estimated from plot; sites were measured before and after buffer plantings,two group means,hedges_g,18.5,11.5,6.08695652173913,1.6412683554936414,8,community,,FALSE,FALSE,TRUE
md_0033,U3SWA47K,Berges et al. 2010,mean_diff,stream_exclusion_and_buffers,Riparian buffer (2 yr.),crop,species_richness,all_species,all_species,aggregate,,species_richness,count,,,,,Estimated from plot; sites were measured before and after buffer plantings,two group means,hedges_g,18.5,14.5,3.4782608695652173,1.0649955403405122,8,community,,FALSE,FALSE,TRUE
md_0034,U3SWA47K,Berges et al. 2010,mean_diff,stream_exclusion_and_buffers,Riparian buffer (2 yr.),pasture,abundance,all_species,all_species,aggregate,,abundance,count,,,,,Estimated from plot; sites were measured before and after buffer plantings,two group means,hedges_g,43,26,3.695652173913043,1.1098140139490291,8,community,,FALSE,FALSE,TRUE
md_0035,U3SWA47K,Berges et al. 2010,mean_diff,stream_exclusion_and_buffers,Riparian buffer (2 yr.),crop,abundance,all_species,all_species,aggregate,,abundance,count,,,,,Estimated from plot; sites were measured before and after buffer plantings,two group means,hedges_g,43,25,4.427103325689688,1.2661060677009597,8,community,,FALSE,FALSE,TRUE
md_0036,55UE5VCT,Blank et al. 2011,mean_diff,stream_exclusion_and_buffers,filter strips,non-buffered field edges,species_richness,breeding_species,breeding_species,aggregate,other,species_richness,count,,,,,,two group means,hedges_g,4.6,1.9,0.9529598366730764,0.2925781989148544,82,community,,FALSE,FALSE,TRUE
md_0037,55UE5VCT,Blank et al. 2011,mean_diff,edge_and_shrub_habitat,filter strips,non-buffered field edges,species_richness,breeding_species,breeding_species,aggregate,other,species_richness,count,,,,,,two group means,hedges_g,4.6,1.9,0.9529598366730764,0.2925781989148544,82,community,,FALSE,FALSE,TRUE
md_0038,55UE5VCT,Blank et al. 2011,mean_diff,stream_exclusion_and_buffers,filter strips,non-buffered field edges,species_richness,wintering_species,wintering_species,aggregate,other,species_richness,count,,,,,,two group means,hedges_g,1.6,0.2,0.8877319280764276,0.29132439312201164,82,community,,FALSE,FALSE,TRUE
md_0039,55UE5VCT,Blank et al. 2011,mean_diff,provide_overwintering_habitat,filter strips,non-buffered field edges,species_richness,wintering_species,wintering_species,aggregate,other,species_richness,count,,,,,,two group means,hedges_g,1.6,0.2,0.8877319280764276,0.29132439312201164,82,community,,FALSE,FALSE,TRUE
md_0040,55UE5VCT,Blank et al. 2011,mean_diff,edge_and_shrub_habitat,filter strips,non-buffered field edges,species_richness,wintering_species,wintering_species,aggregate,other,species_richness,count,,,,,,two group means,hedges_g,1.6,0.2,0.8877319280764276,0.29132439312201164,82,community,,FALSE,FALSE,TRUE
md_0041,55UE5VCT,Blank et al. 2011,mean_diff,stream_exclusion_and_buffers,filter strips,non-buffered field edges,density,breeding_species,breeding_species,aggregate,other,abundance,count,,,,,,two group means,hedges_g,6.4,1.2,0.7299493480006407,0.28864086478488055,82,species,,FALSE,FALSE,TRUE
md_0042,55UE5VCT,Blank et al. 2011,mean_diff,edge_and_shrub_habitat,filter strips,non-buffered field edges,density,breeding_species,breeding_species,aggregate,other,abundance,count,,,,,,two group means,hedges_g,6.4,1.2,0.7299493480006407,0.28864086478488055,82,species,,FALSE,FALSE,TRUE
md_0043,55UE5VCT,Blank et al. 2011,mean_diff,stream_exclusion_and_buffers,filter strips,non-buffered field edges,density,breeding_grassland_species,breeding_grassland_species,guild,obligate,abundance,count,,,,,,two group means,hedges_g,1.9,0.2,0.6280851828297603,0.2871759781012691,82,species,obligate_grassland,FALSE,FALSE,TRUE
md_0044,55UE5VCT,Blank et al. 2011,mean_diff,edge_and_shrub_habitat,filter strips,non-buffered field edges,density,breeding_grassland_species,breeding_grassland_species,guild,obligate,abundance,count,,,,,,two group means,hedges_g,1.9,0.2,0.6280851828297603,0.2871759781012691,82,species,obligate_grassland,FALSE,FALSE,TRUE
md_0045,55UE5VCT,Blank et al. 2011,mean_diff,stream_exclusion_and_buffers,filter strips,non-buffered field edges,density,breeding_shrub_scrub_species,breeding_shrub_scrub_species,guild,shrub,abundance,count,,,,,,two group means,hedges_g,3.9,0.7,0.6642894737096547,0.28767228625019725,82,species,,FALSE,TRUE,FALSE
md_0046,55UE5VCT,Blank et al. 2011,mean_diff,edge_and_shrub_habitat,filter strips,non-buffered field edges,density,breeding_shrub_scrub_species,breeding_shrub_scrub_species,guild,shrub,abundance,count,,,,,,two group means,hedges_g,3.9,0.7,0.6642894737096547,0.28767228625019725,82,species,,FALSE,TRUE,FALSE
md_0047,55UE5VCT,Blank et al. 2011,mean_diff,stream_exclusion_and_buffers,filter strips,non-buffered field edges,density,wintering_species,wintering_species,aggregate,other,abundance,count,,,,,,two group means,hedges_g,3.6,0.6,0.35420138599758383,0.2843054714337278,82,species,,FALSE,FALSE,TRUE
md_0048,55UE5VCT,Blank et al. 2011,mean_diff,provide_overwintering_habitat,filter strips,non-buffered field edges,density,wintering_species,wintering_species,aggregate,other,abundance,count,,,,,,two group means,hedges_g,3.6,0.6,0.35420138599758383,0.2843054714337278,82,species,,FALSE,FALSE,TRUE
md_0049,55UE5VCT,Blank et al. 2011,mean_diff,edge_and_shrub_habitat,filter strips,non-buffered field edges,density,wintering_species,wintering_species,aggregate,other,abundance,count,,,,,,two group means,hedges_g,3.6,0.6,0.35420138599758383,0.2843054714337278,82,species,,FALSE,FALSE,TRUE
md_0050,55UE5VCT,Blank et al. 2011,mean_diff,stream_exclusion_and_buffers,filter strips,non-buffered field edges,density,wintering_shrub_scrub_species,wintering_shrub_scrub_species,guild,shrub,abundance,count,,,,,,two group means,hedges_g,2.9,0.2,0.45271725523629175,0.2851566628642049,82,species,,FALSE,TRUE,FALSE
md_0051,55UE5VCT,Blank et al. 2011,mean_diff,provide_overwintering_habitat,filter strips,non-buffered field edges,density,wintering_shrub_scrub_species,wintering_shrub_scrub_species,guild,shrub,abundance,count,,,,,,two group means,hedges_g,2.9,0.2,0.45271725523629175,0.2851566628642049,82,species,,FALSE,TRUE,FALSE
md_0052,55UE5VCT,Blank et al. 2011,mean_diff,edge_and_shrub_habitat,filter strips,non-buffered field edges,density,wintering_shrub_scrub_species,wintering_shrub_scrub_species,guild,shrub,abundance,count,,,,,,two group means,hedges_g,2.9,0.2,0.45271725523629175,0.2851566628642049,82,species,,FALSE,TRUE,FALSE
md_0053,55UE5VCT,Blank et al. 2011,mean_diff,plant_nwsg,Warm-season grass filter strips,Cool-season grass filter strips,density,common_yellowthroat,common_yellowthroat,species,facultative,abundance,count,,,,,"They only report these stats because there was a detectable difference for this species. For all other species, there was not a detectable difference.",two group means,hedges_g,0.9,0.3,0.4300479030839136,0.2598041651743136,67,species,facultative_grassland,FALSE,FALSE,TRUE
md_0054,55UE5VCT,Blank et al. 2011,mean_diff,stream_exclusion_and_buffers,narrow filter strips (<30),medium filter strips (30-60 m),density,breeding_species,breeding_species,aggregate,other,abundance,count,,,,,,two group means,hedges_g,11.2,7.6,-0.26844432369311494,0.312333973630725,49,species,,FALSE,FALSE,TRUE
md_0055,55UE5VCT,Blank et al. 2011,mean_diff,edge_and_shrub_habitat,narrow filter strips (<30),medium filter strips (30-60 m),density,breeding_species,breeding_species,aggregate,other,abundance,count,,,,,,two group means,hedges_g,11.2,7.6,-0.26844432369311494,0.312333973630725,49,species,,FALSE,FALSE,TRUE
md_0056,55UE5VCT,Blank et al. 2011,mean_diff,stream_exclusion_and_buffers,narrow filter strips (<30),wide filter strips (>60 m),density,breeding_species,breeding_species,aggregate,other,abundance,count,,,,,,two group means,hedges_g,11.2,5.6,-0.4217129790156981,0.28868079031560706,53,species,,FALSE,FALSE,TRUE
md_0057,55UE5VCT,Blank et al. 2011,mean_diff,edge_and_shrub_habitat,narrow filter strips (<30),wide filter strips (>60 m),density,breeding_species,breeding_species,aggregate,other,abundance,count,,,,,,two group means,hedges_g,11.2,5.6,-0.4217129790156981,0.28868079031560706,53,species,,FALSE,FALSE,TRUE
md_0060,55UE5VCT,Blank et al. 2011,mean_diff,stream_exclusion_and_buffers,narrow filter strips (<30),medium filter strips (30-60 m),density,breeding_grassland_species,breeding_grassland_species,guild,obligate,abundance,count,,,,,,two group means,hedges_g,1.8,2.4,0.17323735178755867,0.3116463018597355,49,species,obligate_grassland,FALSE,FALSE,TRUE
md_0061,55UE5VCT,Blank et al. 2011,mean_diff,edge_and_shrub_habitat,narrow filter strips (<30),medium filter strips (30-60 m),density,breeding_grassland_species,breeding_grassland_species,guild,obligate,abundance,count,,,,,,two group means,hedges_g,1.8,2.4,0.17323735178755867,0.3116463018597355,49,species,obligate_grassland,FALSE,FALSE,TRUE
md_0062,55UE5VCT,Blank et al. 2011,mean_diff,stream_exclusion_and_buffers,narrow filter strips (<30),wide filter strips (>60 m),density,breeding_grassland_species,breeding_grassland_species,guild,obligate,abundance,count,,,,,,two group means,hedges_g,1.8,2,0.0617095641044768,0.2858229709324228,53,species,obligate_grassland,FALSE,FALSE,TRUE
md_0063,55UE5VCT,Blank et al. 2011,mean_diff,edge_and_shrub_habitat,narrow filter strips (<30),wide filter strips (>60 m),density,breeding_grassland_species,breeding_grassland_species,guild,obligate,abundance,count,,,,,,two group means,hedges_g,1.8,2,0.0617095641044768,0.2858229709324228,53,species,obligate_grassland,FALSE,FALSE,TRUE
md_0066,55UE5VCT,Blank et al. 2011,mean_diff,stream_exclusion_and_buffers,narrow filter strips (<30),medium filter strips (30-60 m),density,breeding_shrub_scrub_species,breeding_shrub_scrub_species,guild,shrub,abundance,count,,,,,,two group means,hedges_g,5.9,4,-0.22060893630684653,0.3119515928251629,49,species,,FALSE,TRUE,FALSE
md_0067,55UE5VCT,Blank et al. 2011,mean_diff,edge_and_shrub_habitat,narrow filter strips (<30),medium filter strips (30-60 m),density,breeding_shrub_scrub_species,breeding_shrub_scrub_species,guild,shrub,abundance,count,,,,,,two group means,hedges_g,5.9,4,-0.22060893630684653,0.3119515928251629,49,species,,FALSE,TRUE,FALSE
md_0068,55UE5VCT,Blank et al. 2011,mean_diff,stream_exclusion_and_buffers,narrow filter strips (<30),wide filter strips (>60 m),density,breeding_shrub_scrub_species,breeding_shrub_scrub_species,guild,shrub,abundance,count,,,,,,two group means,hedges_g,5.9,2,-0.4893498613785772,0.28968592153006684,53,species,,FALSE,TRUE,FALSE
md_0069,55UE5VCT,Blank et al. 2011,mean_diff,edge_and_shrub_habitat,narrow filter strips (<30),wide filter strips (>60 m),density,breeding_shrub_scrub_species,breeding_shrub_scrub_species,guild,shrub,abundance,count,,,,,,two group means,hedges_g,5.9,2,-0.4893498613785772,0.28968592153006684,53,species,,FALSE,TRUE,FALSE
md_0072,55UE5VCT,Blank et al. 2011,mean_diff,stream_exclusion_and_buffers,narrow filter strips (<30),medium filter strips (30-60 m),species_richness,breeding_species,breeding_species,aggregate,other,species_richness,count,,,,,,two group means,hedges_g,4.5,4.4,-0.01706027478819433,0.3111593656954702,49,community,,FALSE,FALSE,TRUE
md_0073,55UE5VCT,Blank et al. 2011,mean_diff,edge_and_shrub_habitat,narrow filter strips (<30),medium filter strips (30-60 m),species_richness,breeding_species,breeding_species,aggregate,other,species_richness,count,,,,,,two group means,hedges_g,4.5,4.4,-0.01706027478819433,0.3111593656954702,49,community,,FALSE,FALSE,TRUE
md_0074,55UE5VCT,Blank et al. 2011,mean_diff,stream_exclusion_and_buffers,narrow filter strips (<30),wide filter strips (>60 m),species_richness,breeding_species,breeding_species,aggregate,other,species_richness,count,,,,,,two group means,hedges_g,4.5,3.2,-0.22034277945815367,0.2865604181691727,53,community,,FALSE,FALSE,TRUE
md_0075,55UE5VCT,Blank et al. 2011,mean_diff,edge_and_shrub_habitat,narrow filter strips (<30),wide filter strips (>60 m),species_richness,breeding_species,breeding_species,aggregate,other,species_richness,count,,,,,,two group means,hedges_g,4.5,3.2,-0.22034277945815367,0.2865604181691727,53,community,,FALSE,FALSE,TRUE
md_0078,55UE5VCT,Blank et al. 2011,mean_diff,stream_exclusion_and_buffers,narrow filter strips (<30),medium filter strips (30-60 m),density,wintering_species,wintering_species,aggregate,other,abundance,count,,,,,,two group means,hedges_g,4.9,1.3,-0.4510493448688403,0.4001648199453603,33,species,,FALSE,FALSE,TRUE
md_0079,55UE5VCT,Blank et al. 2011,mean_diff,provide_overwintering_habitat,narrow filter strips (<30),medium filter strips (30-60 m),density,wintering_species,wintering_species,aggregate,other,abundance,count,,,,,,two group means,hedges_g,4.9,1.3,-0.4510493448688403,0.4001648199453603,33,species,,FALSE,FALSE,TRUE
md_0080,55UE5VCT,Blank et al. 2011,mean_diff,stream_exclusion_and_buffers,narrow filter strips (<30),wide filter strips (>60 m),density,wintering_species,wintering_species,aggregate,other,abundance,count,,,,,,two group means,hedges_g,4.9,9.1,0.4047874332445005,0.41989745244291654,32,species,,FALSE,FALSE,TRUE
md_0081,55UE5VCT,Blank et al. 2011,mean_diff,provide_overwintering_habitat,narrow filter strips (<30),wide filter strips (>60 m),density,wintering_species,wintering_species,aggregate,other,abundance,count,,,,,,two group means,hedges_g,4.9,9.1,0.4047874332445005,0.41989745244291654,32,species,,FALSE,FALSE,TRUE
md_0084,55UE5VCT,Blank et al. 2011,mean_diff,stream_exclusion_and_buffers,narrow filter strips (<30),medium filter strips (30-60 m),density,wintering_shrub_scrub_species,wintering_shrub_scrub_species,guild,shrub,abundance,count,,,,,,two group means,hedges_g,3.4,1.1,-0.4042089082336803,0.3994056875824992,33,species,,FALSE,TRUE,FALSE
md_0085,55UE5VCT,Blank et al. 2011,mean_diff,provide_overwintering_habitat,narrow filter strips (<30),medium filter strips (30-60 m),density,wintering_shrub_scrub_species,wintering_shrub_scrub_species,guild,shrub,abundance,count,,,,,,two group means,hedges_g,3.4,1.1,-0.4042089082336803,0.3994056875824992,33,species,,FALSE,TRUE,FALSE
md_0086,55UE5VCT,Blank et al. 2011,mean_diff,stream_exclusion_and_buffers,narrow filter strips (<30),wide filter strips (>60 m),density,wintering_shrub_scrub_species,wintering_shrub_scrub_species,guild,shrub,abundance,count,,,,,,two group means,hedges_g,3.4,3.8,0.06336335026572777,0.4169129436330112,32,species,,FALSE,TRUE,FALSE
md_0087,55UE5VCT,Blank et al. 2011,mean_diff,provide_overwintering_habitat,narrow filter strips (<30),wide filter strips (>60 m),density,wintering_shrub_scrub_species,wintering_shrub_scrub_species,guild,shrub,abundance,count,,,,,,two group means,hedges_g,3.4,3.8,0.06336335026572777,0.4169129436330112,32,species,,FALSE,TRUE,FALSE
md_0090,55UE5VCT,Blank et al. 2011,mean_diff,stream_exclusion_and_buffers,narrow filter strips (<30),medium filter strips (30-60 m),species_richness,wintering_species,wintering_species,aggregate,other,species_richness,count,,,,,,two group means,hedges_g,1.5,0.8,-0.5466904589687973,0.4019673066847993,33,community,,FALSE,FALSE,TRUE
md_0091,55UE5VCT,Blank et al. 2011,mean_diff,provide_overwintering_habitat,narrow filter strips (<30),medium filter strips (30-60 m),species_richness,wintering_species,wintering_species,aggregate,other,species_richness,count,,,,,,two group means,hedges_g,1.5,0.8,-0.5466904589687973,0.4019673066847993,33,community,,FALSE,FALSE,TRUE
md_0092,55UE5VCT,Blank et al. 2011,mean_diff,stream_exclusion_and_buffers,narrow filter strips (<30),wide filter strips (>60 m),species_richness,wintering_species,wintering_species,aggregate,other,species_richness,count,,,,,,two group means,hedges_g,1.5,2.8,1.0028559734023583,0.4352792737432955,32,community,,FALSE,FALSE,TRUE
md_0093,55UE5VCT,Blank et al. 2011,mean_diff,provide_overwintering_habitat,narrow filter strips (<30),wide filter strips (>60 m),species_richness,wintering_species,wintering_species,aggregate,other,species_richness,count,,,,,,two group means,hedges_g,1.5,2.8,1.0028559734023583,0.4352792737432955,32,community,,FALSE,FALSE,TRUE
md_0096,7SS4IEI5,Blank et al. 2011b,mean_diff,provide_overwintering_habitat,unmowed buffers,mowed buffers,abundance,wintering_species,wintering_species,aggregate,other,abundance,count,,,,,"For the delay_hay treatment, the treatment and control should be switched",two group means,hedges_g,11,0.3,1.3083612249735093,0.4209541308936582,26,species,,FALSE,FALSE,TRUE
md_0097,7SS4IEI5,Blank et al. 2011b,mean_diff,stream_exclusion_and_buffers,unmowed buffers,mowed buffers,abundance,wintering_species,wintering_species,aggregate,other,abundance,count,,,,,"For the delay_hay treatment, the treatment and control should be switched",two group means,hedges_g,11,0.3,1.3083612249735093,0.4209541308936582,26,species,,FALSE,FALSE,TRUE
md_0098,7SS4IEI5,Blank et al. 2011b,mean_diff,provide_overwintering_habitat,unmowed buffers,mowed buffers,species_richness,wintering_species,wintering_species,aggregate,other,species_richness,count,,,,,"For the delay_hay treatment, the treatment and control should be switched",two group means,hedges_g,3.3,0.5,1.2448130856014663,0.4172315880512766,26,community,,FALSE,FALSE,TRUE
md_0099,7SS4IEI5,Blank et al. 2011b,mean_diff,stream_exclusion_and_buffers,unmowed buffers,mowed buffers,species_richness,wintering_species,wintering_species,aggregate,other,species_richness,count,,,,,"For the delay_hay treatment, the treatment and control should be switched",two group means,hedges_g,3.3,0.5,1.2448130856014663,0.4172315880512766,26,community,,FALSE,FALSE,TRUE
md_0100,7SS4IEI5,Blank et al. 2011b,mean_diff,provide_overwintering_habitat,unmowed buffers,mowed buffers,winter density (birds/10 ha),american_kestrel,american_kestrel,species,facultative,abundance,count,,,,,"For the delay_hay treatment, the treatment and control should be switched",two group means,hedges_g,0.1,0,0.2739108373438416,0.38174049351557704,26,species,facultative_grassland,FALSE,FALSE,TRUE
md_0101,7SS4IEI5,Blank et al. 2011b,mean_diff,stream_exclusion_and_buffers,unmowed buffers,mowed buffers,winter density (birds/10 ha),american_kestrel,american_kestrel,species,facultative,abundance,count,,,,,"For the delay_hay treatment, the treatment and control should be switched",two group means,hedges_g,0.1,0,0.2739108373438416,0.38174049351557704,26,species,facultative_grassland,FALSE,FALSE,TRUE
md_0102,7SS4IEI5,Blank et al. 2011b,mean_diff,provide_overwintering_habitat,unmowed buffers,mowed buffers,winter density (birds/10 ha),eastern_bluebird,eastern_bluebird,species,facultative,abundance,count,,,,,"For the delay_hay treatment, the treatment and control should be switched",two group means,hedges_g,0.1,0,0.0342388546679802,0.3798756623658239,26,species,facultative_grassland,FALSE,FALSE,TRUE
md_0103,7SS4IEI5,Blank et al. 2011b,mean_diff,stream_exclusion_and_buffers,unmowed buffers,mowed buffers,winter density (birds/10 ha),eastern_bluebird,eastern_bluebird,species,facultative,abundance,count,,,,,"For the delay_hay treatment, the treatment and control should be switched",two group means,hedges_g,0.1,0,0.0342388546679802,0.3798756623658239,26,species,facultative_grassland,FALSE,FALSE,TRUE
md_0104,7SS4IEI5,Blank et al. 2011b,mean_diff,provide_overwintering_habitat,unmowed buffers,mowed buffers,winter density (birds/10 ha),field_sparrow,field_sparrow,species,facultative,abundance,count,,,,,"For the delay_hay treatment, the treatment and control should be switched",two group means,hedges_g,11.3,0,0.4459931501419898,0.3848482361072803,26,species,facultative_grassland,FALSE,FALSE,TRUE
md_0105,7SS4IEI5,Blank et al. 2011b,mean_diff,stream_exclusion_and_buffers,unmowed buffers,mowed buffers,winter density (birds/10 ha),field_sparrow,field_sparrow,species,facultative,abundance,count,,,,,"For the delay_hay treatment, the treatment and control should be switched",two group means,hedges_g,11.3,0,0.4459931501419898,0.3848482361072803,26,species,facultative_grassland,FALSE,FALSE,TRUE
md_0106,7SS4IEI5,Blank et al. 2011b,mean_diff,provide_overwintering_habitat,unmowed buffers,mowed buffers,winter density (birds/10 ha),savannah_sparrow,savannah_sparrow,species,obligate,abundance,count,,,,,"For the delay_hay treatment, the treatment and control should be switched",two group means,hedges_g,7.2,0.6,0.5533367970285358,0.3875191382962773,26,species,obligate_grassland,FALSE,FALSE,TRUE
md_0107,7SS4IEI5,Blank et al. 2011b,mean_diff,stream_exclusion_and_buffers,unmowed buffers,mowed buffers,winter density (birds/10 ha),savannah_sparrow,savannah_sparrow,species,obligate,abundance,count,,,,,"For the delay_hay treatment, the treatment and control should be switched",two group means,hedges_g,7.2,0.6,0.5533367970285358,0.3875191382962773,26,species,obligate_grassland,FALSE,FALSE,TRUE
md_0108,7SS4IEI5,Blank et al. 2011b,mean_diff,provide_overwintering_habitat,unmowed buffers,mowed buffers,winter density (birds/10 ha),song_sparrow,song_sparrow,species,facultative,abundance,count,,,,,"For the delay_hay treatment, the treatment and control should be switched",two group means,hedges_g,70.1,2.1,1.5435882900367337,0.4360085454918324,26,species,facultative_grassland,FALSE,FALSE,TRUE
md_0109,7SS4IEI5,Blank et al. 2011b,mean_diff,stream_exclusion_and_buffers,unmowed buffers,mowed buffers,winter density (birds/10 ha),song_sparrow,song_sparrow,species,facultative,abundance,count,,,,,"For the delay_hay treatment, the treatment and control should be switched",two group means,hedges_g,70.1,2.1,1.5435882900367337,0.4360085454918324,26,species,facultative_grassland,FALSE,FALSE,TRUE
md_0110,7SS4IEI5,Blank et al. 2011b,mean_diff,provide_overwintering_habitat,unmowed buffers,mowed buffers,winter density (birds/10 ha),swamp_sparrow,swamp_sparrow,species,facultative,abundance,count,,,,,"For the delay_hay treatment, the treatment and control should be switched",two group means,hedges_g,5.5,0,0.566356994507943,0.3878807044665556,26,species,facultative_grassland,FALSE,FALSE,TRUE
md_0111,7SS4IEI5,Blank et al. 2011b,mean_diff,stream_exclusion_and_buffers,unmowed buffers,mowed buffers,winter density (birds/10 ha),swamp_sparrow,swamp_sparrow,species,facultative,abundance,count,,,,,"For the delay_hay treatment, the treatment and control should be switched",two group means,hedges_g,5.5,0,0.566356994507943,0.3878807044665556,26,species,facultative_grassland,FALSE,FALSE,TRUE
md_0112,7SS4IEI5,Blank et al. 2011b,mean_diff,provide_overwintering_habitat,unmowed buffers,mowed buffers,winter density (birds/10 ha),white_throated_sparrow,white_throated_sparrow,species,shrub,abundance,count,,,,,"For the delay_hay treatment, the treatment and control should be switched",two group means,hedges_g,15.9,1.6,0.3816360749477057,0.3835151379807867,26,species,,FALSE,TRUE,FALSE
md_0113,7SS4IEI5,Blank et al. 2011b,mean_diff,stream_exclusion_and_buffers,unmowed buffers,mowed buffers,winter density (birds/10 ha),white_throated_sparrow,white_throated_sparrow,species,shrub,abundance,count,,,,,"For the delay_hay treatment, the treatment and control should be switched",two group means,hedges_g,15.9,1.6,0.3816360749477057,0.3835151379807867,26,species,,FALSE,TRUE,FALSE
md_0114,7SS4IEI5,Blank et al. 2011b,mean_diff,provide_overwintering_habitat,unmowed buffers,mowed buffers,winter density (birds/10 ha),dark_eyed_junco,dark_eyed_junco,species,facultative,abundance,count,,,,,"For the delay_hay treatment, the treatment and control should be switched",two group means,hedges_g,3.4,0.7,0.29739813400469994,0.38207833297611393,26,species,facultative_grassland,FALSE,FALSE,TRUE
md_0115,7SS4IEI5,Blank et al. 2011b,mean_diff,stream_exclusion_and_buffers,unmowed buffers,mowed buffers,winter density (birds/10 ha),dark_eyed_junco,dark_eyed_junco,species,facultative,abundance,count,,,,,"For the delay_hay treatment, the treatment and control should be switched",two group means,hedges_g,3.4,0.7,0.29739813400469994,0.38207833297611393,26,species,facultative_grassland,FALSE,FALSE,TRUE
md_0116,IF3VCNWP,Bock and Bock 1999,mean_diff,provide_overwintering_habitat,Ungrazed,Grazed,abundance - 96-97,montezuma_quail,montezuma_quail,species,obligate,abundance,count,,,,,,two group means,hedges_g,0.33,0,0.5004040274104967,0.5092614234924194,14,species,obligate_grassland,FALSE,FALSE,TRUE
md_0118,IF3VCNWP,Bock and Bock 1999,mean_diff,provide_overwintering_habitat,Ungrazed,Grazed,abundance - 96-97,scaled_quail,scaled_quail,species,facultative,abundance,count,,,,,,two group means,hedges_g,0.24,0,0.5004040274104967,0.5092614234924194,14,species,facultative_grassland,FALSE,FALSE,TRUE
md_0119,IF3VCNWP,Bock and Bock 1999,mean_diff,provide_overwintering_habitat,Ungrazed,Grazed,abundance - 97-98,scaled_quail,scaled_quail,species,facultative,abundance,count,,,,,,two group means,hedges_g,0.18,0.21,-0.05427643738022921,0.5005091432665896,14,species,facultative_grassland,FALSE,FALSE,TRUE
md_0120,IF3VCNWP,Bock and Bock 1999,mean_diff,provide_overwintering_habitat,Ungrazed,Grazed,abundance - 96-97,gambels_quail,gambels_quail,species,shrub,abundance,count,,,,,,two group means,hedges_g,0,0.24,-0.5004040274104967,0.5092614234924194,14,species,,FALSE,TRUE,FALSE
md_0121,IF3VCNWP,Bock and Bock 1999,mean_diff,provide_overwintering_habitat,Ungrazed,Grazed,abundance - 97-98,gambels_quail,gambels_quail,species,shrub,abundance,count,,,,,,two group means,hedges_g,0,0.14,-0.7784062648607728,0.5215784303211798,14,species,,FALSE,TRUE,FALSE
md_0122,IF3VCNWP,Bock and Bock 1999,mean_diff,provide_overwintering_habitat,Ungrazed,Grazed,abundance - 96-97,mourning_dove,mourning_dove,species,facultative,abundance,count,,,,,,two group means,hedges_g,0.29,0.24,0.08674194131140545,0.5006724586045871,14,species,facultative_grassland,FALSE,FALSE,TRUE
md_0123,IF3VCNWP,Bock and Bock 1999,mean_diff,provide_overwintering_habitat,Ungrazed,Grazed,abundance - 97-98,mourning_dove,mourning_dove,species,facultative,abundance,count,,,,,,two group means,hedges_g,1.36,1.86,-0.2836618965338744,0.5032672326801587,14,species,facultative_grassland,FALSE,FALSE,TRUE
md_0124,IF3VCNWP,Bock and Bock 1999,mean_diff,provide_overwintering_habitat,Ungrazed,Grazed,abundance - 96-97,horned_lark,horned_lark,species,obligate,abundance,count,,,,,,two group means,hedges_g,2.05,2.38,-0.08256666452273198,0.5006472450828197,14,species,obligate_grassland,FALSE,FALSE,TRUE
md_0125,IF3VCNWP,Bock and Bock 1999,mean_diff,provide_overwintering_habitat,Ungrazed,Grazed,abundance - 97-98,horned_lark,horned_lark,species,obligate,abundance,count,,,,,,two group means,hedges_g,2.25,3.43,-0.20304249224654689,0.5018730485398728,14,species,obligate_grassland,FALSE,FALSE,TRUE
md_0126,IF3VCNWP,Bock and Bock 1999,mean_diff,provide_overwintering_habitat,Ungrazed,Grazed,abundance - 96-97,spotted_towhee,spotted_towhee,species,shrub,abundance,count,,,,,,two group means,hedges_g,0.05,0,0.5004040274104967,0.5092614234924194,14,species,,FALSE,TRUE,FALSE
md_0128,IF3VCNWP,Bock and Bock 1999,mean_diff,provide_overwintering_habitat,Ungrazed,Grazed,abundance - 96-97,canyon_towhee,canyon_towhee,species,facultative,abundance,count,,,,,,two group means,hedges_g,0.52,0.14,0.7581917775449653,0.5205138981847945,14,species,facultative_grassland,FALSE,FALSE,TRUE
md_0129,IF3VCNWP,Bock and Bock 1999,mean_diff,provide_overwintering_habitat,Ungrazed,Grazed,abundance - 97-98,canyon_towhee,canyon_towhee,species,facultative,abundance,count,,,,,,two group means,hedges_g,0.5,0.21,0.5209402734225835,0.5099963622641853,14,species,facultative_grassland,FALSE,FALSE,TRUE
md_0130,IF3VCNWP,Bock and Bock 1999,mean_diff,provide_overwintering_habitat,Ungrazed,Grazed,abundance - 96-97,cassins_sparrow,cassins_sparrow,species,obligate,abundance,count,,,,,,two group means,hedges_g,0.1,0,0.5004040274104967,0.5092614234924194,14,species,obligate_grassland,FALSE,FALSE,TRUE
md_0131,IF3VCNWP,Bock and Bock 1999,mean_diff,provide_overwintering_habitat,Ungrazed,Grazed,abundance - 97-98,cassins_sparrow,cassins_sparrow,species,obligate,abundance,count,,,,,,two group means,hedges_g,0.96,0,1.0675285918090591,0.5395412943448185,14,species,obligate_grassland,FALSE,FALSE,TRUE
md_0132,IF3VCNWP,Bock and Bock 1999,mean_diff,provide_overwintering_habitat,Ungrazed,Grazed,abundance - 96-97,rufous_crowned_sparrow,rufous_crowned_sparrow,species,facultative,abundance,count,,,,,,two group means,hedges_g,0.95,0.1,2.8611694895844217,0.7367304262340186,14,species,facultative_grassland,FALSE,FALSE,TRUE
md_0133,IF3VCNWP,Bock and Bock 1999,mean_diff,provide_overwintering_habitat,Ungrazed,Grazed,abundance - 97-98,rufous_crowned_sparrow,rufous_crowned_sparrow,species,facultative,abundance,count,,,,,,two group means,hedges_g,1.04,0.07,1.4818105062187483,0.5734320147305522,14,species,facultative_grassland,FALSE,FALSE,TRUE
md_0134,IF3VCNWP,Bock and Bock 1999,mean_diff,provide_overwintering_habitat,Ungrazed,Grazed,abundance - 96-97,chipping_sparrow,chipping_sparrow,species,facultative,abundance,count,,,,,,two group means,hedges_g,1.67,0.52,0.5274167726025968,0.5102340425930817,14,species,facultative_grassland,FALSE,FALSE,TRUE
md_0135,IF3VCNWP,Bock and Bock 1999,mean_diff,provide_overwintering_habitat,Ungrazed,Grazed,abundance - 97-98,chipping_sparrow,chipping_sparrow,species,facultative,abundance,count,,,,,,two group means,hedges_g,5.71,6,-0.04458163757303371,0.5004749480161946,14,species,facultative_grassland,FALSE,FALSE,TRUE
md_0137,IF3VCNWP,Bock and Bock 1999,mean_diff,provide_overwintering_habitat,Ungrazed,Grazed,abundance - 97-98,brewers_sparrow,brewers_sparrow,species,facultative,abundance,count,,,,,,two group means,hedges_g,0.18,0.43,-0.26836813115958974,0.5029675789034573,14,species,facultative_grassland,FALSE,FALSE,TRUE
md_0138,IF3VCNWP,Bock and Bock 1999,mean_diff,provide_overwintering_habitat,Ungrazed,Grazed,abundance - 96-97,vesper_sparrow,vesper_sparrow,species,obligate,abundance,count,,,,,,two group means,hedges_g,1.76,0,1.376111075378866,0.5639465219688845,14,species,obligate_grassland,FALSE,FALSE,TRUE
md_0139,IF3VCNWP,Bock and Bock 1999,mean_diff,provide_overwintering_habitat,Ungrazed,Grazed,abundance - 97-98,vesper_sparrow,vesper_sparrow,species,obligate,abundance,count,,,,,,two group means,hedges_g,8.96,2.89,0.9742132138677372,0.5331981916509821,14,species,obligate_grassland,FALSE,FALSE,TRUE
md_0141,IF3VCNWP,Bock and Bock 1999,mean_diff,provide_overwintering_habitat,Ungrazed,Grazed,abundance - 97-98,lark_sparrow,lark_sparrow,species,facultative,abundance,count,,,,,,two group means,hedges_g,0,0.07,-0.5004040274104966,0.5092614234924194,14,species,facultative_grassland,FALSE,FALSE,TRUE
md_0143,IF3VCNWP,Bock and Bock 1999,mean_diff,provide_overwintering_habitat,Ungrazed,Grazed,abundance - 97-98,lark_bunting,lark_bunting,species,obligate,abundance,count,,,,,,two group means,hedges_g,0.39,0.21,0.2033498235782799,0.5018774924830967,14,species,obligate_grassland,FALSE,FALSE,TRUE
md_0144,IF3VCNWP,Bock and Bock 1999,mean_diff,provide_overwintering_habitat,Ungrazed,Grazed,abundance - 96-97,grasshopper_sparrow,grasshopper_sparrow,species,obligate,abundance,count,,,,,,two group means,hedges_g,0.1,0,0.5004040274104967,0.5092614234924194,14,species,obligate_grassland,FALSE,FALSE,TRUE
md_0145,IF3VCNWP,Bock and Bock 1999,mean_diff,provide_overwintering_habitat,Ungrazed,Grazed,abundance - 97-98,grasshopper_sparrow,grasshopper_sparrow,species,obligate,abundance,count,,,,,,two group means,hedges_g,1.96,0,2.0867912632437737,0.6371256636116561,14,species,obligate_grassland,FALSE,FALSE,TRUE
md_0146,IF3VCNWP,Bock and Bock 1999,mean_diff,provide_overwintering_habitat,Ungrazed,Grazed,abundance - 96-97,dark_eyed_junco,dark_eyed_junco,species,facultative,abundance,count,,,,,,two group means,hedges_g,1.14,0,1.1884595650999297,0.5484964342910398,14,species,facultative_grassland,FALSE,FALSE,TRUE
md_0147,IF3VCNWP,Bock and Bock 1999,mean_diff,provide_overwintering_habitat,Ungrazed,Grazed,abundance - 97-98,dark_eyed_junco,dark_eyed_junco,species,facultative,abundance,count,,,,,,two group means,hedges_g,0.18,0.25,-0.1266450205538682,0.5009760580033866,14,species,facultative_grassland,FALSE,FALSE,TRUE
md_0149,IF3VCNWP,Bock and Bock 1999,mean_diff,provide_overwintering_habitat,Ungrazed,Grazed,abundance - 97-98,chestnut_collared_longspur,chestnut_collared_longspur,species,obligate,abundance,count,,,,,,two group means,hedges_g,1.79,0,0.5004040274104966,0.5092614234924194,14,species,obligate_grassland,FALSE,FALSE,TRUE
md_0150,IF3VCNWP,Bock and Bock 1999,mean_diff,provide_overwintering_habitat,Ungrazed,Grazed,abundance - 96-97,eastern_meadowlark,eastern_meadowlark,species,obligate,abundance,count,,,,,,two group means,hedges_g,1.19,0.05,0.8618645566227434,0.5262443705883019,14,species,obligate_grassland,FALSE,FALSE,TRUE
md_0151,IF3VCNWP,Bock and Bock 1999,mean_diff,provide_overwintering_habitat,Ungrazed,Grazed,abundance - 97-98,eastern_meadowlark,eastern_meadowlark,species,obligate,abundance,count,,,,,,two group means,hedges_g,1.14,0.39,0.5807668443446932,0.5122990011999186,14,species,obligate_grassland,FALSE,FALSE,TRUE
md_0152,IF3VCNWP,Bock and Bock 1999,mean_diff,provide_overwintering_habitat,Ungrazed,Grazed,abundance - 96-97,house_finch,house_finch,species,facultative,abundance,count,,,,,,two group means,hedges_g,0.19,0,0.5004040274104967,0.5092614234924194,14,species,facultative_grassland,FALSE,FALSE,TRUE
md_0154,IF3VCNWP,Bock and Bock 1999,mean_diff,provide_overwintering_habitat,Ungrazed,Grazed,abundance - 96-97,northern_harrier,northern_harrier,species,obligate,abundance,count,,,,,,two group means,hedges_g,0.1,0,0.8340067123508279,0.5246388054927579,14,species,obligate_grassland,FALSE,FALSE,TRUE
md_0155,IF3VCNWP,Bock and Bock 1999,mean_diff,provide_overwintering_habitat,Ungrazed,Grazed,abundance - 97-98,northern_harrier,northern_harrier,species,obligate,abundance,count,,,,,,two group means,hedges_g,0.07,0,0.7005656383746954,0.517621950842553,14,species,obligate_grassland,FALSE,FALSE,TRUE
md_0156,IF3VCNWP,Bock and Bock 1999,mean_diff,provide_overwintering_habitat,Ungrazed,Grazed,abundance - 96-97,red_tailed_hawk,red_tailed_hawk,species,facultative,abundance,count,,,,,,two group means,hedges_g,0.1,0.05,0.22378748430090775,0.5021880046460899,14,species,facultative_grassland,FALSE,FALSE,TRUE
md_0157,IF3VCNWP,Bock and Bock 1999,mean_diff,provide_overwintering_habitat,Ungrazed,Grazed,abundance - 97-98,red_tailed_hawk,red_tailed_hawk,species,facultative,abundance,count,,,,,,two group means,hedges_g,0.07,0.11,-0.2326831464174706,0.5023323737750307,14,species,facultative_grassland,FALSE,FALSE,TRUE
md_0158,IF3VCNWP,Bock and Bock 1999,mean_diff,provide_overwintering_habitat,Ungrazed,Grazed,abundance - 96-97,american_kestrel,american_kestrel,species,facultative,abundance,count,,,,,,two group means,hedges_g,0.1,0.1,0,0.5004040274104967,14,species,facultative_grassland,FALSE,FALSE,TRUE
md_0159,IF3VCNWP,Bock and Bock 1999,mean_diff,provide_overwintering_habitat,Ungrazed,Grazed,abundance - 97-98,american_kestrel,american_kestrel,species,facultative,abundance,count,,,,,,two group means,hedges_g,0.21,0.18,0.12298408572328914,0.5009434821094826,14,species,facultative_grassland,FALSE,FALSE,TRUE
md_0160,IF3VCNWP,Bock and Bock 1999,mean_diff,provide_overwintering_habitat,Ungrazed,Grazed,abundance - 96-97,greater_roadrunner,greater_roadrunner,species,shrub,abundance,count,,,,,,two group means,hedges_g,0,0.1,-0.8340067123508279,0.5246388054927579,14,species,,FALSE,TRUE,FALSE
md_0161,IF3VCNWP,Bock and Bock 1999,mean_diff,provide_overwintering_habitat,Ungrazed,Grazed,abundance - 97-98,greater_roadrunner,greater_roadrunner,species,shrub,abundance,count,,,,,,two group means,hedges_g,0.04,0,0.5004040274104967,0.5092614234924194,14,species,,FALSE,TRUE,FALSE
md_0162,IF3VCNWP,Bock and Bock 1999,mean_diff,provide_overwintering_habitat,Ungrazed,Grazed,abundance - 96-97,red_naped_sapsucker,red_naped_sapsucker,species,woodland,abundance,count,,,,,,two group means,hedges_g,0.1,0.29,-0.6395555329659295,0.5147936000375504,14,species,,FALSE,TRUE,FALSE
md_0163,IF3VCNWP,Bock and Bock 1999,mean_diff,provide_overwintering_habitat,Ungrazed,Grazed,abundance - 97-98,red_naped_sapsucker,red_naped_sapsucker,species,woodland,abundance,count,,,,,,two group means,hedges_g,0,0.07,-0.5004040274104966,0.5092614234924194,14,species,,FALSE,TRUE,FALSE
md_0164,IF3VCNWP,Bock and Bock 1999,mean_diff,provide_overwintering_habitat,Ungrazed,Grazed,abundance - 96-97,ladder_backed_woodpecker,ladder_backed_woodpecker,species,shrub,abundance,count,,,,,,two group means,hedges_g,0.1,0.05,0.3203508518774768,0.5040529311229089,14,species,,FALSE,TRUE,FALSE
md_0165,IF3VCNWP,Bock and Bock 1999,mean_diff,provide_overwintering_habitat,Ungrazed,Grazed,abundance - 97-98,ladder_backed_woodpecker,ladder_backed_woodpecker,species,shrub,abundance,count,,,,,,two group means,hedges_g,0.07,0.07,0,0.5004040274104967,14,species,,FALSE,TRUE,FALSE
md_0166,IF3VCNWP,Bock and Bock 1999,mean_diff,provide_overwintering_habitat,Ungrazed,Grazed,abundance - 96-97,northern_flicker,northern_flicker,species,forest,abundance,count,,,,,,two group means,hedges_g,0.29,0.19,0.20497347620548184,0.5019010810376676,14,species,,FALSE,TRUE,FALSE
md_0167,IF3VCNWP,Bock and Bock 1999,mean_diff,provide_overwintering_habitat,Ungrazed,Grazed,abundance - 97-98,northern_flicker,northern_flicker,species,forest,abundance,count,,,,,,two group means,hedges_g,0.29,0.25,0.11313803170667716,0.5008606005231868,14,species,,FALSE,TRUE,FALSE
md_0168,IF3VCNWP,Bock and Bock 1999,mean_diff,provide_overwintering_habitat,Ungrazed,Grazed,abundance - 96-97,says_phoebe,says_phoebe,species,facultative,abundance,count,,,,,,two group means,hedges_g,0.24,0.38,-0.3538390811150212,0.5048521506867979,14,species,facultative_grassland,FALSE,FALSE,TRUE
md_0169,IF3VCNWP,Bock and Bock 1999,mean_diff,provide_overwintering_habitat,Ungrazed,Grazed,abundance - 97-98,says_phoebe,says_phoebe,species,facultative,abundance,count,,,,,,two group means,hedges_g,0.04,0.14,-0.5080833102486663,0.5095329089440399,14,species,facultative_grassland,FALSE,FALSE,TRUE
md_0170,IF3VCNWP,Bock and Bock 1999,mean_diff,provide_overwintering_habitat,Ungrazed,Grazed,abundance - 96-97,loggerhead_shrike,loggerhead_shrike,species,facultative,abundance,count,,,,,,two group means,hedges_g,0.1,0.05,0.3203508518774768,0.5040529311229089,14,species,facultative_grassland,FALSE,FALSE,TRUE
md_0171,IF3VCNWP,Bock and Bock 1999,mean_diff,provide_overwintering_habitat,Ungrazed,Grazed,abundance - 97-98,loggerhead_shrike,loggerhead_shrike,species,facultative,abundance,count,,,,,,two group means,hedges_g,0.43,0.21,0.6183207856154556,0.5138662253685353,14,species,facultative_grassland,FALSE,FALSE,TRUE
md_0172,IF3VCNWP,Bock and Bock 1999,mean_diff,provide_overwintering_habitat,Ungrazed,Grazed,abundance - 96-97,mexican_jay,mexican_jay,species,forest,abundance,count,,,,,,two group means,hedges_g,2.62,0.62,1.2800401562300918,0.5558076536422221,14,species,,FALSE,TRUE,FALSE
md_0173,IF3VCNWP,Bock and Bock 1999,mean_diff,provide_overwintering_habitat,Ungrazed,Grazed,abundance - 97-98,mexican_jay,mexican_jay,species,forest,abundance,count,,,,,,two group means,hedges_g,1.5,0.96,0.3256586242813753,0.5041743915172784,14,species,,FALSE,TRUE,FALSE
md_0174,IF3VCNWP,Bock and Bock 1999,mean_diff,provide_overwintering_habitat,Ungrazed,Grazed,abundance - 96-97,chihuahuan_raven,chihuahuan_raven,species,facultative,abundance,count,,,,,,two group means,hedges_g,0.14,0.1,0.17163716540102683,0.5014541944153511,14,species,facultative_grassland,FALSE,FALSE,TRUE
md_0175,IF3VCNWP,Bock and Bock 1999,mean_diff,provide_overwintering_habitat,Ungrazed,Grazed,abundance - 97-98,chihuahuan_raven,chihuahuan_raven,species,facultative,abundance,count,,,,,,two group means,hedges_g,0.29,0.39,-0.2211494256968883,0.5021462652116458,14,species,facultative_grassland,FALSE,FALSE,TRUE
md_0176,IF3VCNWP,Bock and Bock 1999,mean_diff,provide_overwintering_habitat,Ungrazed,Grazed,abundance - 96-97,bridled_titmouse,bridled_titmouse,species,facultative,abundance,count,,,,,,two group means,hedges_g,0.14,0.33,-0.3646027508369673,0.5051256033361529,14,species,facultative_grassland,FALSE,FALSE,TRUE
md_0177,IF3VCNWP,Bock and Bock 1999,mean_diff,provide_overwintering_habitat,Ungrazed,Grazed,abundance - 97-98,bridled_titmouse,bridled_titmouse,species,facultative,abundance,count,,,,,,two group means,hedges_g,0.07,0,0.5004040274104966,0.5092614234924194,14,species,facultative_grassland,FALSE,FALSE,TRUE
md_0178,IF3VCNWP,Bock and Bock 1999,mean_diff,provide_overwintering_habitat,Ungrazed,Grazed,abundance - 96-97,verdin,verdin,species,shrub,abundance,count,,,,,,two group means,hedges_g,0.1,0.1,0,0.5004040274104967,14,species,,FALSE,TRUE,FALSE
md_0180,IF3VCNWP,Bock and Bock 1999,mean_diff,provide_overwintering_habitat,Ungrazed,Grazed,abundance - 96-97,bushtit,bushtit,species,forest,abundance,count,,,,,,two group means,hedges_g,0.62,0.48,0.08934739661331408,0.5006888217903854,14,species,,FALSE,TRUE,FALSE
md_0181,IF3VCNWP,Bock and Bock 1999,mean_diff,provide_overwintering_habitat,Ungrazed,Grazed,abundance - 97-98,bushtit,bushtit,species,forest,abundance,count,,,,,,two group means,hedges_g,0.18,0,0.5004040274104967,0.5092614234924194,14,species,,FALSE,TRUE,FALSE
md_0182,IF3VCNWP,Bock and Bock 1999,mean_diff,provide_overwintering_habitat,Ungrazed,Grazed,abundance - 96-97,cactus_wren,cactus_wren,species,shrub,abundance,count,,,,,,two group means,hedges_g,0.29,0.1,0.42519622017172465,0.5068146027539623,14,species,,FALSE,TRUE,FALSE
md_0183,IF3VCNWP,Bock and Bock 1999,mean_diff,provide_overwintering_habitat,Ungrazed,Grazed,abundance - 97-98,cactus_wren,cactus_wren,species,shrub,abundance,count,,,,,,two group means,hedges_g,0.04,0.25,-0.6371704686831913,0.514687961790027,14,species,,FALSE,TRUE,FALSE
md_0184,IF3VCNWP,Bock and Bock 1999,mean_diff,provide_overwintering_habitat,Ungrazed,Grazed,abundance - 96-97,bewicks_wren,bewicks_wren,species,shrub,abundance,count,,,,,,two group means,hedges_g,0.19,0.05,0.5388966449036119,0.5106622776933343,14,species,,FALSE,TRUE,FALSE
md_0185,IF3VCNWP,Bock and Bock 1999,mean_diff,provide_overwintering_habitat,Ungrazed,Grazed,abundance - 97-98,bewicks_wren,bewicks_wren,species,shrub,abundance,count,,,,,,two group means,hedges_g,0.93,0.64,0.367886624300228,0.5052106316924048,14,species,,FALSE,TRUE,FALSE
md_0186,IF3VCNWP,Bock and Bock 1999,mean_diff,provide_overwintering_habitat,Ungrazed,Grazed,abundance - 96-97,ruby_crowned_kinglet,ruby_crowned_kinglet,species,shrub,abundance,count,,,,,,two group means,hedges_g,0.1,0.14,-0.21710574952091688,0.5020832402755651,14,species,,FALSE,TRUE,FALSE
md_0187,IF3VCNWP,Bock and Bock 1999,mean_diff,provide_overwintering_habitat,Ungrazed,Grazed,abundance - 97-98,ruby_crowned_kinglet,ruby_crowned_kinglet,species,shrub,abundance,count,,,,,,two group means,hedges_g,0.07,0.11,-0.28307126489201695,0.5032553554881327,14,species,,FALSE,TRUE,FALSE
md_0188,IF3VCNWP,Bock and Bock 1999,mean_diff,provide_overwintering_habitat,Ungrazed,Grazed,abundance - 96-97,eastern_bluebird,eastern_bluebird,species,facultative,abundance,count,,,,,,two group means,hedges_g,0.1,0.14,-0.1314125356558223,0.5010199095234766,14,species,facultative_grassland,FALSE,FALSE,TRUE
md_0190,IF3VCNWP,Bock and Bock 1999,mean_diff,provide_overwintering_habitat,Ungrazed,Grazed,abundance - 96-97,western_bluebird,western_bluebird,species,facultative,abundance,count,,,,,,two group means,hedges_g,0.05,0.29,-0.6428643232812871,0.5149407690040662,14,species,facultative_grassland,FALSE,FALSE,TRUE
md_0191,IF3VCNWP,Bock and Bock 1999,mean_diff,provide_overwintering_habitat,Ungrazed,Grazed,abundance - 97-98,western_bluebird,western_bluebird,species,facultative,abundance,count,,,,,,two group means,hedges_g,0,0.07,-0.5004040274104966,0.5092614234924194,14,species,facultative_grassland,FALSE,FALSE,TRUE
md_0192,IF3VCNWP,Bock and Bock 1999,mean_diff,provide_overwintering_habitat,Ungrazed,Grazed,abundance - 96-97,mountain_bluebird,mountain_bluebird,species,facultative,abundance,count,,,,,,two group means,hedges_g,0,0.33,-0.8691227844498101,0.5266705310795036,14,species,facultative_grassland,FALSE,FALSE,TRUE
md_0194,IF3VCNWP,Bock and Bock 1999,mean_diff,provide_overwintering_habitat,Ungrazed,Grazed,abundance - 96-97,northern_mockingbird,northern_mockingbird,species,facultative,abundance,count,,,,,,two group means,hedges_g,0.14,0.14,0,0.5004040274104967,14,species,facultative_grassland,FALSE,FALSE,TRUE
md_0195,IF3VCNWP,Bock and Bock 1999,mean_diff,provide_overwintering_habitat,Ungrazed,Grazed,abundance - 97-98,northern_mockingbird,northern_mockingbird,species,facultative,abundance,count,,,,,,two group means,hedges_g,0.07,0.21,-0.3750041885807508,0.5053974913589999,14,species,facultative_grassland,FALSE,FALSE,TRUE
md_0196,IF3VCNWP,Bock and Bock 1999,mean_diff,provide_overwintering_habitat,Ungrazed,Grazed,abundance - 96-97,curve_billed_thrasher,curve_billed_thrasher,species,shrub,abundance,count,,,,,,two group means,hedges_g,0.05,0.1,-0.22378748430090775,0.5021880046460899,14,species,,FALSE,TRUE,FALSE
md_0197,IF3VCNWP,Bock and Bock 1999,mean_diff,provide_overwintering_habitat,Ungrazed,Grazed,abundance - 97-98,curve_billed_thrasher,curve_billed_thrasher,species,shrub,abundance,count,,,,,,two group means,hedges_g,0,0.07,-0.5004040274104966,0.5092614234924194,14,species,,FALSE,TRUE,FALSE
md_0198,IF3VCNWP,Bock and Bock 1999,mean_diff,provide_overwintering_habitat,Ungrazed,Grazed,abundance - 96-97,cedar_waxwing,cedar_waxwing,species,shrub,abundance,count,,,,,,two group means,hedges_g,0.48,0,0.5004040274104967,0.5092614234924194,14,species,,FALSE,TRUE,FALSE
md_0200,IF3VCNWP,Bock and Bock 1999,mean_diff,provide_overwintering_habitat,Ungrazed,Grazed,abundance - 96-97,phainopepla,phainopepla,species,shrub,abundance,count,,,,,,two group means,hedges_g,0.47,0.48,-0.01410848808794546,0.5004111305287666,14,species,,FALSE,TRUE,FALSE
md_0201,IF3VCNWP,Bock and Bock 1999,mean_diff,provide_overwintering_habitat,Ungrazed,Grazed,abundance - 97-98,phainopepla,phainopepla,species,shrub,abundance,count,,,,,,two group means,hedges_g,0.11,0.14,-0.096501567576824,0.5007362397619718,14,species,,FALSE,TRUE,FALSE
md_0202,5N6IA9AX,Brand and Noon 2011,mean_diff,remove_non_native_species,Native cottonwood stands,Non-native saltcedar stands,percent nest survival,aberts_towhee,aberts_towhee,species,shrub,nest_success,count,period_survival,identity,,,Table 1,log hazard ratio from arm survival,log_hazard_ratio,29,30,-0.0277689207517453,0.3342917462648712,81,species,,FALSE,TRUE,FALSE
md_0203,5N6IA9AX,Brand and Noon 2011,mean_diff,remove_non_native_species,Native cottonwood stands,Non-native saltcedar stands,percent nest survival,yellow_breasted_chat,yellow_breasted_chat,species,shrub,nest_success,count,period_survival,identity,,,Table 1,log hazard ratio from arm survival,log_hazard_ratio,43,39,0.10947259319241888,0.35627337521387714,96,species,,FALSE,TRUE,FALSE
md_0204,5N6IA9AX,Brand and Noon 2011,mean_diff,remove_non_native_species,Native cottonwood stands,Non-native saltcedar stands,percent nest survival,bells_vireo,bells_vireo,species,shrub,nest_success,count,period_survival,identity,,,Table 1,log hazard ratio from arm survival,log_hazard_ratio,34,9,0.8029156715134858,0.511746776664761,26,species,,FALSE,TRUE,FALSE
md_0205,5N6IA9AX,Brand and Noon 2011,mean_diff,remove_non_native_species,Native mesquite stands,Non-native saltcedar stands,percent nest survival,aberts_towhee,aberts_towhee,species,shrub,nest_success,count,period_survival,identity,,,Table 1,log hazard ratio from arm survival,log_hazard_ratio,30,30,-0,0.29947115603517444,102,species,,FALSE,TRUE,FALSE
md_0206,5N6IA9AX,Brand and Noon 2011,mean_diff,remove_non_native_species,Native mesquite stands,Non-native saltcedar stands,percent nest survival,yellow_breasted_chat,yellow_breasted_chat,species,shrub,nest_success,count,period_survival,identity,,,Table 1,log hazard ratio from arm survival,log_hazard_ratio,41,39,0.05457413328592291,0.35551882676283747,83,species,,FALSE,TRUE,FALSE
md_0207,5N6IA9AX,Brand and Noon 2011,mean_diff,remove_non_native_species,Native mesquite stands,Non-native saltcedar stands,percent nest survival,bells_vireo,bells_vireo,species,shrub,nest_success,count,period_survival,identity,,,Table 1,log hazard ratio from arm survival,log_hazard_ratio,12,9,0.12723354893583438,0.4012311090275509,71,species,,FALSE,TRUE,FALSE
md_0208,VEK3WELY,Byers et al. 2017,mean_diff,prescribed_fire,Burned fields (year of burn),Burned fields (3-years post-burn),nest density (nests/ha),bobolink,bobolink,species,obligate,abundance,count,,,,,At one point Amy asked to remove the year-of-burn ... should we?,two group means,hedges_g,0.07,0.19,-0.7305864524809211,0.5770704633898279,13,species,obligate_grassland,TRUE,FALSE,TRUE
md_0209,VEK3WELY,Byers et al. 2017,mean_diff,prescribed_fire,Burned fields (year of burn),Burned fields (3-years post-burn),nest density (nests/ha),eastern_meadowlark,eastern_meadowlark,species,obligate,abundance,count,,,,,At one point Amy asked to remove the year-of-burn ... should we?,two group means,hedges_g,0.03,0.22,-1.803887795072883,0.6615402460373172,13,species,obligate_grassland,TRUE,FALSE,TRUE
md_0210,VEK3WELY,Byers et al. 2017,mean_diff,prescribed_fire,Burned fields (year of burn),Burned fields (3-years post-burn),nest density (nests/ha),grasshopper_sparrow,grasshopper_sparrow,species,obligate,abundance,count,,,,,At one point Amy asked to remove the year-of-burn ... should we?,two group means,hedges_g,0.25,0.06,0.5222232542055953,0.5683047961777723,13,species,obligate_grassland,TRUE,FALSE,TRUE
md_0211,VEK3WELY,Byers et al. 2017,mean_diff,prescribed_fire,Burned fields (year of burn),Burned fields (3-years post-burn),nest density (nests/ha),henslows_sparrow,henslows_sparrow,species,obligate,abundance,count,,,,,At one point Amy asked to remove the year-of-burn ... should we?,two group means,hedges_g,0,0.06,-0.8906298676803144,0.585653261465556,13,species,obligate_grassland,TRUE,FALSE,TRUE
md_0212,VEK3WELY,Byers et al. 2017,mean_diff,prescribed_fire,Burned fields (1-year post-burn),Burned fields (3-years post-burn),nest density (nests/ha),bobolink,bobolink,species,obligate,abundance,count,,,,,At one point Amy asked to remove the year-of-burn ... should we?,two group means,hedges_g,0.32,0.19,0.3527472135483814,0.5779726963013249,11,species,obligate_grassland,FALSE,FALSE,TRUE
md_0213,VEK3WELY,Byers et al. 2017,mean_diff,prescribed_fire,Burned fields (1-year post-burn),Burned fields (3-years post-burn),nest density (nests/ha),eastern_meadowlark,eastern_meadowlark,species,obligate,abundance,count,,,,,,two group means,hedges_g,0.19,0.22,-0.17232846512572614,0.5742354653229472,11,species,obligate_grassland,FALSE,FALSE,TRUE
md_0214,VEK3WELY,Byers et al. 2017,mean_diff,prescribed_fire,Burned fields (1-year post-burn),Burned fields (3-years post-burn),nest density (nests/ha),grasshopper_sparrow,grasshopper_sparrow,species,obligate,abundance,count,,,,,,two group means,hedges_g,0.16,0.06,0.6220926330877913,0.5882069161370493,11,species,obligate_grassland,FALSE,FALSE,TRUE
md_0215,VEK3WELY,Byers et al. 2017,mean_diff,prescribed_fire,Burned fields (1-year post-burn),Burned fields (3-years post-burn),nest density (nests/ha),henslows_sparrow,henslows_sparrow,species,obligate,abundance,count,,,,,,two group means,hedges_g,0.27,0.06,0.7155417527999327,0.5930170560198528,11,species,obligate_grassland,FALSE,FALSE,TRUE
md_0216,VEK3WELY,Byers et al. 2017,mean_diff,prescribed_fire,Burned fields (2-year post-burn),Burned fields (3-years post-burn),nest density (nests/ha),bobolink,bobolink,species,obligate,abundance,count,,,,,,two group means,hedges_g,0.4,0.19,0.3671750154444845,0.5702140148378902,12,species,obligate_grassland,FALSE,FALSE,TRUE
md_0217,VEK3WELY,Byers et al. 2017,mean_diff,prescribed_fire,Burned fields (2-year post-burn),Burned fields (3-years post-burn),nest density (nests/ha),eastern_meadowlark,eastern_meadowlark,species,obligate,abundance,count,,,,,,two group means,hedges_g,0.25,0.22,0.09318148304852863,0.5655867838668955,12,species,obligate_grassland,FALSE,FALSE,TRUE
md_0218,VEK3WELY,Byers et al. 2017,mean_diff,prescribed_fire,Burned fields (2-year post-burn),Burned fields (3-years post-burn),nest density (nests/ha),grasshopper_sparrow,grasshopper_sparrow,species,obligate,abundance,count,,,,,,two group means,hedges_g,0.05,0.06,-0.09541133429939108,0.5656022739805489,12,species,obligate_grassland,FALSE,FALSE,TRUE
md_0219,VEK3WELY,Byers et al. 2017,mean_diff,prescribed_fire,Burned fields (2-year post-burn),Burned fields (3-years post-burn),nest density (nests/ha),henslows_sparrow,henslows_sparrow,species,obligate,abundance,count,,,,,,two group means,hedges_g,0.05,0.06,-0.11396879961341412,0.5657453763450686,12,species,obligate_grassland,FALSE,FALSE,TRUE
md_0220,DY9N6UPD,Churchwell et al. 2008,mean_diff,manage_in_patches,Patch burn (current year),traditional management (annual burning followed by early-intensive grazing),dsr,dickcissel,dickcissel,species,obligate,nest_success,count,daily_survival,logit,,,What does traditional management mean in this context?,log hazard ratio from arm survival,log_hazard_ratio,0.914,0.926,-0.15671338863278228,0.2791214081560895,137,species,obligate_grassland,FALSE,FALSE,TRUE
md_0221,DY9N6UPD,Churchwell et al. 2008,mean_diff,manage_in_patches,Patch burn (1-yr post-burn),traditional management (annual burning followed by early-intensive grazing),dsr,dickcissel,dickcissel,species,obligate,nest_success,count,daily_survival,logit,,,What does traditional management mean in this context?,log hazard ratio from arm survival,log_hazard_ratio,0.937,0.926,0.16676504942064785,0.1988123195356405,173,species,obligate_grassland,FALSE,FALSE,TRUE
md_0222,DY9N6UPD,Churchwell et al. 2008,mean_diff,manage_in_patches,Patch burn (2-yr post-burn),traditional management (annual burning followed by early-intensive grazing),dsr,dickcissel,dickcissel,species,obligate,nest_success,count,daily_survival,logit,,,What does traditional management mean in this context?,log hazard ratio from arm survival,log_hazard_ratio,0.945,0.926,0.3067743258728983,0.18714143747788609,200,species,obligate_grassland,FALSE,FALSE,TRUE
md_0223,DY9N6UPD,Churchwell et al. 2008,mean_diff,manage_in_patches,Patch burn (current year),traditional management (annual burning followed by early-intensive grazing),nests/ha,dickcissel,dickcissel,species,obligate,abundance,count,,,,,What does traditional management mean in this context?,two group means,hedges_g,0.41,2,-2.477410269163562,1.0458134716403935,4,species,obligate_grassland,FALSE,FALSE,TRUE
md_0224,DY9N6UPD,Churchwell et al. 2008,mean_diff,manage_in_patches,Patch burn (1-yr post-burn),traditional management (annual burning followed by early-intensive grazing),nests/ha,dickcissel,dickcissel,species,obligate,abundance,count,,,,,What does traditional management mean in this context?,two group means,hedges_g,1.03,2,-1.319353977594302,0.7376431908579758,4,species,obligate_grassland,FALSE,FALSE,TRUE
md_0225,DY9N6UPD,Churchwell et al. 2008,mean_diff,manage_in_patches,Patch burn (2-yr post-burn),traditional management (annual burning followed by early-intensive grazing),nests/ha,dickcissel,dickcissel,species,obligate,abundance,count,,,,,What does traditional management mean in this context?,two group means,hedges_g,1.64,2,-0.4475223231902681,0.5929292883338618,4,species,obligate_grassland,FALSE,FALSE,TRUE
md_0226,ILUKKWJA,Conover et al. 2009,mean_diff,stream_exclusion_and_buffers,no field margin,narrow field margin,density (birds/0.2 ha),red_winged_blackbird,red_winged_blackbird,species,facultative,abundance,count,,,,,Sample size is actually lower than this. They included year in their sample size.,two group means,hedges_g,0.119,1.686,0.8420925931430115,0.21567374145592624,93,species,facultative_grassland,FALSE,FALSE,TRUE
md_0227,ILUKKWJA,Conover et al. 2009,mean_diff,stream_exclusion_and_buffers,no field margin,wide-bordered field margin,density (birds/0.2 ha),red_winged_blackbird,red_winged_blackbird,species,facultative,abundance,count,,,,,Sample size is actually lower than this. They included year in their sample size.,two group means,hedges_g,0.119,4.278,1.9088555772766964,0.3281485153142148,60,species,facultative_grassland,FALSE,FALSE,TRUE
md_0228,ILUKKWJA,Conover et al. 2009,mean_diff,stream_exclusion_and_buffers,narrow field margin,wide-bordered field margin,density (birds/0.2 ha),red_winged_blackbird,red_winged_blackbird,species,facultative,abundance,count,,,,,Sample size is actually lower than this. They included year in their sample size.,two group means,hedges_g,1.686,4.278,0.8822915650664683,0.28129109601370944,69,species,facultative_grassland,FALSE,FALSE,TRUE
md_0229,ILUKKWJA,Conover et al. 2009,mean_diff,stream_exclusion_and_buffers,no field margin,narrow field margin,density (birds/0.2 ha),dickcissel,dickcissel,species,obligate,abundance,count,,,,,Sample size is actually lower than this. They included year in their sample size.,two group means,hedges_g,0,0.137,0.3719786021737704,0.20843849067205697,93,species,obligate_grassland,FALSE,FALSE,TRUE
md_0230,ILUKKWJA,Conover et al. 2009,mean_diff,stream_exclusion_and_buffers,no field margin,wide-bordered field margin,density (birds/0.2 ha),dickcissel,dickcissel,species,obligate,abundance,count,,,,,Sample size is actually lower than this. They included year in their sample size.,two group means,hedges_g,0,2,1.126371383682256,0.29646186729815055,60,species,obligate_grassland,FALSE,FALSE,TRUE
md_0231,ILUKKWJA,Conover et al. 2009,mean_diff,stream_exclusion_and_buffers,narrow field margin,wide-bordered field margin,density (birds/0.2 ha),dickcissel,dickcissel,species,obligate,abundance,count,,,,,Sample size is actually lower than this. They included year in their sample size.,two group means,hedges_g,0.137,2,1.0930536639770292,0.28660347099190836,69,species,obligate_grassland,FALSE,FALSE,TRUE
md_0232,ILUKKWJA,Conover et al. 2009,mean_diff,stream_exclusion_and_buffers,no field margin,narrow field margin,density (birds/0.2 ha),northern_cardinal,northern_cardinal,species,facultative,abundance,count,,,,,Sample size is actually lower than this. They included year in their sample size.,two group means,hedges_g,0.143,0.569,0.5316482607569727,0.2102910196763018,93,species,facultative_grassland,FALSE,FALSE,TRUE
md_0233,ILUKKWJA,Conover et al. 2009,mean_diff,stream_exclusion_and_buffers,no field margin,wide-bordered field margin,density (birds/0.2 ha),northern_cardinal,northern_cardinal,species,facultative,abundance,count,,,,,Sample size is actually lower than this. They included year in their sample size.,two group means,hedges_g,0.143,0.167,0.04310780198469685,0.2780872530945761,60,species,facultative_grassland,FALSE,FALSE,TRUE
md_0234,ILUKKWJA,Conover et al. 2009,mean_diff,stream_exclusion_and_buffers,narrow field margin,wide-bordered field margin,density (birds/0.2 ha),northern_cardinal,northern_cardinal,species,facultative,abundance,count,,,,,Sample size is actually lower than this. They included year in their sample size.,two group means,hedges_g,0.569,0.167,-0.4652124328047581,0.2739563878596749,69,species,facultative_grassland,FALSE,FALSE,TRUE
md_0235,ILUKKWJA,Conover et al. 2009,mean_diff,stream_exclusion_and_buffers,no field margin,narrow field margin,density (birds/0.2 ha),indigo_bunting,indigo_bunting,species,facultative,abundance,count,,,,,Sample size is actually lower than this. They included year in their sample size.,two group means,hedges_g,0.048,0.392,0.5280369697259116,0.21024209519539963,93,species,facultative_grassland,FALSE,FALSE,TRUE
md_0236,ILUKKWJA,Conover et al. 2009,mean_diff,stream_exclusion_and_buffers,no field margin,wide-bordered field margin,density (birds/0.2 ha),indigo_bunting,indigo_bunting,species,facultative,abundance,count,,,,,Sample size is actually lower than this. They included year in their sample size.,two group means,hedges_g,0.048,0.278,0.6333228096049172,0.2840061903465065,60,species,facultative_grassland,FALSE,FALSE,TRUE
md_0237,ILUKKWJA,Conover et al. 2009,mean_diff,stream_exclusion_and_buffers,narrow field margin,wide-bordered field margin,density (birds/0.2 ha),indigo_bunting,indigo_bunting,species,facultative,abundance,count,,,,,Sample size is actually lower than this. They included year in their sample size.,two group means,hedges_g,0.392,0.278,-0.14290009366584208,0.27135179539323506,69,species,facultative_grassland,FALSE,FALSE,TRUE
md_0238,ILUKKWJA,Conover et al. 2009,mean_diff,stream_exclusion_and_buffers,no field margin,narrow field margin,density (birds/0.2 ha),mourning_dove,mourning_dove,species,facultative,abundance,count,,,,,Sample size is actually lower than this. They included year in their sample size.,two group means,hedges_g,0.143,0.157,0.02821802636891541,0.20665664986679408,93,species,facultative_grassland,FALSE,FALSE,TRUE
md_0239,ILUKKWJA,Conover et al. 2009,mean_diff,stream_exclusion_and_buffers,no field margin,wide-bordered field margin,density (birds/0.2 ha),mourning_dove,mourning_dove,species,facultative,abundance,count,,,,,Sample size is actually lower than this. They included year in their sample size.,two group means,hedges_g,0.143,0.111,-0.07271079934369852,0.2781386197832486,60,species,facultative_grassland,FALSE,FALSE,TRUE
md_0240,ILUKKWJA,Conover et al. 2009,mean_diff,stream_exclusion_and_buffers,narrow field margin,wide-bordered field margin,density (birds/0.2 ha),mourning_dove,mourning_dove,species,facultative,abundance,count,,,,,Sample size is actually lower than this. They included year in their sample size.,two group means,hedges_g,0.157,0.111,-0.09736086408800632,0.27120566382064154,69,species,facultative_grassland,FALSE,FALSE,TRUE
md_0241,ILUKKWJA,Conover et al. 2009,mean_diff,stream_exclusion_and_buffers,no field margin,narrow field margin,density (birds/0.2 ha),common_grackle,common_grackle,species,facultative,abundance,count,,,,,Sample size is actually lower than this. They included year in their sample size.,two group means,hedges_g,0.024,0.078,0.17314518896109543,0.2070359118140196,93,species,facultative_grassland,FALSE,FALSE,TRUE
md_0242,ILUKKWJA,Conover et al. 2009,mean_diff,stream_exclusion_and_buffers,no field margin,wide-bordered field margin,density (birds/0.2 ha),common_grackle,common_grackle,species,facultative,abundance,count,,,,,Sample size is actually lower than this. They included year in their sample size.,two group means,hedges_g,0.024,0.111,0.3936900625466624,0.28037231233365484,60,species,facultative_grassland,FALSE,FALSE,TRUE
md_0243,ILUKKWJA,Conover et al. 2009,mean_diff,stream_exclusion_and_buffers,narrow field margin,wide-bordered field margin,density (birds/0.2 ha),common_grackle,common_grackle,species,facultative,abundance,count,,,,,Sample size is actually lower than this. They included year in their sample size.,two group means,hedges_g,0.078,0.111,0.08673856149998072,0.27117953714314635,69,species,facultative_grassland,FALSE,FALSE,TRUE
md_0244,ILUKKWJA,Conover et al. 2009,mean_diff,stream_exclusion_and_buffers,no field margin,narrow field margin,density (birds/0.2 ha),yellow_billed_cuckoo,yellow_billed_cuckoo,species,shrub,abundance,count,,,,,Sample size is actually lower than this. They included year in their sample size.,two group means,hedges_g,0,0.059,0.25121514423513924,0.2074656259316322,93,species,,FALSE,TRUE,FALSE
md_0245,ILUKKWJA,Conover et al. 2009,mean_diff,stream_exclusion_and_buffers,no field margin,wide-bordered field margin,density (birds/0.2 ha),yellow_billed_cuckoo,yellow_billed_cuckoo,species,shrub,abundance,count,,,,,Sample size is actually lower than this. They included year in their sample size.,two group means,hedges_g,0,0.056,0.42971068287478065,0.2808127405174009,60,species,,FALSE,TRUE,FALSE
md_0246,ILUKKWJA,Conover et al. 2009,mean_diff,stream_exclusion_and_buffers,narrow field margin,wide-bordered field margin,density (birds/0.2 ha),yellow_billed_cuckoo,yellow_billed_cuckoo,species,shrub,abundance,count,,,,,Sample size is actually lower than this. They included year in their sample size.,two group means,hedges_g,0.059,0.056,-0.00999901600603441,0.2710803334414391,69,species,,FALSE,TRUE,FALSE
md_0247,ILUKKWJA,Conover et al. 2009,mean_diff,stream_exclusion_and_buffers,no field margin,narrow field margin,density (birds/0.2 ha),brown_headed_cowbird,brown_headed_cowbird,species,facultative,abundance,count,,,,,Sample size is actually lower than this. They included year in their sample size.,two group means,hedges_g,0,0.078,0.3109161107158305,0.2079000116971751,93,species,facultative_grassland,FALSE,FALSE,TRUE
md_0249,ILUKKWJA,Conover et al. 2009,mean_diff,stream_exclusion_and_buffers,narrow field margin,wide-bordered field margin,density (birds/0.2 ha),brown_headed_cowbird,brown_headed_cowbird,species,facultative,abundance,count,,,,,Sample size is actually lower than this. They included year in their sample size.,two group means,hedges_g,0.078,0,-0.26598474016277424,0.2720229558240108,69,species,facultative_grassland,FALSE,FALSE,TRUE
md_0250,ILUKKWJA,Conover et al. 2009,mean_diff,stream_exclusion_and_buffers,no field margin,narrow field margin,density (birds/0.2 ha),ruby_throated_hummingbird,ruby_throated_hummingbird,species,woodland,abundance,count,,,,,Sample size is actually lower than this. They included year in their sample size.,two group means,hedges_g,0,0.039,0.18734688722620552,0.20710237446778496,93,species,,FALSE,TRUE,FALSE
md_0251,ILUKKWJA,Conover et al. 2009,mean_diff,stream_exclusion_and_buffers,no field margin,wide-bordered field margin,density (birds/0.2 ha),ruby_throated_hummingbird,ruby_throated_hummingbird,species,woodland,abundance,count,,,,,Sample size is actually lower than this. They included year in their sample size.,two group means,hedges_g,0,0.056,0.42971068287478065,0.2808127405174009,60,species,,FALSE,TRUE,FALSE
md_0252,ILUKKWJA,Conover et al. 2009,mean_diff,stream_exclusion_and_buffers,narrow field margin,wide-bordered field margin,density (birds/0.2 ha),ruby_throated_hummingbird,ruby_throated_hummingbird,species,woodland,abundance,count,,,,,Sample size is actually lower than this. They included year in their sample size.,two group means,hedges_g,0.039,0.056,0.062551626317121245,0.2711312885399687,69,species,,FALSE,TRUE,FALSE
md_0253,ILUKKWJA,Conover et al. 2009,mean_diff,stream_exclusion_and_buffers,no field margin,narrow field margin,density (birds/0.2 ha),eastern_meadowlark,eastern_meadowlark,species,obligate,abundance,count,,,,,Sample size is actually lower than this. They included year in their sample size.,two group means,hedges_g,0,0.039,0.260947450065072,0.207530201305664,93,species,obligate_grassland,FALSE,FALSE,TRUE
md_0254,ILUKKWJA,Conover et al. 2009,mean_diff,stream_exclusion_and_buffers,no field margin,wide-bordered field margin,density (birds/0.2 ha),eastern_meadowlark,eastern_meadowlark,species,obligate,abundance,count,,,,,Sample size is actually lower than this. They included year in their sample size.,two group means,hedges_g,0,0.056,0.42971068287478065,0.2808127405174009,60,species,obligate_grassland,FALSE,FALSE,TRUE
md_0255,ILUKKWJA,Conover et al. 2009,mean_diff,stream_exclusion_and_buffers,narrow field margin,wide-bordered field margin,density (birds/0.2 ha),eastern_meadowlark,eastern_meadowlark,species,obligate,abundance,count,,,,,Sample size is actually lower than this. They included year in their sample size.,two group means,hedges_g,0.039,0.056,0.07998711061178915,0.2711644972193472,69,species,obligate_grassland,FALSE,FALSE,TRUE
md_0256,ILUKKWJA,Conover et al. 2009,mean_diff,stream_exclusion_and_buffers,no field margin,narrow field margin,density (birds/0.2 ha),northern_bobwhite,northern_bobwhite,species,facultative,abundance,count,,,,,Sample size is actually lower than this. They included year in their sample size.,two group means,hedges_g,0,0.02,0.18734688722620552,0.20710237446778496,93,species,facultative_grassland,FALSE,FALSE,TRUE
md_0257,ILUKKWJA,Conover et al. 2009,mean_diff,stream_exclusion_and_buffers,no field margin,wide-bordered field margin,density (birds/0.2 ha),northern_bobwhite,northern_bobwhite,species,facultative,abundance,count,,,,,Sample size is actually lower than this. They included year in their sample size.,two group means,hedges_g,0,0.056,0.42971068287478065,0.2808127405174009,60,species,facultative_grassland,FALSE,FALSE,TRUE
md_0258,ILUKKWJA,Conover et al. 2009,mean_diff,stream_exclusion_and_buffers,narrow field margin,wide-bordered field margin,density (birds/0.2 ha),northern_bobwhite,northern_bobwhite,species,facultative,abundance,count,,,,,Sample size is actually lower than this. They included year in their sample size.,two group means,hedges_g,0.02,0.056,0.2070818756587967,0.2716515568871175,69,species,facultative_grassland,FALSE,FALSE,TRUE
md_0259,ILUKKWJA,Conover et al. 2009,mean_diff,stream_exclusion_and_buffers,no field margin,narrow field margin,density (birds/0.2 ha),northern_mockingbird,northern_mockingbird,species,facultative,abundance,count,,,,,Sample size is actually lower than this. They included year in their sample size.,two group means,hedges_g,0,0.039,0.260947450065072,0.207530201305664,93,species,facultative_grassland,FALSE,FALSE,TRUE
md_0261,ILUKKWJA,Conover et al. 2009,mean_diff,stream_exclusion_and_buffers,narrow field margin,wide-bordered field margin,density (birds/0.2 ha),northern_mockingbird,northern_mockingbird,species,facultative,abundance,count,,,,,Sample size is actually lower than this. They included year in their sample size.,two group means,hedges_g,0.039,0,-0.22323719263661404,0.2717442634958277,69,species,facultative_grassland,FALSE,FALSE,TRUE
md_0262,ILUKKWJA,Conover et al. 2009,mean_diff,stream_exclusion_and_buffers,no field margin,narrow field margin,density (birds/0.2 ha),red_tailed_hawk,red_tailed_hawk,species,facultative,abundance,count,,,,,Sample size is actually lower than this. They included year in their sample size.,two group means,hedges_g,0,0.02,0.18734688722620552,0.20710237446778496,93,species,facultative_grassland,FALSE,FALSE,TRUE
md_0264,ILUKKWJA,Conover et al. 2009,mean_diff,stream_exclusion_and_buffers,narrow field margin,wide-bordered field margin,density (birds/0.2 ha),red_tailed_hawk,red_tailed_hawk,species,facultative,abundance,count,,,,,Sample size is actually lower than this. They included year in their sample size.,two group means,hedges_g,0.02,0,-0.16027285625192805,0.2714221125473463,69,species,facultative_grassland,FALSE,FALSE,TRUE
md_0265,ILUKKWJA,Conover et al. 2009,mean_diff,stream_exclusion_and_buffers,no field margin,narrow field margin,density (birds/0.2 ha),wild_turkey,wild_turkey,species,facultative,abundance,count,,,,,Sample size is actually lower than this. They included year in their sample size.,two group means,hedges_g,0,0.02,0.18734688722620552,0.20710237446778496,93,species,facultative_grassland,FALSE,FALSE,TRUE
md_0267,ILUKKWJA,Conover et al. 2009,mean_diff,stream_exclusion_and_buffers,narrow field margin,wide-bordered field margin,density (birds/0.2 ha),wild_turkey,wild_turkey,species,facultative,abundance,count,,,,,Sample size is actually lower than this. They included year in their sample size.,two group means,hedges_g,0.02,0,-0.16027285625192805,0.2714221125473463,69,species,facultative_grassland,FALSE,FALSE,TRUE
md_0268,ILUKKWJA,Conover et al. 2009,mean_diff,stream_exclusion_and_buffers,no field margin,narrow field margin,density (birds/0.2 ha),killdeer,killdeer,species,facultative,abundance,count,,,,,Sample size is actually lower than this. They included year in their sample size.,two group means,hedges_g,0,0.02,0.18734688722620552,0.20710237446778496,93,species,facultative_grassland,FALSE,FALSE,TRUE
md_0270,ILUKKWJA,Conover et al. 2009,mean_diff,stream_exclusion_and_buffers,narrow field margin,wide-bordered field margin,density (birds/0.2 ha),killdeer,killdeer,species,facultative,abundance,count,,,,,Sample size is actually lower than this. They included year in their sample size.,two group means,hedges_g,0.02,0,-0.16027285625192805,0.2714221125473463,69,species,facultative_grassland,FALSE,FALSE,TRUE
md_0271,ILUKKWJA,Conover et al. 2009,mean_diff,stream_exclusion_and_buffers,no field margin,narrow field margin,density (birds/0.2 ha),great_crested_flycatcher,great_crested_flycatcher,species,shrub,abundance,count,,,,,Sample size is actually lower than this. They included year in their sample size.,two group means,hedges_g,0,0.02,0.18734688722620552,0.20710237446778496,93,species,,FALSE,TRUE,FALSE
md_0273,ILUKKWJA,Conover et al. 2009,mean_diff,stream_exclusion_and_buffers,narrow field margin,wide-bordered field margin,density (birds/0.2 ha),great_crested_flycatcher,great_crested_flycatcher,species,shrub,abundance,count,,,,,Sample size is actually lower than this. They included year in their sample size.,two group means,hedges_g,0.02,0,-0.16027285625192805,0.2714221125473463,69,species,,FALSE,TRUE,FALSE
md_0274,ILUKKWJA,Conover et al. 2009,mean_diff,stream_exclusion_and_buffers,no field margin,narrow field margin,density (birds/0.2 ha),horned_lark,horned_lark,species,obligate,abundance,count,,,,,Sample size is actually lower than this. They included year in their sample size.,two group means,hedges_g,0,0.02,0.18734688722620552,0.20710237446778496,93,species,obligate_grassland,FALSE,FALSE,TRUE
md_0276,ILUKKWJA,Conover et al. 2009,mean_diff,stream_exclusion_and_buffers,narrow field margin,wide-bordered field margin,density (birds/0.2 ha),horned_lark,horned_lark,species,obligate,abundance,count,,,,,Sample size is actually lower than this. They included year in their sample size.,two group means,hedges_g,0.02,0,-0.16027285625192805,0.2714221125473463,69,species,obligate_grassland,FALSE,FALSE,TRUE
md_0277,ILUKKWJA,Conover et al. 2009,mean_diff,stream_exclusion_and_buffers,no field margin,narrow field margin,density (birds/0.2 ha),brown_thrasher,brown_thrasher,species,shrub,abundance,count,,,,,Sample size is actually lower than this. They included year in their sample size.,two group means,hedges_g,0,0.02,0.18734688722620552,0.20710237446778496,93,species,,FALSE,TRUE,FALSE
md_0279,ILUKKWJA,Conover et al. 2009,mean_diff,stream_exclusion_and_buffers,narrow field margin,wide-bordered field margin,density (birds/0.2 ha),brown_thrasher,brown_thrasher,species,shrub,abundance,count,,,,,Sample size is actually lower than this. They included year in their sample size.,two group means,hedges_g,0.02,0,-0.16027285625192805,0.2714221125473463,69,species,,FALSE,TRUE,FALSE
md_0281,ILUKKWJA,Conover et al. 2009,mean_diff,stream_exclusion_and_buffers,no field margin,wide-bordered field margin,density (birds/0.2 ha),blue_grosbeak,blue_grosbeak,species,facultative,abundance,count,,,,,Sample size is actually lower than this. They included year in their sample size.,two group means,hedges_g,0,0.056,0.42971068287478065,0.2808127405174009,60,species,facultative_grassland,FALSE,FALSE,TRUE
md_0282,ILUKKWJA,Conover et al. 2009,mean_diff,stream_exclusion_and_buffers,narrow field margin,wide-bordered field margin,density (birds/0.2 ha),blue_grosbeak,blue_grosbeak,species,facultative,abundance,count,,,,,Sample size is actually lower than this. They included year in their sample size.,two group means,hedges_g,0,0.056,0.4626678835042043,0.2739251603701854,69,species,facultative_grassland,FALSE,FALSE,TRUE
md_0283,ILUKKWJA,Conover et al. 2009,mean_diff,stream_exclusion_and_buffers,no field margin,narrow field margin,density (birds/0.2 ha),painted_bunting,painted_bunting,species,facultative,abundance,count,,,,,Sample size is actually lower than this. They included year in their sample size.,two group means,hedges_g,0,0.02,0.18734688722620552,0.20710237446778496,93,species,facultative_grassland,FALSE,FALSE,TRUE
md_0285,ILUKKWJA,Conover et al. 2009,mean_diff,stream_exclusion_and_buffers,narrow field margin,wide-bordered field margin,density (birds/0.2 ha),painted_bunting,painted_bunting,species,facultative,abundance,count,,,,,Sample size is actually lower than this. They included year in their sample size.,two group means,hedges_g,0.02,0,-0.16027285625192805,0.2714221125473463,69,species,facultative_grassland,FALSE,FALSE,TRUE
md_0287,ILUKKWJA,Conover et al. 2009,mean_diff,stream_exclusion_and_buffers,no field margin,wide-bordered field margin,density (birds/0.2 ha),eastern_towhee,eastern_towhee,species,shrub,abundance,count,,,,,Sample size is actually lower than this. They included year in their sample size.,two group means,hedges_g,0,0.056,0.42971068287478065,0.2808127405174009,60,species,,FALSE,TRUE,FALSE
md_0288,ILUKKWJA,Conover et al. 2009,mean_diff,stream_exclusion_and_buffers,narrow field margin,wide-bordered field margin,density (birds/0.2 ha),eastern_towhee,eastern_towhee,species,shrub,abundance,count,,,,,Sample size is actually lower than this. They included year in their sample size.,two group means,hedges_g,0,0.056,0.4626678835042043,0.2739251603701854,69,species,,FALSE,TRUE,FALSE
md_0289,ILUKKWJA,Conover et al. 2009,mean_diff,stream_exclusion_and_buffers,no field margin,narrow field margin,density (birds/0.2 ha),orchard_oriole,orchard_oriole,species,facultative,abundance,count,,,,,Sample size is actually lower than this. They included year in their sample size.,two group means,hedges_g,0,0.02,0.18734688722620552,0.20710237446778496,93,species,facultative_grassland,FALSE,FALSE,TRUE
md_0291,ILUKKWJA,Conover et al. 2009,mean_diff,stream_exclusion_and_buffers,narrow field margin,wide-bordered field margin,density (birds/0.2 ha),orchard_oriole,orchard_oriole,species,facultative,abundance,count,,,,,Sample size is actually lower than this. They included year in their sample size.,two group means,hedges_g,0.02,0,-0.16027285625192805,0.2714221125473463,69,species,facultative_grassland,FALSE,FALSE,TRUE
md_0297,47D2B23I,Conover et al. 2014,mean_diff,stream_exclusion_and_buffers,Riparian buffer strips (2005),monotypic filter strips (2005),species_richness,all_species,all_species,aggregate,,species_richness,count,,,,,Estimated from plot,two group means,hedges_g,1.8,2.3,-0.5755535926369276,0.31655447595031033,40,community,,FALSE,FALSE,TRUE
md_0298,47D2B23I,Conover et al. 2014,mean_diff,stream_exclusion_and_buffers,Riparian buffer strips (2006),monotypic filter strips (2006),species_richness,all_species,all_species,aggregate,,species_richness,count,,,,,Estimated from plot,two group means,hedges_g,1.25,1.25,0,0.3099450951688213,40,community,,FALSE,FALSE,TRUE
md_0299,47D2B23I,Conover et al. 2014,mean_diff,stream_exclusion_and_buffers,Riparian buffer strips (2007),monotypic filter strips (2007),species_richness,all_species,all_species,aggregate,,species_richness,count,,,,,Estimated from plot,two group means,hedges_g,1.4,1.7,-0.6574928357681501,0.31854304635761593,40,community,,FALSE,FALSE,TRUE
md_0303,47D2B23I,Conover et al. 2014,mean_diff,stream_exclusion_and_buffers,Riparian buffer strips (2005),monotypic filter strips (2005),abundance,all_species,all_species,aggregate,,abundance,count,,,,,Estimated from plot,two group means,hedges_g,4.5,4.75,-0.08596330255459624,0.3100940714308093,40,community,,FALSE,FALSE,TRUE
md_0304,47D2B23I,Conover et al. 2014,mean_diff,stream_exclusion_and_buffers,Riparian buffer strips (2006),monotypic filter strips (2006),abundance,all_species,all_species,aggregate,,abundance,count,,,,,Estimated from plot,two group means,hedges_g,2.75,4,-1.095821392946917,0.33328106544583536,40,community,,FALSE,FALSE,TRUE
md_0305,47D2B23I,Conover et al. 2014,mean_diff,stream_exclusion_and_buffers,Riparian buffer strips (2007),monotypic filter strips (2007),abundance,all_species,all_species,aggregate,,abundance,count,,,,,Estimated from plot,two group means,hedges_g,3.5,4.5,-0.34385321021838494,0.3123201881025758,40,community,,FALSE,FALSE,TRUE
md_0306,KXCFYIJV,Coppedge et al. 2008,mean_diff,manage_in_patches,Patch-burn treatment,traditional management (entire pastures annually burned),species_richness,all_species,all_species,aggregate,,species_richness,count,,,,,Depends on what traditional management refers to,two group means,hedges_g,9.36,9.33,0.04031660864501044,0.5716063250712655,4,community,,FALSE,FALSE,TRUE
md_0307,KXCFYIJV,Coppedge et al. 2008,mean_diff,manage_in_patches,Patch-burn treatment,traditional management (entire pastures annually burned),species_richness,grassland_obligates,grassland_obligates,guild,obligate,species_richness,count,,,,,,two group means,hedges_g,4.47,4.11,1.3837840333638405,0.7522552051125903,4,community,,FALSE,FALSE,TRUE
md_0308,KXCFYIJV,Coppedge et al. 2008,mean_diff,manage_in_patches,Patch-burn treatment,traditional management (entire pastures annually burned),abundance,all_species,all_species,aggregate,,abundance,count,,,,,,two group means,hedges_g,8.13,7.52,0.8961326942992218,0.6533852905972829,4,community,,FALSE,FALSE,TRUE
md_0309,KXCFYIJV,Coppedge et al. 2008,mean_diff,manage_in_patches,Patch-burn treatment,traditional management (entire pastures annually burned),abundance,grassland_obligates,grassland_obligates,guild,obligate,abundance,count,,,,,,two group means,hedges_g,6.96,6.45,0.8673315737689313,0.6485087660178228,4,species,obligate_grassland,FALSE,FALSE,TRUE
md_0313,HZBZKNRR,Davis et al. 2013,mean_diff,plant_nwsg,native planted grassland (Saskatchewan),non-native planted grassland (Saskatchewan),abundance,savannah_sparrow,savannah_sparrow,species,obligate,abundance,count,,,,,,two group means,hedges_g,5.5,5,0.2263687742173029,0.12910629702016563,240,species,obligate_grassland,FALSE,FALSE,TRUE
md_0314,HZBZKNRR,Davis et al. 2013,mean_diff,plant_nwsg,native planted grassland (Alberta),non-native planted grassland (Alberta),abundance,savannah_sparrow,savannah_sparrow,species,obligate,abundance,count,,,,,,two group means,hedges_g,2.1,3.6,-0.8908443952258278,0.15078343683397125,192,species,obligate_grassland,FALSE,FALSE,TRUE
md_0315,HZBZKNRR,Davis et al. 2013,mean_diff,plant_nwsg,native planted grassland (Saskatchewan),non-native planted grassland (Saskatchewan),abundance,bobolink,bobolink,species,obligate,abundance,count,,,,,,two group means,hedges_g,0.04,0.5,-0.7178861431556571,0.13279814678613028,240,species,obligate_grassland,FALSE,FALSE,TRUE
md_0316,HZBZKNRR,Davis et al. 2013,mean_diff,plant_nwsg,native planted grassland (Saskatchewan),non-native planted grassland (Saskatchewan),abundance,western_meadowlark,western_meadowlark,species,obligate,abundance,count,,,,,,two group means,hedges_g,0.3,0.2,0.22749780253894908,0.12911043137194475,240,species,obligate_grassland,FALSE,FALSE,TRUE
md_0317,HZBZKNRR,Davis et al. 2013,mean_diff,plant_nwsg,native planted grassland (Alberta),non-native planted grassland (Alberta),abundance,western_meadowlark,western_meadowlark,species,obligate,abundance,count,,,,,,two group means,hedges_g,0.4,0.2,0.3566421902330773,0.14491446406306543,192,species,obligate_grassland,FALSE,FALSE,TRUE
md_0318,SQ8ICKWV,Davis et al. 2016,mean_diff,plant_nwsg,native pasture,planted pasture,abundance,savannah_sparrow,savannah_sparrow,species,obligate,abundance,count,,,,,,two group means,hedges_g,7.8,4.7,0.5895331591880388,0.36939459381562695,29,species,obligate_grassland,FALSE,FALSE,TRUE
md_0319,SQ8ICKWV,Davis et al. 2016,mean_diff,plant_nwsg,native pasture,planted pasture,abundance,grasshopper_sparrow,grasshopper_sparrow,species,obligate,abundance,count,,,,,,two group means,hedges_g,0.6,1.5,-0.502301494639132,0.3671651575730383,29,species,obligate_grassland,FALSE,FALSE,TRUE
md_0320,SQ8ICKWV,Davis et al. 2016,mean_diff,plant_nwsg,native pasture,hay,abundance,savannah_sparrow,savannah_sparrow,species,obligate,abundance,count,,,,,"Saskatchewan, Canada",two group means,hedges_g,7.8,8.4,-0.10942611284793952,0.36724703021368144,28,species,obligate_grassland,FALSE,FALSE,TRUE
md_0321,SQ8ICKWV,Davis et al. 2016,mean_diff,plant_nwsg,native pasture,hay,abundance,grasshopper_sparrow,grasshopper_sparrow,species,obligate,abundance,count,,,,,"Saskatchewan, Canada",two group means,hedges_g,0.6,1.7,-0.4760048398052182,0.3724280342895606,28,species,obligate_grassland,FALSE,FALSE,TRUE
md_0324,C8RH4NET,Davis et al. 2020,mean_diff,rotational_grazing,Pulse-grazed,Traditional (season-long) grazed,abundance,mccowns_longspur,mccowns_longspur,species,obligate,abundance,count,,,,,,two group means,hedges_g,-0.214,-1.781,0.27519236844584277,0.2720893178425236,69,species,obligate_grassland,FALSE,FALSE,TRUE
md_0325,C8RH4NET,Davis et al. 2020,mean_diff,rotational_grazing,Pulse-grazed,Traditional (season-long) grazed,abundance,horned_lark,horned_lark,species,obligate,abundance,count,,,,,,two group means,hedges_g,0.099,0.922,-1.0268066061997787,0.2848225908144342,69,species,obligate_grassland,FALSE,FALSE,TRUE
md_0326,C8RH4NET,Davis et al. 2020,mean_diff,rotational_grazing,Pulse-grazed,Traditional (season-long) grazed,abundance,lark_bunting,lark_bunting,species,obligate,abundance,count,,,,,,two group means,hedges_g,0.11,1.355,-2.017058557912821,0.3208829841843776,69,species,obligate_grassland,FALSE,FALSE,TRUE
md_0327,C8RH4NET,Davis et al. 2020,mean_diff,rotational_grazing,Pulse-grazed,Traditional (season-long) grazed,abundance,western_meadowlark,western_meadowlark,species,obligate,abundance,count,,,,,,two group means,hedges_g,-0.048,-0.275,0.25129401632485987,0.27192172004680243,69,species,obligate_grassland,FALSE,FALSE,TRUE
md_0328,C8RH4NET,Davis et al. 2020,mean_diff,rotational_grazing,Pulse-grazed,Traditional (season-long) grazed,abundance,grasshopper_sparrow,grasshopper_sparrow,species,obligate,abundance,count,,,,,,two group means,hedges_g,-0.023,-0.768,0.39067739579522925,0.2731113851172022,69,species,obligate_grassland,FALSE,FALSE,TRUE
md_0329,YXR6499E,Davis et al. 2020b,mean_diff,plant_nwsg,Native grassland,Exotic grassland,abundance,horned_lark,horned_lark,species,obligate,abundance,count,,,,,Maximum number of singing males per point count,two group means,hedges_g,1.1,2.3,-0.3445519656032709,0.10357966173278206,377,species,obligate_grassland,FALSE,FALSE,TRUE
md_0330,YXR6499E,Davis et al. 2020b,mean_diff,plant_nwsg,Native grassland,Exotic grassland,abundance,spragues_pipit,spragues_pipit,species,obligate,abundance,count,,,,,Maximum number of singing males per point count,two group means,hedges_g,1,0,1.0092024509351003,0.10918827738729704,377,species,obligate_grassland,FALSE,FALSE,TRUE
md_0331,YXR6499E,Davis et al. 2020b,mean_diff,plant_nwsg,Native grassland,Exotic grassland,abundance,chestnut_collared_longspur,chestnut_collared_longspur,species,obligate,abundance,count,,,,,Maximum number of singing males per point count,two group means,hedges_g,1.1,0.4,0.2543706960946633,0.10323329353948718,377,species,obligate_grassland,FALSE,FALSE,TRUE
md_0332,YXR6499E,Davis et al. 2020b,mean_diff,plant_nwsg,Native grassland,Exotic grassland,abundance,vesper_sparrow,vesper_sparrow,species,obligate,abundance,count,,,,,Maximum number of singing males per point count,two group means,hedges_g,1.6,2.3,-0.2543706960946631,0.10323329353948718,377,species,obligate_grassland,FALSE,FALSE,TRUE
md_0333,YXR6499E,Davis et al. 2020b,mean_diff,plant_nwsg,Native grassland,Exotic grassland,abundance,savannah_sparrow,savannah_sparrow,species,obligate,abundance,count,,,,,Maximum number of singing males per point count,two group means,hedges_g,3.4,3.4,0,0.10281681756024762,377,species,obligate_grassland,FALSE,FALSE,TRUE
md_0334,YXR6499E,Davis et al. 2020b,mean_diff,plant_nwsg,Native grassland,Exotic grassland,abundance,bairds_sparrow,bairds_sparrow,species,obligate,abundance,count,,,,,Maximum number of singing males per point count,two group means,hedges_g,1.9,0.2,0.7728261247821572,0.10659934464984606,377,species,obligate_grassland,FALSE,FALSE,TRUE
md_0335,YXR6499E,Davis et al. 2020b,mean_diff,plant_nwsg,Native grassland,Exotic grassland,abundance,western_meadowlark,western_meadowlark,species,obligate,abundance,count,,,,,Maximum number of singing males per point count,two group means,hedges_g,0.3,0.3,0,0.10281681756024762,377,species,obligate_grassland,FALSE,FALSE,TRUE
md_0339,IAAZA5MM,Denny et al. 2021,mean_diff,delay_hay,late hay,early hay,nest_success,savannah_sparrow,savannah_sparrow,species,obligate,nest_success,count,period_survival,,,,"Chose Philopatric, sample size is not provide by treatment, so this is assuming an even number of nests per treatment; Unsure of link term, but it is likely logit",log hazard ratio from arm survival,log_hazard_ratio,0.377,0.169,0.6002032351909932,0.19788151018743147,70,species,obligate_grassland,FALSE,FALSE,TRUE
md_0341,IAAZA5MM,Denny et al. 2021,mean_diff,delay_hay,late hay,early hay,nest_success,bobolink,bobolink,species,obligate,nest_success,count,period_survival,,,,"Chose Philopatric, sample size is not provide by treatment, so this is assuming an even number of nests per treatment; Unsure of link term, but it is likely logit",log hazard ratio from arm survival,log_hazard_ratio,0.432,0.216,0.6020369894986823,0.27655351013794716,57,species,obligate_grassland,FALSE,FALSE,TRUE
md_0342,YD99BG64,Duchardt et al. 2016,mean_diff,manage_in_patches,patch-burn graze,graze-and-burn,density,dickcissel,dickcissel,species,obligate,abundance,count,,,,,"More ""manage in patches"" than it is a test of prescribed_fire; Four pastures, but between 3 and 9 transects per treatment",two group means,hedges_g,1.048,0.941,0.340633547382636,0.6207445404500536,8,species,obligate_grassland,FALSE,FALSE,TRUE
md_0343,YD99BG64,Duchardt et al. 2016,mean_diff,manage_in_patches,patch-burn graze,graze-and-burn,density,grasshopper_sparrow,grasshopper_sparrow,species,obligate,abundance,count,,,,,"Four pastures, but between 3 and 9 transects per treatment",two group means,hedges_g,1.21,1.004,0.8477511259455702,0.6503763963042993,8,species,obligate_grassland,FALSE,FALSE,TRUE
md_0344,YD99BG64,Duchardt et al. 2016,mean_diff,manage_in_patches,patch-burn graze,graze-and-burn,density,bobolink,bobolink,species,obligate,abundance,count,,,,,"Four pastures, but between 3 and 9 transects per treatment",two group means,hedges_g,0.936,0.722,0.7253983892836774,0.6410612374000262,8,species,obligate_grassland,FALSE,FALSE,TRUE
md_0345,YD99BG64,Duchardt et al. 2016,mean_diff,manage_in_patches,patch-burn graze,graze-and-burn,density,eastern_meadowlark,eastern_meadowlark,species,obligate,abundance,count,,,,,"Four pastures, but between 3 and 9 transects per treatment",two group means,hedges_g,0.909,0.661,1.277502884508039,0.692872776845642,8,species,obligate_grassland,FALSE,FALSE,TRUE
md_0346,YD99BG64,Duchardt et al. 2016,mean_diff,manage_in_patches,patch-burn graze,graze-and-burn,density,red_winged_blackbird,red_winged_blackbird,species,facultative,abundance,count,,,,,"Four pastures, but between 3 and 9 transects per treatment",two group means,hedges_g,0.625,0.775,-0.5341204001165596,0.6292075343336134,8,species,facultative_grassland,FALSE,FALSE,TRUE
md_0347,YD99BG64,Duchardt et al. 2016,mean_diff,manage_in_patches,patch-burn graze,graze-and-burn,density,common_yellowthroat,common_yellowthroat,species,facultative,abundance,count,,,,,"Four pastures, but between 3 and 9 transects per treatment",two group means,hedges_g,0.176,0.256,-0.6244623454188782,0.6343846703312361,8,species,facultative_grassland,FALSE,FALSE,TRUE
md_0348,YD99BG64,Duchardt et al. 2016,mean_diff,manage_in_patches,patch-burn graze,graze-and-burn,density,northern_bobwhite,northern_bobwhite,species,facultative,abundance,count,,,,,"Four pastures, but between 3 and 9 transects per treatment",two group means,hedges_g,0.038,0.073,-0.3846653232781424,0.6223502203998048,8,species,facultative_grassland,FALSE,FALSE,TRUE
md_0349,YD99BG64,Duchardt et al. 2016,mean_diff,manage_in_patches,patch-burn graze,graze-and-burn,density,eastern_bluebird,eastern_bluebird,species,facultative,abundance,count,,,,,"Four pastures, but between 3 and 9 transects per treatment",two group means,hedges_g,0.028,0.045,-0.43403233616304165,0.6243763592182122,8,species,facultative_grassland,FALSE,FALSE,TRUE
md_0350,YD99BG64,Duchardt et al. 2016,mean_diff,manage_in_patches,patch-burn graze,graze-and-burn,density,loggerhead_shrike,loggerhead_shrike,species,facultative,abundance,count,,,,,"Four pastures, but between 3 and 9 transects per treatment",two group means,hedges_g,0,0.079,-1.7348271960787964,0.7524449622160461,8,species,facultative_grassland,FALSE,FALSE,TRUE
md_0351,DS5EPZ93,Eggebo et al. 2003,mean_diff,plant_nwsg,Old NWSG field (planted 10-13 years prior),Old CSG fields (planted 10-13 years prior),crowing counts (male count),ring_necked_pheasant,ring_necked_pheasant,species,facultative,abundance,count,,,,,Crowing counts of males,two group means,hedges_g,7.5,13.9,-0.6574200161031475,0.4493380425467687,20,species,facultative_grassland,FALSE,FALSE,TRUE
md_0352,DS5EPZ93,Eggebo et al. 2003,mean_diff,plant_nwsg,New NWSG field (planted 1-3 years prior),New CSG fields (planted 1-3 years prior),crowing counts (male count),ring_necked_pheasant,ring_necked_pheasant,species,facultative,abundance,count,,,,,Crowing counts of males,two group means,hedges_g,4.9,5.3,-0.12084771467340533,0.4317870146600252,21,species,facultative_grassland,FALSE,FALSE,TRUE
md_0353,N8CXRDSX,Evans et al. 2014,mean_diff,provide_overwintering_habitat,buffered,non-buffered,species_richness - 2007,wintering_species,wintering_species,aggregate,other,species_richness,count,,,,,Should this also be edge and shrub (buffered)?,two group means,hedges_g,5.687,5.571,0.03199277920698003,0.1337871287360113,222,community,,FALSE,FALSE,TRUE
md_0354,N8CXRDSX,Evans et al. 2014,mean_diff,plant_nwsg,buffered,non-buffered,species_richness - 2007,wintering_species,wintering_species,aggregate,other,species_richness,count,,,,,Should this also be edge and shrub (buffered)?,two group means,hedges_g,5.687,5.571,0.03199277920698003,0.1337871287360113,222,community,,FALSE,FALSE,TRUE
md_0355,N8CXRDSX,Evans et al. 2014,mean_diff,edge_and_shrub_habitat,buffered,non-buffered,species_richness - 2007,wintering_species,wintering_species,aggregate,other,species_richness,count,,,,,Should this also be edge and shrub (buffered)?,two group means,hedges_g,5.687,5.571,0.03199277920698003,0.1337871287360113,222,community,,FALSE,FALSE,TRUE
md_0356,N8CXRDSX,Evans et al. 2014,mean_diff,provide_overwintering_habitat,buffered,non-buffered,species_richness - 2008,wintering_species,wintering_species,aggregate,other,species_richness,count,,,,,,two group means,hedges_g,5.338,4.142,0.2849552290957375,0.13446029996761183,222,community,,FALSE,FALSE,TRUE
md_0357,N8CXRDSX,Evans et al. 2014,mean_diff,plant_nwsg,buffered,non-buffered,species_richness - 2008,wintering_species,wintering_species,aggregate,other,species_richness,count,,,,,,two group means,hedges_g,5.338,4.142,0.2849552290957375,0.13446029996761183,222,community,,FALSE,FALSE,TRUE
md_0358,N8CXRDSX,Evans et al. 2014,mean_diff,edge_and_shrub_habitat,buffered,non-buffered,species_richness - 2008,wintering_species,wintering_species,aggregate,other,species_richness,count,,,,,,two group means,hedges_g,5.338,4.142,0.2849552290957375,0.13446029996761183,222,community,,FALSE,FALSE,TRUE
md_0359,VAP55SP2,Fletcher and Koford 2002,mean_diff,plant_nwsg,Native prairie,restored grassland (CSG and WSG mix),species_richness,all_species,all_species,aggregate,,species_richness,count,,,,,Is this control adequate for a plant nwsg test?; Treatment is defined here as the native prairie,two group means,hedges_g,6.7,6.5,0.205303414279256,0.4295455748307573,20,community,,FALSE,FALSE,TRUE
md_0360,VAP55SP2,Fletcher and Koford 2002,mean_diff,plant_nwsg,Native prairie,restored grassland (CSG and WSG mix),density (male/ha),sedge_wren,sedge_wren,species,obligate,abundance,count,,,,,Treatment is defined here as the native prairie,two group means,hedges_g,0.79,0.6,0.4012157600044584,0.43298962540771874,20,species,obligate_grassland,FALSE,FALSE,TRUE
md_0361,VAP55SP2,Fletcher and Koford 2002,mean_diff,plant_nwsg,Native prairie,restored grassland (CSG and WSG mix),density (male/ha),common_yellowthroat,common_yellowthroat,species,facultative,abundance,count,,,,,Treatment is defined here as the native prairie,two group means,hedges_g,2.68,1.04,0.7003786090891713,0.4424013092889303,20,species,facultative_grassland,FALSE,FALSE,TRUE
md_0362,VAP55SP2,Fletcher and Koford 2002,mean_diff,plant_nwsg,Native prairie,restored grassland (CSG and WSG mix),density (male/ha),savannah_sparrow,savannah_sparrow,species,obligate,abundance,count,,,,,Treatment is defined here as the native prairie,two group means,hedges_g,0.07,0.67,-1.25562838432684,0.4720918655802051,20,species,obligate_grassland,FALSE,FALSE,TRUE
md_0363,VAP55SP2,Fletcher and Koford 2002,mean_diff,plant_nwsg,Native prairie,restored grassland (CSG and WSG mix),density (male/ha),grasshopper_sparrow,grasshopper_sparrow,species,obligate,abundance,count,,,,,Treatment is defined here as the native prairie,two group means,hedges_g,0.08,0.32,-1.3136148786526125,0.4760202356982901,20,species,obligate_grassland,FALSE,FALSE,TRUE
md_0364,VAP55SP2,Fletcher and Koford 2002,mean_diff,plant_nwsg,Native prairie,restored grassland (CSG and WSG mix),density (male/ha),dickcissel,dickcissel,species,obligate,abundance,count,,,,,Treatment is defined here as the native prairie,two group means,hedges_g,0.38,0.29,0.49365591241323314,0.4353711836529046,20,species,obligate_grassland,FALSE,FALSE,TRUE
md_0365,VAP55SP2,Fletcher and Koford 2002,mean_diff,plant_nwsg,Native prairie,restored grassland (CSG and WSG mix),density (male/ha),bobolink,bobolink,species,obligate,abundance,count,,,,,Treatment is defined here as the native prairie,two group means,hedges_g,1.62,1.46,0.1459658266477712,0.4289385901531149,20,species,obligate_grassland,FALSE,FALSE,TRUE
md_0366,VAP55SP2,Fletcher and Koford 2002,mean_diff,plant_nwsg,Native prairie,restored grassland (CSG and WSG mix),density (male/ha),red_winged_blackbird,red_winged_blackbird,species,facultative,abundance,count,,,,,Treatment is defined here as the native prairie,two group means,hedges_g,0.68,0.97,-0.8600735854048214,0.44938716922782224,20,species,facultative_grassland,FALSE,FALSE,TRUE
md_0367,VAP55SP2,Fletcher and Koford 2002,mean_diff,plant_nwsg,Native prairie,restored grassland (CSG and WSG mix),density (male/ha),american_goldfinch,american_goldfinch,species,facultative,abundance,count,,,,,Treatment is defined here as the native prairie,two group means,hedges_g,0.2,0.07,0.5137553743513714,0.43595215124562775,20,species,facultative_grassland,FALSE,FALSE,TRUE
md_0369,DDEKX9E9,Gehlbach 1994,mean_diff,install_nest_boxes,nest box,natural nest,successful nests (%),eastern_screech_owl,eastern_screech_owl,species,woodland,nest_success,count,period_survival,,,,,log hazard ratio from arm survival,log_hazard_ratio,67.8,81.1,-0.6179083420543882,0.4858248417881438,10,species,,FALSE,TRUE,FALSE
md_0370,KHQAUEP3,Genghini et al. 2006,mean_diff,eliminate_pesticides,Organic farm,Conventional,density,all_species,all_species,aggregate,,abundance,count,,,,,,two group means,hedges_g,2.77,1.75,0.570689424470249,0.3241448655678405,41,community,,FALSE,FALSE,TRUE
md_0371,KHQAUEP3,Genghini et al. 2006,mean_diff,eliminate_pesticides,Organic farm,Conventional,shannon diversity,all_species,all_species,aggregate,,species_richness,diversity,,,,,Alpha diversity expressed as shannon diversity,two group means,hedges_g,0.68,0.4,1.1612192341199783,0.3428445389740588,41,community,,FALSE,FALSE,TRUE
md_0372,LU5JZP88,Giuliano and Daves 2002,mean_diff,plant_nwsg,NWSG,CSG,species_richness,all_species,all_species,aggregate,,species_richness,count,,,,,Treatment is defined as NWSG; sample size is the minimum across years (three more were added),two group means,hedges_g,11.1,7.1,1.0622363027154669,0.32420795719946555,42,community,,FALSE,FALSE,TRUE
md_0374,LU5JZP88,Giuliano and Daves 2002,mean_diff,plant_nwsg,NWSG,CSG,depredation_rate,all_species,all_species,aggregate,,nest_success,count,period_survival,identity,,,May want to choose either fledge rate *or* depredation rate; Treatment is defined as NWSG; sample size is the number of nests; Review: Two-way randomized block analysis of variance,log hazard ratio from arm survival,log_hazard_ratio,0.31,0.35,0.1492305924260683,0.5292356329429394,168,community,,FALSE,FALSE,TRUE
md_0375,LU5JZP88,Giuliano and Daves 2002,mean_diff,plant_nwsg,NWSG,CSG,abundance,all_species,all_species,aggregate,,abundance,count,,,,,Treatment is defined as NWSG; sample size is the minimum across years (three more were added),two group means,hedges_g,11.6,7.1,0.845003804481712,0.31650984761900686,42,community,,FALSE,FALSE,TRUE
md_0376,LU5JZP88,Giuliano and Daves 2002,mean_diff,plant_nwsg,NWSG,CSG,abundance,bobolink,bobolink,species,obligate,abundance,count,,,,,Treatment is defined as NWSG; sample size is the minimum across years (three more were added),two group means,hedges_g,0.19,0.04,0.2969040726299786,0.3045119675594025,42,species,obligate_grassland,FALSE,FALSE,TRUE
md_0377,LU5JZP88,Giuliano and Daves 2002,mean_diff,plant_nwsg,NWSG,CSG,abundance,savannah_sparrow,savannah_sparrow,species,obligate,abundance,count,,,,,Treatment is defined as NWSG; sample size is the minimum across years (three more were added),two group means,hedges_g,1.06,0.61,1.0017502836401506,0.3219077216733957,42,species,obligate_grassland,FALSE,FALSE,TRUE
md_0378,LU5JZP88,Giuliano and Daves 2002,mean_diff,plant_nwsg,NWSG,CSG,abundance,grasshopper_sparrow,grasshopper_sparrow,species,obligate,abundance,count,,,,,Treatment is defined as NWSG; sample size is the minimum across years (three more were added),two group means,hedges_g,0.56,0.46,0.08054929498586774,0.30291145541619313,42,species,obligate_grassland,FALSE,FALSE,TRUE
md_0379,LU5JZP88,Giuliano and Daves 2002,mean_diff,plant_nwsg,NWSG,CSG,abundance,song_sparrow,song_sparrow,species,facultative,abundance,count,,,,,Treatment is defined as NWSG; sample size is the minimum across years (three more were added),two group means,hedges_g,0.96,0.17,0.6381485013601547,0.3106865421155339,42,species,facultative_grassland,FALSE,FALSE,TRUE
md_0380,LU5JZP88,Giuliano and Daves 2002,mean_diff,plant_nwsg,NWSG,CSG,abundance,field_sparrow,field_sparrow,species,facultative,abundance,count,,,,,Treatment is defined as NWSG; sample size is the minimum across years (three more were added),two group means,hedges_g,0.72,0.18,0.6010501701840903,0.3098045179209122,42,species,facultative_grassland,FALSE,FALSE,TRUE
md_0381,LU5JZP88,Giuliano and Daves 2002,mean_diff,plant_nwsg,NWSG,CSG,abundance,eastern_meadowlark,eastern_meadowlark,species,obligate,abundance,count,,,,,Treatment is defined as NWSG; sample size is the minimum across years (three more were added),two group means,hedges_g,0.31,0.2,0.2658126734533634,0.3041697828970892,42,species,obligate_grassland,FALSE,FALSE,TRUE
md_0382,LU5JZP88,Giuliano and Daves 2002,mean_diff,plant_nwsg,NWSG,CSG,abundance,red_winged_blackbird,red_winged_blackbird,species,facultative,abundance,count,,,,,Treatment is defined as NWSG; sample size is the minimum across years (three more were added),two group means,hedges_g,1.86,2.68,-0.36077865073312776,0.305332029089412,42,species,facultative_grassland,FALSE,FALSE,TRUE
md_0383,LU5JZP88,Giuliano and Daves 2002,mean_diff,plant_nwsg,NWSG,CSG,abundance,american_goldfinch,american_goldfinch,species,facultative,abundance,count,,,,,Treatment is defined as NWSG; sample size is the minimum across years (three more were added),two group means,hedges_g,0.31,0.05,0.42693987042933496,0.30634634245753983,42,species,facultative_grassland,FALSE,FALSE,TRUE
md_0384,LU5JZP88,Giuliano and Daves 2002,mean_diff,plant_nwsg,NWSG,CSG,abundance,common_yellowthroat,common_yellowthroat,species,facultative,abundance,count,,,,,Treatment is defined as NWSG; sample size is the minimum across years (three more were added),two group means,hedges_g,0.29,0.06,0.5505549468143611,0.3086852292889223,42,species,facultative_grassland,FALSE,FALSE,TRUE
md_0385,9VXKLDSA,Gowdy et al. 2022,mean_diff,plant_nwsg,pre-restoration,post-restoration,species_richness,all_species,all_species,aggregate,,species_richness,count,,,,,,two group means,hedges_g,3.42,1.87,-3.2264555131496437,0.4924894139790114,38,community,,FALSE,FALSE,TRUE
md_0386,9VXKLDSA,Gowdy et al. 2022,mean_diff,plant_nwsg,pre-restoration,post-restoration,relative abundance,all_species,all_species,aggregate,,abundance,count,,,,,,two group means,hedges_g,9.36,3.08,-10.84263625882322,1.2854767106828089,38,community,,FALSE,FALSE,TRUE
md_0387,JFJNVKAK,Grahmann et al. 2018,mean_diff,prescribed_fire,Patch-burn grazed fields,Grazed fields,density,northern_bobwhite,northern_bobwhite,species,facultative,abundance,count,,,,,Might want to think on whether this is a straightforward test of prescribed_fire,two group means,hedges_g,2.9,2.6,0.21949179417067863,0.5766738187298179,4,species,facultative_grassland,FALSE,FALSE,TRUE
md_0390,M8T4QVJ5,Grueebler et al. 2012,mean_diff,delay_hay,Late mowed fields,Early mowed fields,nest survival probability,whinchat,whinchat,species,obligate,nest_success,count,period_survival,identity,,,"Unsure of link term, but it is likely logit",log hazard ratio from arm survival,log_hazard_ratio,0.701,0.085,1.9371748598865732,0.12197134741182213,52,species,obligate_grassland,FALSE,FALSE,TRUE
md_0391,3J65GCSW,Harrison et al. 2010,mean_diff,grazing_intensity,Moderate intensity grazing,High intensity grazing,abundance,western_meadowlark,western_meadowlark,species,obligate,abundance,count,,,,,Estimates represent betas,two group means,hedges_g,-1.63,-0.14,-1.5816559797411842,0.8312249477051104,5,species,obligate_grassland,FALSE,FALSE,TRUE
md_0392,9HH6YMIM,Henningsen and Best 2005,mean_diff,plant_nwsg,WSG non-wooded riparian filter strips,CSG non-wooded riparian filter strips,density (birds/count/100 ha),ring_necked_pheasant,ring_necked_pheasant,species,facultative,abundance,count,,,,,,two group means,hedges_g,5.6,9.4,-0.2924954203356787,0.4696152028498616,20,species,facultative_grassland,FALSE,FALSE,TRUE
md_0393,9HH6YMIM,Henningsen and Best 2005,mean_diff,plant_nwsg,WSG non-wooded riparian filter strips,CSG non-wooded riparian filter strips,density (birds/count/100 ha),barn_swallow,barn_swallow,species,facultative,abundance,count,,,,,,two group means,hedges_g,39.3,64.7,-0.3915846842108416,0.4714160196657466,20,species,facultative_grassland,FALSE,FALSE,TRUE
md_0394,9HH6YMIM,Henningsen and Best 2005,mean_diff,plant_nwsg,WSG non-wooded riparian filter strips,CSG non-wooded riparian filter strips,density (birds/count/100 ha),cliff_swallow,cliff_swallow,species,facultative,abundance,count,,,,,,two group means,hedges_g,49.7,6.4,1.35640838340484,0.5141942162637152,20,species,facultative_grassland,FALSE,FALSE,TRUE
md_0395,9HH6YMIM,Henningsen and Best 2005,mean_diff,plant_nwsg,WSG non-wooded riparian filter strips,CSG non-wooded riparian filter strips,density (birds/count/100 ha),sedge_wren,sedge_wren,species,obligate,abundance,count,,,,,,two group means,hedges_g,10.6,17.5,-0.3185626961076742,0.4700389922746492,20,species,obligate_grassland,FALSE,FALSE,TRUE
md_0396,9HH6YMIM,Henningsen and Best 2005,mean_diff,plant_nwsg,WSG non-wooded riparian filter strips,CSG non-wooded riparian filter strips,density (birds/count/100 ha),common_yellowthroat,common_yellowthroat,species,facultative,abundance,count,,,,,,two group means,hedges_g,112.2,94,0.2672474135644064,0.4692388826346391,20,species,facultative_grassland,FALSE,FALSE,TRUE
md_0397,9HH6YMIM,Henningsen and Best 2005,mean_diff,plant_nwsg,WSG non-wooded riparian filter strips,CSG non-wooded riparian filter strips,density (birds/count/100 ha) - 2001,eastern_meadowlark,eastern_meadowlark,species,obligate,abundance,count,,,,,,two group means,hedges_g,2.2,1.4,0.205798179450845,0.4684638958782363,20,species,obligate_grassland,FALSE,FALSE,TRUE
md_0398,9HH6YMIM,Henningsen and Best 2005,mean_diff,plant_nwsg,WSG non-wooded riparian filter strips,CSG non-wooded riparian filter strips,density (birds/count/100 ha) - 2002,eastern_meadowlark,eastern_meadowlark,species,obligate,abundance,count,,,,,,two group means,hedges_g,4.8,6.7,-0.20212023518488423,0.4684238617017314,20,species,obligate_grassland,FALSE,FALSE,TRUE
md_0399,9HH6YMIM,Henningsen and Best 2005,mean_diff,plant_nwsg,WSG non-wooded riparian filter strips,CSG non-wooded riparian filter strips,density (birds/count/100 ha),red_winged_blackbird,red_winged_blackbird,species,facultative,abundance,count,,,,,,two group means,hedges_g,428,592.3,-1.0789363053523395,0.4974959178224148,20,species,facultative_grassland,FALSE,FALSE,TRUE
md_0400,9HH6YMIM,Henningsen and Best 2005,mean_diff,plant_nwsg,WSG non-wooded riparian filter strips,CSG non-wooded riparian filter strips,density (birds/count/100 ha),indigo_bunting,indigo_bunting,species,facultative,abundance,count,,,,,,two group means,hedges_g,1.9,3.6,-0.258186674476897,0.4691120425300538,20,species,facultative_grassland,FALSE,FALSE,TRUE
md_0401,9HH6YMIM,Henningsen and Best 2005,mean_diff,plant_nwsg,WSG non-wooded riparian filter strips,CSG non-wooded riparian filter strips,density (birds/count/100 ha),dickcissel,dickcissel,species,obligate,abundance,count,,,,,,two group means,hedges_g,103.3,76.7,0.43137952403120594,0.4722836084585381,20,species,obligate_grassland,FALSE,FALSE,TRUE
md_0402,9HH6YMIM,Henningsen and Best 2005,mean_diff,plant_nwsg,WSG non-wooded riparian filter strips,CSG non-wooded riparian filter strips,density (birds/count/100 ha),american_goldfinch,american_goldfinch,species,facultative,abundance,count,,,,,,two group means,hedges_g,3.6,6.5,-0.37020434383063466,0.47098394970482776,20,species,facultative_grassland,FALSE,FALSE,TRUE
md_0403,9HH6YMIM,Henningsen and Best 2005,mean_diff,plant_nwsg,WSG non-wooded riparian filter strips,CSG non-wooded riparian filter strips,density (birds/count/100 ha),song_sparrow,song_sparrow,species,facultative,abundance,count,,,,,,two group means,hedges_g,93.5,63,0.7160018704475855,0.48084931780849394,20,species,facultative_grassland,FALSE,FALSE,TRUE
md_0404,9HH6YMIM,Henningsen and Best 2005,mean_diff,plant_nwsg,WSG non-wooded riparian filter strips,CSG non-wooded riparian filter strips,species_richness,all_species,all_species,aggregate,,species_richness,count,,,,,,two group means,hedges_g,8.6,7.3,1.1478025650737194,0.5013340878940192,20,community,,FALSE,FALSE,TRUE
md_0405,9HH6YMIM,Henningsen and Best 2005,mean_diff,plant_nwsg,WSG wooded riparian filter strips,CSG wooded riparian filter strips,density (birds/count/100 ha),ring_necked_pheasant,ring_necked_pheasant,species,facultative,abundance,count,,,,,,two group means,hedges_g,5.2,0.9,0.6614260837993176,0.5335422871634032,13,species,facultative_grassland,FALSE,FALSE,TRUE
md_0406,9HH6YMIM,Henningsen and Best 2005,mean_diff,plant_nwsg,WSG wooded riparian filter strips,CSG wooded riparian filter strips,density (birds/count/100 ha),barn_swallow,barn_swallow,species,facultative,abundance,count,,,,,,two group means,hedges_g,35,24.4,0.3394730077588477,0.5217982639815144,13,species,facultative_grassland,FALSE,FALSE,TRUE
md_0407,9HH6YMIM,Henningsen and Best 2005,mean_diff,plant_nwsg,WSG wooded riparian filter strips,CSG wooded riparian filter strips,density (birds/count/100 ha),cliff_swallow,cliff_swallow,species,facultative,abundance,count,,,,,,two group means,hedges_g,6.9,0.7,0.6800087067531624,0.5344400036094735,13,species,facultative_grassland,FALSE,FALSE,TRUE
md_0408,9HH6YMIM,Henningsen and Best 2005,mean_diff,plant_nwsg,WSG wooded riparian filter strips,CSG wooded riparian filter strips,density (birds/count/100 ha),sedge_wren,sedge_wren,species,obligate,abundance,count,,,,,,two group means,hedges_g,4.1,1.3,0.4920570987503931,0.5264535702035253,13,species,obligate_grassland,FALSE,FALSE,TRUE
md_0409,9HH6YMIM,Henningsen and Best 2005,mean_diff,plant_nwsg,WSG wooded riparian filter strips,CSG wooded riparian filter strips,density (birds/count/100 ha),common_yellowthroat,common_yellowthroat,species,facultative,abundance,count,,,,,,two group means,hedges_g,30.6,17.7,0.6107781643824269,0.5312147609574719,13,species,facultative_grassland,FALSE,FALSE,TRUE
md_0411,9HH6YMIM,Henningsen and Best 2005,mean_diff,plant_nwsg,WSG wooded riparian filter strips,CSG wooded riparian filter strips,density (birds/count/100 ha) - 2002,eastern_meadowlark,eastern_meadowlark,species,obligate,abundance,count,,,,,,two group means,hedges_g,1.4,4.1,-0.2782558648431257,0.5204027116263658,13,species,obligate_grassland,FALSE,FALSE,TRUE
md_0412,9HH6YMIM,Henningsen and Best 2005,mean_diff,plant_nwsg,WSG wooded riparian filter strips,CSG wooded riparian filter strips,density (birds/count/100 ha),red_winged_blackbird,red_winged_blackbird,species,facultative,abundance,count,,,,,,two group means,hedges_g,65.7,27.6,1.123464474997575,0.5624821241341438,13,species,facultative_grassland,FALSE,FALSE,TRUE
md_0413,9HH6YMIM,Henningsen and Best 2005,mean_diff,plant_nwsg,WSG wooded riparian filter strips,CSG wooded riparian filter strips,density (birds/count/100 ha),indigo_bunting,indigo_bunting,species,facultative,abundance,count,,,,,,two group means,hedges_g,9.5,4.7,0.5138152742767734,0.5272524336570911,13,species,facultative_grassland,FALSE,FALSE,TRUE
md_0414,9HH6YMIM,Henningsen and Best 2005,mean_diff,plant_nwsg,WSG wooded riparian filter strips,CSG wooded riparian filter strips,density (birds/count/100 ha),dickcissel,dickcissel,species,obligate,abundance,count,,,,,,two group means,hedges_g,8,10.6,-0.24877766167974125,0.5198282829491787,13,species,obligate_grassland,FALSE,FALSE,TRUE
md_0415,9HH6YMIM,Henningsen and Best 2005,mean_diff,plant_nwsg,WSG wooded riparian filter strips,CSG wooded riparian filter strips,density (birds/count/100 ha),american_goldfinch,american_goldfinch,species,facultative,abundance,count,,,,,,two group means,hedges_g,5.6,3.2,0.26298998622960285,0.5200972891794596,13,species,facultative_grassland,FALSE,FALSE,TRUE
md_0416,9HH6YMIM,Henningsen and Best 2005,mean_diff,plant_nwsg,WSG wooded riparian filter strips,CSG wooded riparian filter strips,density (birds/count/100 ha),song_sparrow,song_sparrow,species,facultative,abundance,count,,,,,,two group means,hedges_g,43.4,18.1,1.106411613830781,0.5611805506755713,13,species,facultative_grassland,FALSE,FALSE,TRUE
md_0417,9HH6YMIM,Henningsen and Best 2005,mean_diff,plant_nwsg,WSG wooded riparian filter strips,CSG wooded riparian filter strips,species_richness,all_species,all_species,aggregate,,species_richness,count,,,,,,two group means,hedges_g,6.4,5.8,0.31379751984335164,0.521179730408669,13,community,,FALSE,FALSE,TRUE
md_0418,9HH6YMIM,Henningsen and Best 2005,mean_diff,edge_and_shrub_habitat,CSG wooded riparian filter strips,CSG non-wooded riparian filter strips,density (birds/count/100 ha),ring_necked_pheasant,ring_necked_pheasant,species,facultative,abundance,count,,,,,,two group means,hedges_g,0.9,9.4,-0.6706375552996401,0.4792112975914069,20,species,facultative_grassland,FALSE,FALSE,TRUE
md_0419,9HH6YMIM,Henningsen and Best 2005,mean_diff,edge_and_shrub_habitat,CSG wooded riparian filter strips,CSG non-wooded riparian filter strips,density (birds/count/100 ha),barn_swallow,barn_swallow,species,facultative,abundance,count,,,,,,two group means,hedges_g,24.4,64.7,-0.6193071907714557,0.47748103039630146,20,species,facultative_grassland,FALSE,FALSE,TRUE
md_0420,9HH6YMIM,Henningsen and Best 2005,mean_diff,edge_and_shrub_habitat,CSG wooded riparian filter strips,CSG non-wooded riparian filter strips,density (birds/count/100 ha),cliff_swallow,cliff_swallow,species,facultative,abundance,count,,,,,,two group means,hedges_g,0.7,6.4,-0.6564074601440346,0.4787184645677473,20,species,facultative_grassland,FALSE,FALSE,TRUE
md_0421,9HH6YMIM,Henningsen and Best 2005,mean_diff,edge_and_shrub_habitat,CSG wooded riparian filter strips,CSG non-wooded riparian filter strips,density (birds/count/100 ha),sedge_wren,sedge_wren,species,obligate,abundance,count,,,,,,two group means,hedges_g,1.3,17.5,-0.7856362625291838,0.4835599320661334,20,species,obligate_grassland,FALSE,FALSE,TRUE
md_0422,9HH6YMIM,Henningsen and Best 2005,mean_diff,edge_and_shrub_habitat,CSG wooded riparian filter strips,CSG non-wooded riparian filter strips,density (birds/count/100 ha),common_yellowthroat,common_yellowthroat,species,facultative,abundance,count,,,,,,two group means,hedges_g,17.7,94,-1.2288304227750668,0.5061128378861988,20,species,facultative_grassland,FALSE,FALSE,TRUE
md_0423,9HH6YMIM,Henningsen and Best 2005,mean_diff,edge_and_shrub_habitat,CSG wooded riparian filter strips,CSG non-wooded riparian filter strips,density (birds/count/100 ha) - 2001,eastern_meadowlark,eastern_meadowlark,species,obligate,abundance,count,,,,,,two group means,hedges_g,0,1.4,-0.42167626671518293,0.4720644779291853,20,species,obligate_grassland,FALSE,FALSE,TRUE
md_0424,9HH6YMIM,Henningsen and Best 2005,mean_diff,edge_and_shrub_habitat,CSG wooded riparian filter strips,CSG non-wooded riparian filter strips,density (birds/count/100 ha) - 2002,eastern_meadowlark,eastern_meadowlark,species,obligate,abundance,count,,,,,,two group means,hedges_g,4.1,6.7,-0.2765855849898416,0.46937414619936974,20,species,obligate_grassland,FALSE,FALSE,TRUE
md_0425,9HH6YMIM,Henningsen and Best 2005,mean_diff,edge_and_shrub_habitat,CSG wooded riparian filter strips,CSG non-wooded riparian filter strips,density (birds/count/100 ha),red_winged_blackbird,red_winged_blackbird,species,facultative,abundance,count,,,,,,two group means,hedges_g,27.6,592.3,-4.27926443509992,0.8223151476852162,20,species,facultative_grassland,FALSE,FALSE,TRUE
md_0426,9HH6YMIM,Henningsen and Best 2005,mean_diff,edge_and_shrub_habitat,CSG wooded riparian filter strips,CSG non-wooded riparian filter strips,density (birds/count/100 ha),indigo_bunting,indigo_bunting,species,facultative,abundance,count,,,,,,two group means,hedges_g,4.7,3.6,0.15649805573073644,0.4679870623328924,20,species,facultative_grassland,FALSE,FALSE,TRUE
md_0427,9HH6YMIM,Henningsen and Best 2005,mean_diff,edge_and_shrub_habitat,CSG wooded riparian filter strips,CSG non-wooded riparian filter strips,density (birds/count/100 ha),dickcissel,dickcissel,species,obligate,abundance,count,,,,,,two group means,hedges_g,10.6,76.7,-1.2013745284723794,0.504462207123922,20,species,obligate_grassland,FALSE,FALSE,TRUE
md_0428,9HH6YMIM,Henningsen and Best 2005,mean_diff,edge_and_shrub_habitat,CSG wooded riparian filter strips,CSG non-wooded riparian filter strips,density (birds/count/100 ha),american_goldfinch,american_goldfinch,species,facultative,abundance,count,,,,,,two group means,hedges_g,3.2,6.5,-0.3890253605370711,0.47136304241349675,20,species,facultative_grassland,FALSE,FALSE,TRUE
md_0429,9HH6YMIM,Henningsen and Best 2005,mean_diff,edge_and_shrub_habitat,CSG wooded riparian filter strips,CSG non-wooded riparian filter strips,density (birds/count/100 ha),song_sparrow,song_sparrow,species,facultative,abundance,count,,,,,,two group means,hedges_g,18.1,63,-1.1713475947468368,0.5026937230240328,20,species,facultative_grassland,FALSE,FALSE,TRUE
md_0430,9HH6YMIM,Henningsen and Best 2005,mean_diff,edge_and_shrub_habitat,CSG wooded riparian filter strips,CSG non-wooded riparian filter strips,species_richness,all_species,all_species,aggregate,,species_richness,count,,,,,,two group means,hedges_g,5.8,7.3,-0.9556252216091468,0.4911517978987466,20,community,,FALSE,FALSE,TRUE
md_0431,9HH6YMIM,Henningsen and Best 2005,mean_diff,plant_nwsg,WSG wooded riparian filter strips,WSG non-wooded riparian filter strips,density (birds/count/100 ha),ring_necked_pheasant,ring_necked_pheasant,species,facultative,abundance,count,,,,,"Because the comparison is wooded WSG vs. non-wooded CSG, I included plant_nwsg and edge_and_shrub as the bmp",two group means,hedges_g,5.2,5.6,-0.05326992336621882,0.5176390521985291,13,species,facultative_grassland,FALSE,FALSE,TRUE
md_0432,9HH6YMIM,Henningsen and Best 2005,mean_diff,edge_and_shrub_habitat,WSG wooded riparian filter strips,WSG non-wooded riparian filter strips,density (birds/count/100 ha),ring_necked_pheasant,ring_necked_pheasant,species,facultative,abundance,count,,,,,"Because the comparison is wooded WSG vs. non-wooded CSG, I included plant_nwsg and edge_and_shrub as the bmp",two group means,hedges_g,5.2,5.6,-0.05326992336621882,0.5176390521985291,13,species,facultative_grassland,FALSE,FALSE,TRUE
md_0433,9HH6YMIM,Henningsen and Best 2005,mean_diff,plant_nwsg,WSG wooded riparian filter strips,WSG non-wooded riparian filter strips,density (birds/count/100 ha),barn_swallow,barn_swallow,species,facultative,abundance,count,,,,,,two group means,hedges_g,35,39.3,-0.1411471874714419,0.5182733812745427,13,species,facultative_grassland,FALSE,FALSE,TRUE
md_0434,9HH6YMIM,Henningsen and Best 2005,mean_diff,edge_and_shrub_habitat,WSG wooded riparian filter strips,WSG non-wooded riparian filter strips,density (birds/count/100 ha),barn_swallow,barn_swallow,species,facultative,abundance,count,,,,,,two group means,hedges_g,35,39.3,-0.1411471874714419,0.5182733812745427,13,species,facultative_grassland,FALSE,FALSE,TRUE
md_0435,9HH6YMIM,Henningsen and Best 2005,mean_diff,plant_nwsg,WSG wooded riparian filter strips,WSG non-wooded riparian filter strips,density (birds/count/100 ha),cliff_swallow,cliff_swallow,species,facultative,abundance,count,,,,,,two group means,hedges_g,6.9,49.7,-1.0320095051508862,0.5557015950535695,13,species,facultative_grassland,FALSE,FALSE,TRUE
md_0436,9HH6YMIM,Henningsen and Best 2005,mean_diff,edge_and_shrub_habitat,WSG wooded riparian filter strips,WSG non-wooded riparian filter strips,density (birds/count/100 ha),cliff_swallow,cliff_swallow,species,facultative,abundance,count,,,,,,two group means,hedges_g,6.9,49.7,-1.0320095051508862,0.5557015950535695,13,species,facultative_grassland,FALSE,FALSE,TRUE
md_0437,9HH6YMIM,Henningsen and Best 2005,mean_diff,plant_nwsg,WSG wooded riparian filter strips,WSG non-wooded riparian filter strips,density (birds/count/100 ha),sedge_wren,sedge_wren,species,obligate,abundance,count,,,,,,two group means,hedges_g,4.1,10.6,-0.6236741830049458,0.531790759140835,13,species,obligate_grassland,FALSE,FALSE,TRUE
md_0438,9HH6YMIM,Henningsen and Best 2005,mean_diff,edge_and_shrub_habitat,WSG wooded riparian filter strips,WSG non-wooded riparian filter strips,density (birds/count/100 ha),sedge_wren,sedge_wren,species,obligate,abundance,count,,,,,,two group means,hedges_g,4.1,10.6,-0.6236741830049458,0.531790759140835,13,species,obligate_grassland,FALSE,FALSE,TRUE
md_0439,9HH6YMIM,Henningsen and Best 2005,mean_diff,plant_nwsg,WSG wooded riparian filter strips,WSG non-wooded riparian filter strips,density (birds/count/100 ha),common_yellowthroat,common_yellowthroat,species,facultative,abundance,count,,,,,,two group means,hedges_g,30.6,112.2,-1.9215371972609157,0.640197457913983,13,species,facultative_grassland,FALSE,FALSE,TRUE
md_0440,9HH6YMIM,Henningsen and Best 2005,mean_diff,edge_and_shrub_habitat,WSG wooded riparian filter strips,WSG non-wooded riparian filter strips,density (birds/count/100 ha),common_yellowthroat,common_yellowthroat,species,facultative,abundance,count,,,,,,two group means,hedges_g,30.6,112.2,-1.9215371972609157,0.640197457913983,13,species,facultative_grassland,FALSE,FALSE,TRUE
md_0441,9HH6YMIM,Henningsen and Best 2005,mean_diff,plant_nwsg,WSG wooded riparian filter strips,WSG non-wooded riparian filter strips,density (birds/count/100 ha) - 2001,eastern_meadowlark,eastern_meadowlark,species,obligate,abundance,count,,,,,,two group means,hedges_g,0,2.2,-0.8261495539862925,0.5423024382632206,13,species,obligate_grassland,FALSE,FALSE,TRUE
md_0442,9HH6YMIM,Henningsen and Best 2005,mean_diff,edge_and_shrub_habitat,WSG wooded riparian filter strips,WSG non-wooded riparian filter strips,density (birds/count/100 ha) - 2001,eastern_meadowlark,eastern_meadowlark,species,obligate,abundance,count,,,,,,two group means,hedges_g,0,2.2,-0.8261495539862925,0.5423024382632206,13,species,obligate_grassland,FALSE,FALSE,TRUE
md_0443,9HH6YMIM,Henningsen and Best 2005,mean_diff,plant_nwsg,WSG wooded riparian filter strips,WSG non-wooded riparian filter strips,density (birds/count/100 ha) - 2002,eastern_meadowlark,eastern_meadowlark,species,obligate,abundance,count,,,,,,two group means,hedges_g,1.4,4.8,-0.35039627424689906,0.5220759140811894,13,species,obligate_grassland,FALSE,FALSE,TRUE
md_0444,9HH6YMIM,Henningsen and Best 2005,mean_diff,edge_and_shrub_habitat,WSG wooded riparian filter strips,WSG non-wooded riparian filter strips,density (birds/count/100 ha) - 2002,eastern_meadowlark,eastern_meadowlark,species,obligate,abundance,count,,,,,,two group means,hedges_g,1.4,4.8,-0.35039627424689906,0.5220759140811894,13,species,obligate_grassland,FALSE,FALSE,TRUE
md_0445,9HH6YMIM,Henningsen and Best 2005,mean_diff,plant_nwsg,WSG wooded riparian filter strips,WSG non-wooded riparian filter strips,density (birds/count/100 ha),red_winged_blackbird,red_winged_blackbird,species,facultative,abundance,count,,,,,,two group means,hedges_g,65.7,428,-3.428376888150405,0.8484745429265347,13,species,facultative_grassland,FALSE,FALSE,TRUE
md_0446,9HH6YMIM,Henningsen and Best 2005,mean_diff,edge_and_shrub_habitat,WSG wooded riparian filter strips,WSG non-wooded riparian filter strips,density (birds/count/100 ha),red_winged_blackbird,red_winged_blackbird,species,facultative,abundance,count,,,,,,two group means,hedges_g,65.7,428,-3.428376888150405,0.8484745429265347,13,species,facultative_grassland,FALSE,FALSE,TRUE
md_0447,9HH6YMIM,Henningsen and Best 2005,mean_diff,plant_nwsg,WSG wooded riparian filter strips,WSG non-wooded riparian filter strips,density (birds/count/100 ha),indigo_bunting,indigo_bunting,species,facultative,abundance,count,,,,,,two group means,hedges_g,9.5,1.9,0.8673656147257056,0.5447720173211077,13,species,facultative_grassland,FALSE,FALSE,TRUE
md_0448,9HH6YMIM,Henningsen and Best 2005,mean_diff,edge_and_shrub_habitat,WSG wooded riparian filter strips,WSG non-wooded riparian filter strips,density (birds/count/100 ha),indigo_bunting,indigo_bunting,species,facultative,abundance,count,,,,,,two group means,hedges_g,9.5,1.9,0.8673656147257056,0.5447720173211077,13,species,facultative_grassland,FALSE,FALSE,TRUE
md_0449,9HH6YMIM,Henningsen and Best 2005,mean_diff,plant_nwsg,WSG wooded riparian filter strips,WSG non-wooded riparian filter strips,density (birds/count/100 ha),dickcissel,dickcissel,species,obligate,abundance,count,,,,,,two group means,hedges_g,8,103.3,-2.4995853414524873,0.7128435498829936,13,species,obligate_grassland,FALSE,FALSE,TRUE
md_0450,9HH6YMIM,Henningsen and Best 2005,mean_diff,edge_and_shrub_habitat,WSG wooded riparian filter strips,WSG non-wooded riparian filter strips,density (birds/count/100 ha),dickcissel,dickcissel,species,obligate,abundance,count,,,,,,two group means,hedges_g,8,103.3,-2.4995853414524873,0.7128435498829936,13,species,obligate_grassland,FALSE,FALSE,TRUE
md_0451,9HH6YMIM,Henningsen and Best 2005,mean_diff,plant_nwsg,WSG wooded riparian filter strips,WSG non-wooded riparian filter strips,density (birds/count/100 ha),american_goldfinch,american_goldfinch,species,facultative,abundance,count,,,,,,two group means,hedges_g,5.6,3.6,0.2482486482794516,0.5198185557711058,13,species,facultative_grassland,FALSE,FALSE,TRUE
md_0452,9HH6YMIM,Henningsen and Best 2005,mean_diff,edge_and_shrub_habitat,WSG wooded riparian filter strips,WSG non-wooded riparian filter strips,density (birds/count/100 ha),american_goldfinch,american_goldfinch,species,facultative,abundance,count,,,,,,two group means,hedges_g,5.6,3.6,0.2482486482794516,0.5198185557711058,13,species,facultative_grassland,FALSE,FALSE,TRUE
md_0453,9HH6YMIM,Henningsen and Best 2005,mean_diff,plant_nwsg,WSG wooded riparian filter strips,WSG non-wooded riparian filter strips,density (birds/count/100 ha),song_sparrow,song_sparrow,species,facultative,abundance,count,,,,,,two group means,hedges_g,43.4,93.5,-1.495881950818713,0.5948991518748087,13,species,facultative_grassland,FALSE,FALSE,TRUE
md_0454,9HH6YMIM,Henningsen and Best 2005,mean_diff,edge_and_shrub_habitat,WSG wooded riparian filter strips,WSG non-wooded riparian filter strips,density (birds/count/100 ha),song_sparrow,song_sparrow,species,facultative,abundance,count,,,,,,two group means,hedges_g,43.4,93.5,-1.495881950818713,0.5948991518748087,13,species,facultative_grassland,FALSE,FALSE,TRUE
md_0455,9HH6YMIM,Henningsen and Best 2005,mean_diff,plant_nwsg,WSG wooded riparian filter strips,WSG non-wooded riparian filter strips,species_richness,all_species,all_species,aggregate,,species_richness,count,,,,,,two group means,hedges_g,6.4,8.6,-1.7352611503134416,0.6193979233105654,13,community,,FALSE,FALSE,TRUE
md_0456,9HH6YMIM,Henningsen and Best 2005,mean_diff,edge_and_shrub_habitat,WSG wooded riparian filter strips,WSG non-wooded riparian filter strips,species_richness,all_species,all_species,aggregate,,species_richness,count,,,,,,two group means,hedges_g,6.4,8.6,-1.7352611503134416,0.6193979233105654,13,community,,FALSE,FALSE,TRUE
md_0457,9HH6YMIM,Henningsen and Best 2005,mean_diff,plant_nwsg,WSG non-wooded riparian filter strips,CSG non-wooded riparian filter strips,nest density (nests/100 ha),ring_necked_pheasant,ring_necked_pheasant,species,facultative,abundance,count,,,,,,two group means,hedges_g,0,2.8,-0.1294214872380854,0.550036440593636,15,species,facultative_grassland,FALSE,FALSE,TRUE
md_0458,9HH6YMIM,Henningsen and Best 2005,mean_diff,plant_nwsg,WSG non-wooded riparian filter strips,CSG non-wooded riparian filter strips,nest density (nests/100 ha),common_yellowthroat,common_yellowthroat,species,facultative,abundance,count,,,,,,two group means,hedges_g,34.2,10.2,0.6246318910710892,0.5612372539729111,15,species,facultative_grassland,FALSE,FALSE,TRUE
md_0459,9HH6YMIM,Henningsen and Best 2005,mean_diff,plant_nwsg,WSG non-wooded riparian filter strips,CSG non-wooded riparian filter strips,nest density (nests/100 ha),red_winged_blackbird,red_winged_blackbird,species,facultative,abundance,count,,,,,,two group means,hedges_g,1141.9,835.8,0.5787119704353427,0.559593906411716,15,species,facultative_grassland,FALSE,FALSE,TRUE
md_0460,9HH6YMIM,Henningsen and Best 2005,mean_diff,plant_nwsg,WSG non-wooded riparian filter strips,CSG non-wooded riparian filter strips,nest density (nests/100 ha),dickcissel,dickcissel,species,obligate,abundance,count,,,,,,two group means,hedges_g,153.8,68.5,1.0526987384877904,0.5821691418617777,15,species,obligate_grassland,FALSE,FALSE,TRUE
md_0461,9HH6YMIM,Henningsen and Best 2005,mean_diff,plant_nwsg,WSG non-wooded riparian filter strips,CSG non-wooded riparian filter strips,nest density (nests/100 ha),song_sparrow,song_sparrow,species,facultative,abundance,count,,,,,,two group means,hedges_g,6.4,26.6,-0.469489814517189,0.5561736342787192,15,species,facultative_grassland,FALSE,FALSE,TRUE
md_0462,9HH6YMIM,Henningsen and Best 2005,mean_diff,plant_nwsg,WSG wooded riparian filter strips,CSG wooded riparian filter strips,nest density (nests/100 ha),ring_necked_pheasant,ring_necked_pheasant,species,facultative,abundance,count,,,,,,two group means,hedges_g,18.7,15.8,0.1105520881373267,0.5968538702690003,9,species,facultative_grassland,FALSE,FALSE,TRUE
md_0463,9HH6YMIM,Henningsen and Best 2005,mean_diff,plant_nwsg,WSG wooded riparian filter strips,CSG wooded riparian filter strips,nest density (nests/100 ha),common_yellowthroat,common_yellowthroat,species,facultative,abundance,count,,,,,,two group means,hedges_g,35,34.4,0.0147273147581023,0.5962948978576877,9,species,facultative_grassland,FALSE,FALSE,TRUE
md_0464,9HH6YMIM,Henningsen and Best 2005,mean_diff,plant_nwsg,WSG wooded riparian filter strips,CSG wooded riparian filter strips,nest density (nests/100 ha),red_winged_blackbird,red_winged_blackbird,species,facultative,abundance,count,,,,,,two group means,hedges_g,181.6,154.7,0.04803639686632949,0.5963922784089112,9,species,facultative_grassland,FALSE,FALSE,TRUE
md_0466,9HH6YMIM,Henningsen and Best 2005,mean_diff,plant_nwsg,WSG wooded riparian filter strips,CSG wooded riparian filter strips,nest density (nests/100 ha),song_sparrow,song_sparrow,species,facultative,abundance,count,,,,,,two group means,hedges_g,45.6,18.6,0.5921922338643107,0.6124038084035548,9,species,facultative_grassland,FALSE,FALSE,TRUE
md_0467,9HH6YMIM,Henningsen and Best 2005,mean_diff,edge_and_shrub_habitat,CSG wooded riparian filter strips,CSG non-wooded riparian filter strips,nest density (nests/100 ha),ring_necked_pheasant,ring_necked_pheasant,species,facultative,abundance,count,,,,,,two group means,hedges_g,15.8,2.8,0.5260483483953045,0.5578583907205006,15,species,facultative_grassland,FALSE,FALSE,TRUE
md_0468,9HH6YMIM,Henningsen and Best 2005,mean_diff,edge_and_shrub_habitat,CSG wooded riparian filter strips,CSG non-wooded riparian filter strips,nest density (nests/100 ha),common_yellowthroat,common_yellowthroat,species,facultative,abundance,count,,,,,,two group means,hedges_g,34.4,20.2,0.3695738688837278,0.5536556541940204,15,species,facultative_grassland,FALSE,FALSE,TRUE
md_0469,9HH6YMIM,Henningsen and Best 2005,mean_diff,edge_and_shrub_habitat,CSG wooded riparian filter strips,CSG non-wooded riparian filter strips,nest density (nests/100 ha),red_winged_blackbird,red_winged_blackbird,species,facultative,abundance,count,,,,,,two group means,hedges_g,154.7,834.8,-1.2857955279094295,0.5975707154153519,15,species,facultative_grassland,FALSE,FALSE,TRUE
md_0470,9HH6YMIM,Henningsen and Best 2005,mean_diff,edge_and_shrub_habitat,CSG wooded riparian filter strips,CSG non-wooded riparian filter strips,nest density (nests/100 ha),dickcissel,dickcissel,species,obligate,abundance,count,,,,,,two group means,hedges_g,0,68.5,-0.9636273778053096,0.5770046326019839,15,species,obligate_grassland,FALSE,FALSE,TRUE
md_0471,9HH6YMIM,Henningsen and Best 2005,mean_diff,edge_and_shrub_habitat,CSG wooded riparian filter strips,CSG non-wooded riparian filter strips,nest density (nests/100 ha),song_sparrow,song_sparrow,species,facultative,abundance,count,,,,,,two group means,hedges_g,18.6,26.6,-0.20436945465968157,0.5507939582114311,15,species,facultative_grassland,FALSE,FALSE,TRUE
md_0472,9HH6YMIM,Henningsen and Best 2005,mean_diff,edge_and_shrub_habitat,WSG wooded riparian filter strips,WSG non-wooded riparian filter strips,nest density (nests/100 ha),ring_necked_pheasant,ring_necked_pheasant,species,facultative,abundance,count,,,,,,two group means,hedges_g,18.7,0,0.9455614696065195,0.6365744476320303,9,species,facultative_grassland,FALSE,FALSE,TRUE
md_0473,9HH6YMIM,Henningsen and Best 2005,mean_diff,edge_and_shrub_habitat,WSG wooded riparian filter strips,WSG non-wooded riparian filter strips,nest density (nests/100 ha),common_yellowthroat,common_yellowthroat,species,facultative,abundance,count,,,,,,two group means,hedges_g,35,34.2,0.01963641967746963,0.5963027562953491,9,species,facultative_grassland,FALSE,FALSE,TRUE
md_0474,9HH6YMIM,Henningsen and Best 2005,mean_diff,edge_and_shrub_habitat,WSG wooded riparian filter strips,WSG non-wooded riparian filter strips,nest density (nests/100 ha),red_winged_blackbird,red_winged_blackbird,species,facultative,abundance,count,,,,,,two group means,hedges_g,181.6,1141.9,-1.7148457959381491,0.7203662688693989,9,species,facultative_grassland,FALSE,FALSE,TRUE
md_0475,9HH6YMIM,Henningsen and Best 2005,mean_diff,edge_and_shrub_habitat,WSG wooded riparian filter strips,WSG non-wooded riparian filter strips,nest density (nests/100 ha),dickcissel,dickcissel,species,obligate,abundance,count,,,,,,two group means,hedges_g,0,153.8,-2.740546872301772,0.8790966689127546,9,species,obligate_grassland,FALSE,FALSE,TRUE
md_0476,9HH6YMIM,Henningsen and Best 2005,mean_diff,edge_and_shrub_habitat,WSG wooded riparian filter strips,WSG non-wooded riparian filter strips,nest density (nests/100 ha),song_sparrow,song_sparrow,species,facultative,abundance,count,,,,,,two group means,hedges_g,45.6,6.4,0.8597753913881846,0.6297801081698943,9,species,facultative_grassland,FALSE,FALSE,TRUE
md_0480,QI6DHMSY,Holcomb et al. 2014,mean_diff,prescribed_fire,Patch-burn-graze sites,Traditional sites (summer-long grazing only),density (birds/ha),cassins_sparrow,cassins_sparrow,species,obligate,abundance,count,,,,,,two group means,hedges_g,1.63,1.02,0.7196732137437464,0.7018292551043196,5,species,obligate_grassland,FALSE,FALSE,TRUE
md_0481,QI6DHMSY,Holcomb et al. 2014,mean_diff,prescribed_fire,Patch-burn-graze sites,Traditional sites (summer-long grazing only),density (birds/ha),dickcissel,dickcissel,species,obligate,abundance,count,,,,,,two group means,hedges_g,0.63,1.08,-0.8027758625785171,0.710785662781775,5,species,obligate_grassland,FALSE,FALSE,TRUE
md_0482,QI6DHMSY,Holcomb et al. 2014,mean_diff,prescribed_fire,Patch-burn-graze sites,Traditional sites (summer-long grazing only),density (birds/ha),eastern_meadowlark,eastern_meadowlark,species,obligate,abundance,count,,,,,,two group means,hedges_g,0.04,0.13,-1.317906435692993,0.7838744077888753,5,species,obligate_grassland,FALSE,FALSE,TRUE
md_0483,QI6DHMSY,Holcomb et al. 2014,mean_diff,prescribed_fire,Patch-burn-graze sites,Traditional sites (summer-long grazing only),density (birds/ha),field_sparrow,field_sparrow,species,facultative,abundance,count,,,,,,two group means,hedges_g,1.54,1.49,0.05297423152255141,0.6641174420106729,5,species,facultative_grassland,FALSE,FALSE,TRUE
md_0484,QI6DHMSY,Holcomb et al. 2014,mean_diff,prescribed_fire,Patch-burn-graze sites,Traditional sites (summer-long grazing only),density (birds/ha),grasshopper_sparrow,grasshopper_sparrow,species,obligate,abundance,count,,,,,,two group means,hedges_g,0.13,0.53,-2.2809092661352004,0.980319365256242,5,species,obligate_grassland,FALSE,FALSE,TRUE
md_0485,QI6DHMSY,Holcomb et al. 2014,mean_diff,prescribed_fire,Patch-burn-graze sites,Traditional sites (summer-long grazing only),density (birds/ha),lark_sparrow,lark_sparrow,species,facultative,abundance,count,,,,,,two group means,hedges_g,3.55,0.7,1.4047734731039423,0.7988180023859691,5,species,facultative_grassland,FALSE,FALSE,TRUE
md_0486,QI6DHMSY,Holcomb et al. 2014,mean_diff,prescribed_fire,Patch-burn-graze sites,Traditional sites (summer-long grazing only),density (birds/ha),mourning_dove,mourning_dove,species,facultative,abundance,count,,,,,,two group means,hedges_g,0.08,0.06,0.4940845239903691,0.682043474821758,5,species,facultative_grassland,FALSE,FALSE,TRUE
md_0487,QI6DHMSY,Holcomb et al. 2014,mean_diff,prescribed_fire,Patch-burn-graze sites,Traditional sites (summer-long grazing only),density (birds/ha),northern_bobwhite,northern_bobwhite,species,facultative,abundance,count,,,,,,two group means,hedges_g,0.31,0.24,0.44536177141512334,0.6786796450506385,5,species,facultative_grassland,FALSE,FALSE,TRUE
md_0488,QI6DHMSY,Holcomb et al. 2014,mean_diff,prescribed_fire,Patch-burn-graze sites,Traditional sites (summer-long grazing only),density (birds/ha),northern_mockingbird,northern_mockingbird,species,facultative,abundance,count,,,,,,two group means,hedges_g,0.04,0.01,0.7411267859855535,0.7040584074867557,5,species,facultative_grassland,FALSE,FALSE,TRUE
md_0489,QI6DHMSY,Holcomb et al. 2014,mean_diff,prescribed_fire,Patch-burn-graze sites,Traditional sites (summer-long grazing only),density (birds/ha),western_meadowlark,western_meadowlark,species,obligate,abundance,count,,,,,,two group means,hedges_g,0.38,0.36,0.08682241847120069,0.6644735984952133,5,species,obligate_grassland,FALSE,FALSE,TRUE
md_0490,QI6DHMSY,Holcomb et al. 2014,mean_diff,prescribed_fire,Patch-burn-graze sites,Traditional sites (summer-long grazing only),nest_success,cassins_sparrow,cassins_sparrow,species,obligate,nest_success,count,daily_survival,logistic_exposure,,,,log hazard ratio from arm survival,log_hazard_ratio,50.9,57.6,-0.20225832114053224,0.19571191465097673,43,species,obligate_grassland,FALSE,FALSE,TRUE
md_0491,QI6DHMSY,Holcomb et al. 2014,mean_diff,prescribed_fire,Patch-burn-graze sites,Traditional sites (summer-long grazing only),nest_success,field_sparrow,field_sparrow,species,facultative,nest_success,count,daily_survival,logistic_exposure,,,,log hazard ratio from arm survival,log_hazard_ratio,17.6,21.8,-0.131462737688661,0.25869341498423604,64,species,facultative_grassland,FALSE,FALSE,TRUE
md_0492,QI6DHMSY,Holcomb et al. 2014,mean_diff,prescribed_fire,Patch-burn-graze sites,Traditional sites (summer-long grazing only),nest_success,lark_sparrow,lark_sparrow,species,facultative,nest_success,count,daily_survival,logistic_exposure,,,,log hazard ratio from arm survival,log_hazard_ratio,14.3,12.4,0.07073854821449521,0.37690922622897505,104,species,facultative_grassland,FALSE,FALSE,TRUE
md_0493,XDNK38QY,Jedlicka et al. 2011,mean_diff,install_nest_boxes,sites with nest boxes,sites without nest boxes,species_richness,all_species,all_species,aggregate,,species_richness,count,,,,,Treatment is defined here as sites with nest boxes,two group means,hedges_g,4.23,3.67,0.707980962092531,0.5521852455631302,12,community,,FALSE,FALSE,TRUE
md_0494,XDNK38QY,Jedlicka et al. 2011,mean_diff,install_nest_boxes,sites with nest boxes,sites without nest boxes,species_richness,insectivores,insectivores,guild,other,species_richness,count,,,,,Treatment is defined here as sites with nest boxes,two group means,hedges_g,2.01,1.21,1.6422425678825556,0.6296006902230032,12,community,,FALSE,FALSE,TRUE
md_0495,XDNK38QY,Jedlicka et al. 2011,mean_diff,install_nest_boxes,sites with nest boxes,sites without nest boxes,abundance,all_species,all_species,aggregate,,abundance,count,,,,,Might depend on who the nest boxes are for; Treatment is defined here as sites with nest boxes,two group means,hedges_g,3.71,2.09,1.5928188446716796,0.6242875912883455,12,community,,FALSE,FALSE,TRUE
md_0496,XDNK38QY,Jedlicka et al. 2011,mean_diff,install_nest_boxes,sites with nest boxes,sites without nest boxes,abundance,omnivores,omnivores,guild,other,abundance,count,,,,,Treatment is defined here as sites with nest boxes,two group means,hedges_g,0.14,0.18,-0.2312212767083628,0.5350245837864183,12,species,,FALSE,FALSE,TRUE
md_0497,XDNK38QY,Jedlicka et al. 2011,mean_diff,install_nest_boxes,sites with nest boxes,sites without nest boxes,abundance,granivores,granivores,guild,other,abundance,count,,,,,Treatment is defined here as sites with nest boxes,two group means,hedges_g,1.2,1.23,-0.0486054413191894,0.5330310550780598,12,species,,FALSE,FALSE,TRUE
md_0498,9YXV6ME8,Johnson et al. 2019,mean_diff,plant_nwsg,NWSG field,CSG field,species_richness,wintering_species,wintering_species,aggregate,other,species_richness,count,,,,,,two group means,hedges_g,5.62,2.78,1.8051515964218845,0.3655345417894822,41,community,,FALSE,FALSE,TRUE
md_0499,9YXV6ME8,Johnson et al. 2019,mean_diff,provide_overwintering_habitat,NWSG field,CSG field,species_richness,wintering_species,wintering_species,aggregate,other,species_richness,count,,,,,,two group means,hedges_g,5.62,2.78,1.8051515964218845,0.3655345417894822,41,community,,FALSE,FALSE,TRUE
md_0500,2DXYTUJ6,Kempema et al. 2023,mean_diff,rotational_grazing,Short duration grazing system,Long duration grazing system,species_richness,all_species,all_species,aggregate,,species_richness,count,,,,,,two group means,hedges_g,36.3,52.7,-2.065274982687234,0.8029052750981917,8,community,,FALSE,FALSE,TRUE
md_0504,65GGK69H,Kirk and Lindsay 2017,mean_diff,eliminate_pesticides,Organic farm,Conventional farm,species_richness,all_species,all_species,aggregate,,species_richness,count,,,,,,two group means,hedges_g,8.4,7.6,0.2371507137194832,0.4299554338350188,20,community,,FALSE,FALSE,TRUE
md_0505,65GGK69H,Kirk and Lindsay 2017,mean_diff,eliminate_pesticides,Organic farm,Conventional farm,species_richness,grassland_species,grassland_species,guild,facultative,species_richness,count,,,,,,two group means,hedges_g,3.3,3.4,-0.09490289485631792,0.4285800130023803,20,community,,FALSE,FALSE,TRUE
md_0506,65GGK69H,Kirk and Lindsay 2017,mean_diff,eliminate_pesticides,Organic farm,Conventional farm,species_richness,insectivores,insectivores,guild,other,species_richness,count,,,,,,two group means,hedges_g,2.9,2.4,0.2632456216882045,0.4303348928361119,20,community,,FALSE,FALSE,TRUE
md_0507,65GGK69H,Kirk and Lindsay 2017,mean_diff,eliminate_pesticides,Organic farm,Conventional farm,species_richness,omnivores,omnivores,guild,other,species_richness,count,,,,,,two group means,hedges_g,5.2,5,0.08187826450650644,0.4285128525654542,20,community,,FALSE,FALSE,TRUE
md_0508,65GGK69H,Kirk and Lindsay 2017,mean_diff,eliminate_pesticides,Organic farm,Conventional farm,abundance,all_species,all_species,aggregate,,abundance,count,,,,,,two group means,hedges_g,3,2.8,0.4299487661822673,0.4336785239060831,20,community,,FALSE,FALSE,TRUE
md_0509,65GGK69H,Kirk and Lindsay 2017,mean_diff,eliminate_pesticides,Organic farm,Conventional farm,abundance,grassland_species,grassland_species,guild,facultative,abundance,count,,,,,,two group means,hedges_g,10.8,10.4,0.10436599187417378,0.4286350079791835,20,species,facultative_grassland,FALSE,FALSE,TRUE
md_0510,65GGK69H,Kirk and Lindsay 2017,mean_diff,eliminate_pesticides,Organic farm,Conventional farm,abundance,insectivores,insectivores,guild,other,abundance,count,,,,,,two group means,hedges_g,6.7,5.4,0.2671987479169578,0.4303957978779852,20,species,,FALSE,FALSE,TRUE
md_0511,65GGK69H,Kirk and Lindsay 2017,mean_diff,eliminate_pesticides,Organic farm,Conventional farm,abundance,omnivores,omnivores,guild,other,abundance,count,,,,,,two group means,hedges_g,14.6,14,0.13438002620335424,0.4288439265570611,20,species,,FALSE,FALSE,TRUE
md_0513,H9PA8BNU,Kragten and de Snoo 2007,mean_diff,eliminate_pesticides,Organic farm,Conventional farm,nest density - 2005,northern_lapwing,northern_lapwing,species,obligate,abundance,count,,,,,,two group means,hedges_g,11.9,6,0.42864660444353336,0.18717415946611932,125,species,obligate_grassland,FALSE,FALSE,TRUE
md_0514,H9PA8BNU,Kragten and de Snoo 2007,mean_diff,eliminate_pesticides,Organic farm,Conventional farm,nest density - 2006,northern_lapwing,northern_lapwing,species,obligate,abundance,count,,,,,,two group means,hedges_g,11,6.3,0.3688100022532293,0.18957365459440384,117,species,obligate_grassland,FALSE,FALSE,TRUE
md_0518,7DEL2BXP,Lautenbach et al. 2020,mean_diff,remove_non_native_species,Herbicide-only treated sites,Untreated (with invasive shrubs),density (birds/ha),eastern_meadowlark,eastern_meadowlark,species,obligate,abundance,count,,,,,,two group means,hedges_g,0.15,0.04,0.30556584837626366,0.2651090118174169,56,species,obligate_grassland,FALSE,FALSE,TRUE
md_0519,7DEL2BXP,Lautenbach et al. 2020,mean_diff,remove_non_native_species,Herbicide-only treated sites,Untreated (with invasive shrubs),density (birds/ha),eastern_towhee,eastern_towhee,species,shrub,abundance,count,,,,,,two group means,hedges_g,0.12,0.27,-0.44195662531202,0.2668203556201535,56,species,,FALSE,TRUE,FALSE
md_0520,7DEL2BXP,Lautenbach et al. 2020,mean_diff,remove_non_native_species,Herbicide-only treated sites,Untreated (with invasive shrubs),density (birds/ha),field_sparrow,field_sparrow,species,facultative,abundance,count,,,,,,two group means,hedges_g,3.74,5.2,-0.09328429892103106,0.26367938704672506,56,species,facultative_grassland,FALSE,FALSE,TRUE
md_0521,7DEL2BXP,Lautenbach et al. 2020,mean_diff,remove_non_native_species,Herbicide-only treated sites,Untreated (with invasive shrubs),density (birds/ha),gray_catbird,gray_catbird,species,forest,abundance,count,,,,,,two group means,hedges_g,0.16,0.5,-0.2920905379092735,0.2649733589554106,56,species,,FALSE,TRUE,FALSE
md_0522,7DEL2BXP,Lautenbach et al. 2020,mean_diff,remove_non_native_species,Herbicide-only treated sites,Untreated (with invasive shrubs),density (birds/ha),grasshopper_sparrow,grasshopper_sparrow,species,obligate,abundance,count,,,,,,two group means,hedges_g,0.33,0.04,0.8055826911737862,0.2743053768981641,56,species,obligate_grassland,FALSE,FALSE,TRUE
md_0523,7DEL2BXP,Lautenbach et al. 2020,mean_diff,remove_non_native_species,Herbicide-only treated sites,Untreated (with invasive shrubs),density (birds/ha),henslows_sparrow,henslows_sparrow,species,obligate,abundance,count,,,,,,two group means,hedges_g,2.35,0.92,0.9462760081614048,0.2782878145972387,56,species,obligate_grassland,FALSE,FALSE,TRUE
md_0524,7DEL2BXP,Lautenbach et al. 2020,mean_diff,remove_non_native_species,Herbicide-only treated sites,Untreated (with invasive shrubs),density (birds/ha),prairie_warbler,prairie_warbler,species,shrub,abundance,count,,,,,,two group means,hedges_g,0.05,0.14,-0.7500252641962836,0.27289518660495593,56,species,,FALSE,TRUE,FALSE
md_0525,7DEL2BXP,Lautenbach et al. 2020,mean_diff,remove_non_native_species,Herbicide-only treated sites,Untreated (with invasive shrubs),density (birds/ha),willow_flycatcher,willow_flycatcher,species,facultative,abundance,count,,,,,,two group means,hedges_g,0.22,0.23,-0.04658631876625362,0.2635687777860144,56,species,facultative_grassland,FALSE,FALSE,TRUE
md_0526,7DEL2BXP,Lautenbach et al. 2020,mean_diff,remove_non_native_species,Herbicide-only treated sites,Untreated (with invasive shrubs),density (birds/ha),yellow_breasted_chat,yellow_breasted_chat,species,shrub,abundance,count,,,,,,two group means,hedges_g,0.07,0.11,-0.37269055013002866,0.26587456815239185,56,species,,FALSE,TRUE,FALSE
md_0527,7DEL2BXP,Lautenbach et al. 2020,mean_diff,remove_non_native_species,Herbicide-only treated sites,Untreated (with invasive shrubs),density (birds/ha),yellow_warbler,yellow_warbler,species,facultative,abundance,count,,,,,,two group means,hedges_g,0.32,0.39,-0.15319599866088776,0.26392928569224716,56,species,facultative_grassland,FALSE,FALSE,TRUE
md_0528,7DEL2BXP,Lautenbach et al. 2020,mean_diff,remove_non_native_species,Herbicide and shredded sites,Untreated (with invasive shrubs),density (birds/ha),common_yellowthroat,common_yellowthroat,species,facultative,abundance,count,,,,,,two group means,hedges_g,2.95,2.21,0.0457773573117707,0.2635675122103945,56,species,facultative_grassland,FALSE,FALSE,TRUE
md_0529,7DEL2BXP,Lautenbach et al. 2020,mean_diff,remove_non_native_species,Herbicide and shredded sites,Untreated (with invasive shrubs),density (birds/ha),eastern_meadowlark,eastern_meadowlark,species,obligate,abundance,count,,,,,,two group means,hedges_g,0.3,0.04,0.3969159936850175,0.26618743548604656,56,species,obligate_grassland,FALSE,FALSE,TRUE
md_0530,7DEL2BXP,Lautenbach et al. 2020,mean_diff,remove_non_native_species,Herbicide and shredded sites,Untreated (with invasive shrubs),density (birds/ha),eastern_towhee,eastern_towhee,species,shrub,abundance,count,,,,,,two group means,hedges_g,0.16,0.27,-0.30727771526293296,0.26512667759026265,56,species,,FALSE,TRUE,FALSE
md_0531,7DEL2BXP,Lautenbach et al. 2020,mean_diff,remove_non_native_species,Herbicide and shredded sites,Untreated (with invasive shrubs),density (birds/ha),field_sparrow,field_sparrow,species,facultative,abundance,count,,,,,,two group means,hedges_g,5.53,5.2,0.01811071364687708,0.2635375715741989,56,species,facultative_grassland,FALSE,FALSE,TRUE
md_0532,7DEL2BXP,Lautenbach et al. 2020,mean_diff,remove_non_native_species,Herbicide and shredded sites,Untreated (with invasive shrubs),density (birds/ha),gray_catbird,gray_catbird,species,forest,abundance,count,,,,,,two group means,hedges_g,0.16,0.5,-0.2920905379092735,0.2649733589554106,56,species,,FALSE,TRUE,FALSE
md_0533,7DEL2BXP,Lautenbach et al. 2020,mean_diff,remove_non_native_species,Herbicide and shredded sites,Untreated (with invasive shrubs),density (birds/ha),grasshopper_sparrow,grasshopper_sparrow,species,obligate,abundance,count,,,,,,two group means,hedges_g,0.46,0.04,0.8948226286059647,0.2767639743764047,56,species,obligate_grassland,FALSE,FALSE,TRUE
md_0534,7DEL2BXP,Lautenbach et al. 2020,mean_diff,remove_non_native_species,Herbicide and shredded sites,Untreated (with invasive shrubs),density (birds/ha),henslows_sparrow,henslows_sparrow,species,obligate,abundance,count,,,,,,two group means,hedges_g,2.78,0.92,1.1537394008145363,0.28519129528861226,56,species,obligate_grassland,FALSE,FALSE,TRUE
md_0535,7DEL2BXP,Lautenbach et al. 2020,mean_diff,remove_non_native_species,Herbicide and shredded sites,Untreated (with invasive shrubs),density (birds/ha),prairie_warbler,prairie_warbler,species,shrub,abundance,count,,,,,,two group means,hedges_g,0.03,0.14,-0.9166975451287912,0.27740243094892303,56,species,,FALSE,TRUE,FALSE
md_0536,7DEL2BXP,Lautenbach et al. 2020,mean_diff,remove_non_native_species,Herbicide and shredded sites,Untreated (with invasive shrubs),density (birds/ha),willow_flycatcher,willow_flycatcher,species,facultative,abundance,count,,,,,,two group means,hedges_g,0.18,0.23,-0.232931593831268,0.2644495447446532,56,species,facultative_grassland,FALSE,FALSE,TRUE
md_0537,7DEL2BXP,Lautenbach et al. 2020,mean_diff,remove_non_native_species,Herbicide and shredded sites,Untreated (with invasive shrubs),density (birds/ha),yellow_breasted_chat,yellow_breasted_chat,species,shrub,abundance,count,,,,,,two group means,hedges_g,0.07,0.11,-0.37269055013002866,0.26587456815239185,56,species,,FALSE,TRUE,FALSE
md_0538,7DEL2BXP,Lautenbach et al. 2020,mean_diff,remove_non_native_species,Herbicide and shredded sites,Untreated (with invasive shrubs),density (birds/ha),yellow_warbler,yellow_warbler,species,facultative,abundance,count,,,,,,two group means,hedges_g,0.22,0.39,-0.4141802383328076,0.2664221786431857,56,species,facultative_grassland,FALSE,FALSE,TRUE
md_0539,7DEL2BXP,Lautenbach et al. 2020,mean_diff,remove_non_native_species,Herbicide-only treated sites,Untreated (with invasive shrubs),density (birds/ha),common_yellowthroat,common_yellowthroat,species,facultative,abundance,count,,,,,,two group means,hedges_g,2.87,2.21,0.04137220469622785,0.2635610095416704,56,species,facultative_grassland,FALSE,FALSE,TRUE
md_0540,8IQ6TE6A,Lituma et al. 2012,mean_diff,plant_nwsg,NWSG restored sites,Exotic sites,abundance,dickcissel,dickcissel,species,obligate,abundance,count,,,,,,two group means,hedges_g,0.323,0.181,0.6339253101366599,0.4858284058890144,16,species,obligate_grassland,FALSE,FALSE,TRUE
md_0541,8IQ6TE6A,Lituma et al. 2012,mean_diff,plant_nwsg,NWSG restored sites,Exotic sites,Daily nest survival,dickcissel,dickcissel,species,obligate,nest_success,count,daily_survival,,,,,log hazard ratio from arm survival,log_hazard_ratio,0.895,0.93,-0.4243522805809725,0.2838863742492312,86,species,obligate_grassland,FALSE,FALSE,TRUE
md_0542,GE3868HZ,Lloyd and Martin 2005,mean_diff,plant_nwsg,Native NSWG prairie,CSG plots,breeding pairs/ha,chestnut_collared_longspur,chestnut_collared_longspur,species,obligate,abundance,count,,,,,Treatment is defined here as the NWSG prairie,two group means,hedges_g,1.8,1.2,1.2628472334907084,0.7480409489200851,6,species,obligate_grassland,FALSE,FALSE,TRUE
md_0544,J6EY9D55,Lokemoen and Beiser 1997,mean_diff,eliminate_pesticides,Organic farm,Conventional farm,species per field,all_species,all_species,aggregate,,species_richness,count,,,,,Sample size estimated based on the degrees of freedom in their anova for summer fields,two group means,hedges_g,1.6,0.9,0.5747664443589203,0.21336183064417016,90,community,,FALSE,FALSE,TRUE
md_0545,J6EY9D55,Lokemoen and Beiser 1997,mean_diff,eliminate_pesticides,Organic farm,Conventional farm,nest density,all_species,all_species,aggregate,,abundance,count,,,,,Sample size estimated based on the degrees of freedom in their anova for summer fields,two group means,hedges_g,1,0.5,3.694927142307345,0.34573849190334754,90,community,,FALSE,FALSE,TRUE
md_0547,K2FW7NWY,Madden et al. 1999,mean_diff,prescribed_fire,Time since fire (<1 year),More than 80 years since fire,number of singing males - 1993,brown_headed_cowbird,brown_headed_cowbird,species,facultative,abundance,count,,,,,Sample size is number of point counts,two group means,hedges_g,0.27,0.03,0.7449249201312045,0.3646230977240139,42,species,facultative_grassland,FALSE,FALSE,TRUE
md_0548,K2FW7NWY,Madden et al. 1999,mean_diff,prescribed_fire,Time since fire (<1 year),More than 80 years since fire,number of singing males - 1993,bobolink,bobolink,species,obligate,abundance,count,,,,,Sample size is number of point counts,two group means,hedges_g,0,0.04,-0.1970160618062733,0.3560982755782096,42,species,obligate_grassland,FALSE,FALSE,TRUE
md_0550,K2FW7NWY,Madden et al. 1999,mean_diff,prescribed_fire,Time since fire (<1 year),More than 80 years since fire,number of singing males - 1993,common_yellowthroat,common_yellowthroat,species,facultative,abundance,count,,,,,Sample size is number of point counts,two group means,hedges_g,0,0.24,-1.1820963708376395,0.3781256873807042,42,species,facultative_grassland,FALSE,FALSE,TRUE
md_0552,K2FW7NWY,Madden et al. 1999,mean_diff,prescribed_fire,Time since fire (<1 year),More than 80 years since fire,number of singing males - 1993,savannah_sparrow,savannah_sparrow,species,obligate,abundance,count,,,,,Sample size is number of point counts,two group means,hedges_g,0.17,0.25,-0.2478313085123245,0.35647593096352737,42,species,obligate_grassland,FALSE,FALSE,TRUE
md_0555,K2FW7NWY,Madden et al. 1999,mean_diff,prescribed_fire,Time since fire (<1 year),More than 80 years since fire,number of singing males - 1993,all_species,all_species,aggregate,,abundance,count,,,,,Sample size is number of point counts,two group means,hedges_g,0.97,1.22,-0.29848155602049536,0.35693767609472477,42,community,,FALSE,FALSE,TRUE
md_0556,K2FW7NWY,Madden et al. 1999,mean_diff,prescribed_fire,Time since fire (<1 year),More than 80 years since fire,species_richness - 1993,all_species,all_species,aggregate,,species_richness,count,,,,,Sample size is number of point counts,two group means,hedges_g,2.1,2.25,-0.1338889772975723,0.35574893177722017,42,community,,FALSE,FALSE,TRUE
md_0557,K2FW7NWY,Madden et al. 1999,mean_diff,prescribed_fire,Time since fire (1 year),More than 80 years since fire,number of singing males - 1993,bairds_sparrow,bairds_sparrow,species,obligate,abundance,count,,,,,Sample size is number of point counts,two group means,hedges_g,0.13,0,0.8768154940675822,0.2431236327973154,74,species,obligate_grassland,FALSE,FALSE,TRUE
md_0558,K2FW7NWY,Madden et al. 1999,mean_diff,prescribed_fire,Time since fire (1 year),More than 80 years since fire,number of singing males - 1993,brown_headed_cowbird,brown_headed_cowbird,species,facultative,abundance,count,,,,,Sample size is number of point counts,two group means,hedges_g,0.14,0.03,0.5202382406258538,0.2360999178429742,74,species,facultative_grassland,FALSE,FALSE,TRUE
md_0559,K2FW7NWY,Madden et al. 1999,mean_diff,prescribed_fire,Time since fire (1 year),More than 80 years since fire,number of singing males - 1993,bobolink,bobolink,species,obligate,abundance,count,,,,,Sample size is number of point counts,two group means,hedges_g,0.48,0.04,1.3239970359114157,0.25643488271089526,74,species,obligate_grassland,FALSE,FALSE,TRUE
md_0560,K2FW7NWY,Madden et al. 1999,mean_diff,prescribed_fire,Time since fire (1 year),More than 80 years since fire,number of singing males - 1993,clay_colored_sparrow,clay_colored_sparrow,species,facultative,abundance,count,,,,,Sample size is number of point counts,two group means,hedges_g,0.25,0.57,-0.7585171678941025,0.2404203779726613,74,species,facultative_grassland,FALSE,FALSE,TRUE
md_0561,K2FW7NWY,Madden et al. 1999,mean_diff,prescribed_fire,Time since fire (1 year),More than 80 years since fire,number of singing males - 1993,common_yellowthroat,common_yellowthroat,species,facultative,abundance,count,,,,,Sample size is number of point counts,two group means,hedges_g,0.02,0.24,-1.392653511453729,0.2588804549631187,74,species,facultative_grassland,FALSE,FALSE,TRUE
md_0562,K2FW7NWY,Madden et al. 1999,mean_diff,prescribed_fire,Time since fire (1 year),More than 80 years since fire,number of singing males - 1993,grasshopper_sparrow,grasshopper_sparrow,species,obligate,abundance,count,,,,,Sample size is number of point counts,two group means,hedges_g,0.17,0,0.8599536576432055,0.2427163538167212,74,species,obligate_grassland,FALSE,FALSE,TRUE
md_0563,K2FW7NWY,Madden et al. 1999,mean_diff,prescribed_fire,Time since fire (1 year),More than 80 years since fire,number of singing males - 1993,savannah_sparrow,savannah_sparrow,species,obligate,abundance,count,,,,,Sample size is number of point counts,two group means,hedges_g,0.32,0.25,0.20943167383008024,0.23283219710656697,74,species,obligate_grassland,FALSE,FALSE,TRUE
md_0564,K2FW7NWY,Madden et al. 1999,mean_diff,prescribed_fire,Time since fire (1 year),More than 80 years since fire,number of singing males - 1993,spragues_pipit,spragues_pipit,species,obligate,abundance,count,,,,,Sample size is number of point counts,two group means,hedges_g,0.08,0,0.5395787655800506,0.2363930355742227,74,species,obligate_grassland,FALSE,FALSE,TRUE
md_0565,K2FW7NWY,Madden et al. 1999,mean_diff,prescribed_fire,Time since fire (1 year),More than 80 years since fire,number of singing males - 1993,western_meadowlark,western_meadowlark,species,obligate,abundance,count,,,,,Sample size is number of point counts,two group means,hedges_g,0.09,0,0.6070261112775569,0.23749569286522929,74,species,obligate_grassland,FALSE,FALSE,TRUE
md_0566,K2FW7NWY,Madden et al. 1999,mean_diff,prescribed_fire,Time since fire (1 year),More than 80 years since fire,number of singing males - 1993,all_species,all_species,aggregate,,abundance,count,,,,,Sample size is number of point counts,two group means,hedges_g,1.82,1.22,0.75743676739924,0.24039736203985443,74,community,,FALSE,FALSE,TRUE
md_0567,K2FW7NWY,Madden et al. 1999,mean_diff,prescribed_fire,Time since fire (1 year),More than 80 years since fire,species_richness- 1993,all_species,all_species,aggregate,,species_richness,count,,,,,Sample size is number of point counts,two group means,hedges_g,3.55,2.25,1.0816279302901275,0.24863492844283056,74,community,,FALSE,FALSE,TRUE
md_0568,K2FW7NWY,Madden et al. 1999,mean_diff,prescribed_fire,Time since fire (3 years),More than 80 years since fire,number of singing males - 1993,bairds_sparrow,bairds_sparrow,species,obligate,abundance,count,,,,,Sample size is number of point counts,two group means,hedges_g,0.13,0,0.6912508175671955,0.2774207656161299,55,species,obligate_grassland,FALSE,FALSE,TRUE
md_0569,K2FW7NWY,Madden et al. 1999,mean_diff,prescribed_fire,Time since fire (3 years),More than 80 years since fire,number of singing males - 1993,brown_headed_cowbird,brown_headed_cowbird,species,facultative,abundance,count,,,,,Sample size is number of point counts,two group means,hedges_g,0.08,0.03,0.3887031444128131,0.27201459474787304,55,species,facultative_grassland,FALSE,FALSE,TRUE
md_0570,K2FW7NWY,Madden et al. 1999,mean_diff,prescribed_fire,Time since fire (3 years),More than 80 years since fire,number of singing males - 1993,bobolink,bobolink,species,obligate,abundance,count,,,,,Sample size is number of point counts,two group means,hedges_g,0.07,0.04,0.15064280904546593,0.2698605110150622,55,species,obligate_grassland,FALSE,FALSE,TRUE
md_0571,K2FW7NWY,Madden et al. 1999,mean_diff,prescribed_fire,Time since fire (3 years),More than 80 years since fire,number of singing males - 1993,clay_colored_sparrow,clay_colored_sparrow,species,facultative,abundance,count,,,,,Sample size is number of point counts,two group means,hedges_g,0.34,0.57,-0.01048136285275011,0.26947985415736636,55,species,facultative_grassland,FALSE,FALSE,TRUE
md_0572,K2FW7NWY,Madden et al. 1999,mean_diff,prescribed_fire,Time since fire (3 years),More than 80 years since fire,number of singing males - 1993,common_yellowthroat,common_yellowthroat,species,facultative,abundance,count,,,,,Sample size is number of point counts,two group means,hedges_g,0,0.24,-1.367143899148617,0.29934938054579047,55,species,facultative_grassland,FALSE,FALSE,TRUE
md_0573,K2FW7NWY,Madden et al. 1999,mean_diff,prescribed_fire,Time since fire (3 years),More than 80 years since fire,number of singing males - 1993,grasshopper_sparrow,grasshopper_sparrow,species,obligate,abundance,count,,,,,Sample size is number of point counts,two group means,hedges_g,0.3,0,1.1963956457893767,0.2926273736641071,55,species,obligate_grassland,FALSE,FALSE,TRUE
md_0574,K2FW7NWY,Madden et al. 1999,mean_diff,prescribed_fire,Time since fire (3 years),More than 80 years since fire,number of singing males - 1993,savannah_sparrow,savannah_sparrow,species,obligate,abundance,count,,,,,Sample size is number of point counts,two group means,hedges_g,0.57,0.25,0.8292333747473347,0.2808372422282716,55,species,obligate_grassland,FALSE,FALSE,TRUE
md_0575,K2FW7NWY,Madden et al. 1999,mean_diff,prescribed_fire,Time since fire (3 years),More than 80 years since fire,number of singing males - 1993,spragues_pipit,spragues_pipit,species,obligate,abundance,count,,,,,Sample size is number of point counts,two group means,hedges_g,0.1,0,0.7975970971929178,0.28000299297292613,55,species,obligate_grassland,FALSE,FALSE,TRUE
md_0576,K2FW7NWY,Madden et al. 1999,mean_diff,prescribed_fire,Time since fire (3 years),More than 80 years since fire,number of singing males - 1993,western_meadowlark,western_meadowlark,species,obligate,abundance,count,,,,,Sample size is number of point counts,two group means,hedges_g,0.1,0,0.7975970971929178,0.28000299297292613,55,species,obligate_grassland,FALSE,FALSE,TRUE
md_0577,K2FW7NWY,Madden et al. 1999,mean_diff,prescribed_fire,Time since fire (3 years),More than 80 years since fire,number of singing males - 1993,all_species,all_species,aggregate,,abundance,count,,,,,Sample size is number of point counts,two group means,hedges_g,1.73,1.22,0.6430399175458885,0.2763647717029149,55,community,,FALSE,FALSE,TRUE
md_0578,K2FW7NWY,Madden et al. 1999,mean_diff,prescribed_fire,Time since fire (3 years),More than 80 years since fire,species_richness - 1993,all_species,all_species,aggregate,,species_richness,count,,,,,Sample size is number of point counts,two group means,hedges_g,3.04,2.25,0.6595777601480596,0.2767188606173319,55,community,,FALSE,FALSE,TRUE
md_0579,K2FW7NWY,Madden et al. 1999,mean_diff,prescribed_fire,Time since fire (5 years),More than 80 years since fire,number of singing males - 1993,bairds_sparrow,bairds_sparrow,species,obligate,abundance,count,,,,,Sample size is number of point counts,two group means,hedges_g,0.11,0,0.6490626412241361,0.24986868116307703,66,species,obligate_grassland,FALSE,FALSE,TRUE
md_0580,K2FW7NWY,Madden et al. 1999,mean_diff,prescribed_fire,Time since fire (5 years),More than 80 years since fire,number of singing males - 1993,brown_headed_cowbird,brown_headed_cowbird,species,facultative,abundance,count,,,,,Sample size is number of point counts,two group means,hedges_g,0.1,0.03,0.30927960869648313,0.24488257540338623,66,species,facultative_grassland,FALSE,FALSE,TRUE
md_0581,K2FW7NWY,Madden et al. 1999,mean_diff,prescribed_fire,Time since fire (5 years),More than 80 years since fire,number of singing males - 1993,bobolink,bobolink,species,obligate,abundance,count,,,,,Sample size is number of point counts,two group means,hedges_g,0.05,0.04,0.05540659487219343,0.2434462608172309,66,species,obligate_grassland,FALSE,FALSE,TRUE
md_0582,K2FW7NWY,Madden et al. 1999,mean_diff,prescribed_fire,Time since fire (5 years),More than 80 years since fire,number of singing males - 1993,clay_colored_sparrow,clay_colored_sparrow,species,facultative,abundance,count,,,,,Sample size is number of point counts,two group means,hedges_g,0.53,0.57,-0.08048758311808477,0.2434992870977446,66,species,facultative_grassland,FALSE,FALSE,TRUE
md_0583,K2FW7NWY,Madden et al. 1999,mean_diff,prescribed_fire,Time since fire (5 years),More than 80 years since fire,number of singing males - 1993,common_yellowthroat,common_yellowthroat,species,facultative,abundance,count,,,,,Sample size is number of point counts,two group means,hedges_g,0.05,0.24,-1.052725302571675,0.2600740495293853,66,species,facultative_grassland,FALSE,FALSE,TRUE
md_0584,K2FW7NWY,Madden et al. 1999,mean_diff,prescribed_fire,Time since fire (5 years),More than 80 years since fire,number of singing males - 1993,grasshopper_sparrow,grasshopper_sparrow,species,obligate,abundance,count,,,,,Sample size is number of point counts,two group means,hedges_g,0.06,0,0.7080683358808757,0.2510796941136573,66,species,obligate_grassland,FALSE,FALSE,TRUE
md_0585,K2FW7NWY,Madden et al. 1999,mean_diff,prescribed_fire,Time since fire (5 years),More than 80 years since fire,number of singing males - 1993,savannah_sparrow,savannah_sparrow,species,obligate,abundance,count,,,,,Sample size is number of point counts,two group means,hedges_g,0.32,0.25,0.20060633587037585,0.24402396527262668,66,species,obligate_grassland,FALSE,FALSE,TRUE
md_0586,K2FW7NWY,Madden et al. 1999,mean_diff,prescribed_fire,Time since fire (5 years),More than 80 years since fire,number of singing males - 1993,spragues_pipit,spragues_pipit,species,obligate,abundance,count,,,,,Sample size is number of point counts,two group means,hedges_g,0.02,0,0.4720455572539172,0.24684186952909185,66,species,obligate_grassland,FALSE,FALSE,TRUE
md_0587,K2FW7NWY,Madden et al. 1999,mean_diff,prescribed_fire,Time since fire (5 years),More than 80 years since fire,number of singing males - 1993,western_meadowlark,western_meadowlark,species,obligate,abundance,count,,,,,Sample size is number of point counts,two group means,hedges_g,0.07,0,0.826079725194355,0.25379633676344027,66,species,obligate_grassland,FALSE,FALSE,TRUE
md_0588,K2FW7NWY,Madden et al. 1999,mean_diff,prescribed_fire,Time since fire (5 years),More than 80 years since fire,number of singing males - 1993,all_species,all_species,aggregate,,abundance,count,,,,,Sample size is number of point counts,two group means,hedges_g,1.35,1.22,0.1596662673254013,0.24379490631788223,66,community,,FALSE,FALSE,TRUE
md_0589,K2FW7NWY,Madden et al. 1999,mean_diff,prescribed_fire,Time since fire (5 years),More than 80 years since fire,species_richness - 1993,all_species,all_species,aggregate,,species_richness,count,,,,,Sample size is number of point counts,two group means,hedges_g,2.59,2.25,0.29231208941111886,0.2447246331058119,66,community,,FALSE,FALSE,TRUE
md_0591,K2FW7NWY,Madden et al. 1999,mean_diff,prescribed_fire,Time since fire (6 years),More than 80 years since fire,number of singing males - 1993,brown_headed_cowbird,brown_headed_cowbird,species,facultative,abundance,count,,,,,Sample size is number of point counts,two group means,hedges_g,0,0.03,-0.2993365366939765,0.3445949875388416,43,species,facultative_grassland,TRUE,FALSE,TRUE
md_0592,K2FW7NWY,Madden et al. 1999,mean_diff,prescribed_fire,Time since fire (6 years),More than 80 years since fire,number of singing males - 1993,bobolink,bobolink,species,obligate,abundance,count,,,,,Sample size is number of point counts,two group means,hedges_g,0.06,0.04,0.09466806791901552,0.34323173994785744,43,species,obligate_grassland,TRUE,FALSE,TRUE
md_0593,K2FW7NWY,Madden et al. 1999,mean_diff,prescribed_fire,Time since fire (6 years),More than 80 years since fire,number of singing males - 1993,clay_colored_sparrow,clay_colored_sparrow,species,facultative,abundance,count,,,,,Sample size is number of point counts,two group means,hedges_g,0.61,0.57,0.0892629109287697,0.3432148993323661,43,species,facultative_grassland,TRUE,FALSE,TRUE
md_0594,K2FW7NWY,Madden et al. 1999,mean_diff,prescribed_fire,Time since fire (6 years),More than 80 years since fire,number of singing males - 1993,common_yellowthroat,common_yellowthroat,species,facultative,abundance,count,,,,,Sample size is number of point counts,two group means,hedges_g,0.03,0.24,-1.0164571118982466,0.36016329251549056,43,species,facultative_grassland,TRUE,FALSE,TRUE
md_0595,K2FW7NWY,Madden et al. 1999,mean_diff,prescribed_fire,Time since fire (6 years),More than 80 years since fire,number of singing males - 1993,grasshopper_sparrow,grasshopper_sparrow,species,obligate,abundance,count,,,,,Sample size is number of point counts,two group means,hedges_g,0.03,0,0.599277488557932,0.3491128593033943,43,species,obligate_grassland,TRUE,FALSE,TRUE
md_0596,K2FW7NWY,Madden et al. 1999,mean_diff,prescribed_fire,Time since fire (6 years),More than 80 years since fire,number of singing males - 1993,savannah_sparrow,savannah_sparrow,species,obligate,abundance,count,,,,,Sample size is number of point counts,two group means,hedges_g,0.79,0.25,1.6067323967178535,0.3843465808179661,43,species,obligate_grassland,TRUE,FALSE,TRUE
md_0597,K2FW7NWY,Madden et al. 1999,mean_diff,prescribed_fire,Time since fire (6 years),More than 80 years since fire,number of singing males - 1993,spragues_pipit,spragues_pipit,species,obligate,abundance,count,,,,,Sample size is number of point counts,two group means,hedges_g,0.03,0,0.599277488557932,0.3491128593033943,43,species,obligate_grassland,TRUE,FALSE,TRUE
md_0599,K2FW7NWY,Madden et al. 1999,mean_diff,prescribed_fire,Time since fire (6 years),More than 80 years since fire,number of singing males - 1993,all_species,all_species,aggregate,,abundance,count,,,,,Sample size is number of point counts,two group means,hedges_g,1.61,1.22,0.5235841256873046,0.3476945438710956,43,community,,TRUE,FALSE,TRUE
md_0600,K2FW7NWY,Madden et al. 1999,mean_diff,prescribed_fire,Time since fire (6 years),More than 80 years since fire,species_richness - 1993,all_species,all_species,aggregate,,species_richness,count,,,,,Sample size is number of point counts,two group means,hedges_g,2.55,2.25,0.2763518624632046,0.34437166673792835,43,community,,TRUE,FALSE,TRUE
md_0602,K2FW7NWY,Madden et al. 1999,mean_diff,prescribed_fire,Time since fire (7 years),More than 80 years since fire,number of singing males - 1993,brown_headed_cowbird,brown_headed_cowbird,species,facultative,abundance,count,,,,,Sample size is number of point counts,two group means,hedges_g,0,0.03,-0.2756725688751254,0.4715958752854456,37,species,facultative_grassland,TRUE,FALSE,TRUE
md_0603,K2FW7NWY,Madden et al. 1999,mean_diff,prescribed_fire,Time since fire (7 years),More than 80 years since fire,number of singing males - 1993,bobolink,bobolink,species,obligate,abundance,count,,,,,Sample size is number of point counts,two group means,hedges_g,0.13,0.04,0.37545916781662536,0.4725258718907088,37,species,obligate_grassland,TRUE,FALSE,TRUE
md_0604,K2FW7NWY,Madden et al. 1999,mean_diff,prescribed_fire,Time since fire (7 years),More than 80 years since fire,number of singing males - 1993,clay_colored_sparrow,clay_colored_sparrow,species,facultative,abundance,count,,,,,Sample size is number of point counts,two group means,hedges_g,0.27,0.57,-0.674062271908265,0.47698606317905695,37,species,facultative_grassland,TRUE,FALSE,TRUE
md_0605,K2FW7NWY,Madden et al. 1999,mean_diff,prescribed_fire,Time since fire (7 years),More than 80 years since fire,number of singing males - 1993,common_yellowthroat,common_yellowthroat,species,facultative,abundance,count,,,,,Sample size is number of point counts,two group means,hedges_g,0.2,0.24,-0.16687074125183343,0.4709055110999402,37,species,facultative_grassland,TRUE,FALSE,TRUE
md_0606,K2FW7NWY,Madden et al. 1999,mean_diff,prescribed_fire,Time since fire (7 years),More than 80 years since fire,number of singing males - 1993,grasshopper_sparrow,grasshopper_sparrow,species,obligate,abundance,count,,,,,Sample size is number of point counts,two group means,hedges_g,0.07,0,1.2943243823913104,0.49397830391962105,37,species,obligate_grassland,TRUE,FALSE,TRUE
md_0607,K2FW7NWY,Madden et al. 1999,mean_diff,prescribed_fire,Time since fire (7 years),More than 80 years since fire,number of singing males - 1993,savannah_sparrow,savannah_sparrow,species,obligate,abundance,count,,,,,Sample size is number of point counts,two group means,hedges_g,0.73,0.25,1.414329905930413,0.498404634090874,37,species,obligate_grassland,TRUE,FALSE,TRUE
md_0608,K2FW7NWY,Madden et al. 1999,mean_diff,prescribed_fire,Time since fire (7 years),More than 80 years since fire,number of singing males - 1993,spragues_pipit,spragues_pipit,species,obligate,abundance,count,,,,,Sample size is number of point counts,two group means,hedges_g,0.2,0,1.9912682806020163,0.5243651444582795,37,species,obligate_grassland,TRUE,FALSE,TRUE
md_0610,K2FW7NWY,Madden et al. 1999,mean_diff,prescribed_fire,Time since fire (7 years),More than 80 years since fire,number of singing males - 1993,all_species,all_species,aggregate,,abundance,count,,,,,Sample size is number of point counts,two group means,hedges_g,1.67,1.22,0.577767661635656,0.4752754202221591,37,community,,TRUE,FALSE,TRUE
md_0611,K2FW7NWY,Madden et al. 1999,mean_diff,prescribed_fire,Time since fire (7 years),More than 80 years since fire,species_richness - 1993,all_species,all_species,aggregate,,species_richness,count,,,,,Sample size is number of point counts,two group means,hedges_g,3,2.25,0.6720562260419577,0.47694780941623177,37,community,,TRUE,FALSE,TRUE
md_0612,K2FW7NWY,Madden et al. 1999,mean_diff,prescribed_fire,Time since fire (<1 year),More than 80 years since fire,number of singing males - 1994,bairds_sparrow,bairds_sparrow,species,obligate,abundance,count,,,,,At one point Amy asked to remove the year-of-burn ... should we? Sample size is number of point counts,two group means,hedges_g,0.3,0,1.049480943631816,0.3029029439336024,50,species,obligate_grassland,FALSE,FALSE,TRUE
md_0613,K2FW7NWY,Madden et al. 1999,mean_diff,prescribed_fire,Time since fire (<1 year),More than 80 years since fire,number of singing males - 1994,brown_headed_cowbird,brown_headed_cowbird,species,facultative,abundance,count,,,,,Sample size is number of point counts,two group means,hedges_g,0.08,0.02,0.4017972619250826,0.28696777054241607,50,species,facultative_grassland,FALSE,FALSE,TRUE
md_0614,K2FW7NWY,Madden et al. 1999,mean_diff,prescribed_fire,Time since fire (<1 year),More than 80 years since fire,number of singing males - 1994,bobolink,bobolink,species,obligate,abundance,count,,,,,Sample size is number of point counts,two group means,hedges_g,0.52,0,2.0212225581057197,0.34869685577466014,50,species,obligate_grassland,FALSE,FALSE,TRUE
md_0615,K2FW7NWY,Madden et al. 1999,mean_diff,prescribed_fire,Time since fire (<1 year),More than 80 years since fire,number of singing males - 1994,clay_colored_sparrow,clay_colored_sparrow,species,facultative,abundance,count,,,,,Sample size is number of point counts,two group means,hedges_g,0.68,2.25,-2.05957671180087,0.35093397277993005,50,species,facultative_grassland,FALSE,FALSE,TRUE
md_0616,K2FW7NWY,Madden et al. 1999,mean_diff,prescribed_fire,Time since fire (<1 year),More than 80 years since fire,number of singing males - 1994,common_yellowthroat,common_yellowthroat,species,facultative,abundance,count,,,,,Sample size is number of point counts,two group means,hedges_g,0.02,0.39,-1.392339841464546,0.3164209115631819,50,species,facultative_grassland,FALSE,FALSE,TRUE
md_0617,K2FW7NWY,Madden et al. 1999,mean_diff,prescribed_fire,Time since fire (<1 year),More than 80 years since fire,number of singing males - 1994,grasshopper_sparrow,grasshopper_sparrow,species,obligate,abundance,count,,,,,Sample size is number of point counts,two group means,hedges_g,0.2,0,1.1660899373686846,0.3071379956200549,50,species,obligate_grassland,FALSE,FALSE,TRUE
md_0619,K2FW7NWY,Madden et al. 1999,mean_diff,prescribed_fire,Time since fire (<1 year),More than 80 years since fire,number of singing males - 1994,savannah_sparrow,savannah_sparrow,species,obligate,abundance,count,,,,,Sample size is number of point counts,two group means,hedges_g,0.93,0.91,0.03177137382718538,0.28415873228730537,50,species,obligate_grassland,FALSE,FALSE,TRUE
md_0620,K2FW7NWY,Madden et al. 1999,mean_diff,prescribed_fire,Time since fire (<1 year),More than 80 years since fire,number of singing males - 1994,spragues_pipit,spragues_pipit,species,obligate,abundance,count,,,,,Sample size is number of point counts,two group means,hedges_g,0.02,0,0.3498269812106053,0.2862863603125533,50,species,obligate_grassland,FALSE,FALSE,TRUE
md_0621,K2FW7NWY,Madden et al. 1999,mean_diff,prescribed_fire,Time since fire (<1 year),More than 80 years since fire,number of singing males - 1994,western_meadowlark,western_meadowlark,species,obligate,abundance,count,,,,,Sample size is number of point counts,two group means,hedges_g,0.07,0,0.6121972171185593,0.2906612207702584,50,species,obligate_grassland,FALSE,FALSE,TRUE
md_0622,K2FW7NWY,Madden et al. 1999,mean_diff,prescribed_fire,Time since fire (<1 year),More than 80 years since fire,number of singing males - 1994,all_species,all_species,aggregate,,abundance,count,,,,,Sample size is number of point counts,two group means,hedges_g,2.93,3.71,-0.6272999576288372,0.29098306359922604,50,community,,FALSE,FALSE,TRUE
md_0623,K2FW7NWY,Madden et al. 1999,mean_diff,prescribed_fire,Time since fire (<1 year),More than 80 years since fire,species_richness - 1994,all_species,all_species,aggregate,,species_richness,count,,,,,Sample size is number of point counts,two group means,hedges_g,4.1,3.03,0.01627341863179278,0.2841456302228128,50,community,,FALSE,FALSE,TRUE
md_0624,K2FW7NWY,Madden et al. 1999,mean_diff,prescribed_fire,Time since fire (2 year),More than 80 years since fire,number of singing males - 1994,bairds_sparrow,bairds_sparrow,species,obligate,abundance,count,,,,,Sample size is number of point counts,two group means,hedges_g,0.37,0,0.9639673096480827,0.23304797172375305,90,species,obligate_grassland,FALSE,FALSE,TRUE
md_0625,K2FW7NWY,Madden et al. 1999,mean_diff,prescribed_fire,Time since fire (2 year),More than 80 years since fire,number of singing males - 1994,brown_headed_cowbird,brown_headed_cowbird,species,facultative,abundance,count,,,,,Sample size is number of point counts,two group means,hedges_g,0.09,0.02,0.531045842661664,0.22520140362891475,90,species,facultative_grassland,FALSE,FALSE,TRUE
md_0626,K2FW7NWY,Madden et al. 1999,mean_diff,prescribed_fire,Time since fire (2 year),More than 80 years since fire,number of singing males - 1994,bobolink,bobolink,species,obligate,abundance,count,,,,,Sample size is number of point counts,two group means,hedges_g,0.41,0,1.0681799917721997,0.23555867166249955,90,species,obligate_grassland,FALSE,FALSE,TRUE
md_0627,K2FW7NWY,Madden et al. 1999,mean_diff,prescribed_fire,Time since fire (2 year),More than 80 years since fire,number of singing males - 1994,clay_colored_sparrow,clay_colored_sparrow,species,facultative,abundance,count,,,,,Sample size is number of point counts,two group means,hedges_g,0.86,2.25,-1.989356334536159,0.2667119746312793,90,species,facultative_grassland,FALSE,FALSE,TRUE
md_0628,K2FW7NWY,Madden et al. 1999,mean_diff,prescribed_fire,Time since fire (2 year),More than 80 years since fire,number of singing males - 1994,common_yellowthroat,common_yellowthroat,species,facultative,abundance,count,,,,,Sample size is number of point counts,two group means,hedges_g,0.03,0.39,-1.5700219938309017,0.25068550870521383,90,species,facultative_grassland,FALSE,FALSE,TRUE
md_0629,K2FW7NWY,Madden et al. 1999,mean_diff,prescribed_fire,Time since fire (2 year),More than 80 years since fire,number of singing males - 1994,grasshopper_sparrow,grasshopper_sparrow,species,obligate,abundance,count,,,,,Sample size is number of point counts,two group means,hedges_g,0.44,0,1.1463395033652877,0.2375909833367413,90,species,obligate_grassland,FALSE,FALSE,TRUE
md_0630,K2FW7NWY,Madden et al. 1999,mean_diff,prescribed_fire,Time since fire (2 year),More than 80 years since fire,number of singing males - 1994,lecontes_sparrow,lecontes_sparrow,species,obligate,abundance,count,,,,,Sample size is number of point counts,two group means,hedges_g,0.1,0,0.5210634106205854,0.22507182046623508,90,species,obligate_grassland,FALSE,FALSE,TRUE
md_0631,K2FW7NWY,Madden et al. 1999,mean_diff,prescribed_fire,Time since fire (2 year),More than 80 years since fire,number of singing males - 1994,savannah_sparrow,savannah_sparrow,species,obligate,abundance,count,,,,,Sample size is number of point counts,two group means,hedges_g,0.99,0.91,0.13287495261628424,0.2219167394089573,90,species,obligate_grassland,FALSE,FALSE,TRUE
md_0632,K2FW7NWY,Madden et al. 1999,mean_diff,prescribed_fire,Time since fire (2 year),More than 80 years since fire,number of singing males - 1994,spragues_pipit,spragues_pipit,species,obligate,abundance,count,,,,,Sample size is number of point counts,two group means,hedges_g,0.1,0,0.5210634106205854,0.22507182046623508,90,species,obligate_grassland,FALSE,FALSE,TRUE
md_0633,K2FW7NWY,Madden et al. 1999,mean_diff,prescribed_fire,Time since fire (2 year),More than 80 years since fire,number of singing males - 1994,western_meadowlark,western_meadowlark,species,obligate,abundance,count,,,,,Sample size is number of point counts,two group means,hedges_g,0.11,0,0.8597546275239657,0.23077152394977937,90,species,obligate_grassland,FALSE,FALSE,TRUE
md_0634,K2FW7NWY,Madden et al. 1999,mean_diff,prescribed_fire,Time since fire (2 year),More than 80 years since fire,number of singing males - 1994,all_species,all_species,aggregate,,abundance,count,,,,,Sample size is number of point counts,two group means,hedges_g,3.61,3.71,-0.07739427118834745,0.22177066710108123,90,community,,FALSE,FALSE,TRUE
md_0635,K2FW7NWY,Madden et al. 1999,mean_diff,prescribed_fire,Time since fire (2 year),More than 80 years since fire,species_richness - 1994,all_species,all_species,aggregate,,species_richness,count,,,,,Sample size is number of point counts,two group means,hedges_g,4.98,3.03,1.3359279952338068,0.24303080413806705,90,community,,FALSE,FALSE,TRUE
md_0636,K2FW7NWY,Madden et al. 1999,mean_diff,prescribed_fire,Time since fire (6 years),More than 80 years since fire,number of singing males - 1994,bairds_sparrow,bairds_sparrow,species,obligate,abundance,count,,,,,Sample size is number of point counts,two group means,hedges_g,0.09,0,0.6592129151705717,0.27425063419290135,55,species,obligate_grassland,TRUE,FALSE,TRUE
md_0637,K2FW7NWY,Madden et al. 1999,mean_diff,prescribed_fire,Time since fire (6 years),More than 80 years since fire,number of singing males - 1994,brown_headed_cowbird,brown_headed_cowbird,species,facultative,abundance,count,,,,,Sample size is number of point counts,two group means,hedges_g,0.21,0.02,0.7837295194653329,0.27721251170810235,55,species,facultative_grassland,TRUE,FALSE,TRUE
md_0638,K2FW7NWY,Madden et al. 1999,mean_diff,prescribed_fire,Time since fire (6 years),More than 80 years since fire,number of singing males - 1994,bobolink,bobolink,species,obligate,abundance,count,,,,,Sample size is number of point counts,two group means,hedges_g,0.16,0,0.7812893809429,0.2771498867255669,55,species,obligate_grassland,TRUE,FALSE,TRUE
md_0639,K2FW7NWY,Madden et al. 1999,mean_diff,prescribed_fire,Time since fire (6 years),More than 80 years since fire,number of singing males - 1994,clay_colored_sparrow,clay_colored_sparrow,species,facultative,abundance,count,,,,,Sample size is number of point counts,two group means,hedges_g,1.53,2.25,-0.8504521325874779,0.2789946610986059,55,species,facultative_grassland,TRUE,FALSE,TRUE
md_0640,K2FW7NWY,Madden et al. 1999,mean_diff,prescribed_fire,Time since fire (6 years),More than 80 years since fire,number of singing males - 1994,common_yellowthroat,common_yellowthroat,species,facultative,abundance,count,,,,,Sample size is number of point counts,two group means,hedges_g,0.08,0.39,-1.099797418070868,0.2868079470234807,55,species,facultative_grassland,TRUE,FALSE,TRUE
md_0641,K2FW7NWY,Madden et al. 1999,mean_diff,prescribed_fire,Time since fire (6 years),More than 80 years since fire,number of singing males - 1994,grasshopper_sparrow,grasshopper_sparrow,species,obligate,abundance,count,,,,,Sample size is number of point counts,two group means,hedges_g,0.29,0,1.4160870029590062,0.29915359192067636,55,species,obligate_grassland,TRUE,FALSE,TRUE
md_0642,K2FW7NWY,Madden et al. 1999,mean_diff,prescribed_fire,Time since fire (6 years),More than 80 years since fire,number of singing males - 1994,lecontes_sparrow,lecontes_sparrow,species,obligate,abundance,count,,,,,Sample size is number of point counts,two group means,hedges_g,0.05,0,0.4883058630893125,0.270980644855154,55,species,obligate_grassland,TRUE,FALSE,TRUE
md_0643,K2FW7NWY,Madden et al. 1999,mean_diff,prescribed_fire,Time since fire (6 years),More than 80 years since fire,number of singing males - 1994,savannah_sparrow,savannah_sparrow,species,obligate,abundance,count,,,,,Sample size is number of point counts,two group means,hedges_g,1.27,0.91,0.5952245920045882,0.27291700014460424,55,species,obligate_grassland,TRUE,FALSE,TRUE
md_0644,K2FW7NWY,Madden et al. 1999,mean_diff,prescribed_fire,Time since fire (6 years),More than 80 years since fire,number of singing males - 1994,spragues_pipit,spragues_pipit,species,obligate,abundance,count,,,,,Sample size is number of point counts,two group means,hedges_g,0.01,0,0.29298351785358745,0.2684086574487615,55,species,obligate_grassland,TRUE,FALSE,TRUE
md_0645,K2FW7NWY,Madden et al. 1999,mean_diff,prescribed_fire,Time since fire (6 years),More than 80 years since fire,number of singing males - 1994,western_meadowlark,western_meadowlark,species,obligate,abundance,count,,,,,Sample size is number of point counts,two group means,hedges_g,0.11,0,0.8057046740973655,0.2777846368781465,55,species,obligate_grassland,TRUE,FALSE,TRUE
md_0646,K2FW7NWY,Madden et al. 1999,mean_diff,prescribed_fire,Time since fire (6 years),More than 80 years since fire,number of singing males - 1994,all_species,all_species,aggregate,,abundance,count,,,,,Sample size is number of point counts,two group means,hedges_g,4.01,3.71,0.2458855470943728,0.26797851294146635,55,community,,TRUE,FALSE,TRUE
md_0647,K2FW7NWY,Madden et al. 1999,mean_diff,prescribed_fire,Time since fire (6 years),More than 80 years since fire,species_richness - 1994,all_species,all_species,aggregate,,species_richness,count,,,,,Sample size is number of point counts,two group means,hedges_g,4.48,3.03,0.5066509011954974,0.27128664155075183,55,community,,TRUE,FALSE,TRUE
md_0648,K2FW7NWY,Madden et al. 1999,mean_diff,prescribed_fire,Time since fire (7 years),More than 80 years since fire,number of singing males - 1994,bairds_sparrow,bairds_sparrow,species,obligate,abundance,count,,,,,Sample size is number of point counts,two group means,hedges_g,0.06,0,1.0409239327370932,0.4541572437073843,36,species,obligate_grassland,TRUE,FALSE,TRUE
md_0649,K2FW7NWY,Madden et al. 1999,mean_diff,prescribed_fire,Time since fire (7 years),More than 80 years since fire,number of singing males - 1994,brown_headed_cowbird,brown_headed_cowbird,species,facultative,abundance,count,,,,,Sample size is number of point counts,two group means,hedges_g,0,0.02,-0.38658944341240253,0.43964257118818534,36,species,facultative_grassland,TRUE,FALSE,TRUE
md_0650,K2FW7NWY,Madden et al. 1999,mean_diff,prescribed_fire,Time since fire (7 years),More than 80 years since fire,number of singing males - 1994,bobolink,bobolink,species,obligate,abundance,count,,,,,Sample size is number of point counts,two group means,hedges_g,0.06,0,1.0409239327370932,0.4541572437073843,36,species,obligate_grassland,TRUE,FALSE,TRUE
md_0651,K2FW7NWY,Madden et al. 1999,mean_diff,prescribed_fire,Time since fire (7 years),More than 80 years since fire,number of singing males - 1994,clay_colored_sparrow,clay_colored_sparrow,species,facultative,abundance,count,,,,,Sample size is number of point counts,two group means,hedges_g,1.5,2.25,-0.945756190445608,0.4512569772141002,36,species,facultative_grassland,TRUE,FALSE,TRUE
md_0652,K2FW7NWY,Madden et al. 1999,mean_diff,prescribed_fire,Time since fire (7 years),More than 80 years since fire,number of singing males - 1994,common_yellowthroat,common_yellowthroat,species,facultative,abundance,count,,,,,Sample size is number of point counts,two group means,hedges_g,0.22,0.39,-0.5025243062266734,0.44126777253253985,36,species,facultative_grassland,TRUE,FALSE,TRUE
md_0653,K2FW7NWY,Madden et al. 1999,mean_diff,prescribed_fire,Time since fire (7 years),More than 80 years since fire,number of singing males - 1994,grasshopper_sparrow,grasshopper_sparrow,species,obligate,abundance,count,,,,,Sample size is number of point counts,two group means,hedges_g,0.5,0,4.731472421532241,0.7086170254135797,36,species,obligate_grassland,TRUE,FALSE,TRUE
md_0655,K2FW7NWY,Madden et al. 1999,mean_diff,prescribed_fire,Time since fire (7 years),More than 80 years since fire,number of singing males - 1994,savannah_sparrow,savannah_sparrow,species,obligate,abundance,count,,,,,Sample size is number of point counts,two group means,hedges_g,1.61,0.91,1.1055340560623506,0.4562728937973777,36,species,obligate_grassland,TRUE,FALSE,TRUE
md_0656,K2FW7NWY,Madden et al. 1999,mean_diff,prescribed_fire,Time since fire (7 years),More than 80 years since fire,number of singing males - 1994,spragues_pipit,spragues_pipit,species,obligate,abundance,count,,,,,Sample size is number of point counts,two group means,hedges_g,0.06,0,1.0409239327370932,0.4541572437073843,36,species,obligate_grassland,TRUE,FALSE,TRUE
md_0658,K2FW7NWY,Madden et al. 1999,mean_diff,prescribed_fire,Time since fire (7 years),More than 80 years since fire,number of singing males - 1994,all_species,all_species,aggregate,,abundance,count,,,,,Sample size is number of point counts,two group means,hedges_g,4,3.71,0.23035972524584308,0.4381174486451228,36,community,,TRUE,FALSE,TRUE
md_0659,K2FW7NWY,Madden et al. 1999,mean_diff,prescribed_fire,Time since fire (7 years),More than 80 years since fire,species_richness - 1994,all_species,all_species,aggregate,,species_richness,count,,,,,Sample size is number of point counts,two group means,hedges_g,3.67,3.03,0.6133567910899338,0.443209845964127,36,community,,TRUE,FALSE,TRUE
md_0660,K2FW7NWY,Madden et al. 1999,mean_diff,prescribed_fire,Time since fire (8 years),More than 80 years since fire,number of singing males - 1994,bairds_sparrow,bairds_sparrow,species,obligate,abundance,count,,,,,Sample size is number of point counts,two group means,hedges_g,0.07,0,0.9831228876620144,0.3885876105315764,39,species,obligate_grassland,TRUE,FALSE,TRUE
md_0661,K2FW7NWY,Madden et al. 1999,mean_diff,prescribed_fire,Time since fire (8 years),More than 80 years since fire,number of singing males - 1994,brown_headed_cowbird,brown_headed_cowbird,species,facultative,abundance,count,,,,,Sample size is number of point counts,two group means,hedges_g,0,0.02,-0.4040325818436633,0.3751023371048788,39,species,facultative_grassland,TRUE,FALSE,TRUE
md_0662,K2FW7NWY,Madden et al. 1999,mean_diff,prescribed_fire,Time since fire (8 years),More than 80 years since fire,number of singing males - 1994,bobolink,bobolink,species,obligate,abundance,count,,,,,Sample size is number of point counts,two group means,hedges_g,0.15,0,0.9575872282422218,0.3877692366572076,39,species,obligate_grassland,TRUE,FALSE,TRUE
md_0663,K2FW7NWY,Madden et al. 1999,mean_diff,prescribed_fire,Time since fire (8 years),More than 80 years since fire,number of singing males - 1994,clay_colored_sparrow,clay_colored_sparrow,species,facultative,abundance,count,,,,,Sample size is number of point counts,two group means,hedges_g,1.22,2.25,-1.1721488949910244,0.39525110879615,39,species,facultative_grassland,TRUE,FALSE,TRUE
md_0664,K2FW7NWY,Madden et al. 1999,mean_diff,prescribed_fire,Time since fire (8 years),More than 80 years since fire,number of singing males - 1994,common_yellowthroat,common_yellowthroat,species,facultative,abundance,count,,,,,Sample size is number of point counts,two group means,hedges_g,0.22,0.39,-0.5344147296305174,0.3771875394517021,39,species,facultative_grassland,TRUE,FALSE,TRUE
md_0667,K2FW7NWY,Madden et al. 1999,mean_diff,prescribed_fire,Time since fire (8 years),More than 80 years since fire,number of singing males - 1994,savannah_sparrow,savannah_sparrow,species,obligate,abundance,count,,,,,Sample size is number of point counts,two group means,hedges_g,1.52,0.91,1.0813144494644098,0.39191731448966255,39,species,obligate_grassland,TRUE,FALSE,TRUE
md_0670,K2FW7NWY,Madden et al. 1999,mean_diff,prescribed_fire,Time since fire (8 years),More than 80 years since fire,number of singing males - 1994,all_species,all_species,aggregate,,abundance,count,,,,,Sample size is number of point counts,two group means,hedges_g,3.26,3.71,-0.3811888395165376,0.37479567325207247,39,community,,TRUE,FALSE,TRUE
md_0671,K2FW7NWY,Madden et al. 1999,mean_diff,prescribed_fire,Time since fire (8 years),More than 80 years since fire,species_richness - 1994,all_species,all_species,aggregate,,species_richness,count,,,,,Sample size is number of point counts,two group means,hedges_g,3.22,3.03,0.1946393517979598,0.37295389980459154,39,community,,TRUE,FALSE,TRUE
md_0672,IWGJXSTQ,Mangachena and Geerts 2019,mean_diff,remove_non_native_species,Near-pristine site,Invaded site,species_richness,all_species,all_species,aggregate,,species_richness,count,,,,,This is actually the comparison of the two betas,two group means,hedges_g,0.754,0.455,0.3890252565715688,0.577835422493806,10,community,,FALSE,FALSE,TRUE
md_0673,IWGJXSTQ,Mangachena and Geerts 2019,mean_diff,remove_non_native_species,Near-pristine site,Invaded site,abundance,all_species,all_species,aggregate,,abundance,count,,,,,This is actually the comparison of the two betas,two group means,hedges_g,0.823,0.5,0.6058235403033138,0.5870927108007292,10,community,,FALSE,FALSE,TRUE
md_0677,BQ6ZPH37,McCusker et al. 2010,mean_diff,remove_non_native_species,Native sites,Lonicera sites,density (birds/ha) - 2006,american_robin,american_robin,species,facultative,abundance,count,,,,,,two group means,hedges_g,0.75,2.63,-0.8091194127090559,0.33134158008425224,38,species,facultative_grassland,FALSE,FALSE,TRUE
md_0678,BQ6ZPH37,McCusker et al. 2010,mean_diff,remove_non_native_species,Native sites,Lonicera sites,density (birds/ha) - 2006,brown_headed_cowbird,brown_headed_cowbird,species,facultative,abundance,count,,,,,,two group means,hedges_g,3.23,2.39,0.38046386197004184,0.32105723729106705,38,species,facultative_grassland,FALSE,FALSE,TRUE
md_0679,BQ6ZPH37,McCusker et al. 2010,mean_diff,remove_non_native_species,Native sites,Lonicera sites,density (birds/ha) - 2006,carolina_wren,carolina_wren,species,shrub,abundance,count,,,,,,two group means,hedges_g,0.15,0.3,-0.35164390950078883,0.32062458904690505,38,species,,FALSE,TRUE,FALSE
md_0680,BQ6ZPH37,McCusker et al. 2010,mean_diff,remove_non_native_species,Native sites,Lonicera sites,density (birds/ha) - 2006,common_yellowthroat,common_yellowthroat,species,facultative,abundance,count,,,,,,two group means,hedges_g,0.26,0.48,-0.494183998707468,0.3230889979475929,38,species,facultative_grassland,FALSE,FALSE,TRUE
md_0681,BQ6ZPH37,McCusker et al. 2010,mean_diff,remove_non_native_species,Native sites,Lonicera sites,density (birds/ha) - 2006,eastern_towhee,eastern_towhee,species,shrub,abundance,count,,,,,,two group means,hedges_g,1.73,0.8,0.5570065879571928,0.32443093011684293,38,species,,FALSE,TRUE,FALSE
md_0682,BQ6ZPH37,McCusker et al. 2010,mean_diff,remove_non_native_species,Native sites,Lonicera sites,density (birds/ha) - 2006,gray_catbird,gray_catbird,species,forest,abundance,count,,,,,,two group means,hedges_g,0.4,3.47,-1.0786706286039252,0.3412956456003462,38,species,,FALSE,TRUE,FALSE
md_0683,BQ6ZPH37,McCusker et al. 2010,mean_diff,remove_non_native_species,Native sites,Lonicera sites,density (birds/ha) - 2006,great_crested_flycatcher,great_crested_flycatcher,species,shrub,abundance,count,,,,,,two group means,hedges_g,0.47,0.43,0.06160380880710599,0.31815568950065226,38,species,,FALSE,TRUE,FALSE
md_0684,BQ6ZPH37,McCusker et al. 2010,mean_diff,remove_non_native_species,Native sites,Lonicera sites,density (birds/ha) - 2006,house_wren,house_wren,species,facultative,abundance,count,,,,,,two group means,hedges_g,0.63,1.02,-0.26143346409656026,0.3194877412353432,38,species,facultative_grassland,FALSE,FALSE,TRUE
md_0685,BQ6ZPH37,McCusker et al. 2010,mean_diff,remove_non_native_species,Native sites,Lonicera sites,density (birds/ha) - 2006,indigo_bunting,indigo_bunting,species,facultative,abundance,count,,,,,,two group means,hedges_g,2.23,2.74,-0.26999133528991565,0.31958137794366787,38,species,facultative_grassland,FALSE,FALSE,TRUE
md_0686,BQ6ZPH37,McCusker et al. 2010,mean_diff,remove_non_native_species,Native sites,Lonicera sites,density (birds/ha) - 2006,northern_cardinal,northern_cardinal,species,facultative,abundance,count,,,,,,two group means,hedges_g,1.49,2.58,-0.6984569518910113,0.32801232194180313,38,species,facultative_grassland,FALSE,FALSE,TRUE
md_0687,BQ6ZPH37,McCusker et al. 2010,mean_diff,remove_non_native_species,Native sites,Lonicera sites,density (birds/ha) - 2007,american_robin,american_robin,species,facultative,abundance,count,,,,,,two group means,hedges_g,0.38,2.48,-0.4224935540185648,0.32174804264345513,38,species,facultative_grassland,FALSE,FALSE,TRUE
md_0688,BQ6ZPH37,McCusker et al. 2010,mean_diff,remove_non_native_species,Native sites,Lonicera sites,density (birds/ha) - 2007,brown_headed_cowbird,brown_headed_cowbird,species,facultative,abundance,count,,,,,,two group means,hedges_g,1.58,3.05,-0.500601152372775,0.3232189606211591,38,species,facultative_grassland,FALSE,FALSE,TRUE
md_0689,BQ6ZPH37,McCusker et al. 2010,mean_diff,remove_non_native_species,Native sites,Lonicera sites,density (birds/ha) - 2007,carolina_wren,carolina_wren,species,shrub,abundance,count,,,,,,two group means,hedges_g,0.15,0.41,-0.6185064790414423,0.325893639519839,38,species,,FALSE,TRUE,FALSE
md_0690,BQ6ZPH37,McCusker et al. 2010,mean_diff,remove_non_native_species,Native sites,Lonicera sites,density (birds/ha) - 2007,common_yellowthroat,common_yellowthroat,species,facultative,abundance,count,,,,,,two group means,hedges_g,0.2,0.23,-0.06624485888066402,0.31816795882944543,38,species,facultative_grassland,FALSE,FALSE,TRUE
md_0691,BQ6ZPH37,McCusker et al. 2010,mean_diff,remove_non_native_species,Native sites,Lonicera sites,density (birds/ha) - 2007,eastern_towhee,eastern_towhee,species,shrub,abundance,count,,,,,,two group means,hedges_g,1.29,0.89,0.3759301016776681,0.32098695788335746,38,species,,FALSE,TRUE,FALSE
md_0692,BQ6ZPH37,McCusker et al. 2010,mean_diff,remove_non_native_species,Native sites,Lonicera sites,density (birds/ha) - 2007,gray_catbird,gray_catbird,species,forest,abundance,count,,,,,,two group means,hedges_g,0.88,4,-0.7676719173439227,0.33004139280477596,38,species,,FALSE,TRUE,FALSE
md_0693,BQ6ZPH37,McCusker et al. 2010,mean_diff,remove_non_native_species,Native sites,Lonicera sites,density (birds/ha) - 2007,great_crested_flycatcher,great_crested_flycatcher,species,shrub,abundance,count,,,,,,two group means,hedges_g,0.48,0.33,0.25591439712603076,0.31942893945126866,38,species,,FALSE,TRUE,FALSE
md_0694,BQ6ZPH37,McCusker et al. 2010,mean_diff,remove_non_native_species,Native sites,Lonicera sites,density (birds/ha) - 2007,house_wren,house_wren,species,facultative,abundance,count,,,,,,two group means,hedges_g,0.86,1.94,-0.4648484656494291,0.3225156119567046,38,species,facultative_grassland,FALSE,FALSE,TRUE
md_0695,BQ6ZPH37,McCusker et al. 2010,mean_diff,remove_non_native_species,Native sites,Lonicera sites,density (birds/ha) - 2007,indigo_bunting,indigo_bunting,species,facultative,abundance,count,,,,,,two group means,hedges_g,2.98,2.53,0.24359433849852735,0.31930216719996735,38,species,facultative_grassland,FALSE,FALSE,TRUE
md_0696,BQ6ZPH37,McCusker et al. 2010,mean_diff,remove_non_native_species,Native sites,Lonicera sites,density (birds/ha) - 2007,northern_cardinal,northern_cardinal,species,facultative,abundance,count,,,,,,two group means,hedges_g,2.97,4.15,-0.5164733341092772,0.3235473797051805,38,species,facultative_grassland,FALSE,FALSE,TRUE
md_0697,BQ6ZPH37,McCusker et al. 2010,mean_diff,remove_non_native_species,Native sites,Lonicera sites,density (birds/ha) - 2006-2007,american_goldfinch,american_goldfinch,species,facultative,abundance,count,,,,,,two group means,hedges_g,0.12,1.2,-0.4319499970127288,0.3219132160868346,38,species,facultative_grassland,FALSE,FALSE,TRUE
md_0698,BQ6ZPH37,McCusker et al. 2010,mean_diff,provide_overwintering_habitat,Native sites,Lonicera sites,density (birds/ha) - 2006-2007,american_goldfinch,american_goldfinch,species,facultative,abundance,count,,,,,,two group means,hedges_g,0.12,1.2,-0.4319499970127288,0.3219132160868346,38,species,facultative_grassland,FALSE,FALSE,TRUE
md_0699,BQ6ZPH37,McCusker et al. 2010,mean_diff,remove_non_native_species,Native sites,Lonicera sites,density (birds/ha) - 2006-2007,american_robin,american_robin,species,facultative,abundance,count,,,,,,two group means,hedges_g,0.21,1.24,-0.3110172529163454,0.3200717015113543,38,species,facultative_grassland,FALSE,FALSE,TRUE
md_0700,BQ6ZPH37,McCusker et al. 2010,mean_diff,provide_overwintering_habitat,Native sites,Lonicera sites,density (birds/ha) - 2006-2007,american_robin,american_robin,species,facultative,abundance,count,,,,,,two group means,hedges_g,0.21,1.24,-0.3110172529163454,0.3200717015113543,38,species,facultative_grassland,FALSE,FALSE,TRUE
md_0701,BQ6ZPH37,McCusker et al. 2010,mean_diff,remove_non_native_species,Native sites,Lonicera sites,density (birds/ha) - 2006-2007,carolina_wren,carolina_wren,species,shrub,abundance,count,,,,,,two group means,hedges_g,0.11,0.13,-0.06407861943954232,0.31816212124634524,38,species,,FALSE,TRUE,FALSE
md_0702,BQ6ZPH37,McCusker et al. 2010,mean_diff,provide_overwintering_habitat,Native sites,Lonicera sites,density (birds/ha) - 2006-2007,carolina_wren,carolina_wren,species,shrub,abundance,count,,,,,,two group means,hedges_g,0.11,0.13,-0.06407861943954232,0.31816212124634524,38,species,,FALSE,TRUE,FALSE
md_0703,BQ6ZPH37,McCusker et al. 2010,mean_diff,remove_non_native_species,Native sites,Lonicera sites,density (birds/ha) - 2006-2007,northern_cardinal,northern_cardinal,species,facultative,abundance,count,,,,,,two group means,hedges_g,1.17,2.45,-0.5726072982220999,0.3247880956668024,38,species,facultative_grassland,FALSE,FALSE,TRUE
md_0704,BQ6ZPH37,McCusker et al. 2010,mean_diff,provide_overwintering_habitat,Native sites,Lonicera sites,density (birds/ha) - 2006-2007,northern_cardinal,northern_cardinal,species,facultative,abundance,count,,,,,,two group means,hedges_g,1.17,2.45,-0.5726072982220999,0.3247880956668024,38,species,facultative_grassland,FALSE,FALSE,TRUE
md_0705,BQ6ZPH37,McCusker et al. 2010,mean_diff,remove_non_native_species,Native sites,Lonicera sites,density (birds/ha) - 2006-2007,american_goldfinch,american_goldfinch,species,facultative,abundance,count,,,,,,two group means,hedges_g,0.39,0.49,-0.10935729537564032,0.31832446287836214,38,species,facultative_grassland,FALSE,FALSE,TRUE
md_0706,BQ6ZPH37,McCusker et al. 2010,mean_diff,provide_overwintering_habitat,Native sites,Lonicera sites,density (birds/ha) - 2006-2007,american_goldfinch,american_goldfinch,species,facultative,abundance,count,,,,,,two group means,hedges_g,0.39,0.49,-0.10935729537564032,0.31832446287836214,38,species,facultative_grassland,FALSE,FALSE,TRUE
md_0707,BQ6ZPH37,McCusker et al. 2010,mean_diff,remove_non_native_species,Native sites,Lonicera sites,density (birds/ha) - 2006-2007,american_robin,american_robin,species,facultative,abundance,count,,,,,,two group means,hedges_g,0.03,0.75,-0.4694290334717149,0.32260289745841564,38,species,facultative_grassland,FALSE,FALSE,TRUE
md_0708,BQ6ZPH37,McCusker et al. 2010,mean_diff,provide_overwintering_habitat,Native sites,Lonicera sites,density (birds/ha) - 2006-2007,american_robin,american_robin,species,facultative,abundance,count,,,,,,two group means,hedges_g,0.03,0.75,-0.4694290334717149,0.32260289745841564,38,species,facultative_grassland,FALSE,FALSE,TRUE
md_0709,BQ6ZPH37,McCusker et al. 2010,mean_diff,remove_non_native_species,Native sites,Lonicera sites,density (birds/ha) - 2006-2007,carolina_wren,carolina_wren,species,shrub,abundance,count,,,,,,two group means,hedges_g,0.02,0.11,-0.5105136461604041,0.32342290229790355,38,species,,FALSE,TRUE,FALSE
md_0710,BQ6ZPH37,McCusker et al. 2010,mean_diff,provide_overwintering_habitat,Native sites,Lonicera sites,density (birds/ha) - 2006-2007,carolina_wren,carolina_wren,species,shrub,abundance,count,,,,,,two group means,hedges_g,0.02,0.11,-0.5105136461604041,0.32342290229790355,38,species,,FALSE,TRUE,FALSE
md_0711,BQ6ZPH37,McCusker et al. 2010,mean_diff,remove_non_native_species,Native sites,Lonicera sites,density (birds/ha) - 2006-2007,northern_cardinal,northern_cardinal,species,facultative,abundance,count,,,,,,two group means,hedges_g,1.42,1.96,-0.2387569606077782,0.3192540876147542,38,species,facultative_grassland,FALSE,FALSE,TRUE
md_0712,BQ6ZPH37,McCusker et al. 2010,mean_diff,provide_overwintering_habitat,Native sites,Lonicera sites,density (birds/ha) - 2006-2007,northern_cardinal,northern_cardinal,species,facultative,abundance,count,,,,,,two group means,hedges_g,1.42,1.96,-0.2387569606077782,0.3192540876147542,38,species,facultative_grassland,FALSE,FALSE,TRUE
md_0715,5EM6FIBL,Moorman et al. 2017,mean_diff,plant_nwsg,Grazed NWSG fields,grazed CSG fields,territory density (territories/40 ha),eastern_meadowlark,eastern_meadowlark,species,obligate,abundance,count,,,,,Treatment is defined here as the grazed NWSG field,two group means,hedges_g,1.98,7.4,-1.271439873448373,0.3121900834813933,48,species,obligate_grassland,FALSE,FALSE,TRUE
md_0716,5EM6FIBL,Moorman et al. 2017,mean_diff,plant_nwsg,Grazed NWSG fields,grazed CSG fields,territory density (territories/40 ha),grasshopper_sparrow,grasshopper_sparrow,species,obligate,abundance,count,,,,,Treatment is defined here as the grazed NWSG field,two group means,hedges_g,6.59,11.56,-0.43451474874424306,0.2873850847258582,48,species,obligate_grassland,FALSE,FALSE,TRUE
md_0717,5EM6FIBL,Moorman et al. 2017,mean_diff,plant_nwsg,Grazed NWSG fields,grazed CSG fields,territory density (territories/40 ha),field_sparrow,field_sparrow,species,facultative,abundance,count,,,,,Treatment is defined here as the grazed NWSG field,two group means,hedges_g,2.6,1.43,0.4177802530689765,0.28712648232049925,48,species,facultative_grassland,FALSE,FALSE,TRUE
md_0718,5EM6FIBL,Moorman et al. 2017,mean_diff,plant_nwsg,Grazed NWSG fields,grazed CSG fields,territory density (territories/40 ha),indigo_bunting,indigo_bunting,species,facultative,abundance,count,,,,,Treatment is defined here as the grazed NWSG field,two group means,hedges_g,13.2,5.79,1.2415629787443938,0.31093497290279093,48,species,facultative_grassland,FALSE,FALSE,TRUE
md_0719,5EM6FIBL,Moorman et al. 2017,mean_diff,plant_nwsg,Hayed NWSG fields,hayed CSG fields,territory density (territories/40 ha),eastern_meadowlark,eastern_meadowlark,species,obligate,abundance,count,,,,,Treatment is defined here as the hayed NWSG field,two group means,hedges_g,2.48,3.51,-0.23306262689164545,0.24782123026859904,64,species,obligate_grassland,FALSE,FALSE,TRUE
md_0720,5EM6FIBL,Moorman et al. 2017,mean_diff,plant_nwsg,Hayed NWSG fields,hayed CSG fields,territory density (territories/40 ha),grasshopper_sparrow,grasshopper_sparrow,species,obligate,abundance,count,,,,,Treatment is defined here as the hayed NWSG field,two group means,hedges_g,8.14,11.42,-0.30385035530735716,0.248419585963612,64,species,obligate_grassland,FALSE,FALSE,TRUE
md_0721,5EM6FIBL,Moorman et al. 2017,mean_diff,plant_nwsg,Hayed NWSG fields,hayed CSG fields,territory density (territories/40 ha),field_sparrow,field_sparrow,species,facultative,abundance,count,,,,,Treatment is defined here as the hayed NWSG field,two group means,hedges_g,8.29,1.31,1.3890709179240364,0.2757994938719701,64,species,facultative_grassland,FALSE,FALSE,TRUE
md_0722,5EM6FIBL,Moorman et al. 2017,mean_diff,plant_nwsg,Hayed NWSG fields,hayed CSG fields,territory density (territories/40 ha),indigo_bunting,indigo_bunting,species,facultative,abundance,count,,,,,Treatment is defined here as the hayed NWSG field,two group means,hedges_g,21.98,2.22,1.1382192190698963,0.26666914133848496,64,species,facultative_grassland,FALSE,FALSE,TRUE
md_0723,LF7LYQ8I,Oppel et al. 2014,mean_diff,keep_cats_indoors,post-feral cat control - semi-arid,pre-feral cat control - semi-arid,nest survival,saint_helena_plover,saint_helena_plover,species,facultative,nest_success,count,period_survival,identity,,,"Unsure of link function, likely logit",log hazard ratio from arm survival,log_hazard_ratio,0.77,0.23,1.726880231570702,0.5144108707445818,64,species,facultative_grassland,FALSE,FALSE,TRUE
md_0724,LF7LYQ8I,Oppel et al. 2014,mean_diff,keep_cats_indoors,post-feral cat control - pasture,pre-feral cat control - pasture,nest survival,saint_helena_plover,saint_helena_plover,species,facultative,nest_success,count,period_survival,identity,,,"Unsure of link function, likely logit",log hazard ratio from arm survival,log_hazard_ratio,0.65,0.55,0.3277138545509296,0.4906192840819097,45,species,facultative_grassland,FALSE,FALSE,TRUE
md_0732,9KZCR9YH,Pirez and Aldabe 2023,mean_diff,rotational_grazing,Rotational grazing,Continuous grazing,species_richness,all_species,all_species,aggregate,,species_richness,count,,,,,Rotationally grazed fields were rested for 20 days - 6 months,two group means,hedges_g,21.52,18.72,0.5962444021546001,0.23087935759937367,80,community,,FALSE,FALSE,TRUE
md_0734,B34SZBUU,Powell 2006,mean_diff,prescribed_fire,Annual burn frequency,20-year burn frequency,abundance,upland_sandpiper,upland_sandpiper,species,obligate,abundance,count,,,,,I'm not sure whether this is a test of prescribed_fire ... but maybe; Estimate represents a beta coefficient; Sample size is number of sites,two group means,hedges_g,0.00482,-0.03639,0.23883149645588336,0.5559641630713312,11,species,obligate_grassland,FALSE,FALSE,TRUE
md_0735,B34SZBUU,Powell 2006,mean_diff,prescribed_fire,Annual burn frequency,20-year burn frequency,abundance,bells_vireo,bells_vireo,species,shrub,abundance,count,,,,,Estimate represents a beta coefficient; Sample size is number of sites,two group means,hedges_g,-0.22364,0.04682,-1.6004652370127936,0.6315594492105262,12,species,,FALSE,TRUE,FALSE
md_0736,B34SZBUU,Powell 2006,mean_diff,prescribed_fire,Annual burn frequency,20-year burn frequency,abundance,grasshopper_sparrow,grasshopper_sparrow,species,obligate,abundance,count,,,,,Estimate represents a beta coefficient; Sample size is number of sites,two group means,hedges_g,0.09331,-0.13041,1.2544272144738955,0.5980842600481695,12,species,obligate_grassland,FALSE,FALSE,TRUE
md_0737,B34SZBUU,Powell 2006,mean_diff,prescribed_fire,Annual burn frequency,20-year burn frequency,abundance,henslows_sparrow,henslows_sparrow,species,obligate,abundance,count,,,,,Estimate represents a beta coefficient; Sample size is number of sites,two group means,hedges_g,0.03478,-0.07804,0.562922697188244,0.5525776377357057,12,species,obligate_grassland,FALSE,FALSE,TRUE
md_0738,B34SZBUU,Powell 2006,mean_diff,prescribed_fire,Annual burn frequency,20-year burn frequency,abundance,dickcissel,dickcissel,species,obligate,abundance,count,,,,,Estimate represents a beta coefficient; Sample size is number of sites,two group means,hedges_g,0.12835,-0.07613,1.557922506237312,0.6271114225108115,12,species,obligate_grassland,FALSE,FALSE,TRUE
md_0739,B34SZBUU,Powell 2006,mean_diff,prescribed_fire,Annual burn frequency,20-year burn frequency,abundance,eastern_meadowlark,eastern_meadowlark,species,obligate,abundance,count,,,,,Estimate represents a beta coefficient; Sample size is number of sites,two group means,hedges_g,0.11237,-0.04558,1.096364345373238,0.5849979313428434,12,species,obligate_grassland,FALSE,FALSE,TRUE
md_0740,B34SZBUU,Powell 2006,mean_diff,prescribed_fire,Annual burn frequency,20-year burn frequency,abundance,brown_headed_cowbird,brown_headed_cowbird,species,facultative,abundance,count,,,,,Estimate represents a beta coefficient; Sample size is number of sites,two group means,hedges_g,-0.04652,0.03838,-0.4496841865916832,0.5482374410354621,12,species,facultative_grassland,FALSE,FALSE,TRUE
md_0741,B34SZBUU,Powell 2006,mean_diff,prescribed_fire,4-year burn frequency,20-year burn frequency,abundance,upland_sandpiper,upland_sandpiper,species,obligate,abundance,count,,,,,Estimate represents a beta coefficient; Sample size is number of sites,two group means,hedges_g,0.03156,-0.03639,0.3532471987991194,0.545287031367559,12,species,obligate_grassland,FALSE,FALSE,TRUE
md_0742,B34SZBUU,Powell 2006,mean_diff,prescribed_fire,4-year burn frequency,20-year burn frequency,abundance,bells_vireo,bells_vireo,species,shrub,abundance,count,,,,,Estimate represents a beta coefficient; Sample size is number of sites,two group means,hedges_g,0.17683,0.04682,0.7273298924958814,0.5605182091497314,12,species,,FALSE,TRUE,FALSE
md_0743,B34SZBUU,Powell 2006,mean_diff,prescribed_fire,4-year burn frequency,20-year burn frequency,abundance,grasshopper_sparrow,grasshopper_sparrow,species,obligate,abundance,count,,,,,Estimate represents a beta coefficient; Sample size is number of sites,two group means,hedges_g,0.0371,-0.13041,0.8769185410168233,0.569367824213221,12,species,obligate_grassland,FALSE,FALSE,TRUE
md_0744,B34SZBUU,Powell 2006,mean_diff,prescribed_fire,4-year burn frequency,20-year burn frequency,abundance,henslows_sparrow,henslows_sparrow,species,obligate,abundance,count,,,,,Estimate represents a beta coefficient; Sample size is number of sites,two group means,hedges_g,0.04326,-0.07804,0.5883099443716144,0.5536784462818721,12,species,obligate_grassland,FALSE,FALSE,TRUE
md_0745,B34SZBUU,Powell 2006,mean_diff,prescribed_fire,4-year burn frequency,20-year burn frequency,abundance,dickcissel,dickcissel,species,obligate,abundance,count,,,,,Estimate represents a beta coefficient; Sample size is number of sites,two group means,hedges_g,-0.05222,-0.07613,0.17338392287629478,0.541655991655683,12,species,obligate_grassland,FALSE,FALSE,TRUE
md_0746,B34SZBUU,Powell 2006,mean_diff,prescribed_fire,4-year burn frequency,20-year burn frequency,abundance,eastern_meadowlark,eastern_meadowlark,species,obligate,abundance,count,,,,,Estimate represents a beta coefficient; Sample size is number of sites,two group means,hedges_g,-0.06679,-0.04558,-0.13744267919160502,0.5412261397538088,12,species,obligate_grassland,FALSE,FALSE,TRUE
md_0747,B34SZBUU,Powell 2006,mean_diff,prescribed_fire,4-year burn frequency,20-year burn frequency,abundance,brown_headed_cowbird,brown_headed_cowbird,species,facultative,abundance,count,,,,,Estimate represents a beta coefficient; Sample size is number of sites,two group means,hedges_g,0.00814,0.03838,-0.14953524599781248,0.5413597049790341,12,species,facultative_grassland,FALSE,FALSE,TRUE
md_0748,ABXAGBLU,Purcell et al. 1997,mean_diff,install_nest_boxes,Nest box,Natural cavity,daily mortality rate,ash_throated_flycatcher,ash_throated_flycatcher,species,facultative,nest_success,count,daily_survival,identity,,,"Unsure of link term, only details in text are ""based on Mayfield's methods (1961, 1975)",log hazard ratio from arm survival,log_hazard_ratio,0.0134,0.017,0.2397817549966268,0.06361990311938098,85,species,facultative_grassland,FALSE,FALSE,TRUE
md_0749,ABXAGBLU,Purcell et al. 1997,mean_diff,install_nest_boxes,Nest box,Natural cavity,daily mortality rate,oak_titmouse,oak_titmouse,species,woodland,nest_success,count,daily_survival,identity,,,"Unsure of link term, only details in text are ""based on Mayfield's methods (1961, 1975)",log hazard ratio from arm survival,log_hazard_ratio,0.0117,0.0124,0.05846118394924904,0.01820646692173351,282,species,,FALSE,TRUE,FALSE
md_0750,ABXAGBLU,Purcell et al. 1997,mean_diff,install_nest_boxes,Nest box,Natural cavity,daily mortality rate,house_wren,house_wren,species,facultative,nest_success,count,daily_survival,identity,,,"Unsure of link term, only details in text are ""based on Mayfield's methods (1961, 1975)",log hazard ratio from arm survival,log_hazard_ratio,0.005,0.0126,0.9280870047751436,0.07829094548074585,83,species,facultative_grassland,FALSE,FALSE,TRUE
md_0751,ABXAGBLU,Purcell et al. 1997,mean_diff,install_nest_boxes,Nest box,Natural cavity,daily mortality rate,western_bluebird,western_bluebird,species,facultative,nest_success,count,daily_survival,identity,,,"Unsure of link term, only details in text are ""based on Mayfield's methods (1961, 1975)",log hazard ratio from arm survival,log_hazard_ratio,0.0133,0.0297,0.8117329745459863,0.05106321163438634,86,species,facultative_grassland,FALSE,FALSE,TRUE
md_0752,86IBQ28G,Rahmig et al. 2009,mean_diff,prescribed_fire,Burned CRP field,Unburned CRP field,density (birds/ha) - 2004,dickcissel,dickcissel,species,obligate,abundance,count,,,,,,two group means,hedges_g,1.5,2.43,-0.7982860188783552,0.6464523332345812,8,species,obligate_grassland,FALSE,FALSE,TRUE
md_0753,86IBQ28G,Rahmig et al. 2009,mean_diff,prescribed_fire,Burned CRP field,Unburned CRP field,density (birds/ha) - 2004,grasshopper_sparrow,grasshopper_sparrow,species,obligate,abundance,count,,,,,,two group means,hedges_g,0.12,0.32,-0.37978074323502514,0.6221626973361971,8,species,obligate_grassland,FALSE,FALSE,TRUE
md_0754,86IBQ28G,Rahmig et al. 2009,mean_diff,prescribed_fire,Burned CRP field,Unburned CRP field,density (birds/ha) - 2004,eastern_meadowlark,eastern_meadowlark,species,obligate,abundance,count,,,,,,two group means,hedges_g,0.08,0.12,-0.2812007246798063,0.6188812076003933,8,species,obligate_grassland,FALSE,FALSE,TRUE
md_0755,86IBQ28G,Rahmig et al. 2009,mean_diff,prescribed_fire,Burned CRP field,Unburned CRP field,density (birds/ha) - 2004,brown_headed_cowbird,brown_headed_cowbird,species,facultative,abundance,count,,,,,,two group means,hedges_g,0.14,0.32,-0.7491737307315528,0.6427679702462878,8,species,facultative_grassland,FALSE,FALSE,TRUE
md_0756,86IBQ28G,Rahmig et al. 2009,mean_diff,prescribed_fire,Burned CRP field,Unburned CRP field,density (birds/ha) - 2004,red_winged_blackbird,red_winged_blackbird,species,facultative,abundance,count,,,,,,two group means,hedges_g,0.02,0,0.6148754619013457,0.6337991190049239,8,species,facultative_grassland,FALSE,FALSE,TRUE
md_0759,86IBQ28G,Rahmig et al. 2009,mean_diff,prescribed_fire,Burned CRP field,Unburned CRP field,density (birds/ha) - 2004,mourning_dove,mourning_dove,species,facultative,abundance,count,,,,,,two group means,hedges_g,0.02,0.06,-0.3888813873912677,0.6225139592728849,8,species,facultative_grassland,FALSE,FALSE,TRUE
md_0761,86IBQ28G,Rahmig et al. 2009,mean_diff,prescribed_fire,Burned CRP field,Unburned CRP field,density (birds/ha) - 2005,dickcissel,dickcissel,species,obligate,abundance,count,,,,,,two group means,hedges_g,2,3.07,-0.555912099599409,0.6303861713691514,8,species,obligate_grassland,FALSE,FALSE,TRUE
md_0762,86IBQ28G,Rahmig et al. 2009,mean_diff,prescribed_fire,Burned CRP field,Unburned CRP field,density (birds/ha) - 2005,grasshopper_sparrow,grasshopper_sparrow,species,obligate,abundance,count,,,,,,two group means,hedges_g,0.14,0.13,0.03634246778509333,0.6149425843797839,8,species,obligate_grassland,FALSE,FALSE,TRUE
md_0763,86IBQ28G,Rahmig et al. 2009,mean_diff,prescribed_fire,Burned CRP field,Unburned CRP field,density (birds/ha) - 2005,eastern_meadowlark,eastern_meadowlark,species,obligate,abundance,count,,,,,,two group means,hedges_g,0.16,0.48,-0.906382388847939,0.655299472244751,8,species,obligate_grassland,FALSE,FALSE,TRUE
md_0764,86IBQ28G,Rahmig et al. 2009,mean_diff,prescribed_fire,Burned CRP field,Unburned CRP field,density (birds/ha) - 2005,brown_headed_cowbird,brown_headed_cowbird,species,facultative,abundance,count,,,,,,two group means,hedges_g,0.1,0.86,-1.4139684769762235,0.7092450296026381,8,species,facultative_grassland,FALSE,FALSE,TRUE
md_0765,86IBQ28G,Rahmig et al. 2009,mean_diff,prescribed_fire,Burned CRP field,Unburned CRP field,density (birds/ha) - 2005,red_winged_blackbird,red_winged_blackbird,species,facultative,abundance,count,,,,,,two group means,hedges_g,0.24,0.06,0.5775356064560162,0.6315999878828971,8,species,facultative_grassland,FALSE,FALSE,TRUE
md_0766,86IBQ28G,Rahmig et al. 2009,mean_diff,prescribed_fire,Burned CRP field,Unburned CRP field,density (birds/ha) - 2005,henslows_sparrow,henslows_sparrow,species,obligate,abundance,count,,,,,,two group means,hedges_g,0,0.13,-0.6661150837264578,0.6370272091491754,8,species,obligate_grassland,FALSE,FALSE,TRUE
md_0767,86IBQ28G,Rahmig et al. 2009,mean_diff,prescribed_fire,Burned CRP field,Unburned CRP field,density (birds/ha) - 2005,mourning_dove,mourning_dove,species,facultative,abundance,count,,,,,,two group means,hedges_g,0.06,0.21,-0.4417079096599541,0.6247126947560804,8,species,facultative_grassland,FALSE,FALSE,TRUE
md_0768,86IBQ28G,Rahmig et al. 2009,mean_diff,prescribed_fire,Burned CRP field,Unburned CRP field,density (birds/ha) - 2005,northern_bobwhite,northern_bobwhite,species,facultative,abundance,count,,,,,,two group means,hedges_g,0,0.06,-0.9223131928520184,0.6566872811736181,8,species,facultative_grassland,FALSE,FALSE,TRUE
md_0770,86IBQ28G,Rahmig et al. 2009,mean_diff,prescribed_fire,Burned CRP field,Unburned CRP field,density (birds/ha) - 2005,lark_sparrow,lark_sparrow,species,facultative,abundance,count,,,,,,two group means,hedges_g,0.08,0,9.83800739042153,2.535196476019696,8,species,facultative_grassland,FALSE,FALSE,TRUE
md_0771,86IBQ28G,Rahmig et al. 2009,mean_diff,prescribed_fire,Burned native hayfield,Unburned hayfield,density (birds/ha) - 2004,dickcissel,dickcissel,species,obligate,abundance,count,,,,,,two group means,hedges_g,1.08,1.04,0.05301069152888754,0.5713731264654343,10,species,obligate_grassland,FALSE,FALSE,TRUE
md_0772,86IBQ28G,Rahmig et al. 2009,mean_diff,prescribed_fire,Burned native hayfield,Unburned hayfield,density (birds/ha) - 2004,grasshopper_sparrow,grasshopper_sparrow,species,obligate,abundance,count,,,,,,two group means,hedges_g,0.47,0.4,0.22523260963919803,0.5734659792858777,10,species,obligate_grassland,FALSE,FALSE,TRUE
md_0773,86IBQ28G,Rahmig et al. 2009,mean_diff,prescribed_fire,Burned native hayfield,Unburned hayfield,density (birds/ha) - 2004,eastern_meadowlark,eastern_meadowlark,species,obligate,abundance,count,,,,,,two group means,hedges_g,0.29,0.43,-0.7222858947328892,0.5936426439050442,10,species,obligate_grassland,FALSE,FALSE,TRUE
md_0774,86IBQ28G,Rahmig et al. 2009,mean_diff,prescribed_fire,Burned native hayfield,Unburned hayfield,density (birds/ha) - 2004,brown_headed_cowbird,brown_headed_cowbird,species,facultative,abundance,count,,,,,,two group means,hedges_g,0.03,0.02,0.15843628735868912,0.5723476616827109,10,species,facultative_grassland,FALSE,FALSE,TRUE
md_0775,86IBQ28G,Rahmig et al. 2009,mean_diff,prescribed_fire,Burned native hayfield,Unburned hayfield,density (birds/ha) - 2004,red_winged_blackbird,red_winged_blackbird,species,facultative,abundance,count,,,,,,two group means,hedges_g,0.11,0.13,-0.07921814367934459,0.5715247314775334,10,species,facultative_grassland,FALSE,FALSE,TRUE
md_0776,86IBQ28G,Rahmig et al. 2009,mean_diff,prescribed_fire,Burned native hayfield,Unburned hayfield,density (birds/ha) - 2004,henslows_sparrow,henslows_sparrow,species,obligate,abundance,count,,,,,,two group means,hedges_g,0.05,0.06,-0.0717433586519582,0.5714753699430971,10,species,obligate_grassland,FALSE,FALSE,TRUE
md_0778,86IBQ28G,Rahmig et al. 2009,mean_diff,prescribed_fire,Burned native hayfield,Unburned hayfield,density (birds/ha) - 2004,mourning_dove,mourning_dove,species,facultative,abundance,count,,,,,,two group means,hedges_g,0,0.02,-0.6386770926846236,0.5888311849860457,10,species,facultative_grassland,FALSE,FALSE,TRUE
md_0780,86IBQ28G,Rahmig et al. 2009,mean_diff,prescribed_fire,Burned native hayfield,Unburned hayfield,density (birds/ha) - 2005,dickcissel,dickcissel,species,obligate,abundance,count,,,,,,two group means,hedges_g,1.01,1.33,-0.41089558072291976,0.5785918266696721,10,species,obligate_grassland,FALSE,FALSE,TRUE
md_0781,86IBQ28G,Rahmig et al. 2009,mean_diff,prescribed_fire,Burned native hayfield,Unburned hayfield,density (birds/ha) - 2005,grasshopper_sparrow,grasshopper_sparrow,species,obligate,abundance,count,,,,,,two group means,hedges_g,1.03,1.08,-0.05486908504446183,0.5713818983838632,10,species,obligate_grassland,FALSE,FALSE,TRUE
md_0782,86IBQ28G,Rahmig et al. 2009,mean_diff,prescribed_fire,Burned native hayfield,Unburned hayfield,density (birds/ha) - 2005,eastern_meadowlark,eastern_meadowlark,species,obligate,abundance,count,,,,,,two group means,hedges_g,0.62,0.74,-0.2847858020251865,0.5747885616710052,10,species,obligate_grassland,FALSE,FALSE,TRUE
md_0783,86IBQ28G,Rahmig et al. 2009,mean_diff,prescribed_fire,Burned native hayfield,Unburned hayfield,density (birds/ha) - 2005,brown_headed_cowbird,brown_headed_cowbird,species,facultative,abundance,count,,,,,,two group means,hedges_g,0.13,0.15,-0.0939129474676194,0.5716360074918037,10,species,facultative_grassland,FALSE,FALSE,TRUE
md_0784,86IBQ28G,Rahmig et al. 2009,mean_diff,prescribed_fire,Burned native hayfield,Unburned hayfield,density (birds/ha) - 2005,red_winged_blackbird,red_winged_blackbird,species,facultative,abundance,count,,,,,,two group means,hedges_g,0.19,0.05,0.7438330170777989,0.5949715294371821,10,species,facultative_grassland,FALSE,FALSE,TRUE
md_0785,86IBQ28G,Rahmig et al. 2009,mean_diff,prescribed_fire,Burned native hayfield,Unburned hayfield,density (birds/ha) - 2005,henslows_sparrow,henslows_sparrow,species,obligate,abundance,count,,,,,,two group means,hedges_g,0.02,0.11,-0.7405345464897922,0.5947657637283006,10,species,obligate_grassland,FALSE,FALSE,TRUE
md_0786,86IBQ28G,Rahmig et al. 2009,mean_diff,prescribed_fire,Burned native hayfield,Unburned hayfield,density (birds/ha) - 2005,mourning_dove,mourning_dove,species,facultative,abundance,count,,,,,,two group means,hedges_g,0.03,0,0.9580156390269352,0.6100954361467359,10,species,facultative_grassland,FALSE,FALSE,TRUE
md_0787,86IBQ28G,Rahmig et al. 2009,mean_diff,prescribed_fire,Burned native hayfield,Unburned hayfield,density (birds/ha) - 2005,northern_bobwhite,northern_bobwhite,species,facultative,abundance,count,,,,,,two group means,hedges_g,0,0.08,-1.0218833482953975,0.615255249349599,10,species,facultative_grassland,FALSE,FALSE,TRUE
md_0788,86IBQ28G,Rahmig et al. 2009,mean_diff,prescribed_fire,Burned native hayfield,Unburned hayfield,density (birds/ha) - 2005,upland_sandpiper,upland_sandpiper,species,obligate,abundance,count,,,,,,two group means,hedges_g,0.02,0.08,-0.4647058436119594,0.5806240772052272,10,species,obligate_grassland,FALSE,FALSE,TRUE
md_0790,86IBQ28G,Rahmig et al. 2009,mean_diff,prescribed_fire,Burned season-long grazed pasture,Unburned season-long grazed pasture,density (birds/ha) - 2004,dickcissel,dickcissel,species,obligate,abundance,count,,,,,,two group means,hedges_g,1,0.74,0.36958083403490755,0.538251723956955,12,species,obligate_grassland,FALSE,FALSE,TRUE
md_0791,86IBQ28G,Rahmig et al. 2009,mean_diff,prescribed_fire,Burned season-long grazed pasture,Unburned season-long grazed pasture,density (birds/ha) - 2004,grasshopper_sparrow,grasshopper_sparrow,species,obligate,abundance,count,,,,,,two group means,hedges_g,0.63,0.86,-0.366866584078789,0.5381743497638923,12,species,obligate_grassland,FALSE,FALSE,TRUE
md_0792,86IBQ28G,Rahmig et al. 2009,mean_diff,prescribed_fire,Burned season-long grazed pasture,Unburned season-long grazed pasture,density (birds/ha) - 2004,eastern_meadowlark,eastern_meadowlark,species,obligate,abundance,count,,,,,,two group means,hedges_g,0.25,0.44,-0.7101115510799724,0.5522992268053344,12,species,obligate_grassland,FALSE,FALSE,TRUE
md_0793,86IBQ28G,Rahmig et al. 2009,mean_diff,prescribed_fire,Burned season-long grazed pasture,Unburned season-long grazed pasture,density (birds/ha) - 2004,brown_headed_cowbird,brown_headed_cowbird,species,facultative,abundance,count,,,,,,two group means,hedges_g,0.21,0.15,0.32083446260131876,0.5369474989749136,12,species,facultative_grassland,FALSE,FALSE,TRUE
md_0794,86IBQ28G,Rahmig et al. 2009,mean_diff,prescribed_fire,Burned season-long grazed pasture,Unburned season-long grazed pasture,density (birds/ha) - 2004,red_winged_blackbird,red_winged_blackbird,species,facultative,abundance,count,,,,,,two group means,hedges_g,0.04,0.01,0.3751119478958379,0.5384111277945309,12,species,facultative_grassland,FALSE,FALSE,TRUE
md_0795,86IBQ28G,Rahmig et al. 2009,mean_diff,prescribed_fire,Burned season-long grazed pasture,Unburned season-long grazed pasture,density (birds/ha) - 2004,henslows_sparrow,henslows_sparrow,species,obligate,abundance,count,,,,,,two group means,hedges_g,0.01,0.09,-0.45024794647361904,0.5408053893900971,12,species,obligate_grassland,FALSE,FALSE,TRUE
md_0796,86IBQ28G,Rahmig et al. 2009,mean_diff,prescribed_fire,Burned season-long grazed pasture,Unburned season-long grazed pasture,density (birds/ha) - 2004,common_nighthawk,common_nighthawk,species,facultative,abundance,count,,,,,,two group means,hedges_g,0.01,0.03,-0.3892034043284159,0.538827714320562,12,species,facultative_grassland,FALSE,FALSE,TRUE
md_0797,86IBQ28G,Rahmig et al. 2009,mean_diff,prescribed_fire,Burned season-long grazed pasture,Unburned season-long grazed pasture,density (birds/ha) - 2004,mourning_dove,mourning_dove,species,facultative,abundance,count,,,,,,two group means,hedges_g,0,0.01,-0.43514263457633695,0.5402899360437302,12,species,facultative_grassland,FALSE,FALSE,TRUE
md_0798,86IBQ28G,Rahmig et al. 2009,mean_diff,prescribed_fire,Burned season-long grazed pasture,Unburned season-long grazed pasture,density (birds/ha) - 2004,upland_sandpiper,upland_sandpiper,species,obligate,abundance,count,,,,,,two group means,hedges_g,0.01,0.07,-0.825625099384538,0.5589508346026139,12,species,obligate_grassland,FALSE,FALSE,TRUE
md_0799,86IBQ28G,Rahmig et al. 2009,mean_diff,prescribed_fire,Burned season-long grazed pasture,Unburned season-long grazed pasture,density (birds/ha) - 2005,dickcissel,dickcissel,species,obligate,abundance,count,,,,,,two group means,hedges_g,1.57,1.16,0.5810464136483517,0.5459770669081445,12,species,obligate_grassland,FALSE,FALSE,TRUE
md_0800,86IBQ28G,Rahmig et al. 2009,mean_diff,prescribed_fire,Burned season-long grazed pasture,Unburned season-long grazed pasture,density (birds/ha) - 2005,grasshopper_sparrow,grasshopper_sparrow,species,obligate,abundance,count,,,,,,two group means,hedges_g,0.84,1.11,-0.3655290391335624,0.5381364265448549,12,species,obligate_grassland,FALSE,FALSE,TRUE
md_0801,86IBQ28G,Rahmig et al. 2009,mean_diff,prescribed_fire,Burned season-long grazed pasture,Unburned season-long grazed pasture,density (birds/ha) - 2005,eastern_meadowlark,eastern_meadowlark,species,obligate,abundance,count,,,,,,two group means,hedges_g,0.51,0.46,0.21414850107396508,0.5347284212511332,12,species,obligate_grassland,FALSE,FALSE,TRUE
md_0802,86IBQ28G,Rahmig et al. 2009,mean_diff,prescribed_fire,Burned season-long grazed pasture,Unburned season-long grazed pasture,density (birds/ha) - 2005,brown_headed_cowbird,brown_headed_cowbird,species,facultative,abundance,count,,,,,,two group means,hedges_g,0.29,0.15,0.41155461111594216,0.5395192785120563,12,species,facultative_grassland,FALSE,FALSE,TRUE
md_0803,86IBQ28G,Rahmig et al. 2009,mean_diff,prescribed_fire,Burned season-long grazed pasture,Unburned season-long grazed pasture,density (birds/ha) - 2005,red_winged_blackbird,red_winged_blackbird,species,facultative,abundance,count,,,,,,two group means,hedges_g,0.12,0.01,0.7465256162798662,0.5542964212667605,12,species,facultative_grassland,FALSE,FALSE,TRUE
md_0804,86IBQ28G,Rahmig et al. 2009,mean_diff,prescribed_fire,Burned season-long grazed pasture,Unburned season-long grazed pasture,density (birds/ha) - 2005,henslows_sparrow,henslows_sparrow,species,obligate,abundance,count,,,,,,two group means,hedges_g,0,0.29,-0.6760251644310948,0.550514080590488,12,species,obligate_grassland,FALSE,FALSE,TRUE
md_0806,86IBQ28G,Rahmig et al. 2009,mean_diff,prescribed_fire,Burned season-long grazed pasture,Unburned season-long grazed pasture,density (birds/ha) - 2005,northern_bobwhite,northern_bobwhite,species,facultative,abundance,count,,,,,,two group means,hedges_g,0,0.03,-0.979070927796758,0.5691787918057208,12,species,facultative_grassland,FALSE,FALSE,TRUE
md_0807,86IBQ28G,Rahmig et al. 2009,mean_diff,prescribed_fire,Burned season-long grazed pasture,Unburned season-long grazed pasture,density (birds/ha) - 2005,upland_sandpiper,upland_sandpiper,species,obligate,abundance,count,,,,,,two group means,hedges_g,0.04,0,1.305427903729011,0.5958435917242181,12,species,obligate_grassland,FALSE,FALSE,TRUE
md_0808,86IBQ28G,Rahmig et al. 2009,mean_diff,prescribed_fire,Burned season-long grazed pasture,Unburned season-long grazed pasture,density (birds/ha) - 2005,lark_sparrow,lark_sparrow,species,facultative,abundance,count,,,,,,two group means,hedges_g,0.01,0,0.43514263457633695,0.5402899360437302,12,species,facultative_grassland,FALSE,FALSE,TRUE
md_0809,86IBQ28G,Rahmig et al. 2009,mean_diff,grazing_intensity,Burned season-long grazed pasture,Burned intensive-early season grazed pasture (1.25 cattle/ha),density (birds/ha) - 2004,dickcissel,dickcissel,species,obligate,abundance,count,,,,,,two group means,hedges_g,1,1.07,0.08966578861085218,0.5332529106415518,12,species,obligate_grassland,FALSE,FALSE,TRUE
md_0810,86IBQ28G,Rahmig et al. 2009,mean_diff,grazing_intensity,Burned season-long grazed pasture,Burned intensive-early season grazed pasture (1.25 cattle/ha),density (birds/ha) - 2004,grasshopper_sparrow,grasshopper_sparrow,species,obligate,abundance,count,,,,,,two group means,hedges_g,0.63,0.88,0.6582668139059187,0.5496166560138048,12,species,obligate_grassland,FALSE,FALSE,TRUE
md_0811,86IBQ28G,Rahmig et al. 2009,mean_diff,grazing_intensity,Burned season-long grazed pasture,Burned intensive-early season grazed pasture (1.25 cattle/ha),density (birds/ha) - 2004,eastern_meadowlark,eastern_meadowlark,species,obligate,abundance,count,,,,,,two group means,hedges_g,0.25,0.3,0.3166127725707855,0.5368430751118151,12,species,obligate_grassland,FALSE,FALSE,TRUE
md_0812,86IBQ28G,Rahmig et al. 2009,mean_diff,grazing_intensity,Burned season-long grazed pasture,Burned intensive-early season grazed pasture (1.25 cattle/ha),density (birds/ha) - 2004,brown_headed_cowbird,brown_headed_cowbird,species,facultative,abundance,count,,,,,,two group means,hedges_g,0.21,0.2,-0.0338302761369441,0.5329834477933617,12,species,facultative_grassland,FALSE,FALSE,TRUE
md_0813,86IBQ28G,Rahmig et al. 2009,mean_diff,grazing_intensity,Burned season-long grazed pasture,Burned intensive-early season grazed pasture (1.25 cattle/ha),density (birds/ha) - 2004,red_winged_blackbird,red_winged_blackbird,species,facultative,abundance,count,,,,,,two group means,hedges_g,0.04,0.03,-0.1212059380243593,0.5335126883351214,12,species,facultative_grassland,FALSE,FALSE,TRUE
md_0814,86IBQ28G,Rahmig et al. 2009,mean_diff,grazing_intensity,Burned season-long grazed pasture,Burned intensive-early season grazed pasture (1.25 cattle/ha),density (birds/ha) - 2004,henslows_sparrow,henslows_sparrow,species,obligate,abundance,count,,,,,,two group means,hedges_g,0.01,0,-0.43514263457633695,0.5402899360437302,12,species,obligate_grassland,FALSE,FALSE,TRUE
md_0815,86IBQ28G,Rahmig et al. 2009,mean_diff,grazing_intensity,Burned season-long grazed pasture,Burned intensive-early season grazed pasture (1.25 cattle/ha),density (birds/ha) - 2004,common_nighthawk,common_nighthawk,species,facultative,abundance,count,,,,,,two group means,hedges_g,0.01,0.07,0.825625099384538,0.5589508346026139,12,species,facultative_grassland,FALSE,FALSE,TRUE
md_0816,86IBQ28G,Rahmig et al. 2009,mean_diff,grazing_intensity,Burned season-long grazed pasture,Burned intensive-early season grazed pasture (1.25 cattle/ha),density (birds/ha) - 2004,mourning_dove,mourning_dove,species,facultative,abundance,count,,,,,,two group means,hedges_g,0,0.01,0.43514263457633695,0.5402899360437302,12,species,facultative_grassland,FALSE,FALSE,TRUE
md_0817,86IBQ28G,Rahmig et al. 2009,mean_diff,grazing_intensity,Burned season-long grazed pasture,Burned intensive-early season grazed pasture (1.25 cattle/ha),density (birds/ha) - 2004,upland_sandpiper,upland_sandpiper,species,obligate,abundance,count,,,,,,two group means,hedges_g,0.01,0.01,-0,0.532938710021193,12,species,obligate_grassland,FALSE,FALSE,TRUE
md_0818,86IBQ28G,Rahmig et al. 2009,mean_diff,grazing_intensity,Burned season-long grazed pasture,Burned intensive-early season grazed pasture (1.25 cattle/ha),density (birds/ha) - 2005,dickcissel,dickcissel,species,obligate,abundance,count,,,,,,two group means,hedges_g,1.57,1.28,-0.2971425680771288,0.5363791318143022,12,species,obligate_grassland,FALSE,FALSE,TRUE
md_0819,86IBQ28G,Rahmig et al. 2009,mean_diff,grazing_intensity,Burned season-long grazed pasture,Burned intensive-early season grazed pasture (1.25 cattle/ha),density (birds/ha) - 2005,grasshopper_sparrow,grasshopper_sparrow,species,obligate,abundance,count,,,,,,two group means,hedges_g,0.84,1.36,0.7426924341285261,0.554081826803325,12,species,obligate_grassland,FALSE,FALSE,TRUE
md_0820,86IBQ28G,Rahmig et al. 2009,mean_diff,grazing_intensity,Burned season-long grazed pasture,Burned intensive-early season grazed pasture (1.25 cattle/ha),density (birds/ha) - 2005,eastern_meadowlark,eastern_meadowlark,species,obligate,abundance,count,,,,,,two group means,hedges_g,0.51,0.83,0.8643038562175794,0.5613818220549576,12,species,obligate_grassland,FALSE,FALSE,TRUE
md_0821,86IBQ28G,Rahmig et al. 2009,mean_diff,grazing_intensity,Burned season-long grazed pasture,Burned intensive-early season grazed pasture (1.25 cattle/ha),density (birds/ha) - 2005,brown_headed_cowbird,brown_headed_cowbird,species,facultative,abundance,count,,,,,,two group means,hedges_g,0.29,0.07,-0.7869070930350843,0.5566189158813463,12,species,facultative_grassland,FALSE,FALSE,TRUE
md_0822,86IBQ28G,Rahmig et al. 2009,mean_diff,grazing_intensity,Burned season-long grazed pasture,Burned intensive-early season grazed pasture (1.25 cattle/ha),density (birds/ha) - 2005,red_winged_blackbird,red_winged_blackbird,species,facultative,abundance,count,,,,,,two group means,hedges_g,0.12,0.01,-0.7465256162798662,0.5542964212667605,12,species,facultative_grassland,FALSE,FALSE,TRUE
md_0823,86IBQ28G,Rahmig et al. 2009,mean_diff,grazing_intensity,Burned season-long grazed pasture,Burned intensive-early season grazed pasture (1.25 cattle/ha),density (birds/ha) - 2005,henslows_sparrow,henslows_sparrow,species,obligate,abundance,count,,,,,,two group means,hedges_g,0,0.01,0.43514263457633695,0.5402899360437302,12,species,obligate_grassland,FALSE,FALSE,TRUE
md_0825,86IBQ28G,Rahmig et al. 2009,mean_diff,grazing_intensity,Burned season-long grazed pasture,Burned intensive-early season grazed pasture (1.25 cattle/ha),density (birds/ha) - 2005,northern_bobwhite,northern_bobwhite,species,facultative,abundance,count,,,,,,two group means,hedges_g,0,0.05,0.6527139518645054,0.5493406483494501,12,species,facultative_grassland,FALSE,FALSE,TRUE
md_0826,86IBQ28G,Rahmig et al. 2009,mean_diff,grazing_intensity,Burned season-long grazed pasture,Burned intensive-early season grazed pasture (1.25 cattle/ha),density (birds/ha) - 2005,upland_sandpiper,upland_sandpiper,species,obligate,abundance,count,,,,,,two group means,hedges_g,0.04,0.02,-0.4615384615384616,0.541201818441165,12,species,obligate_grassland,FALSE,FALSE,TRUE
md_0827,86IBQ28G,Rahmig et al. 2009,mean_diff,grazing_intensity,Burned season-long grazed pasture,Burned intensive-early season grazed pasture (1.25 cattle/ha),density (birds/ha) - 2005,lark_sparrow,lark_sparrow,species,facultative,abundance,count,,,,,,two group means,hedges_g,0.01,0,-0.43514263457633695,0.5402899360437302,12,species,facultative_grassland,FALSE,FALSE,TRUE
md_0831,A9QQKZTZ,Raynor et al. 2017,mean_diff,remove_non_native_species,Treated,Untreated,abundance - 2006,lark_sparrow,lark_sparrow,species,facultative,abundance,count,,,,,,two group means,hedges_g,0.83,0.16,0.7047752552712108,0.6841483854912008,6,species,facultative_grassland,FALSE,FALSE,TRUE
md_0832,A9QQKZTZ,Raynor et al. 2017,mean_diff,remove_non_native_species,Treated,Untreated,abundance - 2006,western_meadowlark,western_meadowlark,species,obligate,abundance,count,,,,,,two group means,hedges_g,0.66,0.16,1.4433756729740643,0.774775953277964,6,species,obligate_grassland,FALSE,FALSE,TRUE
md_0833,A9QQKZTZ,Raynor et al. 2017,mean_diff,remove_non_native_species,Treated,Untreated,abundance - 2006,northern_flicker,northern_flicker,species,forest,abundance,count,,,,,,two group means,hedges_g,0.16,0.16,0,0.6531972647421809,6,species,,FALSE,TRUE,FALSE
md_0834,A9QQKZTZ,Raynor et al. 2017,mean_diff,remove_non_native_species,Treated,Untreated,abundance - 2006,mourning_dove,mourning_dove,species,facultative,abundance,count,,,,,,two group means,hedges_g,2.67,7.5,-2.6276595849846305,1.001024262716344,6,species,facultative_grassland,FALSE,FALSE,TRUE
md_0835,A9QQKZTZ,Raynor et al. 2017,mean_diff,remove_non_native_species,Treated,Untreated,abundance - 2007,mourning_dove,mourning_dove,species,facultative,abundance,count,,,,,,two group means,hedges_g,3.5,5.5,-1.097074795838176,0.7259231540863087,6,species,facultative_grassland,FALSE,FALSE,TRUE
md_0836,A9QQKZTZ,Raynor et al. 2017,mean_diff,remove_non_native_species,Treated,Untreated,abundance - 2006,western_kingbird,western_kingbird,species,facultative,abundance,count,,,,,,two group means,hedges_g,2.16,1.5,0.6469160206408291,0.6793686001085718,6,species,facultative_grassland,FALSE,FALSE,TRUE
md_0837,A9QQKZTZ,Raynor et al. 2017,mean_diff,remove_non_native_species,Treated,Untreated,abundance - 2007,western_kingbird,western_kingbird,species,facultative,abundance,count,,,,,,two group means,hedges_g,3.16,1.16,0.5925133522782715,0.6752204623076844,6,species,facultative_grassland,FALSE,FALSE,TRUE
md_0838,A9QQKZTZ,Raynor et al. 2017,mean_diff,remove_non_native_species,Treated,Untreated,abundance - 2006,western_kingbird,western_kingbird,species,facultative,abundance,count,,,,,,two group means,hedges_g,1,1,0,0.6531972647421809,6,species,facultative_grassland,FALSE,FALSE,TRUE
md_0839,A9QQKZTZ,Raynor et al. 2017,mean_diff,remove_non_native_species,Treated,Untreated,abundance - 2007,western_kingbird,western_kingbird,species,facultative,abundance,count,,,,,,two group means,hedges_g,0.83,0.33,0.386378760763713,0.6626517780082098,6,species,facultative_grassland,FALSE,FALSE,TRUE
md_0840,A9QQKZTZ,Raynor et al. 2017,mean_diff,remove_non_native_species,Treated,Untreated,abundance - 2006,orchard_oriole,orchard_oriole,species,facultative,abundance,count,,,,,,two group means,hedges_g,1,2.33,-0.6264461914941245,0.677768079239837,6,species,facultative_grassland,FALSE,FALSE,TRUE
md_0841,A9QQKZTZ,Raynor et al. 2017,mean_diff,remove_non_native_species,Treated,Untreated,abundance - 2007,orchard_oriole,orchard_oriole,species,facultative,abundance,count,,,,,,two group means,hedges_g,1,1.33,-0.2046972959178568,0.6558646318001454,6,species,facultative_grassland,FALSE,FALSE,TRUE
md_0842,A9QQKZTZ,Raynor et al. 2017,mean_diff,remove_non_native_species,Treated,Untreated,abundance - 2006,northern_mockingbird,northern_mockingbird,species,facultative,abundance,count,,,,,,two group means,hedges_g,0.83,2.83,-1.2775290932025127,0.7501155790931396,6,species,facultative_grassland,FALSE,FALSE,TRUE
md_0843,A9QQKZTZ,Raynor et al. 2017,mean_diff,remove_non_native_species,Treated,Untreated,abundance - 2007,northern_mockingbird,northern_mockingbird,species,facultative,abundance,count,,,,,,two group means,hedges_g,0.33,2.16,-1.2113246696611262,0.7409063962094918,6,species,facultative_grassland,FALSE,FALSE,TRUE
md_0844,A9QQKZTZ,Raynor et al. 2017,mean_diff,remove_non_native_species,Treated,Untreated,abundance - 2006,brown_thrasher,brown_thrasher,species,shrub,abundance,count,,,,,,two group means,hedges_g,0.33,0.67,-0.4037946727497118,0.6635165243948995,6,species,,FALSE,TRUE,FALSE
md_0845,A9QQKZTZ,Raynor et al. 2017,mean_diff,remove_non_native_species,Treated,Untreated,abundance - 2006,yellow_warbler,yellow_warbler,species,facultative,abundance,count,,,,,,two group means,hedges_g,0.33,1.16,-0.4629904654953862,0.6667308409408074,6,species,facultative_grassland,FALSE,FALSE,TRUE
md_0846,A9QQKZTZ,Raynor et al. 2017,mean_diff,remove_non_native_species,Treated,Untreated,abundance - 2006,red_winged_blackbird,red_winged_blackbird,species,facultative,abundance,count,,,,,,two group means,hedges_g,1.67,0.5,0.8637281472941309,0.6991677381256084,6,species,facultative_grassland,FALSE,FALSE,TRUE
md_0847,A9QQKZTZ,Raynor et al. 2017,mean_diff,remove_non_native_species,Treated,Untreated,abundance - 2007,red_winged_blackbird,red_winged_blackbird,species,facultative,abundance,count,,,,,,two group means,hedges_g,1.33,0.5,0.6127302241488279,0.6767223906192673,6,species,facultative_grassland,FALSE,FALSE,TRUE
md_0848,A9QQKZTZ,Raynor et al. 2017,mean_diff,remove_non_native_species,Treated,Untreated,abundance - 2006,brown_headed_cowbird,brown_headed_cowbird,species,facultative,abundance,count,,,,,,two group means,hedges_g,1,1,0,0.6531972647421809,6,species,facultative_grassland,FALSE,FALSE,TRUE
md_0849,A9QQKZTZ,Raynor et al. 2017,mean_diff,remove_non_native_species,Treated,Untreated,abundance - 2007,brown_headed_cowbird,brown_headed_cowbird,species,facultative,abundance,count,,,,,,two group means,hedges_g,0.33,1.67,-1.5914260631900403,0.7985735676087579,6,species,facultative_grassland,FALSE,FALSE,TRUE
md_0850,A9QQKZTZ,Raynor et al. 2017,mean_diff,remove_non_native_species,Treated,Untreated,abundance - 2008,lark_sparrow,lark_sparrow,species,facultative,abundance,count,,,,,,two group means,hedges_g,0.16,0.16,0,0.6531972647421809,6,species,facultative_grassland,FALSE,FALSE,TRUE
md_0851,A9QQKZTZ,Raynor et al. 2017,mean_diff,remove_non_native_species,Treated,Untreated,abundance - 2009,lark_sparrow,lark_sparrow,species,facultative,abundance,count,,,,,,two group means,hedges_g,0.5,1.83,-0.726563438432539,0.6860450926668326,6,species,facultative_grassland,FALSE,FALSE,TRUE
md_0852,A9QQKZTZ,Raynor et al. 2017,mean_diff,remove_non_native_species,Treated,Untreated,abundance - 2008,northern_flicker,northern_flicker,species,forest,abundance,count,,,,,,two group means,hedges_g,0.16,0.5,-0.4230421765210019,0.6645151542738779,6,species,,FALSE,TRUE,FALSE
md_0853,A9QQKZTZ,Raynor et al. 2017,mean_diff,remove_non_native_species,Treated,Untreated,abundance - 2008,mourning_dove,mourning_dove,species,facultative,abundance,count,,,,,,two group means,hedges_g,3.83,6.66,-1.3499167799740537,0.7606069568035516,6,species,facultative_grassland,FALSE,FALSE,TRUE
md_0854,A9QQKZTZ,Raynor et al. 2017,mean_diff,remove_non_native_species,Treated,Untreated,abundance - 2009,mourning_dove,mourning_dove,species,facultative,abundance,count,,,,,,two group means,hedges_g,4,7.33,-1.5665168699169634,0.7944586785842735,6,species,facultative_grassland,FALSE,FALSE,TRUE
md_0855,A9QQKZTZ,Raynor et al. 2017,mean_diff,remove_non_native_species,Treated,Untreated,abundance - 2008,western_kingbird,western_kingbird,species,facultative,abundance,count,,,,,,two group means,hedges_g,2.66,3.33,-0.24403627550281204,0.6569851408619836,6,species,facultative_grassland,FALSE,FALSE,TRUE
md_0856,A9QQKZTZ,Raynor et al. 2017,mean_diff,remove_non_native_species,Treated,Untreated,abundance - 2009,western_kingbird,western_kingbird,species,facultative,abundance,count,,,,,,two group means,hedges_g,2,2.83,-0.2677637043598173,0.657754855637246,6,species,facultative_grassland,FALSE,FALSE,TRUE
md_0857,A9QQKZTZ,Raynor et al. 2017,mean_diff,remove_non_native_species,Treated,Untreated,abundance - 2009,eastern_kingbird,eastern_kingbird,species,facultative,abundance,count,,,,,,two group means,hedges_g,0.66,0.67,-0.00823474206650615,0.653201590308389,6,species,facultative_grassland,FALSE,FALSE,TRUE
md_0858,A9QQKZTZ,Raynor et al. 2017,mean_diff,remove_non_native_species,Treated,Untreated,abundance - 2008,orchard_oriole,orchard_oriole,species,facultative,abundance,count,,,,,,two group means,hedges_g,0.83,1.67,-0.6502549197615943,0.6796341822795897,6,species,facultative_grassland,FALSE,FALSE,TRUE
md_0859,A9QQKZTZ,Raynor et al. 2017,mean_diff,remove_non_native_species,Treated,Untreated,abundance - 2009,orchard_oriole,orchard_oriole,species,facultative,abundance,count,,,,,,two group means,hedges_g,0.5,1,-0.35900799542147066,0.6613676953087785,6,species,facultative_grassland,FALSE,FALSE,TRUE
md_0860,A9QQKZTZ,Raynor et al. 2017,mean_diff,remove_non_native_species,Treated,Untreated,abundance - 2008,northern_mockingbird,northern_mockingbird,species,facultative,abundance,count,,,,,,two group means,hedges_g,1.66,2.83,-1.0271459982563844,0.7173463192985488,6,species,facultative_grassland,FALSE,FALSE,TRUE
md_0861,A9QQKZTZ,Raynor et al. 2017,mean_diff,remove_non_native_species,Treated,Untreated,abundance - 2009,northern_mockingbird,northern_mockingbird,species,facultative,abundance,count,,,,,,two group means,hedges_g,2,6,-2.849091197210054,1.0502904618096454,6,species,facultative_grassland,FALSE,FALSE,TRUE
md_0862,A9QQKZTZ,Raynor et al. 2017,mean_diff,remove_non_native_species,Treated,Untreated,abundance - 2008,blue_grosbeak,blue_grosbeak,species,facultative,abundance,count,,,,,,two group means,hedges_g,0.5,0.5,0,0.6531972647421809,6,species,facultative_grassland,FALSE,FALSE,TRUE
md_0863,A9QQKZTZ,Raynor et al. 2017,mean_diff,remove_non_native_species,Treated,Untreated,abundance - 2009,red_winged_blackbird,red_winged_blackbird,species,facultative,abundance,count,,,,,,two group means,hedges_g,0.16,0.16,0,0.6531972647421809,6,species,facultative_grassland,FALSE,FALSE,TRUE
md_0864,A9QQKZTZ,Raynor et al. 2017,mean_diff,remove_non_native_species,Treated,Untreated,abundance - 2009,brown_headed_cowbird,brown_headed_cowbird,species,facultative,abundance,count,,,,,,two group means,hedges_g,0.83,0.66,0.17882357223299372,0.6552339194253561,6,species,facultative_grassland,FALSE,FALSE,TRUE
md_0865,U2MLB3CF,Reif et al. 2016,mean_diff,remove_non_native_species,Native stands,R. pseudacacia stands,species_richness,all_species,all_species,aggregate,,species_richness,count,,,,,,two group means,hedges_g,11.1,11.8,-0.05320884386016709,0.31388147038201203,39,community,,FALSE,FALSE,TRUE
md_0866,U2MLB3CF,Reif et al. 2016,mean_diff,remove_non_native_species,Native stands,R. pseudacacia stands,species_richness,specialists,specialists,guild,other,species_richness,count,,,,,,two group means,hedges_g,6.25,4.53,0.7990990476418631,0.32660670200373004,39,community,,FALSE,FALSE,TRUE
md_0867,U2MLB3CF,Reif et al. 2016,mean_diff,remove_non_native_species,Native stands,R. pseudacacia stands,species_richness,generalists,generalists,guild,other,species_richness,count,,,,,,two group means,hedges_g,4.8,7.263,-1.5076197845927983,0.3572467594166111,39,community,,FALSE,FALSE,TRUE
md_0868,LIZQ6R64,Renfrew and Ribic 2001,mean_diff,rotational_grazing,Rotational grazing,Continuous grazing,species_richness - 1996,all_species,all_species,aggregate,,species_richness,count,,,,,,two group means,hedges_g,4.3,5.5,-0.33724166931700206,0.6206287780296895,8,community,,FALSE,FALSE,TRUE
md_0869,LIZQ6R64,Renfrew and Ribic 2001,mean_diff,rotational_grazing,Rotational grazing,Continuous grazing,species_richness - 1997,all_species,all_species,aggregate,,species_richness,count,,,,,,two group means,hedges_g,3,5.3,-0.8944271909999157,0.6542719875161959,8,community,,FALSE,FALSE,TRUE
md_0870,LIZQ6R64,Renfrew and Ribic 2001,mean_diff,rotational_grazing,Rotational grazing,Continuous grazing,species_richness - 1998,all_species,all_species,aggregate,,species_richness,count,,,,,,two group means,hedges_g,1.8,3.5,-0.724777021162854,0.6410173100617093,8,community,,FALSE,FALSE,TRUE
md_0871,LIZQ6R64,Renfrew and Ribic 2001,mean_diff,rotational_grazing,Rotational grazing,Continuous grazing,density - 1996,all_species,all_species,aggregate,,abundance,count,,,,,,two group means,hedges_g,1.89,2.35,-0.28091106745042527,0.6188729860697603,8,community,,FALSE,FALSE,TRUE
md_0872,LIZQ6R64,Renfrew and Ribic 2001,mean_diff,rotational_grazing,Rotational grazing,Continuous grazing,density - 1997,all_species,all_species,aggregate,,abundance,count,,,,,,two group means,hedges_g,2.78,3.31,-0.2213877660431752,0.6173614156901874,8,community,,FALSE,FALSE,TRUE
md_0873,LIZQ6R64,Renfrew and Ribic 2001,mean_diff,rotational_grazing,Rotational grazing,Continuous grazing,density - 1998,all_species,all_species,aggregate,,abundance,count,,,,,,two group means,hedges_g,1.73,1.72,0.00524462921352592,0.6148768598523345,8,community,,FALSE,FALSE,TRUE
md_0898,Y95E74XD,Roberts et al. 2012,mean_diff,prescribed_fire,Burned short-grass fields (1-year post-fire),Unburned short-grass fields,shannon diversity index,all_species,all_species,aggregate,,species_richness,diversity,,,,,,two group means,hedges_g,1.165,1.336,-0.6494237238497871,0.5894186132376656,10,community,,FALSE,FALSE,TRUE
md_0899,Y95E74XD,Roberts et al. 2012,mean_diff,prescribed_fire,Burned short-grass fields (2-years post-fire),Unburned short-grass fields,shannon diversity index,all_species,all_species,aggregate,,species_richness,diversity,,,,,,two group means,hedges_g,1.669,1.582,0.49846027057580566,0.5820222289940409,10,community,,FALSE,FALSE,TRUE
md_0900,Y95E74XD,Roberts et al. 2012,mean_diff,prescribed_fire,Burned mixed-grass fields (1-year post-fire),Unburned short-grass fields,shannon diversity index,all_species,all_species,aggregate,,species_richness,diversity,,,,,,two group means,hedges_g,1.47,1.442,0.15904605082086176,0.572356117544097,10,community,,FALSE,FALSE,TRUE
md_0901,Y95E74XD,Roberts et al. 2012,mean_diff,prescribed_fire,Burned mixed-grass fields (2-years post-fire),Unburned short-grass fields,shannon diversity index,all_species,all_species,aggregate,,species_richness,diversity,,,,,,two group means,hedges_g,1.605,1.804,-1.1480362742331565,0.6262795760072525,10,community,,FALSE,FALSE,TRUE
md_0902,LUTCPDZB,Rodewald et al. 2015,mean_diff,remove_non_native_species,Urban removal,Urban control,relative abundance,american_robin,american_robin,species,facultative,abundance,count,,,,,,two group means,hedges_g,3,2.1,1.909347197368355,0.6866053504182986,12,species,facultative_grassland,FALSE,FALSE,TRUE
md_0903,LUTCPDZB,Rodewald et al. 2015,mean_diff,remove_non_native_species,Urban removal,Urban control,relative abundance,brown_headed_cowbird,brown_headed_cowbird,species,facultative,abundance,count,,,,,,two group means,hedges_g,1.06,0.86,1.0410031435521936,0.6038876343513746,12,species,facultative_grassland,FALSE,FALSE,TRUE
md_0904,LUTCPDZB,Rodewald et al. 2015,mean_diff,remove_non_native_species,Urban removal,Urban control,relative abundance,gray_catbird,gray_catbird,species,forest,abundance,count,,,,,,two group means,hedges_g,1.72,1.68,0.07385809027808449,0.5654678767310735,12,species,,FALSE,TRUE,FALSE
md_0905,LUTCPDZB,Rodewald et al. 2015,mean_diff,remove_non_native_species,Urban removal,Urban control,relative abundance,indigo_bunting,indigo_bunting,species,facultative,abundance,count,,,,,,two group means,hedges_g,1.31,1.03,0.7628091642057054,0.5863203360170192,12,species,facultative_grassland,FALSE,FALSE,TRUE
md_0906,LUTCPDZB,Rodewald et al. 2015,mean_diff,remove_non_native_species,Urban removal,Urban control,relative abundance,northern_cardinal,northern_cardinal,species,facultative,abundance,count,,,,,,two group means,hedges_g,4.47,4.32,0.16489635797318256,0.566268114578806,12,species,facultative_grassland,FALSE,FALSE,TRUE
md_0907,FQ4DXWJU,Saalfeld et al. 2016,mean_diff,provide_overwintering_habitat,Grazed and burned (<1 growing season post-fire),Non-grazed and non-burned (>= 2 growing seasons post-fire),species_richness,grassland_obligates,grassland_obligates,guild,obligate,species_richness,count,,,,,We might want to consider this only associated with provide_overwintering_habitat since grazing and burning cannot be separated,two group means,hedges_g,4.7,2,-1.3708158717476786,0.5634857550613417,14,community,,FALSE,FALSE,TRUE
md_0908,FQ4DXWJU,Saalfeld et al. 2016,mean_diff,provide_overwintering_habitat,Grazed and burned (1 growing season post-fire),Non-grazed and non-burned (>= 2 growing seasons post-fire),species_richness,grassland_obligates,grassland_obligates,guild,obligate,species_richness,count,,,,,,two group means,hedges_g,1.3,2,0.4850889973209838,0.5087319204749597,14,community,,FALSE,FALSE,TRUE
md_0909,FQ4DXWJU,Saalfeld et al. 2016,mean_diff,provide_overwintering_habitat,Grazed and burned (2 growing season post-fire),Non-grazed and non-burned (>= 2 growing seasons post-fire),species_richness,grassland_obligates,grassland_obligates,guild,obligate,species_richness,count,,,,,,two group means,hedges_g,1.6,2,0.20308383285150783,0.5018736459269306,14,community,,FALSE,FALSE,TRUE
md_0910,FQ4DXWJU,Saalfeld et al. 2016,mean_diff,provide_overwintering_habitat,Grazed and burned (<1 growing season post-fire),Non-grazed and non-burned (>= 2 growing seasons post-fire),facultative species_richness,grassland_facultative_species,grassland_facultative_species,guild,facultative,species_richness,count,,,,,,two group means,hedges_g,16.8,32,1.3301771461648677,0.5599964470021656,14,community,,FALSE,FALSE,TRUE
md_0911,FQ4DXWJU,Saalfeld et al. 2016,mean_diff,provide_overwintering_habitat,Grazed and burned (1 growing season post-fire),Non-grazed and non-burned (>= 2 growing seasons post-fire),facultative species_richness,grassland_facultative_species,grassland_facultative_species,guild,facultative,species_richness,count,,,,,,two group means,hedges_g,26.1,32,0.425601894201373,0.5068267635321709,14,community,,FALSE,FALSE,TRUE
md_0912,FQ4DXWJU,Saalfeld et al. 2016,mean_diff,provide_overwintering_habitat,Grazed and burned (2 growing season post-fire),Non-grazed and non-burned (>= 2 growing seasons post-fire),facultative species_richness,grassland_facultative_species,grassland_facultative_species,guild,facultative,species_richness,count,,,,,,two group means,hedges_g,30.8,32,0.08594280204439209,0.5006675366585703,14,community,,FALSE,FALSE,TRUE
md_0913,FQ4DXWJU,Saalfeld et al. 2016,mean_diff,provide_overwintering_habitat,Grazed and burned (<1 growing season post-fire),Non-grazed and non-burned (>= 2 growing seasons post-fire),total species_richness,all_species,all_species,aggregate,,species_richness,count,,,,,,two group means,hedges_g,23.2,37.8,1.0093265331793395,0.5355256892845001,14,community,,FALSE,FALSE,TRUE
md_0914,FQ4DXWJU,Saalfeld et al. 2016,mean_diff,provide_overwintering_habitat,Grazed and burned (1 growing season post-fire),Non-grazed and non-burned (>= 2 growing seasons post-fire),total species_richness,all_species,all_species,aggregate,,species_richness,count,,,,,,two group means,hedges_g,28.6,37.8,0.5716178784423919,0.5119313687650023,14,community,,FALSE,FALSE,TRUE
md_0915,FQ4DXWJU,Saalfeld et al. 2016,mean_diff,provide_overwintering_habitat,Grazed and burned (2 growing season post-fire),Non-grazed and non-burned (>= 2 growing seasons post-fire),total species_richness,all_species,all_species,aggregate,,species_richness,count,,,,,,two group means,hedges_g,33.3,37.8,0.2758099712034919,0.5031113366690367,14,community,,FALSE,FALSE,TRUE
md_0916,FQ4DXWJU,Saalfeld et al. 2016,mean_diff,provide_overwintering_habitat,Native prairie,Sites containing primarily exotic invasive species,obligate species_richness,grassland_obligates,grassland_obligates,guild,obligate,species_richness,count,,,,,,two group means,hedges_g,3.4,3.9,-0.08573619279807683,0.5833448596995132,10,community,,FALSE,FALSE,TRUE
md_0917,FQ4DXWJU,Saalfeld et al. 2016,mean_diff,plant_nwsg,Native prairie,Sites containing primarily exotic invasive species,obligate species_richness,grassland_obligates,grassland_obligates,guild,obligate,species_richness,count,,,,,,two group means,hedges_g,3.4,3.9,-0.08573619279807683,0.5833448596995132,10,community,,FALSE,FALSE,TRUE
md_0918,FQ4DXWJU,Saalfeld et al. 2016,mean_diff,provide_overwintering_habitat,Native prairie,Sites containing primarily exotic invasive species,facultative species_richness,grassland_facultative_species,grassland_facultative_species,guild,facultative,species_richness,count,,,,,,two group means,hedges_g,26.5,19.8,0.8203738783030267,0.6112072934857428,10,community,,FALSE,FALSE,TRUE
md_0919,FQ4DXWJU,Saalfeld et al. 2016,mean_diff,plant_nwsg,Native prairie,Sites containing primarily exotic invasive species,facultative species_richness,grassland_facultative_species,grassland_facultative_species,guild,facultative,species_richness,count,,,,,,two group means,hedges_g,26.5,19.8,0.8203738783030267,0.6112072934857428,10,community,,FALSE,FALSE,TRUE
md_0920,FQ4DXWJU,Saalfeld et al. 2016,mean_diff,provide_overwintering_habitat,Native prairie,Sites containing primarily exotic invasive species,total species_richness,all_species,all_species,aggregate,,species_richness,count,,,,,,two group means,hedges_g,31.9,28.3,0.4772439405204508,0.5927155975155738,10,community,,FALSE,FALSE,TRUE
md_0921,FQ4DXWJU,Saalfeld et al. 2016,mean_diff,plant_nwsg,Native prairie,Sites containing primarily exotic invasive species,total species_richness,all_species,all_species,aggregate,,species_richness,count,,,,,,two group means,hedges_g,31.9,28.3,0.4772439405204508,0.5927155975155738,10,community,,FALSE,FALSE,TRUE
md_0922,VGVWR7ZM,Sandercock et al. 2015,mean_diff,prescribed_fire,Burned annually and grazed,Unburned and grazed,nest survival,upland_sandpiper,upland_sandpiper,species,obligate,nest_success,count,period_survival,logit,,,,log hazard ratio from arm survival,log_hazard_ratio,0.068,0.247,-0.6535844357512751,0.2527707581443194,96,species,obligate_grassland,FALSE,FALSE,TRUE
md_0923,VGVWR7ZM,Sandercock et al. 2015,mean_diff,prescribed_fire,Burned annually and ungrazed,Unburned and ungrazed,nest survival,upland_sandpiper,upland_sandpiper,species,obligate,nest_success,count,period_survival,logit,,,,log hazard ratio from arm survival,log_hazard_ratio,0.21,0.201,0.02768029158353918,0.2498416730563405,111,species,obligate_grassland,FALSE,FALSE,TRUE
md_0925,VGVWR7ZM,Sandercock et al. 2015,mean_diff,prescribed_fire,Burned (Year of burn),Unburned,nest survival,upland_sandpiper,upland_sandpiper,species,obligate,nest_success,count,period_survival,logit,,,Might want to choose *either* dsr or nest survival; Extrapolated DSR to a 29 day exposure period,log hazard ratio from arm survival,log_hazard_ratio,0.132,0.223,-0.2996926289345759,0.1623150853440162,207,species,obligate_grassland,FALSE,FALSE,TRUE
md_0938,D7FXG82E,Schmidt et al. 2013,mean_diff,plant_nwsg,NWSG grassland plot,airfield (not NWSG) grassland plots,number of birds per count,all_species,all_species,aggregate,,abundance,count,,,,,Treatment is defined here as the NWSG plot,two group means,hedges_g,3.04,2,0.20464754056986575,0.06992068939609877,823,community,,FALSE,FALSE,TRUE
md_0939,D7FXG82E,Schmidt et al. 2013,mean_diff,plant_nwsg,NWSG grassland plot,airfield (not NWSG) grassland plots,number of birds per count,american_goldfinch,american_goldfinch,species,facultative,abundance,count,,,,,Treatment is defined here as the NWSG plot,two group means,hedges_g,0.84,0.05,0.21776012872889927,0.0699447485292366,823,species,facultative_grassland,FALSE,FALSE,TRUE
md_0940,D7FXG82E,Schmidt et al. 2013,mean_diff,plant_nwsg,NWSG grassland plot,airfield (not NWSG) grassland plots,number of birds per count,field_sparrow,field_sparrow,species,facultative,abundance,count,,,,,Treatment is defined here as the NWSG plot,two group means,hedges_g,0.29,0,0.4809855592364329,0.07073902763408049,823,species,facultative_grassland,FALSE,FALSE,TRUE
md_0941,D7FXG82E,Schmidt et al. 2013,mean_diff,plant_nwsg,NWSG grassland plot,airfield (not NWSG) grassland plots,number of birds per count,song_sparrow,song_sparrow,species,facultative,abundance,count,,,,,Treatment is defined here as the NWSG plot,two group means,hedges_g,0.26,0.01,0.5292983716838624,0.07094831589852628,823,species,facultative_grassland,FALSE,FALSE,TRUE
md_0942,D7FXG82E,Schmidt et al. 2013,mean_diff,plant_nwsg,NWSG grassland plot,airfield (not NWSG) grassland plots,number of birds per count,savannah_sparrow,savannah_sparrow,species,obligate,abundance,count,,,,,Treatment is defined here as the NWSG plot,two group means,hedges_g,0,0.37,-0.4520685878930337,0.0706230706694967,823,species,obligate_grassland,FALSE,FALSE,TRUE
md_0943,D7FXG82E,Schmidt et al. 2013,mean_diff,plant_nwsg,NWSG grassland plot,airfield (not NWSG) grassland plots,number of birds per count,grasshopper_sparrow,grasshopper_sparrow,species,obligate,abundance,count,,,,,Treatment is defined here as the NWSG plot,two group means,hedges_g,0,0.14,-0.3421059584055391,0.07024644125142859,823,species,obligate_grassland,FALSE,FALSE,TRUE
md_0944,D7FXG82E,Schmidt et al. 2013,mean_diff,plant_nwsg,NWSG grassland plot,airfield (not NWSG) grassland plots,number of birds per count,red_winged_blackbird,red_winged_blackbird,species,facultative,abundance,count,,,,,Treatment is defined here as the NWSG plot,two group means,hedges_g,0.43,0.2,0.19362545685406496,0.06990161554974615,823,species,facultative_grassland,FALSE,FALSE,TRUE
md_0945,D7FXG82E,Schmidt et al. 2013,mean_diff,plant_nwsg,NWSG grassland plot,airfield (not NWSG) grassland plots,number of birds per count,eastern_meadowlark,eastern_meadowlark,species,obligate,abundance,count,,,,,Treatment is defined here as the NWSG plot,two group means,hedges_g,0.03,0.17,-0.32102212160196686,0.07018595593957647,823,species,obligate_grassland,FALSE,FALSE,TRUE
md_0946,D7FXG82E,Schmidt et al. 2013,mean_diff,plant_nwsg,NWSG grassland plot,airfield (not NWSG) grassland plots,number of birds per count,bobolink,bobolink,species,obligate,abundance,count,,,,,Treatment is defined here as the NWSG plot,two group means,hedges_g,0.07,0.02,0.15110744913996915,0.06983789102422959,823,species,obligate_grassland,FALSE,FALSE,TRUE
md_0947,D7FXG82E,Schmidt et al. 2013,mean_diff,plant_nwsg,NWSG grassland plot,airfield (not NWSG) grassland plots,number of birds per count,common_yellowthroat,common_yellowthroat,species,facultative,abundance,count,,,,,Treatment is defined here as the NWSG plot,two group means,hedges_g,0.31,0.02,0.46912872971395175,0.0706906355766237,823,species,facultative_grassland,FALSE,FALSE,TRUE
md_0948,D7FXG82E,Schmidt et al. 2013,mean_diff,plant_nwsg,NWSG grassland plot,airfield (not NWSG) grassland plots,number of birds per count,horned_lark,horned_lark,species,obligate,abundance,count,,,,,Treatment is defined here as the NWSG plot,two group means,hedges_g,0,0.28,-0.2565794688041543,0.07002467203642954,823,species,obligate_grassland,FALSE,FALSE,TRUE
md_0956,TIFDVC4W,Smith et al. 2005,mean_diff,edge_and_shrub_habitat,Bordered grass block,Non-bordered grass block,winter density (birds/ha),song_sparrow,song_sparrow,species,facultative,abundance,count,,,,,,two group means,hedges_g,30.86,8.29,1.9239835596935615,0.5724173379104938,17,species,facultative_grassland,FALSE,FALSE,TRUE
md_0957,TIFDVC4W,Smith et al. 2005,mean_diff,provide_overwintering_habitat,Bordered grass block,Non-bordered grass block,winter density (birds/ha),song_sparrow,song_sparrow,species,facultative,abundance,count,,,,,,two group means,hedges_g,30.86,8.29,1.9239835596935615,0.5724173379104938,17,species,facultative_grassland,FALSE,FALSE,TRUE
md_0958,TIFDVC4W,Smith et al. 2005,mean_diff,edge_and_shrub_habitat,Bordered grass block,Non-bordered grass block,winter density (birds/ha),savannah_sparrow,savannah_sparrow,species,obligate,abundance,count,,,,,,two group means,hedges_g,14.95,4.74,0.6361193339930986,0.4803010626400337,17,species,obligate_grassland,FALSE,FALSE,TRUE
md_0959,TIFDVC4W,Smith et al. 2005,mean_diff,provide_overwintering_habitat,Bordered grass block,Non-bordered grass block,winter density (birds/ha),savannah_sparrow,savannah_sparrow,species,obligate,abundance,count,,,,,,two group means,hedges_g,14.95,4.74,0.6361193339930986,0.4803010626400337,17,species,obligate_grassland,FALSE,FALSE,TRUE
md_0960,TIFDVC4W,Smith et al. 2005,mean_diff,edge_and_shrub_habitat,Bordered wood block,Non-bordered wood block,winter density (birds/ha),song_sparrow,song_sparrow,species,facultative,abundance,count,,,,,,two group means,hedges_g,25.34,28.2,-0.16632002160979786,0.4291237843542639,20,species,facultative_grassland,FALSE,FALSE,TRUE
md_0961,TIFDVC4W,Smith et al. 2005,mean_diff,provide_overwintering_habitat,Bordered wood block,Non-bordered wood block,winter density (birds/ha),song_sparrow,song_sparrow,species,facultative,abundance,count,,,,,,two group means,hedges_g,25.34,28.2,-0.16632002160979786,0.4291237843542639,20,species,facultative_grassland,FALSE,FALSE,TRUE
md_0962,TIFDVC4W,Smith et al. 2005,mean_diff,edge_and_shrub_habitat,Bordered wood block,Non-bordered wood block,winter density (birds/ha),savannah_sparrow,savannah_sparrow,species,obligate,abundance,count,,,,,,two group means,hedges_g,5.4,2.35,0.4780869249228785,0.4349365945208256,20,species,obligate_grassland,FALSE,FALSE,TRUE
md_0963,TIFDVC4W,Smith et al. 2005,mean_diff,provide_overwintering_habitat,Bordered wood block,Non-bordered wood block,winter density (birds/ha),savannah_sparrow,savannah_sparrow,species,obligate,abundance,count,,,,,,two group means,hedges_g,5.4,2.35,0.4780869249228785,0.4349365945208256,20,species,obligate_grassland,FALSE,FALSE,TRUE
md_0964,XRV7BSRZ,Sutter and Brigham 1998,mean_diff,plant_nwsg,Native vegetation fields,Introduced vegetation fields,species_richness,all_species,all_species,aggregate,,species_richness,count,,,,,,two group means,hedges_g,1.9,2,-0.07500882051305552,0.5714963334386359,10,community,,FALSE,FALSE,TRUE
md_0967,XRV7BSRZ,Sutter and Brigham 1998,mean_diff,plant_nwsg,Native vegetation fields,Introduced vegetation fields,abundance,savannah_sparrow,savannah_sparrow,species,obligate,abundance,count,,,,,,two group means,hedges_g,1.3,0.5,0.8486279301373779,0.6019428637059576,10,species,obligate_grassland,FALSE,FALSE,TRUE
md_0968,XRV7BSRZ,Sutter and Brigham 1998,mean_diff,plant_nwsg,Native vegetation fields,Introduced vegetation fields,abundance,western_meadowlark,western_meadowlark,species,obligate,abundance,count,,,,,,two group means,hedges_g,2.8,2.8,0,0.5712501579659007,10,species,obligate_grassland,FALSE,FALSE,TRUE
md_0969,5H9BFCB2,Swengel 1996,mean_diff,prescribed_fire,Fire management,Hay management,abundance,grasshopper_sparrow,grasshopper_sparrow,species,obligate,abundance,count,,,,,Could be a reasonable treatment vs. control; Unknown time-since fire (could be anywhere from 1.5 to 4 years),two group means,hedges_g,2.5,4,-0.29193773212212115,0.1738486346146044,212,species,obligate_grassland,FALSE,FALSE,TRUE
md_0970,5H9BFCB2,Swengel 1996,mean_diff,prescribed_fire,Fire management,Hay management,abundance,dickcissel,dickcissel,species,obligate,abundance,count,,,,,Unknown time-since fire (could be anywhere from 1.5 to 4 years),two group means,hedges_g,7.4,8.5,-0.1650945094476995,0.17345495858404647,212,species,obligate_grassland,FALSE,FALSE,TRUE
md_0971,GGQGCAKN,Twedt and Henne-Kerr 2001,mean_diff,install_nest_boxes,Sites with nest boxes,Sites without nest boxes,species_richness,all_species,all_species,aggregate,,species_richness,count,,,,,,two group means,hedges_g,20.2,18,0.5214395310977626,0.3271851430581161,38,community,,FALSE,FALSE,TRUE
md_0972,GGQGCAKN,Twedt and Henne-Kerr 2001,mean_diff,install_nest_boxes,Sites with nest boxes,Sites without nest boxes,territories/40 ha,northern_bobwhite,northern_bobwhite,species,facultative,abundance,count,,,,,,two group means,hedges_g,1.87,1.63,0.1288413229220683,0.3220107438871576,38,species,facultative_grassland,FALSE,FALSE,TRUE
md_0973,GGQGCAKN,Twedt and Henne-Kerr 2001,mean_diff,install_nest_boxes,Sites with nest boxes,Sites without nest boxes,territories/40 ha,yellow_billed_cuckoo,yellow_billed_cuckoo,species,shrub,abundance,count,,,,,,two group means,hedges_g,5.96,2.74,1.2514837421693863,0.3522506831641014,38,species,,FALSE,TRUE,FALSE
md_0974,GGQGCAKN,Twedt and Henne-Kerr 2001,mean_diff,install_nest_boxes,Sites with nest boxes,Sites without nest boxes,territories/40 ha,white_eyed_vireo,white_eyed_vireo,species,shrub,abundance,count,,,,,,two group means,hedges_g,2.5,2.36,0.03430339935135793,0.32169547741329096,38,species,,FALSE,TRUE,FALSE
md_0975,GGQGCAKN,Twedt and Henne-Kerr 2001,mean_diff,install_nest_boxes,Sites with nest boxes,Sites without nest boxes,territories/40 ha,eastern_bluebird,eastern_bluebird,species,facultative,abundance,count,,,,,,two group means,hedges_g,1.09,0.28,0.5911464122525527,0.3287408964481507,38,species,facultative_grassland,FALSE,FALSE,TRUE
md_0976,GGQGCAKN,Twedt and Henne-Kerr 2001,mean_diff,install_nest_boxes,Sites with nest boxes,Sites without nest boxes,territories/40 ha,common_yellowthroat,common_yellowthroat,species,facultative,abundance,count,,,,,,two group means,hedges_g,8.26,4.7,0.6814596463473406,0.33103301275769864,38,species,facultative_grassland,FALSE,FALSE,TRUE
md_0977,GGQGCAKN,Twedt and Henne-Kerr 2001,mean_diff,install_nest_boxes,Sites with nest boxes,Sites without nest boxes,territories/40 ha,yellow_breasted_chat,yellow_breasted_chat,species,shrub,abundance,count,,,,,,two group means,hedges_g,18.93,20.77,-0.08965568411838243,0.3218357686932444,38,species,,FALSE,TRUE,FALSE
md_0978,GGQGCAKN,Twedt and Henne-Kerr 2001,mean_diff,install_nest_boxes,Sites with nest boxes,Sites without nest boxes,territories/40 ha,eastern_towhee,eastern_towhee,species,shrub,abundance,count,,,,,,two group means,hedges_g,12.13,10.51,0.17807951812150932,0.32231935140126994,38,species,,FALSE,TRUE,FALSE
md_0979,GGQGCAKN,Twedt and Henne-Kerr 2001,mean_diff,install_nest_boxes,Sites with nest boxes,Sites without nest boxes,territories/40 ha,indigo_bunting,indigo_bunting,species,facultative,abundance,count,,,,,,two group means,hedges_g,31.57,23.91,0.7294848038488285,0.33237696279462137,38,species,facultative_grassland,FALSE,FALSE,TRUE
md_0980,GGQGCAKN,Twedt and Henne-Kerr 2001,mean_diff,install_nest_boxes,Sites with nest boxes,Sites without nest boxes,territories/40 ha,dickcissel,dickcissel,species,obligate,abundance,count,,,,,,two group means,hedges_g,0.06,2.34,-0.3622382829998007,0.324344000795698,38,species,obligate_grassland,FALSE,FALSE,TRUE
md_0981,GGQGCAKN,Twedt and Henne-Kerr 2001,mean_diff,install_nest_boxes,Sites with nest boxes,Sites without nest boxes,territories/40 ha,red_winged_blackbird,red_winged_blackbird,species,facultative,abundance,count,,,,,,two group means,hedges_g,18.96,14.34,0.20047914218676471,0.322492383784923,38,species,facultative_grassland,FALSE,FALSE,TRUE
md_1017,597YV2YF,Van Dyke et al. 2004,mean_diff,prescribed_fire,Burned,Mowed,species_richness,residents,residents,guild,other,species_richness,count,,,,,,two group means,hedges_g,10.13,12,-1.551824471256425,0.7270363010178968,8,community,,FALSE,FALSE,TRUE
md_1018,597YV2YF,Van Dyke et al. 2004,mean_diff,prescribed_fire,Burned,Untreated,species_richness,residents,residents,guild,other,species_richness,count,,,,,,two group means,hedges_g,10.13,11.38,-0.9019842547140832,0.6549200778590474,8,community,,FALSE,FALSE,TRUE
md_1019,597YV2YF,Van Dyke et al. 2004,mean_diff,prescribed_fire,Burned,Mowed,species_richness,edge_species,edge_species,guild,facultative,species_richness,count,,,,,,two group means,hedges_g,16.25,16.25,0,0.6148754619013457,8,community,,FALSE,FALSE,TRUE
md_1020,597YV2YF,Van Dyke et al. 2004,mean_diff,prescribed_fire,Burned,Untreated,species_richness,edge_species,edge_species,guild,facultative,species_richness,count,,,,,,two group means,hedges_g,16.25,13,1.1029813151372327,0.673874854846773,8,community,,FALSE,FALSE,TRUE
md_1021,IWRX5UBB,Van Dyke et al. 2006,mean_diff,prescribed_fire,Burned sites (Year of burn),Unburned sites,species_richness,resident_species,resident_species,guild,other,species_richness,count,,,,,At one point Amy asked to remove the year-of-burn ... should we?,two group means,hedges_g,9,6.6,0.7266287476765837,0.5939075768363025,10,community,,FALSE,FALSE,TRUE
md_1022,IWRX5UBB,Van Dyke et al. 2006,mean_diff,prescribed_fire,Burned sites (1-year post-burn),Unburned sites,species_richness,resident_species,resident_species,guild,other,species_richness,count,,,,,,two group means,hedges_g,10.6,9.8,0.6462957767225189,0.5892466839334226,10,community,,FALSE,FALSE,TRUE
md_1023,IWRX5UBB,Van Dyke et al. 2006,mean_diff,prescribed_fire,Burned sites (2-years post-burn),Unburned sites,species_richness,resident_species,resident_species,guild,other,species_richness,count,,,,,,two group means,hedges_g,11.8,9,1.5046834450646585,0.6629708564248122,10,community,,FALSE,FALSE,TRUE
md_1024,IWRX5UBB,Van Dyke et al. 2006,mean_diff,prescribed_fire,Burned sites (Year of burn),Unburned sites,density (males/10 ha),all_species,all_species,aggregate,,abundance,count,,,,,At one point Amy asked to remove the year-of-burn ... should we?,two group means,hedges_g,13,15,-0.37790551594672617,0.5774663383481453,10,community,,FALSE,FALSE,TRUE
md_1025,IWRX5UBB,Van Dyke et al. 2006,mean_diff,prescribed_fire,Burned sites (1-year post-burn),Unburned sites,density (males/10 ha),all_species,all_species,aggregate,,abundance,count,,,,,,two group means,hedges_g,35.6,43,-0.4015948850184835,0.5782652207765197,10,community,,FALSE,FALSE,TRUE
md_1026,IWRX5UBB,Van Dyke et al. 2006,mean_diff,prescribed_fire,Burned sites (2-years post-burn),Unburned sites,density (males/10 ha),all_species,all_species,aggregate,,abundance,count,,,,,,two group means,hedges_g,25.8,23.6,0.23678576523029451,0.5736986298631463,10,community,,FALSE,FALSE,TRUE
md_1027,IWRX5UBB,Van Dyke et al. 2006,mean_diff,prescribed_fire,Burned sites (1-year post-burn),Unburned sites,density (males/10 ha),american_goldfinch,american_goldfinch,species,facultative,abundance,count,,,,,,two group means,hedges_g,2.1,1.9,0.1328129639911396,0.5720215967481229,10,species,facultative_grassland,FALSE,FALSE,TRUE
md_1028,IWRX5UBB,Van Dyke et al. 2006,mean_diff,prescribed_fire,Burned sites (1-year post-burn),Unburned sites,density (males/10 ha),brown_headed_cowbird,brown_headed_cowbird,species,facultative,abundance,count,,,,,,two group means,hedges_g,1.7,2.4,-0.3576591719033892,0.5768212436608048,10,species,facultative_grassland,FALSE,FALSE,TRUE
md_1029,IWRX5UBB,Van Dyke et al. 2006,mean_diff,prescribed_fire,Burned sites (1-year post-burn),Unburned sites,density (males/10 ha),common_yellowthroat,common_yellowthroat,species,facultative,abundance,count,,,,,,two group means,hedges_g,16.4,17,-0.04117582437645941,0.5713243521868472,10,species,facultative_grassland,FALSE,FALSE,TRUE
md_1030,IWRX5UBB,Van Dyke et al. 2006,mean_diff,prescribed_fire,Burned sites (1-year post-burn),Unburned sites,density (males/10 ha),dickcissel,dickcissel,species,obligate,abundance,count,,,,,,two group means,hedges_g,3.2,2.6,0.2519948814059566,0.574022485612547,10,species,obligate_grassland,FALSE,FALSE,TRUE
md_1031,IWRX5UBB,Van Dyke et al. 2006,mean_diff,prescribed_fire,Burned sites (1-year post-burn),Unburned sites,density (males/10 ha),eastern_kingbird,eastern_kingbird,species,facultative,abundance,count,,,,,,two group means,hedges_g,0.9,2.3,-1.264516129032258,0.6373984585839558,10,species,facultative_grassland,FALSE,FALSE,TRUE
md_1032,IWRX5UBB,Van Dyke et al. 2006,mean_diff,prescribed_fire,Burned sites (1-year post-burn),Unburned sites,density (males/10 ha),field_sparrow,field_sparrow,species,facultative,abundance,count,,,,,,two group means,hedges_g,5,10.1,-1.0588844473132504,0.6183757406416919,10,species,facultative_grassland,FALSE,FALSE,TRUE
md_1033,IWRX5UBB,Van Dyke et al. 2006,mean_diff,prescribed_fire,Burned sites (1-year post-burn),Unburned sites,density (males/10 ha),grasshopper_sparrow,grasshopper_sparrow,species,obligate,abundance,count,,,,,,two group means,hedges_g,0.2,0,1.1425003159318017,0.6257731949926266,10,species,obligate_grassland,FALSE,FALSE,TRUE
md_1034,IWRX5UBB,Van Dyke et al. 2006,mean_diff,prescribed_fire,Burned sites (1-year post-burn),Unburned sites,density (males/10 ha),northern_bobwhite,northern_bobwhite,species,facultative,abundance,count,,,,,,two group means,hedges_g,0.8,0.7,0.1346449534838584,0.5720430107526882,10,species,facultative_grassland,FALSE,FALSE,TRUE
md_1035,IWRX5UBB,Van Dyke et al. 2006,mean_diff,prescribed_fire,Burned sites (1-year post-burn),Unburned sites,density (males/10 ha),red_winged_blackbird,red_winged_blackbird,species,facultative,abundance,count,,,,,,two group means,hedges_g,2.4,2.4,0,0.5712501579659007,10,species,facultative_grassland,FALSE,FALSE,TRUE
md_1036,IWRX5UBB,Van Dyke et al. 2006,mean_diff,prescribed_fire,Burned sites (1-year post-burn),Unburned sites,density (males/10 ha),ring_necked_pheasant,ring_necked_pheasant,species,facultative,abundance,count,,,,,,two group means,hedges_g,1.7,1.7,0,0.5712501579659007,10,species,facultative_grassland,FALSE,FALSE,TRUE
md_1037,IWRX5UBB,Van Dyke et al. 2006,mean_diff,prescribed_fire,Burned sites (1-year post-burn),Unburned sites,density (males/10 ha),vesper_sparrow,vesper_sparrow,species,obligate,abundance,count,,,,,,two group means,hedges_g,0.2,1.7,-0.8402352988301217,0.6013538981715124,10,species,obligate_grassland,FALSE,FALSE,TRUE
md_1038,IWRX5UBB,Van Dyke et al. 2006,mean_diff,prescribed_fire,Burned sites (1-year post-burn),Unburned sites,density (males/10 ha),western_meadowlark,western_meadowlark,species,obligate,abundance,count,,,,,,two group means,hedges_g,0.5,0.1,0.4481254927093983,0.5799720388405536,10,species,obligate_grassland,FALSE,FALSE,TRUE
md_1039,IWRX5UBB,Van Dyke et al. 2006,mean_diff,prescribed_fire,Burned sites (2-years post-burn),Unburned sites,density (males/10 ha),american_goldfinch,american_goldfinch,species,facultative,abundance,count,,,,,,two group means,hedges_g,2.3,3.1,-0.3795179478784239,0.5775192088702843,10,species,facultative_grassland,FALSE,FALSE,TRUE
md_1040,IWRX5UBB,Van Dyke et al. 2006,mean_diff,prescribed_fire,Burned sites (2-years post-burn),Unburned sites,density (males/10 ha),brown_headed_cowbird,brown_headed_cowbird,species,facultative,abundance,count,,,,,,two group means,hedges_g,1.4,1.5,-0.11425003159318024,0.5718211227840563,10,species,facultative_grassland,FALSE,FALSE,TRUE
md_1041,IWRX5UBB,Van Dyke et al. 2006,mean_diff,prescribed_fire,Burned sites (2-years post-burn),Unburned sites,density (males/10 ha),common_yellowthroat,common_yellowthroat,species,facultative,abundance,count,,,,,,two group means,hedges_g,9.6,7.2,0.4534866191360713,0.5801803587358328,10,species,facultative_grassland,FALSE,FALSE,TRUE
md_1042,IWRX5UBB,Van Dyke et al. 2006,mean_diff,prescribed_fire,Burned sites (2-years post-burn),Unburned sites,density (males/10 ha),dickcissel,dickcissel,species,obligate,abundance,count,,,,,,two group means,hedges_g,1.9,2,-0.04618283803812127,0.571343491870284,10,species,obligate_grassland,FALSE,FALSE,TRUE
md_1043,IWRX5UBB,Van Dyke et al. 2006,mean_diff,prescribed_fire,Burned sites (2-years post-burn),Unburned sites,density (males/10 ha),eastern_kingbird,eastern_kingbird,species,facultative,abundance,count,,,,,,two group means,hedges_g,0.8,0.6,0.3168725747173784,0.5756276178281126,10,species,facultative_grassland,FALSE,FALSE,TRUE
md_1044,IWRX5UBB,Van Dyke et al. 2006,mean_diff,prescribed_fire,Burned sites (2-years post-burn),Unburned sites,density (males/10 ha),field_sparrow,field_sparrow,species,facultative,abundance,count,,,,,,two group means,hedges_g,3.8,7,-0.8016312513190408,0.5987131000158867,10,species,facultative_grassland,FALSE,FALSE,TRUE
md_1045,IWRX5UBB,Van Dyke et al. 2006,mean_diff,prescribed_fire,Burned sites (2-years post-burn),Unburned sites,density (males/10 ha),grasshopper_sparrow,grasshopper_sparrow,species,obligate,abundance,count,,,,,,two group means,hedges_g,0.3,0.1,0.5109416741476988,0.5825631405222178,10,species,obligate_grassland,FALSE,FALSE,TRUE
md_1046,IWRX5UBB,Van Dyke et al. 2006,mean_diff,prescribed_fire,Burned sites (2-years post-burn),Unburned sites,density (males/10 ha),northern_bobwhite,northern_bobwhite,species,facultative,abundance,count,,,,,,two group means,hedges_g,1.4,0.4,1.8064516129032255,0.699635701250372,10,species,facultative_grassland,FALSE,FALSE,TRUE
md_1047,IWRX5UBB,Van Dyke et al. 2006,mean_diff,prescribed_fire,Burned sites (2-years post-burn),Unburned sites,density (males/10 ha),red_winged_blackbird,red_winged_blackbird,species,facultative,abundance,count,,,,,,two group means,hedges_g,1.2,1,0.093597272801442,0.5716334187657856,10,species,facultative_grassland,FALSE,FALSE,TRUE
md_1048,IWRX5UBB,Van Dyke et al. 2006,mean_diff,prescribed_fire,Burned sites (2-years post-burn),Unburned sites,density (males/10 ha),ring_necked_pheasant,ring_necked_pheasant,species,facultative,abundance,count,,,,,,two group means,hedges_g,2,0.2,1.6904330544171504,0.6849853564488597,10,species,facultative_grassland,FALSE,FALSE,TRUE
md_1049,IWRX5UBB,Van Dyke et al. 2006,mean_diff,prescribed_fire,Burned sites (2-years post-burn),Unburned sites,density (males/10 ha),vesper_sparrow,vesper_sparrow,species,obligate,abundance,count,,,,,,two group means,hedges_g,0.3,0.1,0.8078697209031497,0.5991322201932334,10,species,obligate_grassland,FALSE,FALSE,TRUE
md_1050,IWRX5UBB,Van Dyke et al. 2006,mean_diff,prescribed_fire,Burned sites (2-years post-burn),Unburned sites,density (males/10 ha),western_meadowlark,western_meadowlark,species,obligate,abundance,count,,,,,,two group means,hedges_g,0.2,0,0.5712501579659007,0.5853572243723228,10,species,obligate_grassland,FALSE,FALSE,TRUE
md_1051,U5V9ZZEH,Verheijen et al. 2022,mean_diff,manage_in_patches,Patch-burn graze,Annually burned and grazed,nest survival,eastern_meadowlark,eastern_meadowlark,species,obligate,nest_success,count,period_survival,,,,"Changed to manage in patches; Unsure of link term, they used program MARK (wow!) and mention the delta method",log hazard ratio from arm survival,log_hazard_ratio,0.165,0.077,0.3527573753189279,0.27928685149099614,138,species,obligate_grassland,FALSE,FALSE,TRUE
md_1052,U5V9ZZEH,Verheijen et al. 2022,mean_diff,manage_in_patches,Patch-burn graze,Annually burned and ungrazed,nest survival,eastern_meadowlark,eastern_meadowlark,species,obligate,nest_success,count,period_survival,,,,"This one probably has to go, not a direct comparison",log hazard ratio from arm survival,log_hazard_ratio,0.165,0.632,-1.3677889085648314,0.7166248387944579,127,species,obligate_grassland,FALSE,FALSE,TRUE
md_1053,PH3S49AI,Walk and Warner 2000,mean_diff,plant_nwsg,Grazed WSG fields,Grazed CSG fields,abundance,eastern_meadowlark,eastern_meadowlark,species,obligate,abundance,count,,,,,,two group means,hedges_g,5.59,4.53,0.5491922533497752,0.4825934660542677,16,species,obligate_grassland,FALSE,FALSE,TRUE
md_1055,F8XKUC3R,Washburn and Begier 2024,mean_diff,prescribed_fire,Prescribed burn,Untreated control,abundance,eastern_meadowlark,eastern_meadowlark,species,obligate,abundance,count,,,,,,two group means,hedges_g,2.24,1.7,0.9370293455139336,0.7069903343489612,6,species,obligate_grassland,FALSE,FALSE,TRUE
md_1056,F8XKUC3R,Washburn and Begier 2024,mean_diff,prescribed_fire,Prescribed burn,Untreated control,abundance,song_sparrow,song_sparrow,species,facultative,abundance,count,,,,,,two group means,hedges_g,1.01,0.28,1.860306625462787,0.8456132262417978,6,species,facultative_grassland,FALSE,FALSE,TRUE
md_1057,F8XKUC3R,Washburn and Begier 2024,mean_diff,prescribed_fire,Prescribed burn,Untreated control,abundance,european_starling,european_starling,species,other,abundance,count,,,,,,two group means,hedges_g,0.1,0.07,0.23094010767585035,0.6565905201197404,6,species,,FALSE,FALSE,TRUE
md_1058,F8XKUC3R,Washburn and Begier 2024,mean_diff,prescribed_fire,Prescribed burn,Untreated control,abundance,killdeer,killdeer,species,facultative,abundance,count,,,,,,two group means,hedges_g,0.18,0.03,1.549193338482967,0.7916228058025279,6,species,facultative_grassland,FALSE,FALSE,TRUE
md_1059,F8XKUC3R,Washburn and Begier 2024,mean_diff,prescribed_fire,Prescribed burn,Untreated control,abundance,mourning_dove,mourning_dove,species,facultative,abundance,count,,,,,,two group means,hedges_g,0.01,0.02,-0.2921186973360886,0.6586180818788517,6,species,facultative_grassland,FALSE,FALSE,TRUE
md_1060,F8XKUC3R,Washburn and Begier 2024,mean_diff,prescribed_fire,Prescribed burn,Untreated control,abundance,horned_lark,horned_lark,species,obligate,abundance,count,,,,,,two group means,hedges_g,0.21,0.04,0.948708944724612,0.7082871746803744,6,species,obligate_grassland,FALSE,FALSE,TRUE
md_1061,F8XKUC3R,Washburn and Begier 2024,mean_diff,prescribed_fire,Prescribed burn,Untreated control,abundance,northern_bobwhite,northern_bobwhite,species,facultative,abundance,count,,,,,,two group means,hedges_g,0.15,0.09,0.48611489620016,0.6681010210731416,6,species,facultative_grassland,FALSE,FALSE,TRUE
md_1062,F8XKUC3R,Washburn and Begier 2024,mean_diff,prescribed_fire,Prescribed burn,Untreated control,abundance,brown_headed_cowbird,brown_headed_cowbird,species,facultative,abundance,count,,,,,,two group means,hedges_g,0.1,0.06,0.3240765974667734,0.6598627155846916,6,species,facultative_grassland,FALSE,FALSE,TRUE
md_1063,F8XKUC3R,Washburn and Begier 2024,mean_diff,prescribed_fire,Prescribed burn,Untreated control,abundance,red_winged_blackbird,red_winged_blackbird,species,facultative,abundance,count,,,,,,two group means,hedges_g,0.09,0.03,0.5842373946721773,0.6746192341692543,6,species,facultative_grassland,FALSE,FALSE,TRUE
md_1064,F8XKUC3R,Washburn and Begier 2024,mean_diff,prescribed_fire,Prescribed burn,Untreated control,abundance,all_species,all_species,aggregate,,abundance,count,,,,,,two group means,hedges_g,4.54,2.66,2.223577583031355,0.915800982189888,6,community,,FALSE,FALSE,TRUE
md_1069,XW78AT45,Perkins et al. 2003,mean_diff,edge_and_shrub_habitat,Plots with the center of the plot less than 400 m from edge,Plots with the center of the plot more than 400 m from edge,territories/10 ha,grasshopper_sparrow,grasshopper_sparrow,species,obligate,abundance,count,,,,,Delta/OQ site,two group means,hedges_g,1.34,2.95,-1.33009289497657,0.28465455016552155,59,species,obligate_grassland,FALSE,FALSE,TRUE
md_1070,XW78AT45,Perkins et al. 2003,mean_diff,edge_and_shrub_habitat,Plots with the center of the plot less than 400 m from edge,Plots with the center of the plot more than 400 m from edge,territories/10 ha,grasshopper_sparrow,grasshopper_sparrow,species,obligate,abundance,count,,,,,Three lakes site,two group means,hedges_g,2.64,3.68,-0.566564485615161,0.26924498674302205,66,species,obligate_grassland,FALSE,FALSE,TRUE
md_1071,XW78AT45,Perkins et al. 2003,mean_diff,edge_and_shrub_habitat,Plots with the center of the plot less than 400 m from edge,Plots with the center of the plot more than 400 m from edge,territories/10 ha,bachmans_sparrow,bachmans_sparrow,species,obligate,abundance,count,,,,,Delta/OQ site,two group means,hedges_g,1.13,1.37,-0.2294585442684122,0.2578403335926017,59,species,obligate_grassland,FALSE,FALSE,TRUE
md_1072,XW78AT45,Perkins et al. 2003,mean_diff,edge_and_shrub_habitat,Plots with the center of the plot less than 400 m from edge,Plots with the center of the plot more than 400 m from edge,territories/10 ha,bachmans_sparrow,bachmans_sparrow,species,obligate,abundance,count,,,,,Three lakes site,two group means,hedges_g,2.5,2.62,-0.1465259707971031,0.29272501829125447,46,species,obligate_grassland,FALSE,FALSE,TRUE
md_1082,5UK425N9,Powell and Busby 2013,mean_diff,prescribed_fire,Burned idle fields,Unburned idle fields,density (individuals/ha),dickcissel,dickcissel,species,obligate,abundance,count,,,,,,two group means,hedges_g,0.58,0.92,-1.078097403021174,0.381569243595618,30,species,obligate_grassland,FALSE,FALSE,TRUE
md_1083,5UK425N9,Powell and Busby 2013,mean_diff,prescribed_fire,Burned idle fields,Unburned idle fields,density (individuals/ha),grasshopper_sparrow,grasshopper_sparrow,species,obligate,abundance,count,,,,,,two group means,hedges_g,0.29,0.48,-0.859999386758761,0.3722232796389906,30,species,obligate_grassland,FALSE,FALSE,TRUE
md_1084,5UK425N9,Powell and Busby 2013,mean_diff,prescribed_fire,Burned idle fields,Unburned idle fields,density (individuals/ha),eastern_meadowlark,eastern_meadowlark,species,obligate,abundance,count,,,,,,two group means,hedges_g,0.61,0.61,0,0.3552794967601077,30,species,obligate_grassland,FALSE,FALSE,TRUE
md_1085,DTKILVPL,Swengel and Swengel 2001,mean_diff,prescribed_fire,Patch-burned light litter,Patch-hayed light litter,abundance (individuals/km),henslows_sparrow,henslows_sparrow,species,obligate,abundance,count,,,,,,two group means,hedges_g,2.49,6.82,-0.7766353498013846,0.3722375816682494,30,species,obligate_grassland,FALSE,FALSE,TRUE
md_1086,DTKILVPL,Swengel and Swengel 2001,mean_diff,prescribed_fire,Patch-burned medium litter,Patch-hayed medium litter,abundance (individuals/km),henslows_sparrow,henslows_sparrow,species,obligate,abundance,count,,,,,,two group means,hedges_g,2.72,10.74,-0.701859399130698,0.2748557177043508,141,species,obligate_grassland,FALSE,FALSE,TRUE
md_1087,DTKILVPL,Swengel and Swengel 2001,mean_diff,prescribed_fire,Patch-burned heavy litter,Patch-hayed heavy litter,abundance (individuals/km),henslows_sparrow,henslows_sparrow,species,obligate,abundance,count,,,,,,two group means,hedges_g,4.27,15.78,-1.092102994140597,0.3535825297258787,108,species,obligate_grassland,FALSE,FALSE,TRUE
md_1088,DTKILVPL,Swengel and Swengel 2001,mean_diff,prescribed_fire,Patch-burned light litter,Patch-hayed light litter,abundance (individuals/km),grasshopper_sparrow,grasshopper_sparrow,species,obligate,abundance,count,,,,,,two group means,hedges_g,2.02,4.98,-0.6778376709268061,0.3690065598771011,30,species,obligate_grassland,FALSE,FALSE,TRUE
md_1089,DTKILVPL,Swengel and Swengel 2001,mean_diff,prescribed_fire,Patch-burned medium litter,Patch-hayed medium litter,abundance (individuals/km),grasshopper_sparrow,grasshopper_sparrow,species,obligate,abundance,count,,,,,,two group means,hedges_g,0.21,5.46,-0.9838942901916732,0.2779057894640262,141,species,obligate_grassland,FALSE,FALSE,TRUE
md_1090,DTKILVPL,Swengel and Swengel 2001,mean_diff,prescribed_fire,Patch-burned heavy litter,Patch-hayed heavy litter,abundance (individuals/km),grasshopper_sparrow,grasshopper_sparrow,species,obligate,abundance,count,,,,,,two group means,hedges_g,0,1.56,-0.6195838203642995,0.34824723757481907,108,species,obligate_grassland,FALSE,FALSE,TRUE
md_1091,DTKILVPL,Swengel and Swengel 2001,mean_diff,prescribed_fire,Patch-burned light litter,Patch-hayed light litter,abundance (individuals/km),dickcissel,dickcissel,species,obligate,abundance,count,,,,,,two group means,hedges_g,11.58,12.64,-0.17302423701341205,0.3591755362958933,30,species,obligate_grassland,FALSE,FALSE,TRUE
md_1092,DTKILVPL,Swengel and Swengel 2001,mean_diff,prescribed_fire,Patch-burned medium litter,Patch-hayed medium litter,abundance (individuals/km),dickcissel,dickcissel,species,obligate,abundance,count,,,,,,two group means,hedges_g,7.68,10.48,-0.37595569067369894,0.2725803528589494,141,species,obligate_grassland,FALSE,FALSE,TRUE
md_1093,DTKILVPL,Swengel and Swengel 2001,mean_diff,prescribed_fire,Patch-burned heavy litter,Patch-hayed heavy litter,abundance (individuals/km),dickcissel,dickcissel,species,obligate,abundance,count,,,,,,two group means,hedges_g,9.83,11.55,-0.2403729459033404,0.34607281503412746,108,species,obligate_grassland,FALSE,FALSE,TRUE
md_1097,43J4RKSJ,Vold et al. 2019,mean_diff,rotational_grazing,Summer rotation grazing,Season long grazing,abundance,vesper_sparrow,vesper_sparrow,species,obligate,abundance,count,,,,,,two group means,hedges_g,0.25,-0.17,0.29088318133370117,0.11690497907404118,310,species,obligate_grassland,FALSE,FALSE,TRUE
md_1098,CZREXXY9,,mean_diff,delay_hay,Late mow,Early mow,territories,whinchat,whinchat,species,obligate,abundance,count,,,,,,two group means,hedges_g,25.3,7.9,1.5405923509380215,0.8232772311403139,6,species,obligate_grassland,FALSE,FALSE,TRUE
md_1099,CZREXXY9,,mean_diff,delay_hay,Late mow,Early mow,territories,corn_bunting,corn_bunting,species,obligate,abundance,count,,,,,,two group means,hedges_g,21.4,12.9,1.1605717927407362,0.7695738477725539,6,species,obligate_grassland,FALSE,FALSE,TRUE
md_1100,CZREXXY9,,mean_diff,delay_hay,Late mow,Early mow,territories,western_yellow_wagtail,western_yellow_wagtail,species,facultative,abundance,count,,,,,,two group means,hedges_g,9.7,5.1,0.6199997253073659,0.715565024961697,6,species,facultative_grassland,FALSE,FALSE,TRUE
md_1101,RZ8PLSVX,Best et al. 1990,mean_diff,edge_and_shrub_habitat,Edge,Field center,species_richness (Iowa),all_species,all_species,aggregate,,species_richness,count,,,,,,two group means,hedges_g,15,11.3,0.8531451212397086,0.4709356061654619,18,community,,FALSE,FALSE,TRUE
md_1102,RZ8PLSVX,Best et al. 1990,mean_diff,edge_and_shrub_habitat,Edge,Field center,abundance (birds/100 ha) (Iowa),all_species,all_species,aggregate,,abundance,count,,,,,,two group means,hedges_g,408.4,22.5,5.0081729595320015,0.9477756447518452,18,community,,FALSE,FALSE,TRUE
md_1103,RZ8PLSVX,Best et al. 1990,mean_diff,edge_and_shrub_habitat,Edge,Field center,species_richness (Illinois),all_species,all_species,aggregate,,species_richness,count,,,,,,two group means,hedges_g,34.3,9.3,7.580575277937589,1.3408264177586622,18,community,,FALSE,FALSE,TRUE
md_1104,RZ8PLSVX,Best et al. 1990,mean_diff,edge_and_shrub_habitat,Edge,Field center,abundance (birds/100 ha) (Illinois),all_species,all_species,aggregate,,abundance,count,,,,,,two group means,hedges_g,3118.1,21.3,5.440060185907412,1.0117434162809071,18,community,,FALSE,FALSE,TRUE
md_1105,DJXGBKZP,Conover et al. 2011b,mean_diff,edge_and_shrub_habitat,Wide buffer adjacent to edge,Narrow buffer adjacent to edge,nest density (nests/ha) (2003),red_winged_blackbird,red_winged_blackbird,species,facultative,abundance,count,,,,,T: This might be moreso buffers instead of edge and shrub?; Worth revisiting to determine whether it should be included,two group means,hedges_g,12.5,0.78,1.0046444091352391,0.43166934481141905,34,species,facultative_grassland,FALSE,FALSE,TRUE
md_1106,DJXGBKZP,Conover et al. 2011b,mean_diff,edge_and_shrub_habitat,Wide buffer adjacent to edge,Narrow buffer adjacent to edge,nest density (nests/ha) (2004),red_winged_blackbird,red_winged_blackbird,species,facultative,abundance,count,,,,,,two group means,hedges_g,14.47,3.47,0.48758834036600823,0.36051273765783687,35,species,facultative_grassland,FALSE,FALSE,TRUE
md_1108,CXWJRPTX,Ellison et al. 2013,mean_diff,edge_and_shrub_habitat,Edge pre-tree row removal,Interior pre-tree row removal,Density (males/ha),bobolink,bobolink,species,obligate,abundance,count,,,,,What does this treatment and control represent?,two group means,hedges_g,0.449,0.585,-0.2452354496154817,0.6570223503141597,6,species,obligate_grassland,FALSE,FALSE,TRUE
md_1109,CXWJRPTX,Ellison et al. 2013,mean_diff,edge_and_shrub_habitat,Edge pre-tree row removal,Interior pre-tree row removal,Density (males/ha),eastern_meadowlark,eastern_meadowlark,species,obligate,abundance,count,,,,,,two group means,hedges_g,0.343,0.12,0.864396480220341,0.699236564345794,6,species,obligate_grassland,FALSE,FALSE,TRUE
md_1110,CXWJRPTX,Ellison et al. 2013,mean_diff,edge_and_shrub_habitat,Edge pre-tree row removal,Interior pre-tree row removal,Density (males/ha),henslows_sparrow,henslows_sparrow,species,obligate,abundance,count,,,,,,two group means,hedges_g,0.015,0.206,-2.578558672949832,0.9903267486813296,6,species,obligate_grassland,FALSE,FALSE,TRUE
md_1111,CXWJRPTX,Ellison et al. 2013,mean_diff,edge_and_shrub_habitat,Edge pre-tree row removal,Interior pre-tree row removal,nest density (nests/ha),bobolink,bobolink,species,obligate,abundance,count,,,,,,two group means,hedges_g,0.129,0.249,-0.4932815957171597,0.6685386259517389,6,species,obligate_grassland,FALSE,FALSE,TRUE
md_1112,CXWJRPTX,Ellison et al. 2013,mean_diff,edge_and_shrub_habitat,Edge pre-tree row removal,Interior pre-tree row removal,nest density (nests/ha),eastern_meadowlark,eastern_meadowlark,species,obligate,abundance,count,,,,,,two group means,hedges_g,0.148,0.132,0.05979121932396819,0.6534252692484076,6,species,obligate_grassland,FALSE,FALSE,TRUE
md_1113,CXWJRPTX,Ellison et al. 2013,mean_diff,edge_and_shrub_habitat,Edge pre-tree row removal,Interior pre-tree row removal,nest density (nests/ha),henslows_sparrow,henslows_sparrow,species,obligate,abundance,count,,,,,,two group means,hedges_g,0,0.051,-0.6531972647421809,0.6798692684790381,6,species,obligate_grassland,FALSE,FALSE,TRUE
md_1114,V8UPXK6I,Fleming and Giuliano 1998,mean_diff,edge_and_shrub_habitat,Border-edge cut,Uncut edge,abundance (individuals/100 m of edge),all_species,all_species,aggregate,,abundance,count,,,,,Revisit to determine what is the treatment and control here (or direction of sign); Border-edge cuts are defined as transitional shrub zones ... the comparison is abrupt edge (see Table 2 and 3),two group means,hedges_g,7.69,5.76,0.8179630083373861,0.411472250740508,24,community,,FALSE,FALSE,TRUE
md_1115,V8UPXK6I,Fleming and Giuliano 1998,mean_diff,edge_and_shrub_habitat,Border-edge cut,Uncut edge,species_richness,all_species,all_species,aggregate,,species_richness,count,,,,,Border-edge cuts are defined as transitional shrub zones ... the comparison is abrupt edge (see Table 2 and 3),two group means,hedges_g,13.9,14.6,-0.1941363068375852,0.3951655046949275,24,community,,FALSE,FALSE,TRUE
md_1116,V8UPXK6I,Fleming and Giuliano 1998,mean_diff,edge_and_shrub_habitat,Border-edge cut,Uncut edge,DSR,all_species,all_species,aggregate,,nest_success,count,daily_survival,,,,"Border-edge cuts are defined as transitional shrub zones ... the comparison is abrupt edge (see Table 2 and 3); Unsure of link term, only details provided are ""calculated nest success probabilities with the Mayfield method (Mayfield 1975)""",log hazard ratio from arm survival,log_hazard_ratio,0.95,0.8,1.470255262282648,0.21272631250884275,60,community,,FALSE,FALSE,TRUE
md_1118,V8UPXK6I,Fleming and Giuliano 1998,mean_diff,edge_and_shrub_habitat,Border-edge cut,Uncut edge,Nest density,all_species,all_species,aggregate,,abundance,count,,,,,Border-edge cuts are defined as transitional shrub zones ... the comparison is abrupt edge (see Table 2 and 3),two group means,hedges_g,3.9,2.4,0.44191324766294576,0.3992982298583802,24,community,,FALSE,FALSE,TRUE
md_1119,V8UPXK6I,Fleming and Giuliano 1998,mean_diff,edge_and_shrub_habitat,Border-edge cut,Uncut edge,Abundance,blue_winged_warbler,blue_winged_warbler,species,shrub,abundance,count,,,,,Border-edge cuts are defined as transitional shrub zones ... the comparison is abrupt edge (see Table 2 and 3),two group means,hedges_g,0.112,0.028,0.7960505426772034,0.41057593729475456,24,species,,FALSE,TRUE,FALSE
md_1120,V8UPXK6I,Fleming and Giuliano 1998,mean_diff,edge_and_shrub_habitat,Border-edge cut,Uncut edge,Abundance,yellow_breasted_chat,yellow_breasted_chat,species,shrub,abundance,count,,,,,Border-edge cuts are defined as transitional shrub zones ... the comparison is abrupt edge (see Table 2 and 3),two group means,hedges_g,0.679,0.042,1.6206231245836469,0.4583532039436802,24,species,,FALSE,TRUE,FALSE
md_1121,V8UPXK6I,Fleming and Giuliano 1998,mean_diff,edge_and_shrub_habitat,Border-edge cut,Uncut edge,Abundance,common_yellowthroat,common_yellowthroat,species,facultative,abundance,count,,,,,Border-edge cuts are defined as transitional shrub zones ... the comparison is abrupt edge (see Table 2 and 3),two group means,hedges_g,0.847,0.403,0.9485491619626588,0.4172712412175126,24,species,facultative_grassland,FALSE,FALSE,TRUE
md_1122,V8UPXK6I,Fleming and Giuliano 1998,mean_diff,edge_and_shrub_habitat,Border-edge cut,Uncut edge,Abundance,brown_headed_cowbird,brown_headed_cowbird,species,facultative,abundance,count,,,,,Border-edge cuts are defined as transitional shrub zones ... the comparison is abrupt edge (see Table 2 and 3),two group means,hedges_g,0.209,0.014,0.9821232065609876,0.4188862798160773,24,species,facultative_grassland,FALSE,FALSE,TRUE
md_1123,V8UPXK6I,Fleming and Giuliano 1998,mean_diff,edge_and_shrub_habitat,Border-edge cut,Uncut edge,Abundance,chipping_sparrow,chipping_sparrow,species,facultative,abundance,count,,,,,Border-edge cuts are defined as transitional shrub zones ... the comparison is abrupt edge (see Table 2 and 3),two group means,hedges_g,0.043,0,0.7704246735399547,0.4095562264208678,24,species,facultative_grassland,FALSE,FALSE,TRUE
md_1124,V8UPXK6I,Fleming and Giuliano 1998,mean_diff,edge_and_shrub_habitat,Border-edge cut,Uncut edge,Abundance,song_sparrow,song_sparrow,species,facultative,abundance,count,,,,,Border-edge cuts are defined as transitional shrub zones ... the comparison is abrupt edge (see Table 2 and 3),two group means,hedges_g,0.966,0.153,1.4556780247738654,0.4466725790734764,24,species,facultative_grassland,FALSE,FALSE,TRUE
md_1125,V8UPXK6I,Fleming and Giuliano 1998,mean_diff,edge_and_shrub_habitat,Border-edge cut,Uncut edge,Abundance,acadian_flycatcher,acadian_flycatcher,species,woodland,abundance,count,,,,,Border-edge cuts are defined as transitional shrub zones ... the comparison is abrupt edge (see Table 2 and 3),two group means,hedges_g,0,0.098,-0.6897988356113549,0.40655080609153493,24,species,,FALSE,TRUE,FALSE
md_1126,V8UPXK6I,Fleming and Giuliano 1998,mean_diff,edge_and_shrub_habitat,Border-edge cut,Uncut edge,Abundance,blue_jay,blue_jay,species,woodland,abundance,count,,,,,Border-edge cuts are defined as transitional shrub zones ... the comparison is abrupt edge (see Table 2 and 3),two group means,hedges_g,0.028,0.112,-0.6531262404830219,0.40528699279063335,24,species,,FALSE,TRUE,FALSE
md_1127,V8UPXK6I,Fleming and Giuliano 1998,mean_diff,edge_and_shrub_habitat,Border-edge cut,Uncut edge,Abundance,carolina_chickadee,carolina_chickadee,species,shrub,abundance,count,,,,,Border-edge cuts are defined as transitional shrub zones ... the comparison is abrupt edge (see Table 2 and 3),two group means,hedges_g,0.014,0.139,-0.7096936218169944,0.4072635659714478,24,species,,FALSE,TRUE,FALSE
md_1128,V8UPXK6I,Fleming and Giuliano 1998,mean_diff,edge_and_shrub_habitat,Border-edge cut,Uncut edge,Abundance,wood_thrush,wood_thrush,species,shrub,abundance,count,,,,,Border-edge cuts are defined as transitional shrub zones ... the comparison is abrupt edge (see Table 2 and 3),two group means,hedges_g,0,0.111,-1.0417370170457192,0.4218758792556028,24,species,,FALSE,TRUE,FALSE
md_1129,V8UPXK6I,Fleming and Giuliano 1998,mean_diff,edge_and_shrub_habitat,Border-edge cut,Uncut edge,Abundance,red_eyed_vireo,red_eyed_vireo,species,forest,abundance,count,,,,,Border-edge cuts are defined as transitional shrub zones ... the comparison is abrupt edge (see Table 2 and 3),two group means,hedges_g,0.014,0.223,-1.557702300082998,0.45378557718398166,24,species,,FALSE,TRUE,FALSE
md_1130,V8UPXK6I,Fleming and Giuliano 1998,mean_diff,edge_and_shrub_habitat,Border-edge cut,Uncut edge,Abundance,rose_breasted_grosbeak,rose_breasted_grosbeak,species,shrub,abundance,count,,,,,Border-edge cuts are defined as transitional shrub zones ... the comparison is abrupt edge (see Table 2 and 3),two group means,hedges_g,0.014,0.249,-2.04835683016712,0.4927295161245925,24,species,,FALSE,TRUE,FALSE
md_1132,ZDBASF6Z,Greenberg and Drew Lanham 2001,mean_diff,edge_and_shrub_habitat,Small incomplete gaps,Closed canopy forest,density (birds/ha),ruffed_grouse,ruffed_grouse,species,shrub,abundance,count,,,,,Not sure this qualifies as the bmp ... but maybe? T: I think it does? Could maybe be manage in patches?,two group means,hedges_g,0.03,0,0.3941707632064886,0.39825554342690606,24,species,,FALSE,TRUE,FALSE
md_1133,ZDBASF6Z,Greenberg and Drew Lanham 2001,mean_diff,edge_and_shrub_habitat,Small incomplete gaps,Closed canopy forest,density (birds/ha),yellow_billed_cuckoo,yellow_billed_cuckoo,species,shrub,abundance,count,,,,,,two group means,hedges_g,0,0.03,-0.3941707632064886,0.39825554342690606,24,species,,FALSE,TRUE,FALSE
md_1134,ZDBASF6Z,Greenberg and Drew Lanham 2001,mean_diff,edge_and_shrub_habitat,Small incomplete gaps,Closed canopy forest,density (birds/ha),ruby_throated_hummingbird,ruby_throated_hummingbird,species,woodland,abundance,count,,,,,,two group means,hedges_g,0.22,0.05,0.6508492324169597,0.40521067232941343,24,species,,FALSE,TRUE,FALSE
md_1135,ZDBASF6Z,Greenberg and Drew Lanham 2001,mean_diff,edge_and_shrub_habitat,Small incomplete gaps,Closed canopy forest,density (birds/ha),northern_flicker,northern_flicker,species,forest,abundance,count,,,,,,two group means,hedges_g,0.05,0,0.3941707632064886,0.39825554342690606,24,species,,FALSE,TRUE,FALSE
md_1136,ZDBASF6Z,Greenberg and Drew Lanham 2001,mean_diff,edge_and_shrub_habitat,Small incomplete gaps,Closed canopy forest,density (birds/ha),great_crested_flycatcher,great_crested_flycatcher,species,shrub,abundance,count,,,,,,two group means,hedges_g,0,0.15,-0.7390701810121658,0.4083506734328521,24,species,,FALSE,TRUE,FALSE
md_1137,ZDBASF6Z,Greenberg and Drew Lanham 2001,mean_diff,edge_and_shrub_habitat,Small incomplete gaps,Closed canopy forest,density (birds/ha),american_crow,american_crow,species,facultative,abundance,count,,,,,,two group means,hedges_g,0.37,0.03,0.4933272943697674,0.4005506669619521,24,species,facultative_grassland,FALSE,FALSE,TRUE
md_1138,ZDBASF6Z,Greenberg and Drew Lanham 2001,mean_diff,edge_and_shrub_habitat,Small incomplete gaps,Closed canopy forest,density (birds/ha),blue_jay,blue_jay,species,woodland,abundance,count,,,,,,two group means,hedges_g,0.14,0.18,-0.0839183713906047,0.3943568244692489,24,species,,FALSE,TRUE,FALSE
md_1139,ZDBASF6Z,Greenberg and Drew Lanham 2001,mean_diff,edge_and_shrub_habitat,Small incomplete gaps,Closed canopy forest,density (birds/ha),carolina_wren,carolina_wren,species,shrub,abundance,count,,,,,,two group means,hedges_g,1.94,0.06,1.2746293292251083,0.43499205630023097,24,species,,FALSE,TRUE,FALSE
md_1140,ZDBASF6Z,Greenberg and Drew Lanham 2001,mean_diff,edge_and_shrub_habitat,Small incomplete gaps,Closed canopy forest,density (birds/ha),yellow_throated_vireo,yellow_throated_vireo,species,woodland,abundance,count,,,,,,two group means,hedges_g,0.03,0.03,0,0.3941707632064885,24,species,,FALSE,TRUE,FALSE
md_1141,ZDBASF6Z,Greenberg and Drew Lanham 2001,mean_diff,edge_and_shrub_habitat,Small incomplete gaps,Closed canopy forest,density (birds/ha),american_goldfinch,american_goldfinch,species,facultative,abundance,count,,,,,,two group means,hedges_g,0.07,0,0.3941707632064886,0.3982555434269061,24,species,facultative_grassland,FALSE,FALSE,TRUE
md_1142,ZDBASF6Z,Greenberg and Drew Lanham 2001,mean_diff,edge_and_shrub_habitat,Small incomplete gaps,Closed canopy forest,density (birds/ha),dark_eyed_junco,dark_eyed_junco,species,facultative,abundance,count,,,,,,two group means,hedges_g,0.04,0,0.3941707632064885,0.39825554342690606,24,species,facultative_grassland,FALSE,FALSE,TRUE
md_1143,ZDBASF6Z,Greenberg and Drew Lanham 2001,mean_diff,edge_and_shrub_habitat,Small incomplete gaps,Closed canopy forest,density (birds/ha),indigo_bunting,indigo_bunting,species,facultative,abundance,count,,,,,,two group means,hedges_g,0.53,0.04,0.8273365998498464,0.4118624921382746,24,species,facultative_grassland,FALSE,FALSE,TRUE
md_1144,ZDBASF6Z,Greenberg and Drew Lanham 2001,mean_diff,edge_and_shrub_habitat,Small incomplete gaps,Closed canopy forest,density (birds/ha),eastern_towhee,eastern_towhee,species,shrub,abundance,count,,,,,,two group means,hedges_g,0.44,0,0.5101033406201615,0.40098820029702753,24,species,,FALSE,TRUE,FALSE
md_1145,WGSP9SQJ,Knight et al. 2016,mean_diff,edge_and_shrub_habitat,Edge,Interior,abundance,american_goldfinch,american_goldfinch,species,facultative,abundance,count,,,,,Edge is defined as plots adjacent to agriculture (orchards or vineyards),two group means,hedges_g,0.22,0.11,0.03545230298497091,0.23318654337273104,72,species,facultative_grassland,FALSE,FALSE,TRUE
md_1146,WGSP9SQJ,Knight et al. 2016,mean_diff,edge_and_shrub_habitat,Edge,Interior,abundance,american_robin,american_robin,species,facultative,abundance,count,,,,,Edge is defined as plots adjacent to agriculture (orchards or vineyards),two group means,hedges_g,0.5,0.5,0,0.13816955070008746,208,species,facultative_grassland,FALSE,FALSE,TRUE
md_1147,WGSP9SQJ,Knight et al. 2016,mean_diff,edge_and_shrub_habitat,Edge,Interior,abundance,bank_swallow,bank_swallow,species,facultative,abundance,count,,,,,Edge is defined as plots adjacent to agriculture (orchards or vineyards),two group means,hedges_g,0.17,0,0.11488009330201614,0.3449393170815321,32,species,facultative_grassland,FALSE,FALSE,TRUE
md_1148,WGSP9SQJ,Knight et al. 2016,mean_diff,edge_and_shrub_habitat,Edge,Interior,abundance,black_billed_magpie,black_billed_magpie,species,facultative,abundance,count,,,,,Edge is defined as plots adjacent to agriculture (orchards or vineyards),two group means,hedges_g,0.11,0,0.11847009621770412,0.3449582901837525,32,species,facultative_grassland,FALSE,FALSE,TRUE
md_1149,WGSP9SQJ,Knight et al. 2016,mean_diff,edge_and_shrub_habitat,Edge,Interior,abundance,black_capped_chickadee,black_capped_chickadee,species,woodland,abundance,count,,,,,Edge is defined as plots adjacent to agriculture (orchards or vineyards),two group means,hedges_g,0.17,0,0.11488009330201614,0.3449393170815321,32,species,,FALSE,TRUE,FALSE
md_1150,WGSP9SQJ,Knight et al. 2016,mean_diff,edge_and_shrub_habitat,Edge,Interior,abundance,brown_headed_cowbird,brown_headed_cowbird,species,facultative,abundance,count,,,,,Edge is defined as plots adjacent to agriculture (orchards or vineyards),two group means,hedges_g,0.67,0.17,0.06940310666448098,0.16583526657640424,144,species,facultative_grassland,FALSE,FALSE,TRUE
md_1151,WGSP9SQJ,Knight et al. 2016,mean_diff,edge_and_shrub_habitat,Edge,Interior,abundance,brewers_sparrow,brewers_sparrow,species,facultative,abundance,count,,,,,Edge is defined as plots adjacent to agriculture (orchards or vineyards),two group means,hedges_g,0.33,0.56,-0.02360535975244658,0.16579066752493682,144,species,facultative_grassland,FALSE,FALSE,TRUE
md_1152,WGSP9SQJ,Knight et al. 2016,mean_diff,edge_and_shrub_habitat,Edge,Interior,abundance,bullocks_oriole,bullocks_oriole,species,facultative,abundance,count,,,,,Edge is defined as plots adjacent to agriculture (orchards or vineyards),two group means,hedges_g,0.5,0.06,0.08347544436979105,0.2025807471444609,96,species,facultative_grassland,FALSE,FALSE,TRUE
md_1153,WGSP9SQJ,Knight et al. 2016,mean_diff,edge_and_shrub_habitat,Edge,Interior,abundance,calliope_hummingbird,calliope_hummingbird,species,shrub,abundance,count,,,,,Edge is defined as plots adjacent to agriculture (orchards or vineyards),two group means,hedges_g,0.22,0.11,0.04155573072677488,0.20251335962561923,96,species,,FALSE,TRUE,FALSE
md_1154,WGSP9SQJ,Knight et al. 2016,mean_diff,edge_and_shrub_habitat,Edge,Interior,abundance,california_quail,california_quail,species,facultative,abundance,count,,,,,Edge is defined as plots adjacent to agriculture (orchards or vineyards),two group means,hedges_g,0.67,0.17,0.08371577234449958,0.14383052279364875,192,species,facultative_grassland,FALSE,FALSE,TRUE
md_1155,WGSP9SQJ,Knight et al. 2016,mean_diff,edge_and_shrub_habitat,Edge,Interior,abundance,clay_colored_sparrow,clay_colored_sparrow,species,facultative,abundance,count,,,,,Edge is defined as plots adjacent to agriculture (orchards or vineyards),two group means,hedges_g,0.06,0.06,0,0.3446402799060484,32,species,facultative_grassland,FALSE,FALSE,TRUE
md_1156,WGSP9SQJ,Knight et al. 2016,mean_diff,edge_and_shrub_habitat,Edge,Interior,abundance,cedar_waxwing,cedar_waxwing,species,shrub,abundance,count,,,,,Edge is defined as plots adjacent to agriculture (orchards or vineyards),two group means,hedges_g,0.33,0,0.11811300827319136,0.24718412375484208,64,species,,FALSE,TRUE,FALSE
md_1157,WGSP9SQJ,Knight et al. 2016,mean_diff,edge_and_shrub_habitat,Edge,Interior,abundance,chipping_sparrow,chipping_sparrow,species,facultative,abundance,count,,,,,Edge is defined as plots adjacent to agriculture (orchards or vineyards),two group means,hedges_g,1.22,0.94,0.02039072887482739,0.0998140428580307,400,species,facultative_grassland,FALSE,FALSE,TRUE
md_1158,WGSP9SQJ,Knight et al. 2016,mean_diff,edge_and_shrub_habitat,Edge,Interior,abundance,dusky_flycatcher,dusky_flycatcher,species,forest,abundance,count,,,,,Edge is defined as plots adjacent to agriculture (orchards or vineyards),two group means,hedges_g,0.06,0,0.11818181818181817,0.4731886952604786,16,species,,FALSE,TRUE,FALSE
md_1159,WGSP9SQJ,Knight et al. 2016,mean_diff,edge_and_shrub_habitat,Edge,Interior,abundance,eastern_kingbird,eastern_kingbird,species,facultative,abundance,count,,,,,Edge is defined as plots adjacent to agriculture (orchards or vineyards),two group means,hedges_g,0,0.11,-0.11063829787234042,0.4731316945735543,16,species,facultative_grassland,FALSE,FALSE,TRUE
md_1160,WGSP9SQJ,Knight et al. 2016,mean_diff,edge_and_shrub_habitat,Edge,Interior,abundance,gray_partridge,gray_partridge,species,facultative,abundance,count,,,,,Edge is defined as plots adjacent to agriculture (orchards or vineyards),two group means,hedges_g,0.06,0,0.11818181818181817,0.4731886952604786,16,species,facultative_grassland,FALSE,FALSE,TRUE
md_1161,WGSP9SQJ,Knight et al. 2016,mean_diff,edge_and_shrub_habitat,Edge,Interior,abundance,grasshopper_sparrow,grasshopper_sparrow,species,obligate,abundance,count,,,,,Edge is defined as plots adjacent to agriculture (orchards or vineyards),two group means,hedges_g,0,0.06,-0.11818181818181817,0.4731886952604786,16,species,obligate_grassland,FALSE,FALSE,TRUE
md_1162,WGSP9SQJ,Knight et al. 2016,mean_diff,edge_and_shrub_habitat,Edge,Interior,abundance,house_finch,house_finch,species,facultative,abundance,count,,,,,Edge is defined as plots adjacent to agriculture (orchards or vineyards),two group means,hedges_g,1.17,0,0.09696220416813844,0.2471122252480149,64,species,facultative_grassland,FALSE,FALSE,TRUE
md_1163,WGSP9SQJ,Knight et al. 2016,mean_diff,edge_and_shrub_habitat,Edge,Interior,abundance,house_wren,house_wren,species,facultative,abundance,count,,,,,Edge is defined as plots adjacent to agriculture (orchards or vineyards),two group means,hedges_g,0.11,0,0.11847009621770412,0.3449582901837525,32,species,facultative_grassland,FALSE,FALSE,TRUE
md_1164,WGSP9SQJ,Knight et al. 2016,mean_diff,edge_and_shrub_habitat,Edge,Interior,abundance,lark_sparrow,lark_sparrow,species,facultative,abundance,count,,,,,Edge is defined as plots adjacent to agriculture (orchards or vineyards),two group means,hedges_g,0.61,0.22,0.06959397472929672,0.13321923928376703,224,species,facultative_grassland,FALSE,FALSE,TRUE
md_1165,WGSP9SQJ,Knight et al. 2016,mean_diff,edge_and_shrub_habitat,Edge,Interior,abundance,lazuli_bunting,lazuli_bunting,species,facultative,abundance,count,,,,,Edge is defined as plots adjacent to agriculture (orchards or vineyards),two group means,hedges_g,0.89,0.39,0.05383428143744018,0.13320294204754157,224,species,facultative_grassland,FALSE,FALSE,TRUE
md_1166,WGSP9SQJ,Knight et al. 2016,mean_diff,edge_and_shrub_habitat,Edge,Interior,abundance,lewiss_woodpecker,lewiss_woodpecker,species,woodland,abundance,count,,,,,Edge is defined as plots adjacent to agriculture (orchards or vineyards),two group means,hedges_g,0,0.06,-0.11818181818181817,0.4731886952604786,16,species,,FALSE,TRUE,FALSE
md_1167,WGSP9SQJ,Knight et al. 2016,mean_diff,edge_and_shrub_habitat,Edge,Interior,abundance,mountain_bluebird,mountain_bluebird,species,facultative,abundance,count,,,,,Edge is defined as plots adjacent to agriculture (orchards or vineyards),two group means,hedges_g,0,0.22,-0.11357710213566408,0.2841792757927822,48,species,facultative_grassland,FALSE,FALSE,TRUE
md_1168,WGSP9SQJ,Knight et al. 2016,mean_diff,edge_and_shrub_habitat,Edge,Interior,abundance,mourning_dove,mourning_dove,species,facultative,abundance,count,,,,,Edge is defined as plots adjacent to agriculture (orchards or vineyards),two group means,hedges_g,0.06,0,0.11818181818181817,0.4731886952604786,16,species,facultative_grassland,FALSE,FALSE,TRUE
md_1169,WGSP9SQJ,Knight et al. 2016,mean_diff,edge_and_shrub_habitat,Edge,Interior,abundance,northern_flicker,northern_flicker,species,forest,abundance,count,,,,,Edge is defined as plots adjacent to agriculture (orchards or vineyards),two group means,hedges_g,0,0.17,-0.1270270221254138,0.28423857977042316,48,species,,FALSE,TRUE,FALSE
md_1170,WGSP9SQJ,Knight et al. 2016,mean_diff,edge_and_shrub_habitat,Edge,Interior,abundance,red_naped_sapsucker,red_naped_sapsucker,species,woodland,abundance,count,,,,,Edge is defined as plots adjacent to agriculture (orchards or vineyards),two group means,hedges_g,0.11,0,0.11063829787234042,0.4731316945735543,16,species,,FALSE,TRUE,FALSE
md_1171,WGSP9SQJ,Knight et al. 2016,mean_diff,edge_and_shrub_habitat,Edge,Interior,abundance,ruby_crowned_kinglet,ruby_crowned_kinglet,species,shrub,abundance,count,,,,,Edge is defined as plots adjacent to agriculture (orchards or vineyards),two group means,hedges_g,0.06,0,0.11818181818181817,0.4731886952604786,16,species,,FALSE,TRUE,FALSE
md_1172,WGSP9SQJ,Knight et al. 2016,mean_diff,edge_and_shrub_habitat,Edge,Interior,abundance,rufous_hummingbird,rufous_hummingbird,species,shrub,abundance,count,,,,,Edge is defined as plots adjacent to agriculture (orchards or vineyards),two group means,hedges_g,0.06,0,0.11818181818181817,0.4731886952604786,16,species,,FALSE,TRUE,FALSE
md_1173,WGSP9SQJ,Knight et al. 2016,mean_diff,edge_and_shrub_habitat,Edge,Interior,abundance,says_phoebe,says_phoebe,species,facultative,abundance,count,,,,,Edge is defined as plots adjacent to agriculture (orchards or vineyards),two group means,hedges_g,0.28,0.11,0.05694125707390437,0.18772934183568676,112,species,facultative_grassland,FALSE,FALSE,TRUE
md_1174,WGSP9SQJ,Knight et al. 2016,mean_diff,edge_and_shrub_habitat,Edge,Interior,abundance,savannah_sparrow,savannah_sparrow,species,obligate,abundance,count,,,,,Edge is defined as plots adjacent to agriculture (orchards or vineyards),two group means,hedges_g,0.11,0,0.11063829787234042,0.4731316945735543,16,species,obligate_grassland,FALSE,FALSE,TRUE
md_1175,WGSP9SQJ,Knight et al. 2016,mean_diff,edge_and_shrub_habitat,Edge,Interior,abundance,spotted_towhee,spotted_towhee,species,shrub,abundance,count,,,,,Edge is defined as plots adjacent to agriculture (orchards or vineyards),two group means,hedges_g,0.44,0.44,0,0.157362152978268,160,species,,FALSE,TRUE,FALSE
md_1176,WGSP9SQJ,Knight et al. 2016,mean_diff,edge_and_shrub_habitat,Edge,Interior,abundance,tree_swallow,tree_swallow,species,shrub,abundance,count,,,,,Edge is defined as plots adjacent to agriculture (orchards or vineyards),two group means,hedges_g,0.28,0.06,0.07230004492317633,0.2840386229278683,48,species,,FALSE,TRUE,FALSE
md_1177,WGSP9SQJ,Knight et al. 2016,mean_diff,edge_and_shrub_habitat,Edge,Interior,abundance,vesper_sparrow,vesper_sparrow,species,obligate,abundance,count,,,,,Edge is defined as plots adjacent to agriculture (orchards or vineyards),two group means,hedges_g,0.28,1.06,-0.09068954246282844,0.11448185614518396,304,species,obligate_grassland,FALSE,FALSE,TRUE
md_1178,WGSP9SQJ,Knight et al. 2016,mean_diff,edge_and_shrub_habitat,Edge,Interior,abundance,white_crowned_sparrow,white_crowned_sparrow,species,facultative,abundance,count,,,,,Edge is defined as plots adjacent to agriculture (orchards or vineyards),two group means,hedges_g,1.11,0.83,0.01270032373912453,0.20249322645851275,96,species,facultative_grassland,FALSE,FALSE,TRUE
md_1179,WGSP9SQJ,Knight et al. 2016,mean_diff,edge_and_shrub_habitat,Edge,Interior,abundance,western_bluebird,western_bluebird,species,facultative,abundance,count,,,,,Edge is defined as plots adjacent to agriculture (orchards or vineyards),two group means,hedges_g,0.06,0.33,-0.0631524225270772,0.28401590159032913,48,species,facultative_grassland,FALSE,FALSE,TRUE
md_1180,WGSP9SQJ,Knight et al. 2016,mean_diff,edge_and_shrub_habitat,Edge,Interior,abundance,western_kingbird,western_kingbird,species,facultative,abundance,count,,,,,Edge is defined as plots adjacent to agriculture (orchards or vineyards),two group means,hedges_g,0.28,0.06,0.08586006330378501,0.20258593791779825,96,species,facultative_grassland,FALSE,FALSE,TRUE
md_1181,WGSP9SQJ,Knight et al. 2016,mean_diff,edge_and_shrub_habitat,Edge,Interior,abundance,western_meadowlark,western_meadowlark,species,obligate,abundance,count,,,,,Edge is defined as plots adjacent to agriculture (orchards or vineyards),two group means,hedges_g,0.39,0.78,-0.04094520110685397,0.13818413371860863,208,species,obligate_grassland,FALSE,FALSE,TRUE
md_1182,WGSP9SQJ,Knight et al. 2016,mean_diff,edge_and_shrub_habitat,Edge,Interior,abundance,western_wood_pewee,western_wood_pewee,species,shrub,abundance,count,,,,,Edge is defined as plots adjacent to agriculture (orchards or vineyards),two group means,hedges_g,0.11,0,0.11847009621770412,0.3449582901837525,32,species,,FALSE,TRUE,FALSE
md_1183,WGSP9SQJ,Knight et al. 2016,mean_diff,edge_and_shrub_habitat,Edge,Interior,abundance,yellow_rumped_warbler,yellow_rumped_warbler,species,facultative,abundance,count,,,,,Edge is defined as plots adjacent to agriculture (orchards or vineyards),two group means,hedges_g,0.17,0.28,-0.0266850071734851,0.2214598674530543,80,species,facultative_grassland,FALSE,FALSE,TRUE
md_1187,RYCYMRRZ,Riddle and Moorman 2010,mean_diff,edge_and_shrub_habitat,Post-field border establishment,Pre-field border establishment,Nest survival probability,indigo_bunting_blue_grosbeak,indigo_bunting_blue_grosbeak,species,facultative,nest_success,count,period_survival,,,,,log hazard ratio from arm survival,log_hazard_ratio,0.3,0.26,0.11230781262177142,0.3843149989429174,332,species,facultative_grassland,FALSE,FALSE,TRUE
md_1190,NMR6JN8N,Suarez et al. 1997,mean_diff,edge_and_shrub_habitat,Gradual edge,Abrupt edge,Daily percent predation rate (Dutch Creek),indigo_bunting,indigo_bunting,species,facultative,nest_success,count,daily_survival,,,,,log hazard ratio from arm survival,log_hazard_ratio,4.2,7.7,0.6245542913813553,0.01866687393956032,809,species,facultative_grassland,FALSE,FALSE,TRUE
md_1191,NMR6JN8N,Suarez et al. 1997,mean_diff,edge_and_shrub_habitat,Gradual edge,Abrupt edge,Daily percent predation rate (Trail of Tears),indigo_bunting,indigo_bunting,species,facultative,nest_success,count,daily_survival,,,,,log hazard ratio from arm survival,log_hazard_ratio,3.6,6.6,0.621804998998778,0.12955847168800047,281,species,facultative_grassland,FALSE,FALSE,TRUE
md_1192,NMR6JN8N,Suarez et al. 1997,mean_diff,edge_and_shrub_habitat,Gradual edge,Abrupt edge,Daily percent predation rate (Pine Hills),indigo_bunting,indigo_bunting,species,facultative,nest_success,count,daily_survival,,,,,log hazard ratio from arm survival,log_hazard_ratio,2.2,8.1,1.3342418189389882,0.10008554661550494,263,species,facultative_grassland,FALSE,FALSE,TRUE
md_1193,NMR6JN8N,Suarez et al. 1997,mean_diff,edge_and_shrub_habitat,Gradual edge,Abrupt edge,Daily percent predation rate (S. Ripple Hollow),indigo_bunting,indigo_bunting,species,facultative,nest_success,count,daily_survival,,,,,log hazard ratio from arm survival,log_hazard_ratio,3.6,2.5,-0.37028689991844654,0.17162268613423312,124,species,facultative_grassland,FALSE,FALSE,TRUE
md_1194,NMR6JN8N,Suarez et al. 1997,mean_diff,edge_and_shrub_habitat,Gradual edge,Abrupt edge,Daily percent predation rate (Section II),indigo_bunting,indigo_bunting,species,facultative,nest_success,count,daily_survival,,,,,log hazard ratio from arm survival,log_hazard_ratio,4.3,18.2,1.5196765707827156,0.40607462149032447,53,species,facultative_grassland,FALSE,FALSE,TRUE
md_1195,TY9UGHCS,Valentine et al. 2019,mean_diff,edge_and_shrub_habitat,Edge,Interior,abundance (birds/point),american_crow,american_crow,species,facultative,abundance,count,,,,,,two group means,hedges_g,0.25,0.04,0.2995790128120121,0.581161819426892,4,species,facultative_grassland,FALSE,FALSE,TRUE
md_1196,TY9UGHCS,Valentine et al. 2019,mean_diff,edge_and_shrub_habitat,Edge,Interior,abundance (birds/point),blue_jay,blue_jay,species,woodland,abundance,count,,,,,,two group means,hedges_g,1.46,0.67,0.5315524564954015,0.6015389546784854,4,species,,FALSE,TRUE,FALSE
md_1197,TY9UGHCS,Valentine et al. 2019,mean_diff,edge_and_shrub_habitat,Edge,Interior,abundance (birds/point),common_grackle,common_grackle,species,facultative,abundance,count,,,,,,two group means,hedges_g,0,0.04,-0.1616244071283537,0.5742786069211937,4,species,facultative_grassland,FALSE,FALSE,TRUE
md_1198,GS4TG5A4,Augustine and Derner 2015,mean_diff,prescribed_fire,Recently burned patches,Unburned patches,density (birds/km^2),lark_bunting,lark_bunting,species,obligate,abundance,count,,,,,Traced from plot,two group means,hedges_g,23.4633,76.2559,-3.55637509457289,1.047720141927473,9,species,obligate_grassland,FALSE,FALSE,TRUE
md_1199,GS4TG5A4,Augustine and Derner 2015,mean_diff,prescribed_fire,Recently burned patches,Unburned patches,density (birds/km^2),horned_lark,horned_lark,species,obligate,abundance,count,,,,,Traced from plot,two group means,hedges_g,27.3795,31.49,-0.9617183175845022,0.6681655331115635,9,species,obligate_grassland,FALSE,FALSE,TRUE
md_1200,GS4TG5A4,Augustine and Derner 2015,mean_diff,prescribed_fire,Recently burned patches,Unburned patches,density (birds/km^2),western_meadowlark,western_meadowlark,species,obligate,abundance,count,,,,,Traced from plot,two group means,hedges_g,3.8542,10.6659,-1.9529397442477503,0.7790694148139382,9,species,obligate_grassland,FALSE,FALSE,TRUE
md_1201,GS4TG5A4,Augustine and Derner 2015,mean_diff,prescribed_fire,Recently burned patches,Unburned patches,density (birds/km^2),mccowns_longspur,mccowns_longspur,species,obligate,abundance,count,,,,,Traced from plot; upper and lower error bars were not symmetrical for treatment,two group means,hedges_g,21.9008,8.4561,0.8589414665444515,0.6603404658061982,9,species,obligate_grassland,FALSE,FALSE,TRUE
md_1202,GS4TG5A4,Augustine and Derner 2015,mean_diff,prescribed_fire,Recently burned patches,Unburned patches,density (birds/km^2),grasshopper_sparrow,grasshopper_sparrow,species,obligate,abundance,count,,,,,Traced from plot,two group means,hedges_g,0,6.5079,-1.888567094740846,0.7702018776647309,9,species,obligate_grassland,FALSE,FALSE,TRUE
md_1203,GS4TG5A4,Augustine and Derner 2015,mean_diff,prescribed_fire,Recently burned patches,Unburned patches,density (birds/km^2),mountain_plover,mountain_plover,species,obligate,abundance,count,,,,,Traced from plot,two group means,hedges_g,6.4704,0,8.103696865423704,2.010818158497639,9,species,obligate_grassland,FALSE,FALSE,TRUE
md_1204,W9HAEBRV,Batáry et al. 2007,mean_diff,grazing_intensity,Extensively grazed pastures,Intensively grazed pastures,Number of territories,grassland_species,grassland_species,guild,facultative,abundance,count,,,,,"Traced from plot; extensive and intensive represent low and high grazing pressure, respectively",two group means,hedges_g,19.4113,10.1848,0.3589720535669599,0.30530667898183983,42,species,facultative_grassland,FALSE,FALSE,TRUE
md_1205,FE9EGUNZ,Bouvier et al. 2011,mean_diff,eliminate_pesticides,organic (2003),conventionional (2003),abundance,all_species,all_species,aggregate,,abundance,count,,,,,Traced from plot,two group means,hedges_g,43.5737,14.3705,3.851401942850966,1.033436785316778,10,community,,FALSE,FALSE,TRUE
md_1206,FE9EGUNZ,Bouvier et al. 2011,mean_diff,eliminate_pesticides,organic (2004),conventionional (2004),abundance,all_species,all_species,aggregate,,abundance,count,,,,,Traced from plot,two group means,hedges_g,49.0177,18.6303,3.0854080605007272,0.8957197597274549,10,community,,FALSE,FALSE,TRUE
md_1207,FE9EGUNZ,Bouvier et al. 2011,mean_diff,eliminate_pesticides,organic (2005),conventionional (2005),abundance,all_species,all_species,aggregate,,abundance,count,,,,,Traced from plot,two group means,hedges_g,45.2842,15.3408,3.1508884827520687,0.9070455636367164,10,community,,FALSE,FALSE,TRUE
md_1208,FE9EGUNZ,Bouvier et al. 2011,mean_diff,eliminate_pesticides,organic (2003),conventionional (2003),species_richness,all_species,all_species,aggregate,,species_richness,count,,,,,Traced from plot,two group means,hedges_g,23.2625,9.3184,4.853458689946856,1.2264296986485197,10,community,,FALSE,FALSE,TRUE
md_1209,FE9EGUNZ,Bouvier et al. 2011,mean_diff,eliminate_pesticides,organic (2004),conventionional (2004),species_richness,all_species,all_species,aggregate,,species_richness,count,,,,,Traced from plot,two group means,hedges_g,24.8281,10.1477,5.111123362673074,1.2776955210061558,10,community,,FALSE,FALSE,TRUE
md_1210,FE9EGUNZ,Bouvier et al. 2011,mean_diff,eliminate_pesticides,organic (2005),conventionional (2005),species_richness,all_species,all_species,aggregate,,species_richness,count,,,,,Traced from plot,two group means,hedges_g,22.7344,8.768,4.909279129078361,1.2374885136179188,10,community,,FALSE,FALSE,TRUE
md_1211,FE9EGUNZ,Bouvier et al. 2011,mean_diff,eliminate_pesticides,organic,conventionional,abundance,insectivores,insectivores,guild,other,abundance,count,,,,,Traced from plot,two group means,hedges_g,23.5516,7.133,5.561899340560108,1.3685989027842358,10,species,,FALSE,FALSE,TRUE
md_1212,FE9EGUNZ,Bouvier et al. 2011,mean_diff,eliminate_pesticides,organic,conventionional,abundance,granivores,granivores,guild,other,abundance,count,,,,,Traced from plot,two group means,hedges_g,13.2724,7.0647,1.8535775682059268,0.7057720829303724,10,species,,FALSE,FALSE,TRUE
md_1218,QX25INTP,Buckley et al. 2022,mean_diff,rotational_grazing,Rotational grazing,Pre-treatment,Percent nest_success,red_winged_blackbird,red_winged_blackbird,species,facultative,nest_success,count,period_survival,,,,Traced from plot,log hazard ratio from arm survival,log_hazard_ratio,27.7012,60.5786,-0.9404354243716664,0.21743195089724335,32,species,facultative_grassland,FALSE,FALSE,TRUE
md_1219,QX25INTP,Buckley et al. 2022,mean_diff,rotational_grazing,Rotational grazing,Pre-treatment,Percent nest_success,field_sparrow,field_sparrow,species,facultative,nest_success,count,period_survival,,,,Traced from plot,log hazard ratio from arm survival,log_hazard_ratio,42.9747,49.0299,-0.16969762743285227,0.2217906721343044,97,species,facultative_grassland,FALSE,FALSE,TRUE
md_1220,QX25INTP,Buckley et al. 2022,mean_diff,rotational_grazing,Rotational grazing,Pre-treatment,Percent nest_success,indigo_bunting,indigo_bunting,species,facultative,nest_success,count,period_survival,,,,Traced from plot,log hazard ratio from arm survival,log_hazard_ratio,26.4236,21.7283,0.13714841953690937,0.22928013898139316,21,species,facultative_grassland,FALSE,FALSE,TRUE
md_1223,2WJYSYDE,Cassidy and Kleppel 2017,mean_diff,rotational_grazing,Holistic resource managment,Continuous grazing,abundance,grassland_obligates,grassland_obligates,guild,obligate,abundance,count,,,,,"Traced from plot; Holistic resource management is defined as frequent rotation, long rest periods, and high stocking density",two group means,hedges_g,2.1172,0.4183,1.2054818394123905,0.5807432208269492,17,species,obligate_grassland,FALSE,FALSE,TRUE
md_1224,2WJYSYDE,Cassidy and Kleppel 2017,mean_diff,rotational_grazing,Holistic resource managment,Continuous grazing,abundance,savannah_sparrow,savannah_sparrow,species,obligate,abundance,count,,,,,"Traced from plot; Holistic resource management is defined as frequent rotation, long rest periods, and high stocking density",two group means,hedges_g,1.1444,0.1636,1.182199496360082,0.5793338109740042,17,species,obligate_grassland,FALSE,FALSE,TRUE
md_1225,2WJYSYDE,Cassidy and Kleppel 2017,mean_diff,rotational_grazing,Holistic resource managment,Continuous grazing,abundance,bobolink,bobolink,species,obligate,abundance,count,,,,,"Traced from plot; Holistic resource management is defined as frequent rotation, long rest periods, and high stocking density",two group means,hedges_g,0.9003,0.2533,0.5426865928099135,0.5506214051923023,17,species,obligate_grassland,FALSE,FALSE,TRUE
md_1226,2WJYSYDE,Cassidy and Kleppel 2017,mean_diff,rotational_grazing,Holistic resource managment,Continuous grazing,abundance,eastern_meadowlark,eastern_meadowlark,species,obligate,abundance,count,,,,,"Traced from plot; Holistic resource management is defined as frequent rotation, long rest periods, and high stocking density",two group means,hedges_g,0.0685,0,0.2926110316377234,0.5450139275317707,17,species,obligate_grassland,FALSE,FALSE,TRUE
md_1227,2WJYSYDE,Cassidy and Kleppel 2017,mean_diff,rotational_grazing,Holistic resource managment,Continuous grazing,abundance,killdeer,killdeer,species,facultative,abundance,count,,,,,"Traced from plot; Holistic resource management is defined as frequent rotation, long rest periods, and high stocking density",two group means,hedges_g,0,0.2511,-2.0576332355481344,0.6473384303783227,17,species,facultative_grassland,FALSE,FALSE,TRUE
md_1228,ECUBV53L,Delisle and Savidge 1997,mean_diff,plant_nwsg,CP2 (NWSG) fields,CP1 (CSG) fields,abundance (individuals/100 ha),dickcissel,dickcissel,species,obligate,abundance,count,,,,,Traced from plot,two group means,hedges_g,198.6758,135.9061,0.8975960547640767,0.6054838369869738,10,species,obligate_grassland,FALSE,FALSE,TRUE
md_1229,ECUBV53L,Delisle and Savidge 1997,mean_diff,plant_nwsg,CP2 (NWSG) fields,CP1 (CSG) fields,abundance (individuals/100 ha),grasshopper_sparrow,grasshopper_sparrow,species,obligate,abundance,count,,,,,Traced from plot,two group means,hedges_g,40.7762,62.3401,-0.5809083203327595,0.5858322855627351,10,species,obligate_grassland,FALSE,FALSE,TRUE
md_1230,ECUBV53L,Delisle and Savidge 1997,mean_diff,plant_nwsg,CP2 (NWSG) fields,CP1 (CSG) fields,abundance (individuals/100 ha),common_yellowthroat,common_yellowthroat,species,facultative,abundance,count,,,,,Traced from plot,two group means,hedges_g,27.6634,0,2.067985974125039,0.7349524082789041,10,species,facultative_grassland,FALSE,FALSE,TRUE
md_1231,ECUBV53L,Delisle and Savidge 1997,mean_diff,plant_nwsg,CP2 (NWSG) fields,CP1 (CSG) fields,abundance (individuals/100 ha),bobolink,bobolink,species,obligate,abundance,count,,,,,Traced from plot,two group means,hedges_g,0,25.7435,-1.6839163698982236,0.6841823295121171,10,species,obligate_grassland,FALSE,FALSE,TRUE
md_1232,ECUBV53L,Delisle and Savidge 1997,mean_diff,plant_nwsg,CP2 (NWSG) fields,CP1 (CSG) fields,abundance (individuals/100 ha),brown_headed_cowbird,brown_headed_cowbird,species,facultative,abundance,count,,,,,Traced from plot,two group means,hedges_g,24.0903,31.1895,-0.4041255608907502,0.5783533663983722,10,species,facultative_grassland,FALSE,FALSE,TRUE
md_1233,ECUBV53L,Delisle and Savidge 1997,mean_diff,plant_nwsg,CP2 (NWSG) fields,CP1 (CSG) fields,abundance (individuals/100 ha),red_winged_blackbird,red_winged_blackbird,species,facultative,abundance,count,,,,,Traced from plot,two group means,hedges_g,19.4383,34.1796,-0.5224546837650395,0.5830734840527975,10,species,facultative_grassland,FALSE,FALSE,TRUE
md_1234,ECUBV53L,Delisle and Savidge 1997,mean_diff,plant_nwsg,CP2 (NWSG) fields,CP1 (CSG) fields,abundance (individuals/100 ha),sedge_wren,sedge_wren,species,obligate,abundance,count,,,,,Traced from plot,two group means,hedges_g,20.7906,7.1473,1.131501209598558,0.6247731527060174,10,species,obligate_grassland,FALSE,FALSE,TRUE
md_1235,ECUBV53L,Delisle and Savidge 1997,mean_diff,plant_nwsg,CP2 (NWSG) fields,CP1 (CSG) fields,abundance (individuals/100 ha),mourning_dove,mourning_dove,species,facultative,abundance,count,,,,,Traced from plot,two group means,hedges_g,7.9506,8.2266,-0.03912726965087873,0.571317153722504,10,species,facultative_grassland,FALSE,FALSE,TRUE
md_1236,ECUBV53L,Delisle and Savidge 1997,mean_diff,plant_nwsg,CP2 (NWSG) fields,CP1 (CSG) fields,abundance (individuals/100 ha),northern_bobwhite,northern_bobwhite,species,facultative,abundance,count,,,,,Traced from plot,two group means,hedges_g,9.3031,7.1227,0.16709297807606546,0.572470738240989,10,species,facultative_grassland,FALSE,FALSE,TRUE
md_1237,ECUBV53L,Delisle and Savidge 1997,mean_diff,plant_nwsg,CP2 (NWSG) fields,CP1 (CSG) fields,abundance (individuals/100 ha),meadowlark_spp,meadowlark_spp,guild,obligate,abundance,count,,,,,Traced from plot,two group means,hedges_g,7.38,6.5642,0.1497628925135419,0.5722308879943198,10,species,obligate_grassland,FALSE,FALSE,TRUE
md_1238,ECUBV53L,Delisle and Savidge 1997,mean_diff,plant_nwsg,CP2 (NWSG) fields,CP1 (CSG) fields,abundance (individuals/100 ha),ring_necked_pheasant,ring_necked_pheasant,species,facultative,abundance,count,,,,,Traced from plot,two group means,hedges_g,6.2756,3.8224,0.4830536938350414,0.5813723303808417,10,species,facultative_grassland,FALSE,FALSE,TRUE
md_1239,ZXCUY5K9,Duquette et al. 2022,mean_diff,prescribed_fire,season-long grazing with dormant season patch-burning,season long grazing (no fire),shannon diversity,all_species,all_species,aggregate,,species_richness,diversity,,,,,Traced from plot; treatment: one-fourth pasture burned late April–early May at a 4-year return interval,two group means,hedges_g,1.4998,1.5192,-0.21320747190829112,0.617181434246234,8,community,,FALSE,FALSE,TRUE
md_1240,ZXCUY5K9,Duquette et al. 2022,mean_diff,prescribed_fire,season-long grazing with dormant season and growing season patch-burning at a 4-year return interval,season long grazing (no fire),shannon diversity,all_species,all_species,aggregate,,species_richness,diversity,,,,,Traced from plot; treatment: one-eighth pasture burned late April–early May and one-eighth pasture burned late August–late September at a 4-year return interval,two group means,hedges_g,1.5697,1.5192,0.5375986785004845,0.6293926475926891,8,community,,FALSE,FALSE,TRUE
md_1241,ZXCUY5K9,Duquette et al. 2022,mean_diff,rotational_grazing,modified twice-over rest rotation,season long grazing,shannon diversity,all_species,all_species,aggregate,,species_richness,diversity,,,,,Traced from plot; treatment: variably stocked paddocks,two group means,hedges_g,1.35,1.5192,-1.7034209103666138,0.7479468620935127,8,community,,FALSE,FALSE,TRUE
md_1242,ZXCUY5K9,Duquette et al. 2022,mean_diff,prescribed_fire,season-long grazing with dormant season patch-burning,season long grazing (no fire),density (individuals/ha),bobolink,bobolink,species,obligate,abundance,count,,,,,"Traced from plot; treatment: one-fourth pasture burned late April–early May at a 4-year return interval; Error type is not given, but assumed to be confidence intervals",two group means,hedges_g,0.8394,0.8002,0.1290199457700498,0.6157208927743153,8,species,obligate_grassland,FALSE,FALSE,TRUE
md_1243,ZXCUY5K9,Duquette et al. 2022,mean_diff,prescribed_fire,season-long grazing with dormant season and growing season patch-burning at a 4-year return interval,season long grazing (no fire),density (individuals/ha),bobolink,bobolink,species,obligate,abundance,count,,,,,"Traced from plot; treatment: one-eighth pasture burned late April–early May and one-eighth pasture burned late August–late September at a 4-year return interval; Error type is not given, but assumed to be confidence intervals",two group means,hedges_g,0.488,0.8002,-1.223582644596788,0.6867634157104596,8,species,obligate_grassland,FALSE,FALSE,TRUE
md_1244,ZXCUY5K9,Duquette et al. 2022,mean_diff,rotational_grazing,modified twice-over rest rotation,season long grazing,density (individuals/ha),bobolink,bobolink,species,obligate,abundance,count,,,,,"Traced from plot; treatment: variably stocked paddocks; Error type is not given, but assumed to be confidence intervals",two group means,hedges_g,0.7995,0.8002,-0.00225920139898719,0.6148757213029542,8,species,obligate_grassland,FALSE,FALSE,TRUE
md_1245,ZXCUY5K9,Duquette et al. 2022,mean_diff,prescribed_fire,season-long grazing with dormant season patch-burning,season long grazing (no fire),density (individuals/ha),chestnut_collared_longspur,chestnut_collared_longspur,species,obligate,abundance,count,,,,,"Traced from plot; treatment: one-fourth pasture burned late April–early May at a 4-year return interval; Error type is not given, but assumed to be confidence intervals",two group means,hedges_g,0.5098,0.1495,2.3454344155564844,0.8496400685014758,8,species,obligate_grassland,FALSE,FALSE,TRUE
md_1246,ZXCUY5K9,Duquette et al. 2022,mean_diff,prescribed_fire,season-long grazing with dormant season and growing season patch-burning at a 4-year return interval,season long grazing (no fire),density (individuals/ha),chestnut_collared_longspur,chestnut_collared_longspur,species,obligate,abundance,count,,,,,"Traced from plot; treatment: one-eighth pasture burned late April–early May and one-eighth pasture burned late August–late September at a 4-year return interval; Error type is not given, but assumed to be confidence intervals",two group means,hedges_g,0.2997,0.1495,1.3207361423876118,0.6979207197178273,8,species,obligate_grassland,FALSE,FALSE,TRUE
md_1247,ZXCUY5K9,Duquette et al. 2022,mean_diff,rotational_grazing,modified twice-over rest rotation,season long grazing,density (individuals/ha),chestnut_collared_longspur,chestnut_collared_longspur,species,obligate,abundance,count,,,,,"Traced from plot; treatment: variably stocked paddocks; Error type is not given, but assumed to be confidence intervals",two group means,hedges_g,0.666,0.1495,6.917116257679446,1.8353413623326928,8,species,obligate_grassland,FALSE,FALSE,TRUE
md_1248,ZXCUY5K9,Duquette et al. 2022,mean_diff,prescribed_fire,season-long grazing with dormant season patch-burning,season long grazing (no fire),density (individuals/ha),clay_colored_sparrow,clay_colored_sparrow,species,facultative,abundance,count,,,,,"Traced from plot; treatment: one-fourth pasture burned late April–early May at a 4-year return interval; Error type is not given, but assumed to be confidence intervals",two group means,hedges_g,1.4132,2.543,-1.990067280555529,0.7909455227570975,8,species,facultative_grassland,FALSE,FALSE,TRUE
md_1249,ZXCUY5K9,Duquette et al. 2022,mean_diff,prescribed_fire,season-long grazing with dormant season and growing season patch-burning at a 4-year return interval,season long grazing (no fire),density (individuals/ha),clay_colored_sparrow,clay_colored_sparrow,species,facultative,abundance,count,,,,,"Traced from plot; treatment: one-eighth pasture burned late April–early May and one-eighth pasture burned late August–late September at a 4-year return interval; Error type is not given, but assumed to be confidence intervals",two group means,hedges_g,1.1114,2.543,-2.643019664693899,0.902590102369735,8,species,facultative_grassland,FALSE,FALSE,TRUE
md_1250,ZXCUY5K9,Duquette et al. 2022,mean_diff,rotational_grazing,modified twice-over rest rotation,season long grazing,density (individuals/ha),clay_colored_sparrow,clay_colored_sparrow,species,facultative,abundance,count,,,,,"Traced from plot; treatment: variably stocked paddocks; Error type is not given, but assumed to be confidence intervals",two group means,hedges_g,3.7343,2.543,1.405127614124585,0.7081460367726834,8,species,facultative_grassland,FALSE,FALSE,TRUE
md_1251,ZXCUY5K9,Duquette et al. 2022,mean_diff,prescribed_fire,season-long grazing with dormant season patch-burning,season long grazing (no fire),density (individuals/ha),grasshopper_sparrow,grasshopper_sparrow,species,obligate,abundance,count,,,,,"Traced from plot; treatment: one-fourth pasture burned late April–early May at a 4-year return interval; Error type is not given, but assumed to be confidence intervals",two group means,hedges_g,1.459,1.3504,0.3286601358856533,0.6203409759607346,8,species,obligate_grassland,FALSE,FALSE,TRUE
md_1252,ZXCUY5K9,Duquette et al. 2022,mean_diff,prescribed_fire,season-long grazing with dormant season and growing season patch-burning at a 4-year return interval,season long grazing (no fire),density (individuals/ha),grasshopper_sparrow,grasshopper_sparrow,species,obligate,abundance,count,,,,,"Traced from plot; treatment: one-eighth pasture burned late April–early May and one-eighth pasture burned late August–late September at a 4-year return interval; Error type is not given, but assumed to be confidence intervals",two group means,hedges_g,1.3139,1.3504,-0.11586254575809408,0.6155573423676627,8,species,obligate_grassland,FALSE,FALSE,TRUE
md_1253,ZXCUY5K9,Duquette et al. 2022,mean_diff,rotational_grazing,modified twice-over rest rotation,season long grazing,density (individuals/ha),grasshopper_sparrow,grasshopper_sparrow,species,obligate,abundance,count,,,,,"Traced from plot; treatment: variably stocked paddocks; Error type is not given, but assumed to be confidence intervals",two group means,hedges_g,0.7429,1.3504,-2.190492812058716,0.8233850898142676,8,species,obligate_grassland,FALSE,FALSE,TRUE
md_1254,ZXCUY5K9,Duquette et al. 2022,mean_diff,prescribed_fire,season-long grazing with dormant season patch-burning,season long grazing (no fire),density (individuals/ha),savannah_sparrow,savannah_sparrow,species,obligate,abundance,count,,,,,"Traced from plot; treatment: one-fourth pasture burned late April–early May at a 4-year return interval; Error type is not given, but assumed to be confidence intervals",two group means,hedges_g,0.8375,0.7473,0.33172085669445234,0.6204427887172793,8,species,obligate_grassland,FALSE,FALSE,TRUE
md_1255,ZXCUY5K9,Duquette et al. 2022,mean_diff,prescribed_fire,season-long grazing with dormant season and growing season patch-burning at a 4-year return interval,season long grazing (no fire),density (individuals/ha),savannah_sparrow,savannah_sparrow,species,obligate,abundance,count,,,,,"Traced from plot; treatment: one-eighth pasture burned late April–early May and one-eighth pasture burned late August–late September at a 4-year return interval; Error type is not given, but assumed to be confidence intervals",two group means,hedges_g,0.6394,0.7473,-0.4402227391396904,0.6246471703304766,8,species,obligate_grassland,FALSE,FALSE,TRUE
md_1256,ZXCUY5K9,Duquette et al. 2022,mean_diff,rotational_grazing,modified twice-over rest rotation,season long grazing,density (individuals/ha),savannah_sparrow,savannah_sparrow,species,obligate,abundance,count,,,,,"Traced from plot; treatment: variably stocked paddocks; Error type is not given, but assumed to be confidence intervals",two group means,hedges_g,0.8394,0.7473,0.32736510553680187,0.6202981768219122,8,species,obligate_grassland,FALSE,FALSE,TRUE
md_1257,ZXCUY5K9,Duquette et al. 2022,mean_diff,prescribed_fire,season-long grazing with dormant season patch-burning,season long grazing (no fire),density (individuals/ha),western_meadowlark,western_meadowlark,species,obligate,abundance,count,,,,,"Traced from plot; treatment: one-fourth pasture burned late April–early May at a 4-year return interval; Error type is not given, but assumed to be confidence intervals",two group means,hedges_g,2.6681,2.7893,-0.05122706993299855,0.6150088185886144,8,species,obligate_grassland,FALSE,FALSE,TRUE
md_1258,ZXCUY5K9,Duquette et al. 2022,mean_diff,prescribed_fire,season-long grazing with dormant season and growing season patch-burning at a 4-year return interval,season long grazing (no fire),density (individuals/ha),western_meadowlark,western_meadowlark,species,obligate,abundance,count,,,,,"Traced from plot; treatment: one-eighth pasture burned late April–early May and one-eighth pasture burned late August–late September at a 4-year return interval; Error type is not given, but assumed to be confidence intervals",two group means,hedges_g,2.9795,2.7893,0.07644016042619552,0.6151723557518389,8,species,obligate_grassland,FALSE,FALSE,TRUE
md_1259,ZXCUY5K9,Duquette et al. 2022,mean_diff,rotational_grazing,modified twice-over rest rotation,season long grazing,density (individuals/ha),western_meadowlark,western_meadowlark,species,obligate,abundance,count,,,,,"Traced from plot; treatment: variably stocked paddocks; Error type is not given, but assumed to be confidence intervals",two group means,hedges_g,0.9988,2.7893,-0.9751482916262656,0.6614408292241603,8,species,obligate_grassland,FALSE,FALSE,TRUE
md_1260,AGDXXJXK,George et al. 2013,mean_diff,plant_nwsg,Native mixed grass prairie,Old world bluestem monoculture,density (birds/ha),grasshopper_sparrow,grasshopper_sparrow,species,obligate,abundance,count,,,,,Traced from plot,two group means,hedges_g,0.9466,1.6972,-1.0784786879753196,0.5766167245144388,12,species,obligate_grassland,FALSE,FALSE,TRUE
md_1261,AGDXXJXK,George et al. 2013,mean_diff,plant_nwsg,Native mixed grass prairie,Old world bluestem monoculture,density (birds/ha),dickcissel,dickcissel,species,obligate,abundance,count,,,,,Traced from plot,two group means,hedges_g,0.7974,0.5106,0.4266818918587514,0.5400086991651709,12,species,obligate_grassland,FALSE,FALSE,TRUE
md_1262,AGDXXJXK,George et al. 2013,mean_diff,plant_nwsg,Native mixed grass prairie,Old world bluestem monoculture,density (birds/ha),eastern_meadowlark,eastern_meadowlark,species,obligate,abundance,count,,,,,Traced from plot,two group means,hedges_g,0.4538,0.511,-0.17813594859545476,0.5341777350719858,12,species,obligate_grassland,FALSE,FALSE,TRUE
md_1263,AGDXXJXK,George et al. 2013,mean_diff,plant_nwsg,Native mixed grass prairie,Old world bluestem monoculture,density (birds/ha),brown_headed_cowbird,brown_headed_cowbird,species,facultative,abundance,count,,,,,Traced from plot,two group means,hedges_g,0.0552,0.1199,-0.4191312944572811,0.5397622582107606,12,species,facultative_grassland,FALSE,FALSE,TRUE
md_1264,AGDXXJXK,George et al. 2013,mean_diff,plant_nwsg,Native mixed grass prairie,Old world bluestem monoculture,density (birds/ha),killdeer,killdeer,species,facultative,abundance,count,,,,,Traced from plot,two group means,hedges_g,0.0108,0.0879,-0.9432827135088128,0.5666550363368436,12,species,facultative_grassland,FALSE,FALSE,TRUE
md_1265,AGDXXJXK,George et al. 2013,mean_diff,plant_nwsg,Native mixed grass prairie,Old world bluestem monoculture,density (birds/ha),common_nighthawk,common_nighthawk,species,facultative,abundance,count,,,,,Traced from plot,two group means,hedges_g,0.0312,0.0684,-0.33037565909993566,0.5371885191851101,12,species,facultative_grassland,FALSE,FALSE,TRUE
md_1266,AGDXXJXK,George et al. 2013,mean_diff,plant_nwsg,Native mixed grass prairie,Old world bluestem monoculture,density (birds/ha),mourning_dove,mourning_dove,species,facultative,abundance,count,,,,,Traced from plot,two group means,hedges_g,0.0765,0.0789,-0.01810208506652999,0.5329515195595904,12,species,facultative_grassland,FALSE,FALSE,TRUE
md_1268,AGDXXJXK,George et al. 2013,mean_diff,plant_nwsg,Native mixed grass prairie,Old world bluestem monoculture,density (birds/ha),lark_sparrow,lark_sparrow,species,facultative,abundance,count,,,,,Traced from plot,two group means,hedges_g,0.1123,0.0224,0.5533307466844495,0.5447760611237294,12,species,facultative_grassland,FALSE,FALSE,TRUE
md_1269,5LF5W5A9,Glass and Eichholz 2023,mean_diff,prescribed_fire,Sites burned that year or the previous year,Unburned sites,nest density (nests/ha),dickcissel,dickcissel,species,obligate,abundance,count,,,,,Traced from plot; Sample size is sites and years,two group means,hedges_g,1.3164,0.2374,2.122579374410505,0.6344292213671135,40,species,obligate_grassland,TRUE,FALSE,TRUE
md_1270,5LF5W5A9,Glass and Eichholz 2023,mean_diff,edge_and_shrub_habitat,Distance to edge (0 - 20 m),Distance to edge (>40 m),nest density (nests/ha),field_sparrow,field_sparrow,species,facultative,abundance,count,,,,,Traced from plot; Sample size is number of sites,two group means,hedges_g,1.1499,0.5672,1.079573980833738,0.4610777191115917,20,species,facultative_grassland,FALSE,FALSE,TRUE
md_1271,5LF5W5A9,Glass and Eichholz 2023,mean_diff,edge_and_shrub_habitat,Distance to edge (0 - 20 m),Distance to edge (>40 m),nest density (nests/ha),dickcissel,dickcissel,species,obligate,abundance,count,,,,,Traced from plot; Sample size is number of sites,two group means,hedges_g,0.2657,0.3184,-0.13989080542675844,0.4288879801240545,20,species,obligate_grassland,FALSE,FALSE,TRUE
md_1272,5LF5W5A9,Glass and Eichholz 2023,mean_diff,edge_and_shrub_habitat,Distance to edge (0 - 20 m),Distance to edge (>40 m),nest density (nests/ha),common_yellowthroat,common_yellowthroat,species,facultative,abundance,count,,,,,Traced from plot; Sample size is number of sites,two group means,hedges_g,0.2875,0.236,0.15228487155408085,0.4289935088220145,20,species,facultative_grassland,FALSE,FALSE,TRUE
md_1273,FFFPKYB5,Jensen and Finck 2004,mean_diff,edge_and_shrub_habitat,Distance to woodland edge (<= 50 m),Distance to woodland edge (>100 m),daily nest predation rate,dickcissel,dickcissel,species,obligate,nest_success,count,daily_survival,,,,Traced from plot; Error is assumed to be standard error; Sample size is exposure days,log hazard ratio from arm survival,log_hazard_ratio,0.1621,0.0737,-0.8373016030232181,0.44399840091274706,513,species,obligate_grassland,FALSE,FALSE,TRUE
md_1274,FFFPKYB5,Jensen and Finck 2004,mean_diff,edge_and_shrub_habitat,Distance to woodland edge (<= 50 m),Distance to woodland edge (>100 m),nest density (nests/ha),dickcissel,dickcissel,species,obligate,abundance,count,,,,,Traced from plot; Error is assumed to be standard error,two group means,hedges_g,0.0399,0.1475,-1.0016787992888363,0.5350126084998501,14,species,obligate_grassland,FALSE,FALSE,TRUE
md_1275,H9PA8BNU,Kragten and de Snoo 2007,mean_diff,eliminate_pesticides,Organic farms (2005),Conventional farms (2005),mayfield daily nest survival rate,northern_lapwing,northern_lapwing,species,obligate,nest_success,count,daily_survival,,,,Traced from plot,log hazard ratio from arm survival,log_hazard_ratio,0.9605,0.976,-0.5062080586393414,0.30052893493198196,125,species,obligate_grassland,FALSE,FALSE,TRUE
md_1276,H9PA8BNU,Kragten and de Snoo 2007,mean_diff,eliminate_pesticides,Organic farms (2006),Conventional farms (2006),mayfield daily nest survival rate,northern_lapwing,northern_lapwing,species,obligate,nest_success,count,daily_survival,,,,Traced from plot,log hazard ratio from arm survival,log_hazard_ratio,0.9557,0.9585,-0.06674331334995198,0.24839046875796503,117,species,obligate_grassland,FALSE,FALSE,TRUE
md_1277,JGT3P9TP,Bollinger and Gavin 2004,mean_diff,edge_and_shrub_habitat,Nests <=50 m from forest edge,Nests >100 m from forest edge,DSR,bobolink,bobolink,species,obligate,nest_success,count,daily_survival,,,,Traced from plot; Sample size is exposure days,log hazard ratio from arm survival,log_hazard_ratio,0.9519,0.9788,-0.8331325500307907,0.27812596989928506,1738,species,obligate_grassland,FALSE,FALSE,TRUE
md_1278,XXILUEDP,Plush et al. 2013,mean_diff,provide_overwintering_habitat,NWSG/flowers field borders (2009),Mowed field borders (2009),density (birds/.08 ha),sparrows,sparrows,guild,other,abundance,count,,,,,Traced from plot,two group means,hedges_g,4.4107,0.83,0.918930741772674,0.47436125286300274,18,species,,FALSE,FALSE,TRUE
md_1279,XXILUEDP,Plush et al. 2013,mean_diff,edge_and_shrub_habitat,NWSG/flowers field borders (2009),Mowed field borders (2009),density (birds/.08 ha),sparrows,sparrows,guild,other,abundance,count,,,,,Traced from plot,two group means,hedges_g,4.4107,0.83,0.918930741772674,0.47436125286300274,18,species,,FALSE,FALSE,TRUE
md_1280,XXILUEDP,Plush et al. 2013,mean_diff,provide_overwintering_habitat,NWSG/flowers field borders (2010),Mowed field borders (2010),density (birds/.08 ha),sparrows,sparrows,guild,other,abundance,count,,,,,Traced from plot,two group means,hedges_g,5.4923,0.8776,0.9589659285552586,0.4765574315335353,18,species,,FALSE,FALSE,TRUE
md_1281,XXILUEDP,Plush et al. 2013,mean_diff,edge_and_shrub_habitat,NWSG/flowers field borders (2010),Mowed field borders (2010),density (birds/.08 ha),sparrows,sparrows,guild,other,abundance,count,,,,,Traced from plot,two group means,hedges_g,5.4923,0.8776,0.9589659285552586,0.4765574315335353,18,species,,FALSE,FALSE,TRUE
md_1282,XXILUEDP,Plush et al. 2013,mean_diff,provide_overwintering_habitat,Fallow field borders (2009),Mowed field borders (2009),density (birds/.08 ha),sparrows,sparrows,guild,other,abundance,count,,,,,Traced from plot,two group means,hedges_g,5.0418,0.83,0.656100727183614,0.4620817626025382,18,species,,FALSE,FALSE,TRUE
md_1283,XXILUEDP,Plush et al. 2013,mean_diff,edge_and_shrub_habitat,Fallow field borders (2009),Mowed field borders (2009),density (birds/.08 ha),sparrows,sparrows,guild,other,abundance,count,,,,,Traced from plot,two group means,hedges_g,5.0418,0.83,0.656100727183614,0.4620817626025382,18,species,,FALSE,FALSE,TRUE
md_1284,XXILUEDP,Plush et al. 2013,mean_diff,provide_overwintering_habitat,Fallow field borders (2010),Mowed field borders (2010),density (birds/.08 ha),sparrows,sparrows,guild,other,abundance,count,,,,,Traced from plot,two group means,hedges_g,8.5359,0.8776,1.0494134913600432,0.4818224806662279,18,species,,FALSE,FALSE,TRUE
md_1285,XXILUEDP,Plush et al. 2013,mean_diff,edge_and_shrub_habitat,Fallow field borders (2010),Mowed field borders (2010),density (birds/.08 ha),sparrows,sparrows,guild,other,abundance,count,,,,,Traced from plot,two group means,hedges_g,8.5359,0.8776,1.0494134913600432,0.4818224806662279,18,species,,FALSE,FALSE,TRUE
md_1286,VXQYBKJ5,Carnochan et al. 2018,mean_diff,rotational_grazing,Twice-over rotational grazing (2011),Season-long grazing (2011),Probability of nesting success,clay_colored_sparrow,clay_colored_sparrow,species,facultative,nest_success,count,period_survival,,,,Traced from plot; Sample size calculated,log hazard ratio from arm survival,log_hazard_ratio,0.0979,0.2155,-0.4148111225111277,0.9964385225963966,12,species,facultative_grassland,FALSE,FALSE,TRUE
md_1287,VXQYBKJ5,Carnochan et al. 2018,mean_diff,rotational_grazing,Twice-over rotational grazing (2012),Season-long grazing (2012),Probability of nesting success,clay_colored_sparrow,clay_colored_sparrow,species,facultative,nest_success,count,period_survival,,,,Traced from plot; Sample size calculated,log hazard ratio from arm survival,log_hazard_ratio,0.4588,0.5981,-0.4159738528048426,1.024781572394557,29,species,facultative_grassland,FALSE,FALSE,TRUE
md_1288,VXQYBKJ5,Carnochan et al. 2018,mean_diff,rotational_grazing,Twice-over rotational grazing (2011),Season-long grazing (2011),Probability of nesting success,vesper_sparrow,vesper_sparrow,species,obligate,nest_success,count,period_survival,,,,Traced from plot; Sample size calculated; we had to remove groundnesters as a category because it includes these values,log hazard ratio from arm survival,log_hazard_ratio,0.0196,0.0801,-0.4431707315743585,0.8852342012061706,10,species,obligate_grassland,FALSE,FALSE,TRUE
md_1289,VXQYBKJ5,Carnochan et al. 2018,mean_diff,rotational_grazing,Twice-over rotational grazing (2012),Season-long grazing (2012),Probability of nesting success,vesper_sparrow,vesper_sparrow,species,obligate,nest_success,count,period_survival,,,,Traced from plot; Sample size calculated; we had to remove groundnesters as a category because it includes these values,log hazard ratio from arm survival,log_hazard_ratio,0.2071,0.351,-0.40807237067157714,1.0634055974517618,22,species,obligate_grassland,FALSE,FALSE,TRUE
md_1290,VXQYBKJ5,Carnochan et al. 2018,mean_diff,rotational_grazing,Twice-over rotational grazing (2011),Season-long grazing (2011),Probability of nesting success,savannah_sparrow,savannah_sparrow,species,obligate,nest_success,count,period_survival,,,,Traced from plot; Sample size calculated; we had to remove groundnesters as a category because it includes these values,log hazard ratio from arm survival,log_hazard_ratio,0.0219,0.1411,-0.6685126573676494,0.7130171780164986,20,species,obligate_grassland,FALSE,FALSE,TRUE
md_1291,VXQYBKJ5,Carnochan et al. 2018,mean_diff,rotational_grazing,Twice-over rotational grazing (2012),Season-long grazing (2012),Probability of nesting success,savannah_sparrow,savannah_sparrow,species,obligate,nest_success,count,period_survival,,,,Traced from plot; Sample size calculated; we had to remove groundnesters as a category because it includes these values,log hazard ratio from arm survival,log_hazard_ratio,0.1293,0.3422,-0.6458391684492861,0.9794869777319488,21,species,obligate_grassland,FALSE,FALSE,TRUE
md_1293,4HKVZM4T,Jacobs et al. 2012,mean_diff,plant_nwsg,Warm-season CRP fields,Cool-season CRP fields,Number of detections,grasshopper_sparrow,grasshopper_sparrow,species,obligate,abundance,count,,,,,Traced from plot. Sample size (number of point counts) is assumed to be equal across treatments. Treated CSCRP error bars as symmetrical because lower error bar is not visible.,two group means,hedges_g,0.2288,0.2395,-0.00627846908093372,0.08626566902446119,536,species,obligate_grassland,FALSE,FALSE,TRUE
md_1294,4HKVZM4T,Jacobs et al. 2012,mean_diff,plant_nwsg,Warm-season CRP fields,Cool-season CRP fields,Number of detections,henslows_sparrow,henslows_sparrow,species,obligate,abundance,count,,,,,Traced from plot. Sample size (number of point counts) is assumed to be equal across treatments. Treated CSCRP error bars as symmetrical because lower error bar is not visible.,two group means,hedges_g,0.3109,0.5822,-0.0483118724657265,0.08627807458422426,536,species,obligate_grassland,FALSE,FALSE,TRUE
md_1295,4HKVZM4T,Jacobs et al. 2012,mean_diff,plant_nwsg,Warm-season CRP fields,Cool-season CRP fields,Number of detections,dickcissel,dickcissel,species,obligate,abundance,count,,,,,Traced from plot. Sample size (number of point counts) is assumed to be equal across treatments. Treated CSCRP error bars as symmetrical because lower error bar is not visible.,two group means,hedges_g,2.7626,2.3263,0.03808331128164721,0.0862732971922202,536,species,obligate_grassland,FALSE,FALSE,TRUE
md_1296,4HKVZM4T,Jacobs et al. 2012,mean_diff,plant_nwsg,Warm-season CRP fields,Cool-season CRP fields,Number of detections,eastern_meadowlark,eastern_meadowlark,species,obligate,abundance,count,,,,,Traced from plot. Sample size (number of point counts) is assumed to be equal across treatments. Treated CSCRP error bars as symmetrical because lower error bar is not visible.,two group means,hedges_g,0.5215,0.7416,-0.08862521892128954,0.08630791257899978,536,species,obligate_grassland,FALSE,FALSE,TRUE
md_1297,ERL3H2FK,Monroe et al. 2019,mean_diff,plant_nwsg,Grazed mixed NWSG (2011),Grazed mixed exotic (2011),DSR,dickcissel,dickcissel,species,obligate,nest_success,count,daily_survival,,,,Traced from plot; Sample size calculated,log hazard ratio from arm survival,log_hazard_ratio,0.9422,0.8994,0.577087656158656,0.4522364321978466,35,species,obligate_grassland,FALSE,FALSE,TRUE
md_1298,ERL3H2FK,Monroe et al. 2019,mean_diff,plant_nwsg,Grazed mixed NWSG (2012),Grazed mixed exotic (2012),DSR,dickcissel,dickcissel,species,obligate,nest_success,count,daily_survival,,,,Traced from plot; Sample size calculated,log hazard ratio from arm survival,log_hazard_ratio,0.8705,0.8609,0.07692367935275346,0.38357069757603,50,species,obligate_grassland,FALSE,FALSE,TRUE
md_1299,JY7UF4YC,Perkins et al. 2013,mean_diff,edge_and_shrub_habitat,Nests <50 m from edge,Nests >100 m from edge,Daily nest survival,savannah_sparrow,savannah_sparrow,species,obligate,nest_success,count,daily_survival,,,,"Traced from plot; Sample size calculated from total and percents, but the total value may include nests that they did not use in their calculations",log hazard ratio from arm survival,log_hazard_ratio,0.8016,0.8558,-0.35077070426884216,0.20279262703923215,558,species,obligate_grassland,FALSE,FALSE,TRUE
md_1300,JY7UF4YC,Perkins et al. 2013,mean_diff,edge_and_shrub_habitat,Nests <50 m from edge,Nests >100 m from edge,Daily nest survival,bobolink,bobolink,species,obligate,nest_success,count,daily_survival,,,,"Traced from plot; Sample size calculated from total and percents, but the total value may include nests that they did not use in their calculations",log hazard ratio from arm survival,log_hazard_ratio,0.8916,0.9011,-0.09692153044901408,0.3991763357331949,355,species,obligate_grassland,FALSE,FALSE,TRUE
md_1301,WQDZ5GX5,Piha et al. 2007,mean_diff,eliminate_pesticides,Presence (>.5 ha) of organic farming in a 250 x 250 m area (2000),Absence (<=.5 ha) of organic farming in a 250 x 250 m area (2000),density (territories/ha),all_species,all_species,aggregate,,abundance,count,,,,,Traced from plot,two group means,hedges_g,0.366,0.2391,0.3236276971436171,0.1125371715745816,327,community,,FALSE,FALSE,TRUE
md_1302,WQDZ5GX5,Piha et al. 2007,mean_diff,eliminate_pesticides,Presence (>.5 ha) of organic farming in a 250 x 250 m area (2001),Absence (<=.5 ha) of organic farming in a 250 x 250 m area (2001),density (territories/ha),all_species,all_species,aggregate,,abundance,count,,,,,Traced from plot,two group means,hedges_g,0.3527,0.2561,0.2872641956260885,0.10137856610765866,417,community,,FALSE,FALSE,TRUE
md_1303,WQDZ5GX5,Piha et al. 2007,mean_diff,eliminate_pesticides,Presence (>.5 ha) of organic farming in a 250 x 250 m area (2000),Absence (<=.5 ha) of organic farming in a 250 x 250 m area (2000),density (territories/ha),eurasian_skylark,eurasian_skylark,species,facultative,abundance,count,,,,,Traced from plot,two group means,hedges_g,0.3542,0.3136,0.14989110116448337,0.1119768888391494,327,species,facultative_grassland,FALSE,FALSE,TRUE
md_1304,WQDZ5GX5,Piha et al. 2007,mean_diff,eliminate_pesticides,Presence (>.5 ha) of organic farming in a 250 x 250 m area (2001),Absence (<=.5 ha) of organic farming in a 250 x 250 m area (2001),density (territories/ha),eurasian_skylark,eurasian_skylark,species,facultative,abundance,count,,,,,Traced from plot,two group means,hedges_g,0.3338,0.2662,0.2697347750156352,0.101320809258432,417,species,facultative_grassland,FALSE,FALSE,TRUE
md_1305,WQDZ5GX5,Piha et al. 2007,mean_diff,eliminate_pesticides,Presence (>.5 ha) of organic farming in a 250 x 250 m area (2000),Absence (<=.5 ha) of organic farming in a 250 x 250 m area (2000),density (territories/ha),meadow_pipit,meadow_pipit,species,facultative,abundance,count,,,,,Traced from plot,two group means,hedges_g,0.0681,0.0434,0.21892618477111456,0.11215059221716656,327,species,facultative_grassland,FALSE,FALSE,TRUE
md_1306,WQDZ5GX5,Piha et al. 2007,mean_diff,eliminate_pesticides,Presence (>.5 ha) of organic farming in a 250 x 250 m area (2001),Absence (<=.5 ha) of organic farming in a 250 x 250 m area (2001),density (territories/ha),meadow_pipit,meadow_pipit,species,facultative,abundance,count,,,,,Traced from plot,two group means,hedges_g,0.0737,0.381,-2.5155942832954414,0.13329086708717397,417,species,facultative_grassland,FALSE,FALSE,TRUE
md_1307,WQDZ5GX5,Piha et al. 2007,mean_diff,eliminate_pesticides,Presence (>.5 ha) of organic farming in a 250 x 250 m area (2000),Absence (<=.5 ha) of organic farming in a 250 x 250 m area (2000),density (territories/ha),ortolan_bunting,ortolan_bunting,species,facultative,abundance,count,,,,,Traced from plot,two group means,hedges_g,0.0359,0.0392,-0.02524620512676495,0.11182774464788484,327,species,facultative_grassland,FALSE,FALSE,TRUE
md_1308,WQDZ5GX5,Piha et al. 2007,mean_diff,eliminate_pesticides,Presence (>.5 ha) of organic farming in a 250 x 250 m area (2001),Absence (<=.5 ha) of organic farming in a 250 x 250 m area (2001),density (territories/ha),ortolan_bunting,ortolan_bunting,species,facultative,abundance,count,,,,,Traced from plot,two group means,hedges_g,0.0566,0.0379,0.14762627250734545,0.10101880654339689,417,species,facultative_grassland,FALSE,FALSE,TRUE
md_1309,WQDZ5GX5,Piha et al. 2007,mean_diff,eliminate_pesticides,Presence (>.5 ha) of organic farming in a 250 x 250 m area (2000),Absence (<=.5 ha) of organic farming in a 250 x 250 m area (2000),density (territories/ha),whinchat,whinchat,species,obligate,abundance,count,,,,,Traced from plot,two group means,hedges_g,0.0804,0.0294,0.41632301186976584,0.11300217965410413,327,species,obligate_grassland,FALSE,FALSE,TRUE
md_1310,WQDZ5GX5,Piha et al. 2007,mean_diff,eliminate_pesticides,Presence (>.5 ha) of organic farming in a 250 x 250 m area (2001),Absence (<=.5 ha) of organic farming in a 250 x 250 m area (2001),density (territories/ha),whinchat,whinchat,species,obligate,abundance,count,,,,,Traced from plot,two group means,hedges_g,0.0719,0.0516,0.15695946296622926,0.10103567615750192,417,species,obligate_grassland,FALSE,FALSE,TRUE
md_1311,WQDZ5GX5,Piha et al. 2007,mean_diff,eliminate_pesticides,Presence (>.5 ha) of organic farming in a 250 x 250 m area (2000),Absence (<=.5 ha) of organic farming in a 250 x 250 m area (2000),density (territories/ha),northern_lapwing,northern_lapwing,species,obligate,abundance,count,,,,,Traced from plot,two group means,hedges_g,0.0552,0.0666,-0.08810335986942379,0.1118764439471524,327,species,obligate_grassland,FALSE,FALSE,TRUE
md_1312,WQDZ5GX5,Piha et al. 2007,mean_diff,eliminate_pesticides,Presence (>.5 ha) of organic farming in a 250 x 250 m area (2001),Absence (<=.5 ha) of organic farming in a 250 x 250 m area (2001),density (territories/ha),northern_lapwing,northern_lapwing,species,obligate,abundance,count,,,,,Traced from plot,two group means,hedges_g,0.0397,0.06,-0.1888794238033193,0.10110115856875074,417,species,obligate_grassland,FALSE,FALSE,TRUE
md_1313,WQDZ5GX5,Piha et al. 2007,mean_diff,eliminate_pesticides,Presence (>.5 ha) of organic farming in a 250 x 250 m area (2000),Absence (<=.5 ha) of organic farming in a 250 x 250 m area (2000),species_richness,all_species,all_species,aggregate,,species_richness,count,,,,,Traced from plot,two group means,hedges_g,2.1718,1.7942,0.2753848655507593,0.11234067983852344,327,community,,FALSE,FALSE,TRUE
md_1314,WQDZ5GX5,Piha et al. 2007,mean_diff,eliminate_pesticides,Presence (>.5 ha) of organic farming in a 250 x 250 m area (2001),Absence (<=.5 ha) of organic farming in a 250 x 250 m area (2001),species_richness,all_species,all_species,aggregate,,species_richness,count,,,,,Traced from plot,two group means,hedges_g,2.2035,1.8136,0.26396877290772935,0.1013025988695533,417,community,,FALSE,FALSE,TRUE
md_1315,6Q5B6N44,Russell et al. 2009,mean_diff,prescribed_fire,Burned (1 year post-fire),Unburned,species_richness,all_species,all_species,aggregate,,species_richness,count,,,,,Traced from plot,two group means,hedges_g,26.4595,26.9095,-0.09579065195508069,0.6537823190865328,6,community,,FALSE,FALSE,TRUE
md_1316,6Q5B6N44,Russell et al. 2009,mean_diff,prescribed_fire,Burned (2 years post-fire),Unburned,species_richness,all_species,all_species,aggregate,,species_richness,count,,,,,Traced from plot,two group means,hedges_g,27.3265,27.161,0.0344227203738672,0.6532728452235672,6,community,,FALSE,FALSE,TRUE
md_1320,CRBK6BMU,Willcox et al. 2010,mean_diff,grazing_intensity,low grazing intensity (monoculture pasture),high grazing intensity (monoculture pasture),species_richness,all_species,all_species,aggregate,,species_richness,count,,,,,Traced from plot,two group means,hedges_g,9.7795,9.089,2.446489482097831,1.0366747129629488,4,community,,FALSE,FALSE,TRUE
md_1321,CRBK6BMU,Willcox et al. 2010,mean_diff,grazing_intensity,low grazing intensity (monoculture pasture),high grazing intensity (monoculture pasture),species_richness,shrub_species,shrub_species,guild,shrub,species_richness,count,,,,,Traced from plot,two group means,hedges_g,1.491,1.2991,0.39300207460632414,0.5880790262162963,4,community,,FALSE,TRUE,FALSE
md_1322,CRBK6BMU,Willcox et al. 2010,mean_diff,grazing_intensity,low grazing intensity (monoculture pasture),high grazing intensity (monoculture pasture),abundance,grassland_species,grassland_species,guild,facultative,abundance,count,,,,,Traced from plot,two group means,hedges_g,22.4381,14.8293,1.1387032057267428,0.6990073219118974,4,species,facultative_grassland,FALSE,FALSE,TRUE
md_1323,CRBK6BMU,Willcox et al. 2010,mean_diff,provide_overwintering_habitat,low grazing intensity (monoculture pasture),high grazing intensity (monoculture pasture),abundance,grassland_species,grassland_species,guild,facultative,abundance,count,,,,,Traced from plot,two group means,hedges_g,22.4381,14.8293,1.1387032057267428,0.6990073219118974,4,species,facultative_grassland,FALSE,FALSE,TRUE
md_1324,CRBK6BMU,Willcox et al. 2010,mean_diff,grazing_intensity,low grazing intensity (monoculture pasture),high grazing intensity (monoculture pasture),abundance,grassland_species,grassland_species,guild,facultative,abundance,count,,,,,Traced from plot,two group means,hedges_g,17.9062,17.0427,0.20019793440299571,0.5757955486648896,4,species,facultative_grassland,FALSE,FALSE,TRUE
md_1325,CRBK6BMU,Willcox et al. 2010,mean_diff,grazing_intensity,low grazing intensity (monoculture pasture),high grazing intensity (monoculture pasture),abundance,woodland_species,woodland_species,guild,woodland,abundance,count,,,,,Traced from plot,two group means,hedges_g,2.7974,1.3859,0.5955434081237847,0.6089865401754455,4,species,,FALSE,TRUE,FALSE
md_1326,CRBK6BMU,Willcox et al. 2010,mean_diff,provide_overwintering_habitat,low grazing intensity (monoculture pasture),high grazing intensity (monoculture pasture),abundance,woodland_species,woodland_species,guild,woodland,abundance,count,,,,,Traced from plot,two group means,hedges_g,2.7974,1.3859,0.5955434081237847,0.6089865401754455,4,species,,FALSE,TRUE,FALSE
md_1327,CRBK6BMU,Willcox et al. 2010,mean_diff,grazing_intensity,low grazing intensity (monoculture pasture),high grazing intensity (monoculture pasture),abundance,woodland_species,woodland_species,guild,woodland,abundance,count,,,,,Traced from plot,two group means,hedges_g,0.4748,0.2951,0.3428276197584383,0.5841420712066135,4,species,,FALSE,TRUE,FALSE
md_1328,CRBK6BMU,Willcox et al. 2010,mean_diff,grazing_intensity,low grazing intensity (monoculture pasture),high grazing intensity (monoculture pasture),species_richness,woodland_species,woodland_species,guild,woodland,species_richness,count,,,,,Traced from plot,two group means,hedges_g,2.2206,2.2206,0,0.5714285714285714,4,community,,FALSE,TRUE,FALSE
md_1329,CRBK6BMU,Willcox et al. 2010,mean_diff,provide_overwintering_habitat,low grazing intensity (monoculture pasture),high grazing intensity (monoculture pasture),species_richness,woodland_species,woodland_species,guild,woodland,species_richness,count,,,,,Traced from plot,two group means,hedges_g,2.2206,2.2206,0,0.5714285714285714,4,community,,FALSE,TRUE,FALSE
md_1330,CRBK6BMU,Willcox et al. 2010,mean_diff,grazing_intensity,low grazing intensity (monoculture pasture),high grazing intensity (monoculture pasture),species_richness,woodland_species,woodland_species,guild,woodland,species_richness,count,,,,,Traced from plot,two group means,hedges_g,1.0975,0.804,0.21120553647449591,0.5762868943283223,4,community,,FALSE,TRUE,FALSE
md_1331,CRBK6BMU,Willcox et al. 2010,mean_diff,grazing_intensity,low grazing intensity (mixed pasture; grazed during winter),high grazing intensity (mixed pasture; grazed during winter),abundance,all_species,all_species,aggregate,,abundance,count,,,,,Traced from plot,two group means,hedges_g,86.5932,59.737,2.459473301884716,1.0405079180767254,4,community,,FALSE,FALSE,TRUE
md_1332,CRBK6BMU,Willcox et al. 2010,mean_diff,grazing_intensity,low grazing intensity (mixed pasture; grazed during winter),high grazing intensity (mixed pasture; grazed during winter),abundance,grassland_species,grassland_species,guild,facultative,abundance,count,,,,,Traced from plot,two group means,hedges_g,31.362,15.1826,3.583050900699957,1.389716637257662,4,species,facultative_grassland,FALSE,FALSE,TRUE
md_1333,CRBK6BMU,Willcox et al. 2010,mean_diff,grazing_intensity,low grazing intensity (mixed pasture; grazed during winter),high grazing intensity (mixed pasture; grazed during winter),abundance,shrub_species,shrub_species,guild,shrub,abundance,count,,,,,Traced from plot,two group means,hedges_g,6.6539,3.0635,2.192471094899131,0.9630144339473432,4,species,,FALSE,TRUE,FALSE
md_1334,CRBK6BMU,Willcox et al. 2010,mean_diff,grazing_intensity,low grazing intensity (mixed pasture; grazed during winter),high grazing intensity (mixed pasture; grazed during winter),species_richness,shrub_species,shrub_species,guild,shrub,species_richness,count,,,,,Traced from plot,two group means,hedges_g,2.0961,1.1892,2.2962668918158022,0.9927919303917984,4,community,,FALSE,TRUE,FALSE
md_1335,CRBK6BMU,Willcox et al. 2010,mean_diff,grazing_intensity,low grazing intensity (mixed pasture; grazed during winter),high grazing intensity (mixed pasture; grazed during winter),abundance,woodland_species,woodland_species,guild,woodland,abundance,count,,,,,Traced from plot,two group means,hedges_g,5.31,2.787,0.7386560593378914,0.6282771752932544,4,species,,FALSE,TRUE,FALSE
md_1336,CRBK6BMU,Willcox et al. 2010,mean_diff,provide_overwintering_habitat,low grazing intensity (mixed pasture; grazed during winter),high grazing intensity (mixed pasture; grazed during winter),abundance,woodland_species,woodland_species,guild,woodland,abundance,count,,,,,Traced from plot,two group means,hedges_g,5.31,2.787,0.7386560593378914,0.6282771752932544,4,species,,FALSE,TRUE,FALSE
md_1337,CRBK6BMU,Willcox et al. 2010,mean_diff,grazing_intensity,low grazing intensity (mixed pasture; grazed during winter),high grazing intensity (mixed pasture; grazed during winter),abundance,woodland_species,woodland_species,guild,woodland,abundance,count,,,,,Traced from plot,two group means,hedges_g,1.5131,1.2066,0.16832936108276517,0.5745193286306514,4,species,,FALSE,TRUE,FALSE
md_1338,CRBK6BMU,Willcox et al. 2010,mean_diff,grazing_intensity,low grazing intensity (mixed pasture; grazed during winter),high grazing intensity (mixed pasture; grazed during winter),species_richness,all_species,all_species,aggregate,,species_richness,count,,,,,Traced from plot,two group means,hedges_g,13.9007,15.3191,-0.5602162538464155,0.6047816908844975,4,community,,FALSE,FALSE,TRUE
md_1339,CRBK6BMU,Willcox et al. 2010,mean_diff,provide_overwintering_habitat,low grazing intensity (mixed pasture; grazed during winter),high grazing intensity (mixed pasture; grazed during winter),species_richness,all_species,all_species,aggregate,,species_richness,count,,,,,Traced from plot,two group means,hedges_g,13.9007,15.3191,-0.5602162538464155,0.6047816908844975,4,community,,FALSE,FALSE,TRUE
md_1340,CRBK6BMU,Willcox et al. 2010,mean_diff,grazing_intensity,low grazing intensity (mixed pasture; grazed during winter),high grazing intensity (mixed pasture; grazed during winter),species_richness,all_species,all_species,aggregate,,species_richness,count,,,,,Traced from plot,two group means,hedges_g,7.1206,6.3262,0.3975587833672856,0.5884617536628506,4,community,,FALSE,FALSE,TRUE
md_1341,CRBK6BMU,Willcox et al. 2010,mean_diff,grazing_intensity,low grazing intensity (mixed pasture; grazed during winter),high grazing intensity (mixed pasture; grazed during winter),species_richness,woodland_species,woodland_species,guild,woodland,species_richness,count,,,,,Traced from plot,two group means,hedges_g,1.9952,1.5953,0.3425427681042474,0.5841211824120599,4,community,,FALSE,TRUE,FALSE
md_1342,CRBK6BMU,Willcox et al. 2010,mean_diff,provide_overwintering_habitat,low grazing intensity (mixed pasture; grazed during winter),high grazing intensity (mixed pasture; grazed during winter),species_richness,woodland_species,woodland_species,guild,woodland,species_richness,count,,,,,Traced from plot,two group means,hedges_g,1.9952,1.5953,0.3425427681042474,0.5841211824120599,4,community,,FALSE,TRUE,FALSE
md_1343,CRBK6BMU,Willcox et al. 2010,mean_diff,grazing_intensity,low grazing intensity (mixed pasture; grazed during winter),high grazing intensity (mixed pasture; grazed during winter),species_richness,woodland_species,woodland_species,guild,woodland,species_richness,count,,,,,Traced from plot,two group means,hedges_g,0.6965,0.7953,-0.1584487592207672,0.574167974905622,4,community,,FALSE,TRUE,FALSE
md_1344,PAM2R2T8,Broyer et al. 2016,mean_diff,delay_hay,Delayed hay,Early hay,hatching_success,whinchat,whinchat,species,obligate,nest_success,count,period_survival,,,,Used total number of nests and proportional territory density across years as a proxy to determine sample size,log hazard ratio from arm survival,log_hazard_ratio,72.7,47.5,0.8479786097188342,0.05293890119408775,418,species,obligate_grassland,FALSE,FALSE,TRUE
md_1345,PAM2R2T8,Broyer et al. 2016,mean_diff,delay_hay,Delayed hay,Early hay,hatching_success,corn_bunting,corn_bunting,species,obligate,nest_success,count,period_survival,,,,Used total number of nests and proportional territory density across years as a proxy to determine sample size,log hazard ratio from arm survival,log_hazard_ratio,66.8,34.9,0.9590027997733584,0.04625217359153945,434,species,obligate_grassland,FALSE,FALSE,TRUE
md_1346,PAM2R2T8,Broyer et al. 2016,mean_diff,delay_hay,Delayed hay,Early hay,hatching_success,western_yellow_wagtail,western_yellow_wagtail,species,facultative,nest_success,count,period_survival,,,,Used total number of nests and proportional territory density across years as a proxy to determine sample size,log hazard ratio from arm survival,log_hazard_ratio,68.2,57.6,0.3655911312065403,0.10340522500338922,195,species,facultative_grassland,FALSE,FALSE,TRUE
md_1347,SQ8ICKWV,Davis et al. 2016,mean_diff,plant_nwsg,native pasture,planted pasture,incubation DSR,gadwall,gadwall,species,facultative,nest_success,count,daily_survival,logistic_exposure,,,Appendix table 5 also includes exposure days that were used to calculate DSR; Error is 85% confidence intervals,log hazard ratio from arm survival,log_hazard_ratio,0.917,0.926,-0.11959235541786972,0.2448938141435223,46,species,facultative_grassland,FALSE,FALSE,TRUE
md_1348,SQ8ICKWV,Davis et al. 2016,mean_diff,plant_nwsg,native pasture,planted pasture,incubation DSR,american_wigeon,american_wigeon,species,facultative,nest_success,count,daily_survival,logistic_exposure,,,Appendix table 5 also includes exposure days that were used to calculate DSR; Error is 85% confidence intervals,log hazard ratio from arm survival,log_hazard_ratio,0.747,0.754,-0.03249875431636262,0.602229329548166,14,species,facultative_grassland,FALSE,FALSE,TRUE
md_1349,SQ8ICKWV,Davis et al. 2016,mean_diff,plant_nwsg,native pasture,planted pasture,incubation DSR,mallard,mallard,species,facultative,nest_success,count,daily_survival,logistic_exposure,,,Appendix table 5 also includes exposure days that were used to calculate DSR; Error is 85% confidence intervals,log hazard ratio from arm survival,log_hazard_ratio,0.923,0.922,0.01343812401184507,0.16249024254508662,54,species,facultative_grassland,FALSE,FALSE,TRUE
md_1350,SQ8ICKWV,Davis et al. 2016,mean_diff,plant_nwsg,native pasture,planted pasture,incubation DSR,blue_winged_teal,blue_winged_teal,species,facultative,nest_success,count,daily_survival,logistic_exposure,,,Appendix table 5 also includes exposure days that were used to calculate DSR; Error is 85% confidence intervals,log hazard ratio from arm survival,log_hazard_ratio,0.951,0.953,-0.0427145054652378,0.21584623819575932,43,species,facultative_grassland,FALSE,FALSE,TRUE
md_1351,SQ8ICKWV,Davis et al. 2016,mean_diff,plant_nwsg,native pasture,planted pasture,incubation DSR,northern_shoveler,northern_shoveler,species,facultative,nest_success,count,daily_survival,logistic_exposure,,,Appendix table 5 also includes exposure days that were used to calculate DSR; Error is 85% confidence intervals,log hazard ratio from arm survival,log_hazard_ratio,0.962,0.981,-0.7028789827774644,2.867932049949101,27,species,facultative_grassland,FALSE,FALSE,TRUE
md_1352,SQ8ICKWV,Davis et al. 2016,mean_diff,plant_nwsg,native pasture,planted pasture,incubation DSR,northern_pintail,northern_pintail,species,facultative,nest_success,count,daily_survival,logistic_exposure,,,Appendix table 5 also includes exposure days that were used to calculate DSR; Error is 85% confidence intervals,log hazard ratio from arm survival,log_hazard_ratio,0.961,0.955,0.14620998163256527,0.3869956272677495,27,species,facultative_grassland,FALSE,FALSE,TRUE
md_1353,SQ8ICKWV,Davis et al. 2016,mean_diff,plant_nwsg,native pasture,planted pasture,incubation DSR,chestnut_collared_longspur,chestnut_collared_longspur,species,obligate,nest_success,count,daily_survival,logistic_exposure,,,Appendix table 5 also includes exposure days that were used to calculate DSR; Error is 85% confidence intervals,log hazard ratio from arm survival,log_hazard_ratio,0.97,0.968,0.06556509689269374,0.3841141501406206,66,species,obligate_grassland,FALSE,FALSE,TRUE
md_1354,SQ8ICKWV,Davis et al. 2016,mean_diff,plant_nwsg,native pasture,planted pasture,incubation DSR,clay_colored_sparrow,clay_colored_sparrow,species,facultative,nest_success,count,daily_survival,logistic_exposure,,,Appendix table 5 also includes exposure days that were used to calculate DSR; Error is 85% confidence intervals,log hazard ratio from arm survival,log_hazard_ratio,0.954,0.964,-0.2502998802046301,0.3190467456023256,159,species,facultative_grassland,FALSE,FALSE,TRUE
md_1355,SQ8ICKWV,Davis et al. 2016,mean_diff,plant_nwsg,native pasture,planted pasture,incubation DSR,vesper_sparrow,vesper_sparrow,species,obligate,nest_success,count,daily_survival,logistic_exposure,,,Appendix table 5 also includes exposure days that were used to calculate DSR; Error is 85% confidence intervals,log hazard ratio from arm survival,log_hazard_ratio,0.96,0.958,0.04982564186066351,0.17267794939753794,159,species,obligate_grassland,FALSE,FALSE,TRUE
md_1356,SQ8ICKWV,Davis et al. 2016,mean_diff,plant_nwsg,native pasture,planted pasture,incubation DSR,lark_bunting,lark_bunting,species,obligate,nest_success,count,daily_survival,logistic_exposure,,,Appendix table 5 also includes exposure days that were used to calculate DSR; Error is 85% confidence intervals,log hazard ratio from arm survival,log_hazard_ratio,0.984,0.922,1.6163965014357853,0.6642470592387844,40,species,obligate_grassland,FALSE,FALSE,TRUE
md_1357,SQ8ICKWV,Davis et al. 2016,mean_diff,plant_nwsg,native pasture,planted pasture,incubation DSR,savannah_sparrow,savannah_sparrow,species,obligate,nest_success,count,daily_survival,logistic_exposure,,,Appendix table 5 also includes exposure days that were used to calculate DSR; Error is 85% confidence intervals,log hazard ratio from arm survival,log_hazard_ratio,0.948,0.941,0.12996413886140745,0.27046762311106637,77,species,obligate_grassland,FALSE,FALSE,TRUE
md_1358,SQ8ICKWV,Davis et al. 2016,mean_diff,plant_nwsg,native pasture,planted pasture,incubation DSR,bairds_sparrow,bairds_sparrow,species,obligate,nest_success,count,daily_survival,logistic_exposure,,,Appendix table 5 also includes exposure days that were used to calculate DSR; Error is 85% confidence intervals,log hazard ratio from arm survival,log_hazard_ratio,0.971,0.949,0.575910552462243,0.4375609968932319,65,species,obligate_grassland,FALSE,FALSE,TRUE
md_1359,SQ8ICKWV,Davis et al. 2016,mean_diff,plant_nwsg,native pasture,planted pasture,incubation DSR,western_meadowlark,western_meadowlark,species,obligate,nest_success,count,daily_survival,logistic_exposure,,,Appendix table 5 also includes exposure days that were used to calculate DSR; Error is 85% confidence intervals,log hazard ratio from arm survival,log_hazard_ratio,0.937,0.938,-0.0165279383579584,0.20292821191051033,60,species,obligate_grassland,FALSE,FALSE,TRUE
md_1360,SQ8ICKWV,Davis et al. 2016,mean_diff,plant_nwsg,native pasture,planted pasture,nestling DSR,chestnut_collared_longspur,chestnut_collared_longspur,species,obligate,nest_success,count,daily_survival,logistic_exposure,,,Appendix table 5 also includes exposure days that were used to calculate DSR; Error is 85% confidence intervals,log hazard ratio from arm survival,log_hazard_ratio,0.944,0.941,0.05376155896724155,0.26171985814622684,66,species,obligate_grassland,FALSE,FALSE,TRUE
md_1361,SQ8ICKWV,Davis et al. 2016,mean_diff,plant_nwsg,native pasture,planted pasture,nestling DSR,clay_colored_sparrow,clay_colored_sparrow,species,facultative,nest_success,count,daily_survival,logistic_exposure,,,Appendix table 5 also includes exposure days that were used to calculate DSR; Error is 85% confidence intervals,log hazard ratio from arm survival,log_hazard_ratio,0.921,0.938,-0.25134694119842527,0.30041011310857946,159,species,facultative_grassland,FALSE,FALSE,TRUE
md_1362,SQ8ICKWV,Davis et al. 2016,mean_diff,plant_nwsg,native pasture,planted pasture,nestling DSR,vesper_sparrow,vesper_sparrow,species,obligate,nest_success,count,daily_survival,logistic_exposure,,,Appendix table 5 also includes exposure days that were used to calculate DSR; Error is 85% confidence intervals,log hazard ratio from arm survival,log_hazard_ratio,0.948,0.946,0.03878671097456498,0.15513001674900906,159,species,obligate_grassland,FALSE,FALSE,TRUE
md_1363,SQ8ICKWV,Davis et al. 2016,mean_diff,plant_nwsg,native pasture,planted pasture,nestling DSR,lark_bunting,lark_bunting,species,obligate,nest_success,count,daily_survival,logistic_exposure,,,Appendix table 5 also includes exposure days that were used to calculate DSR; Error is 85% confidence intervals,log hazard ratio from arm survival,log_hazard_ratio,0.984,0.921,1.629670728609239,0.668121957442685,40,species,obligate_grassland,FALSE,FALSE,TRUE
md_1364,SQ8ICKWV,Davis et al. 2016,mean_diff,plant_nwsg,native pasture,planted pasture,nestling DSR,savannah_sparrow,savannah_sparrow,species,obligate,nest_success,count,daily_survival,logistic_exposure,,,Appendix table 5 also includes exposure days that were used to calculate DSR; Error is 85% confidence intervals,log hazard ratio from arm survival,log_hazard_ratio,0.926,0.916,0.13210617314879292,0.25966510817332694,77,species,obligate_grassland,FALSE,FALSE,TRUE
md_1365,SQ8ICKWV,Davis et al. 2016,mean_diff,plant_nwsg,native pasture,planted pasture,nestling DSR,bairds_sparrow,bairds_sparrow,species,obligate,nest_success,count,daily_survival,logistic_exposure,,,Appendix table 5 also includes exposure days that were used to calculate DSR; Error is 85% confidence intervals,log hazard ratio from arm survival,log_hazard_ratio,0.94,0.9,0.5322652060653552,0.3647022928918725,65,species,obligate_grassland,FALSE,FALSE,TRUE
md_1366,SQ8ICKWV,Davis et al. 2016,mean_diff,plant_nwsg,native pasture,planted pasture,nestling DSR,western_meadowlark,western_meadowlark,species,obligate,nest_success,count,daily_survival,logistic_exposure,,,Appendix table 5 also includes exposure days that were used to calculate DSR; Error is 85% confidence intervals,log hazard ratio from arm survival,log_hazard_ratio,0.93,0.931,-0.01491963244155902,0.21826639043952256,60,species,obligate_grassland,FALSE,FALSE,TRUE
md_1367,KGGBIEC9,Weldon 2006,mean_diff,edge_and_shrub_habitat,winged patches,rectangular patches,dsr (early nests),indigo_bunting,indigo_bunting,species,facultative,nest_success,count,daily_survival,,,,,log hazard ratio from arm survival,log_hazard_ratio,0.9414,0.9755,-0.8897262943174713,0.4264985529555653,69,species,facultative_grassland,FALSE,FALSE,TRUE
md_1368,KGGBIEC9,Weldon 2006,mean_diff,edge_and_shrub_habitat,winged patches,rectangular patches,dsr (late nests),indigo_bunting,indigo_bunting,species,facultative,nest_success,count,daily_survival,,,,,log hazard ratio from arm survival,log_hazard_ratio,0.968,0.929,0.8173237393447534,0.5517267448901456,31,species,facultative_grassland,FALSE,FALSE,TRUE
bc_0001,47Y8JMQT,Assandri et al. 2017,beta_categorical,eliminate_pesticides,Organic vineyard,Conventional vineyard,Abundance of nests,all_species,all_species,aggregate,,abundance,count,,,,,,regression coefficient,hedges_g,,,-0.42929855905606024,0.4241826104068975,21,community,,FALSE,FALSE,TRUE
bc_0002,47Y8JMQT,Assandri et al. 2017,beta_categorical,eliminate_pesticides,Conventional vineyard,Organic vineyard,Daily nest failure,all_species,all_species,aggregate,,nest_success,count,daily_survival,logit,,TRUE,Only spalliera can be computed here (missing design-wide cov) ; sample size estimated from proportions in Fig 4a but is an underestimate because we don't know the number of nest days (sample size should be intervals x nests); Model results are from Table 3,log hazard ratio from logit coefficient,log_hazard_ratio,,,0.4004704747040369,0.5727759725429727,26,community,,FALSE,FALSE,TRUE
bc_0003,RAN8HLMY,Chamberlain et al. 2010,beta_categorical,eliminate_pesticides,Organic farm,Conventional farm,Abundance (2001),farmland_bird_indicator_species,farmland_bird_indicator_species,guild,obligate,abundance,count,,,,,"This is already an effect size; FBI represents ""Farmland bird indicator species""",regression coefficient,hedges_g,,,0.10068192276274712,0.21387203895113155,86,species,obligate_grassland,FALSE,FALSE,TRUE
bc_0004,RAN8HLMY,Chamberlain et al. 2010,beta_categorical,eliminate_pesticides,Organic farm,Conventional farm,species_richness (2001),farmland_bird_indicator_species,farmland_bird_indicator_species,guild,obligate,species_richness,count,,,,,"This is already an effect size; FBI represents ""Farmland bird indicator species""",regression coefficient,hedges_g,,,4.1233156842547465e-4,0.21373421546785984,86,community,,FALSE,FALSE,TRUE
bc_0005,RAN8HLMY,Chamberlain et al. 2010,beta_categorical,eliminate_pesticides,Organic farm,Conventional farm,Abundance (2003),farmland_bird_indicator_species,farmland_bird_indicator_species,guild,obligate,abundance,count,,,,,"This is already an effect size; FBI represents ""Farmland bird indicator species""",regression coefficient,hedges_g,,,0.03332062936016958,0.21374931321159105,86,species,obligate_grassland,FALSE,FALSE,TRUE
bc_0006,ZHWJP6Y8,Codesido and Bilenca 2021,beta_categorical,rotational_grazing,Rotationally grazed fields,Continually grazed fields,Total abundance,all_species,all_species,aggregate,,abundance,count,,,,,"This is rotational grazing, but not summer pasture stockpiling (cattle were rotated every 15-30 days during the spring and summer)",regression coefficient,hedges_g,,,0.07947426150938636,0.12955033889469073,237,community,,FALSE,FALSE,TRUE
bc_0012,TL3GWJHM,Conover et al. 2007,beta_categorical,edge_and_shrub_habitat,"narrow border, border zone","no border, border zone",abundance,all_species,all_species,aggregate,,abundance,count,,,,,,regression coefficient,hedges_g,,,0.24822010218166096,0.20744624327464464,93,community,,FALSE,FALSE,TRUE
bc_0013,TL3GWJHM,Conover et al. 2007,beta_categorical,provide_overwintering_habitat,"narrow border, border zone","no border, border zone",abundance,all_species,all_species,aggregate,,abundance,count,,,,,,regression coefficient,hedges_g,,,0.24822010218166096,0.20744624327464464,93,community,,FALSE,FALSE,TRUE
bc_0014,TL3GWJHM,Conover et al. 2007,beta_categorical,edge_and_shrub_habitat,"narrow border, border zone","no border, border zone",species_richness,all_species,all_species,aggregate,,species_richness,count,,,,,,regression coefficient,hedges_g,,,0.18598166276763856,0.20709575879247635,93,community,,FALSE,FALSE,TRUE
bc_0015,TL3GWJHM,Conover et al. 2007,beta_categorical,provide_overwintering_habitat,"narrow border, border zone","no border, border zone",species_richness,all_species,all_species,aggregate,,species_richness,count,,,,,,regression coefficient,hedges_g,,,0.18598166276763856,0.20709575879247635,93,community,,FALSE,FALSE,TRUE
bc_0016,TL3GWJHM,Conover et al. 2007,beta_categorical,edge_and_shrub_habitat,"wide border, border zone","no border, border zone",abundance,all_species,all_species,aggregate,,abundance,count,,,,,,regression coefficient,hedges_g,,,1.009136954378891,0.29292208221845684,60,community,,FALSE,FALSE,TRUE
bc_0017,TL3GWJHM,Conover et al. 2007,beta_categorical,provide_overwintering_habitat,"wide border, border zone","no border, border zone",abundance,all_species,all_species,aggregate,,abundance,count,,,,,,regression coefficient,hedges_g,,,1.009136954378891,0.29292208221845684,60,community,,FALSE,FALSE,TRUE
bc_0018,TL3GWJHM,Conover et al. 2007,beta_categorical,edge_and_shrub_habitat,"wide border, border zone","no border, border zone",species_richness,all_species,all_species,aggregate,,species_richness,count,,,,,,regression coefficient,hedges_g,,,0.8472122602189268,0.2886146908266528,60,community,,FALSE,FALSE,TRUE
bc_0019,TL3GWJHM,Conover et al. 2007,beta_categorical,provide_overwintering_habitat,"wide border, border zone","no border, border zone",species_richness,all_species,all_species,aggregate,,species_richness,count,,,,,,regression coefficient,hedges_g,,,0.8472122602189268,0.2886146908266528,60,community,,FALSE,FALSE,TRUE
bc_0020,TL3GWJHM,Conover et al. 2007,beta_categorical,edge_and_shrub_habitat,"narrow border, ag field","no border, ag field",abundance,all_species,all_species,aggregate,,abundance,count,,,,,,regression coefficient,hedges_g,,,0.11622401122837056,0.20682193730394072,93,community,,FALSE,FALSE,TRUE
bc_0021,TL3GWJHM,Conover et al. 2007,beta_categorical,provide_overwintering_habitat,"narrow border, ag field","no border, ag field",abundance,all_species,all_species,aggregate,,abundance,count,,,,,,regression coefficient,hedges_g,,,0.11622401122837056,0.20682193730394072,93,community,,FALSE,FALSE,TRUE
bc_0022,TL3GWJHM,Conover et al. 2007,beta_categorical,edge_and_shrub_habitat,"narrow border, ag field","no border, ag field",species_richness,all_species,all_species,aggregate,,species_richness,count,,,,,,regression coefficient,hedges_g,,,0.1515406141069648,0.20694481232105225,93,community,,FALSE,FALSE,TRUE
bc_0023,TL3GWJHM,Conover et al. 2007,beta_categorical,provide_overwintering_habitat,"narrow border, ag field","no border, ag field",species_richness,all_species,all_species,aggregate,,species_richness,count,,,,,,regression coefficient,hedges_g,,,0.1515406141069648,0.20694481232105225,93,community,,FALSE,FALSE,TRUE
bc_0024,TL3GWJHM,Conover et al. 2007,beta_categorical,edge_and_shrub_habitat,"wide border, ag field","no border, ag field",abundance,all_species,all_species,aggregate,,abundance,count,,,,,,regression coefficient,hedges_g,,,0.2616681223286895,0.2790835353392344,60,community,,FALSE,FALSE,TRUE
bc_0025,TL3GWJHM,Conover et al. 2007,beta_categorical,provide_overwintering_habitat,"wide border, ag field","no border, ag field",abundance,all_species,all_species,aggregate,,abundance,count,,,,,,regression coefficient,hedges_g,,,0.2616681223286895,0.2790835353392344,60,community,,FALSE,FALSE,TRUE
bc_0026,TL3GWJHM,Conover et al. 2007,beta_categorical,edge_and_shrub_habitat,"wide border, ag field","no border, ag field",species_richness,all_species,all_species,aggregate,,species_richness,count,,,,,,regression coefficient,hedges_g,,,0.6093642356097291,0.2835690528644169,60,community,,FALSE,FALSE,TRUE
bc_0027,TL3GWJHM,Conover et al. 2007,beta_categorical,provide_overwintering_habitat,"wide border, ag field","no border, ag field",species_richness,all_species,all_species,aggregate,,species_richness,count,,,,,,regression coefficient,hedges_g,,,0.6093642356097291,0.2835690528644169,60,community,,FALSE,FALSE,TRUE
bc_0028,TL3GWJHM,Conover et al. 2007,beta_categorical,edge_and_shrub_habitat,"narrow border, wooded edge","no border, wooded edge",abundance,all_species,all_species,aggregate,,abundance,count,,,,,,regression coefficient,hedges_g,,,0.10481099928416256,0.20678914618562963,93,community,,FALSE,FALSE,TRUE
bc_0029,TL3GWJHM,Conover et al. 2007,beta_categorical,provide_overwintering_habitat,"narrow border, wooded edge","no border, wooded edge",abundance,all_species,all_species,aggregate,,abundance,count,,,,,,regression coefficient,hedges_g,,,0.10481099928416256,0.20678914618562963,93,community,,FALSE,FALSE,TRUE
bc_0030,TL3GWJHM,Conover et al. 2007,beta_categorical,edge_and_shrub_habitat,"narrow border, wooded edge","no border, wooded edge",species_richness,all_species,all_species,aggregate,,species_richness,count,,,,,,regression coefficient,hedges_g,,,0.17712539311203676,0.20705401276551197,93,community,,FALSE,FALSE,TRUE
bc_0031,TL3GWJHM,Conover et al. 2007,beta_categorical,provide_overwintering_habitat,"narrow border, wooded edge","no border, wooded edge",species_richness,all_species,all_species,aggregate,,species_richness,count,,,,,,regression coefficient,hedges_g,,,0.17712539311203676,0.20705401276551197,93,community,,FALSE,FALSE,TRUE
bc_0032,TL3GWJHM,Conover et al. 2007,beta_categorical,edge_and_shrub_habitat,"wide border, wooded edge","no border, wooded edge",abundance,all_species,all_species,aggregate,,abundance,count,,,,,,regression coefficient,hedges_g,,,0.24248735524855825,0.2789391253019481,60,community,,FALSE,FALSE,TRUE
bc_0033,TL3GWJHM,Conover et al. 2007,beta_categorical,provide_overwintering_habitat,"wide border, wooded edge","no border, wooded edge",abundance,all_species,all_species,aggregate,,abundance,count,,,,,,regression coefficient,hedges_g,,,0.24248735524855825,0.2789391253019481,60,community,,FALSE,FALSE,TRUE
bc_0034,TL3GWJHM,Conover et al. 2007,beta_categorical,edge_and_shrub_habitat,"wide border, wooded edge","no border, wooded edge",species_richness,all_species,all_species,aggregate,,species_richness,count,,,,,,regression coefficient,hedges_g,,,0.4074533906470514,0.2805361299220988,60,community,,FALSE,FALSE,TRUE
bc_0035,TL3GWJHM,Conover et al. 2007,beta_categorical,provide_overwintering_habitat,"wide border, wooded edge","no border, wooded edge",species_richness,all_species,all_species,aggregate,,species_richness,count,,,,,,regression coefficient,hedges_g,,,0.4074533906470514,0.2805361299220988,60,community,,FALSE,FALSE,TRUE
bc_0039,4G526MHA,Coon et al. 2022,beta_categorical,plant_nwsg,Herbicide spraying and seeding (native seed mix),Herbicide spraying only,Male abundance per patch,dickcissel,dickcissel,species,obligate,abundance,count,,log,,TRUE,from supplemental table S4; B = B_treatment - B_control; SE = sqrt(SE_control^2 + se_treatment^2),regression coefficient,hedges_g,,,0.8815876752455656,0.6509072252541126,4,species,obligate_grassland,FALSE,FALSE,TRUE
bc_0041,4G526MHA,Coon et al. 2022,beta_categorical,plant_nwsg,Herbicide spraying and seeding (native seed mix),Herbicide spraying only,Nest survival,dickcissel,dickcissel,species,obligate,nest_success,count,daily_survival,logistic_exposure,,TRUE,from supplemental table S5; B = B_treatment - B_control; SE = sqrt(SE_control^2 + se_treatment^2),log hazard ratio from logistic_exposure coefficient,log_hazard_ratio,,,0.38180198924527575,0.7075406749194417,54,species,obligate_grassland,FALSE,FALSE,TRUE
bc_0042,4G526MHA,Coon et al. 2022,beta_categorical,eliminate_pesticides,Herbicide spraying only,No spraying or seeding fescue field,Male abundance per patch,dickcissel,dickcissel,species,obligate,abundance,count,,log,,FALSE,from supplemental table S4,regression coefficient,hedges_g,,,-0.689860274328339,0.6213042829459204,4,species,obligate_grassland,FALSE,FALSE,TRUE
bc_0044,4G526MHA,Coon et al. 2022,beta_categorical,eliminate_pesticides,Herbicide spraying only,No spraying or seeding fescue field,Nest survival,dickcissel,dickcissel,species,obligate,nest_success,count,daily_survival,logistic_exposure,,FALSE,from supplemental table S5,log hazard ratio from logistic_exposure coefficient,log_hazard_ratio,,,-0.9640399988667872,0.48523873511949817,27,species,obligate_grassland,FALSE,FALSE,TRUE
bc_0045,LRBMJG8I,Del Vallé et al. 2024,beta_categorical,prescribed_fire,Fire disturbance,No disturbance,Abundance ratio between treatment and control,dickcissel,dickcissel,species,obligate,abundance,count,,,,,Weird response to wrap one's head around; one year post fire; Calculated abundance ratio and SE to match our treatment and control groups,regression coefficient,hedges_g,,,2.608274173935152,0.5061031345960866,28,species,obligate_grassland,FALSE,FALSE,TRUE
bc_0046,LRBMJG8I,Del Vallé et al. 2024,beta_categorical,prescribed_fire,Fire disturbance,No disturbance,Abundance ratio between treatment and control,eastern_meadowlark,eastern_meadowlark,species,obligate,abundance,count,,,,,Weird response to wrap one's head around; one year post fire,regression coefficient,hedges_g,,,0.9058055068122368,0.38640400048860335,28,species,obligate_grassland,FALSE,FALSE,TRUE
bc_0047,LRBMJG8I,Del Vallé et al. 2024,beta_categorical,prescribed_fire,Fire disturbance,No disturbance,Abundance ratio between treatment and control,grasshopper_sparrow,grasshopper_sparrow,species,obligate,abundance,count,,,,,Weird response to wrap one's head around; one year post fire,regression coefficient,hedges_g,,,0.997858077024561,0.3904321784654884,28,species,obligate_grassland,FALSE,FALSE,TRUE
bc_0049,KSACJCJN,Hovick and Miller 2016,beta_categorical,edge_and_shrub_habitat,Near (within 0.5 m^2 quadrat) woody cover,Not near (within 0.5 m^2 quadrat) woody cover,DSR,eastern_meadowlark,eastern_meadowlark,species,obligate,nest_success,count,daily_survival,logit,,TRUE,"Excluded: near and not-near woody veg is a questionable metric, as it seems that's on a continuous scale; study level baseline inferred from Table 1; values from the text on p 76; (just not reported as such); Error is unlikely to be on the scale of DSR",log hazard ratio from logit coefficient,log_hazard_ratio,,,-0.06632207671116497,0.03783047347380577,95,species,obligate_grassland,FALSE,FALSE,TRUE
bc_0050,86MSLRJN,Kirk et al. 2020,beta_categorical,eliminate_pesticides,Organic farm,Conventional farm,abundance (Sasketchewan),american_goldfinch,american_goldfinch,species,facultative,abundance,count,,,,,,regression coefficient,hedges_g,,,-0.22122814975714336,0.4297431918191863,20,species,facultative_grassland,FALSE,FALSE,TRUE
bc_0051,86MSLRJN,Kirk et al. 2020,beta_categorical,eliminate_pesticides,Organic farm,Conventional farm,abundance (Ontario),american_goldfinch,american_goldfinch,species,facultative,abundance,count,,,,,,regression coefficient,hedges_g,,,0.6164559678626017,0.43926770034530555,20,species,facultative_grassland,FALSE,FALSE,TRUE
bc_0052,86MSLRJN,Kirk et al. 2020,beta_categorical,eliminate_pesticides,Organic farm,Conventional farm,abundance (Quebec),american_goldfinch,american_goldfinch,species,facultative,abundance,count,,,,,,regression coefficient,hedges_g,,,0.802557821001182,0.5228840486807017,14,species,facultative_grassland,FALSE,FALSE,TRUE
bc_0053,86MSLRJN,Kirk et al. 2020,beta_categorical,eliminate_pesticides,Organic farm,Conventional farm,abundance (Ontario),american_kestrel,american_kestrel,species,facultative,abundance,count,,,,,,regression coefficient,hedges_g,,,0.1999384114959957,0.4294823020435257,20,species,facultative_grassland,FALSE,FALSE,TRUE
bc_0054,86MSLRJN,Kirk et al. 2020,beta_categorical,eliminate_pesticides,Organic farm,Conventional farm,abundance (Quebec),american_kestrel,american_kestrel,species,facultative,abundance,count,,,,,,regression coefficient,hedges_g,,,-0.2314603732500888,0.5023121981165533,14,species,facultative_grassland,FALSE,FALSE,TRUE
bc_0055,86MSLRJN,Kirk et al. 2020,beta_categorical,eliminate_pesticides,Organic farm,Conventional farm,abundance (Sasketchewan),bobolink,bobolink,species,obligate,abundance,count,,,,,,regression coefficient,hedges_g,,,-0.1842197232178443,0.4293065177927994,20,species,obligate_grassland,FALSE,FALSE,TRUE
bc_0056,86MSLRJN,Kirk et al. 2020,beta_categorical,eliminate_pesticides,Organic farm,Conventional farm,abundance (Ontario),bobolink,bobolink,species,obligate,abundance,count,,,,,,regression coefficient,hedges_g,,,2.212281497571433,0.5530012650720071,20,species,obligate_grassland,FALSE,FALSE,TRUE
bc_0057,86MSLRJN,Kirk et al. 2020,beta_categorical,eliminate_pesticides,Organic farm,Conventional farm,abundance (Quebec),bobolink,bobolink,species,obligate,abundance,count,,,,,,regression coefficient,hedges_g,,,-0.20372621610030003,0.5018829441388204,14,species,obligate_grassland,FALSE,FALSE,TRUE
bc_0058,86MSLRJN,Kirk et al. 2020,beta_categorical,eliminate_pesticides,Organic farm,Conventional farm,abundance (Ontario),common_yellowthroat,common_yellowthroat,species,facultative,abundance,count,,,,,,regression coefficient,hedges_g,,,-0.3732284431276977,0.4323634470301645,20,species,facultative_grassland,FALSE,FALSE,TRUE
bc_0059,86MSLRJN,Kirk et al. 2020,beta_categorical,eliminate_pesticides,Organic farm,Conventional farm,abundance (Quebec),common_yellowthroat,common_yellowthroat,species,facultative,abundance,count,,,,,,regression coefficient,hedges_g,,,0.30632568396768,0.5037414573121929,14,species,facultative_grassland,FALSE,FALSE,TRUE
bc_0060,86MSLRJN,Kirk et al. 2020,beta_categorical,eliminate_pesticides,Organic farm,Conventional farm,abundance (Ontario),eastern_meadowlark,eastern_meadowlark,species,obligate,abundance,count,,,,,,regression coefficient,hedges_g,,,1.4812667418521772,0.488169481401441,20,species,obligate_grassland,FALSE,FALSE,TRUE
bc_0061,86MSLRJN,Kirk et al. 2020,beta_categorical,eliminate_pesticides,Organic farm,Conventional farm,abundance (Quebec),eastern_meadowlark,eastern_meadowlark,species,obligate,abundance,count,,,,,,regression coefficient,hedges_g,,,1.4306107619487738,0.5687694891595149,14,species,obligate_grassland,FALSE,FALSE,TRUE
bc_0062,86MSLRJN,Kirk et al. 2020,beta_categorical,eliminate_pesticides,Organic farm,Conventional farm,abundance (Ontario),indigo_bunting,indigo_bunting,species,facultative,abundance,count,,,,,,regression coefficient,hedges_g,,,-0.7351581591929687,0.4438097582686951,20,species,facultative_grassland,FALSE,FALSE,TRUE
bc_0063,86MSLRJN,Kirk et al. 2020,beta_categorical,eliminate_pesticides,Organic farm,Conventional farm,abundance (Sasketchewan),loggerhead_shrike,loggerhead_shrike,species,facultative,abundance,count,,,,,,regression coefficient,hedges_g,,,0.2326316626312229,0.4298937087470366,20,species,facultative_grassland,FALSE,FALSE,TRUE
bc_0064,86MSLRJN,Kirk et al. 2020,beta_categorical,eliminate_pesticides,Organic farm,Conventional farm,abundance (Sasketchewan),northern_harrier,northern_harrier,species,obligate,abundance,count,,,,,,regression coefficient,hedges_g,,,1.1317249565807601,0.46419359968930074,20,species,obligate_grassland,FALSE,FALSE,TRUE
bc_0065,86MSLRJN,Kirk et al. 2020,beta_categorical,eliminate_pesticides,Organic farm,Conventional farm,abundance (Ontario),northern_harrier,northern_harrier,species,obligate,abundance,count,,,,,,regression coefficient,hedges_g,,,-0.04561405149631822,0.42837796348687857,20,species,obligate_grassland,FALSE,FALSE,TRUE
bc_0066,86MSLRJN,Kirk et al. 2020,beta_categorical,eliminate_pesticides,Organic farm,Conventional farm,abundance (Sasketchewan),red_winged_blackbird,red_winged_blackbird,species,facultative,abundance,count,,,,,,regression coefficient,hedges_g,,,1.283123268591431,0.4739364900689086,20,species,facultative_grassland,FALSE,FALSE,TRUE
bc_0067,86MSLRJN,Kirk et al. 2020,beta_categorical,eliminate_pesticides,Organic farm,Conventional farm,abundance (Ontario),red_winged_blackbird,red_winged_blackbird,species,facultative,abundance,count,,,,,,regression coefficient,hedges_g,,,0.9832362211428596,0.45565831521327466,20,species,facultative_grassland,FALSE,FALSE,TRUE
bc_0068,86MSLRJN,Kirk et al. 2020,beta_categorical,eliminate_pesticides,Organic farm,Conventional farm,abundance (Quebec),red_winged_blackbird,red_winged_blackbird,species,facultative,abundance,count,,,,,,regression coefficient,hedges_g,,,-0.3107503882916577,0.5038382372911213,14,species,facultative_grassland,FALSE,FALSE,TRUE
bc_0069,86MSLRJN,Kirk et al. 2020,beta_categorical,eliminate_pesticides,Organic farm,Conventional farm,abundance (Sasketchewan),savannah_sparrow,savannah_sparrow,species,obligate,abundance,count,,,,,,regression coefficient,hedges_g,,,0.32178639964675393,0.4313285589127599,20,species,obligate_grassland,FALSE,FALSE,TRUE
bc_0070,86MSLRJN,Kirk et al. 2020,beta_categorical,eliminate_pesticides,Organic farm,Conventional farm,abundance (Ontario),savannah_sparrow,savannah_sparrow,species,obligate,abundance,count,,,,,,regression coefficient,hedges_g,,,0.3792482567265314,0.43249438674342416,20,species,obligate_grassland,FALSE,FALSE,TRUE
bc_0071,86MSLRJN,Kirk et al. 2020,beta_categorical,eliminate_pesticides,Organic farm,Conventional farm,abundance (Quebec),savannah_sparrow,savannah_sparrow,species,obligate,abundance,count,,,,,,regression coefficient,hedges_g,,,-0.5044649160578858,0.5094044908972266,14,species,obligate_grassland,FALSE,FALSE,TRUE
bc_0072,86MSLRJN,Kirk et al. 2020,beta_categorical,eliminate_pesticides,Organic farm,Conventional farm,abundance (Sasketchewan),song_sparrow,song_sparrow,species,facultative,abundance,count,,,,,,regression coefficient,hedges_g,,,-0.15279066458047308,0.42899800493521095,20,species,facultative_grassland,FALSE,FALSE,TRUE
bc_0073,86MSLRJN,Kirk et al. 2020,beta_categorical,eliminate_pesticides,Organic farm,Conventional farm,abundance (Ontario),song_sparrow,song_sparrow,species,facultative,abundance,count,,,,,,regression coefficient,hedges_g,,,0.269321225791305,0.4304288694144028,20,species,facultative_grassland,FALSE,FALSE,TRUE
bc_0074,86MSLRJN,Kirk et al. 2020,beta_categorical,eliminate_pesticides,Organic farm,Conventional farm,abundance (Quebec),song_sparrow,song_sparrow,species,facultative,abundance,count,,,,,,regression coefficient,hedges_g,,,1.9959264070116352,0.6266418309519983,14,species,facultative_grassland,FALSE,FALSE,TRUE
bc_0075,86MSLRJN,Kirk et al. 2020,beta_categorical,eliminate_pesticides,Organic farm,Conventional farm,abundance (Ontario),yellow_billed_cuckoo,yellow_billed_cuckoo,species,shrub,abundance,count,,,,,,regression coefficient,hedges_g,,,-0.2961748290626245,0.4308696459407121,20,species,,FALSE,TRUE,FALSE
bc_0079,YZC4YM2A,Robles et al. 2012,beta_categorical,install_nest_boxes,Box addition,No box addition,Nest density,all_species,all_species,aggregate,,abundance,count,,,,,Blue and Great tits,regression coefficient,hedges_g,,,-0.15002611213977118,0.4496524479463177,18,community,,FALSE,FALSE,TRUE
bc_0080,YZC4YM2A,Robles et al. 2012,beta_categorical,install_nest_boxes,Box addition,No box addition,Nest density,tits,tits,guild,other,abundance,count,,,,,,regression coefficient,hedges_g,,,-0.8096957194430117,0.4687999746915502,18,species,,FALSE,FALSE,TRUE
bc_0082,APZE5I9A,Van Doren et al. 2017,beta_categorical,upgrade_to_darksky,Light off,Light on,Standardized peak density,all_species,all_species,aggregate,,abundance,count,,,,,,regression coefficient,hedges_g,,,-1.576811772901101,0.3167607008083035,52,community,,FALSE,FALSE,TRUE
bc_0083,5UCEGHY8,Zhao et al. 2020,beta_categorical,upgrade_to_darksky,Yellow light,Red light,Number of birds captured,all_species,all_species,aggregate,,abundance,count,,log,,,,regression coefficient,hedges_g,,,-0.3405773532216675,0.17178266083956584,136,community,,FALSE,FALSE,TRUE
bc_0084,5UCEGHY8,Zhao et al. 2020,beta_categorical,upgrade_to_darksky,Green light,Red light,Number of birds captured,all_species,all_species,aggregate,,abundance,count,,log,,,,regression coefficient,hedges_g,,,-0.22574143895463988,0.1710853235859105,136,community,,FALSE,FALSE,TRUE
bc_0085,5UCEGHY8,Zhao et al. 2020,beta_categorical,upgrade_to_darksky,Blue light,Red light,Number of birds captured,all_species,all_species,aggregate,,abundance,count,,log,,,,regression coefficient,hedges_g,,,-0.14588605703324783,0.17076616564831798,136,community,,FALSE,FALSE,TRUE
bc_0086,C3NIZKWQ,Wilson et al. 2022,beta_categorical,prescribed_fire,Burned fields,Unburned fields,abundance (individuals/ha),dickcissel,dickcissel,species,obligate,abundance,count,,,,,,regression coefficient,hedges_g,,,-0.1125130195165625,0.19123848787067588,108,species,obligate_grassland,FALSE,FALSE,TRUE
bc_0087,C3NIZKWQ,Wilson et al. 2022,beta_categorical,prescribed_fire,Burned fields,Unburned fields,abundance (individuals/ha),grasshopper_sparrow,grasshopper_sparrow,species,obligate,abundance,count,,,,,,regression coefficient,hedges_g,,,0.0857242053459524,0.1911741965038764,108,species,obligate_grassland,FALSE,FALSE,TRUE
bc_0088,C3NIZKWQ,Wilson et al. 2022,beta_categorical,prescribed_fire,Burned fields,Unburned fields,abundance (individuals/ha),brown_headed_cowbird,brown_headed_cowbird,species,facultative,abundance,count,,,,,,regression coefficient,hedges_g,,,-0.06090930379843985,0.1911301326156016,108,species,facultative_grassland,FALSE,FALSE,TRUE
bc_0089,X3E5MBG4,Ahlering and Merkord 2016,beta_categorical,prescribed_fire,Burned fields,Unburned fields,abundance,bobolink,bobolink,species,obligate,abundance,count,,,,,,regression coefficient,hedges_g,,,-0.03547082070840814,0.2180877421354444,183,species,obligate_grassland,FALSE,FALSE,TRUE
bc_0090,X3E5MBG4,Ahlering and Merkord 2016,beta_categorical,prescribed_fire,Burned fields,Unburned fields,abundance,upland_sandpiper,upland_sandpiper,species,obligate,abundance,count,,,,,,regression coefficient,hedges_g,,,-0.5367220162955914,0.21987701915604,183,species,obligate_grassland,FALSE,FALSE,TRUE
bc_0091,X3E5MBG4,Ahlering and Merkord 2016,beta_categorical,grazing_intensity,Burned fields,Unburned fields,abundance,grasshopper_sparrow,grasshopper_sparrow,species,obligate,abundance,count,,,,,,regression coefficient,hedges_g,,,1.026992846154109,0.15671196301845078,183,species,obligate_grassland,FALSE,FALSE,TRUE
bc_0092,X3E5MBG4,Ahlering and Merkord 2016,beta_categorical,grazing_intensity,Burned fields,Unburned fields,abundance,bobolink,bobolink,species,obligate,abundance,count,,,,,,regression coefficient,hedges_g,,,0.30339469070731123,0.14808242457720525,183,species,obligate_grassland,FALSE,FALSE,TRUE
bc_0093,X3E5MBG4,Ahlering and Merkord 2016,beta_categorical,grazing_intensity,Burned fields,Unburned fields,abundance,upland_sandpiper,upland_sandpiper,species,obligate,abundance,count,,,,,,regression coefficient,hedges_g,,,0.29191377843381205,0.1480193584225287,183,species,obligate_grassland,FALSE,FALSE,TRUE
bc_0107,57RFAGS5,Howell et al. 2021,beta_categorical,edge_and_shrub_habitat,High edge density,No edge,density (birds/ha),northern_bobwhite,northern_bobwhite,species,facultative,abundance,count,,identity,,,Survival based on radio-tagged individuals,regression coefficient,hedges_g,,,0.6817522811399358,0.6175572925666045,9,species,facultative_grassland,FALSE,FALSE,TRUE
bc_0108,QIGRJQ54,Sitters et al. 2015,beta_categorical,prescribed_fire,After prescribed_fire,Before prescribed_fire,species_richness,all_species,all_species,aggregate,,species_richness,count,,,,,,regression coefficient,hedges_g,,,-0.00583694276100088,0.14376737164605546,192,community,,FALSE,FALSE,TRUE
bc_0109,QIGRJQ54,Sitters et al. 2015,beta_categorical,manage_in_patches,After prescribed_fire,Before prescribed_fire,species_richness,all_species,all_species,aggregate,,species_richness,count,,,,,,regression coefficient,hedges_g,,,-0.00583694276100088,0.14376737164605546,192,community,,FALSE,FALSE,TRUE
bc_0110,J6MAVCRC,Lindenmayer et al. 2023,beta_categorical,edge_and_shrub_habitat,Rotational grazing,Continuous grazing,species_richness,all_species,all_species,aggregate,,species_richness,count,,,,,Traced from plot,regression coefficient,hedges_g,,,-0.123933088135588,0.2952117337027034,71,community,,FALSE,FALSE,TRUE
tc_0002,GS4TG5A4,Augustine and Derner 2015,other_categorical,prescribed_fire,Recently burned fields,Unburned fields,Density,lark_bunting,lark_bunting,species,obligate,abundance,count,,,,,usable -- converts to effect size without issue,test statistic,hedges_g,,,2.2233271669864636,0.48227302504563185,27,species,obligate_grassland,FALSE,FALSE,TRUE
tc_0003,GS4TG5A4,Augustine and Derner 2015,other_categorical,manage_in_patches,Recently burned fields,Unburned fields,Density,lark_bunting,lark_bunting,species,obligate,abundance,count,,,,,usable -- converts to effect size without issue,test statistic,hedges_g,,,2.2233271669864636,0.48227302504563185,27,species,obligate_grassland,FALSE,FALSE,TRUE
tc_0004,GS4TG5A4,Augustine and Derner 2015,other_categorical,prescribed_fire,Recently burned fields,Unburned fields,Density,western_meadowlark,western_meadowlark,species,obligate,abundance,count,,,,,usable -- converts to effect size without issue,test statistic,hedges_g,,,1.231843430357365,0.4112755038255184,27,species,obligate_grassland,FALSE,FALSE,TRUE
tc_0005,GS4TG5A4,Augustine and Derner 2015,other_categorical,manage_in_patches,Recently burned fields,Unburned fields,Density,western_meadowlark,western_meadowlark,species,obligate,abundance,count,,,,,usable -- converts to effect size without issue,test statistic,hedges_g,,,1.231843430357365,0.4112755038255184,27,species,obligate_grassland,FALSE,FALSE,TRUE
tc_0006,GS4TG5A4,Augustine and Derner 2015,other_categorical,prescribed_fire,Recently burned fields,Unburned fields,Density,grasshopper_sparrow,grasshopper_sparrow,species,obligate,abundance,count,,,,,usable -- converts to effect size without issue,test statistic,hedges_g,,,1.070351761133686,0.4028183539296915,27,species,obligate_grassland,FALSE,FALSE,TRUE
tc_0007,GS4TG5A4,Augustine and Derner 2015,other_categorical,manage_in_patches,Recently burned fields,Unburned fields,Density,grasshopper_sparrow,grasshopper_sparrow,species,obligate,abundance,count,,,,,usable -- converts to effect size without issue,test statistic,hedges_g,,,1.070351761133686,0.4028183539296915,27,species,obligate_grassland,FALSE,FALSE,TRUE
tc_0008,GS4TG5A4,Augustine and Derner 2015,other_categorical,prescribed_fire,Recently burned fields,Unburned fields,Density,horned_lark,horned_lark,species,obligate,abundance,count,,,,,usable -- converts to effect size without issue,test statistic,hedges_g,,,0.5971436141061618,0.38425274816452865,27,species,obligate_grassland,FALSE,FALSE,TRUE
tc_0009,GS4TG5A4,Augustine and Derner 2015,other_categorical,manage_in_patches,Recently burned fields,Unburned fields,Density,horned_lark,horned_lark,species,obligate,abundance,count,,,,,usable -- converts to effect size without issue,test statistic,hedges_g,,,0.5971436141061618,0.38425274816452865,27,species,obligate_grassland,FALSE,FALSE,TRUE
tc_0010,GS4TG5A4,Augustine and Derner 2015,other_categorical,prescribed_fire,Recently burned fields,Unburned fields,Density,mccowns_longspur,mccowns_longspur,species,obligate,abundance,count,,,,,usable -- converts to effect size without issue,test statistic,hedges_g,,,0.600899234320666,0.3843611538409955,27,species,obligate_grassland,FALSE,FALSE,TRUE
tc_0011,GS4TG5A4,Augustine and Derner 2015,other_categorical,manage_in_patches,Recently burned fields,Unburned fields,Density,mccowns_longspur,mccowns_longspur,species,obligate,abundance,count,,,,,usable -- converts to effect size without issue,test statistic,hedges_g,,,0.600899234320666,0.3843611538409955,27,species,obligate_grassland,FALSE,FALSE,TRUE
tc_0012,GS4TG5A4,Augustine and Derner 2015,other_categorical,prescribed_fire,Recently burned fields,Unburned fields,Density,mountain_plover,mountain_plover,species,obligate,abundance,count,,,,,usable -- converts to effect size without issue,test statistic,hedges_g,,,2.478709341572747,0.5048015548051538,27,species,obligate_grassland,FALSE,FALSE,TRUE
tc_0013,GS4TG5A4,Augustine and Derner 2015,other_categorical,manage_in_patches,Recently burned fields,Unburned fields,Density,mountain_plover,mountain_plover,species,obligate,abundance,count,,,,,usable -- converts to effect size without issue,test statistic,hedges_g,,,2.478709341572747,0.5048015548051538,27,species,obligate_grassland,FALSE,FALSE,TRUE
tc_0018,MG5988E5,Camprodon et al. 2008,other_categorical,install_nest_boxes,Post-nest box installation in managed forest plots,Pre-nest box installation in managed forest plots,abundance,great_tit,great_tit,species,facultative,abundance,count,,,,,usable -- comparison of two groups and thus converts to effect size without issue,test statistic,hedges_g,,,4.225139121612958,0.45123717990942536,63,species,facultative_grassland,FALSE,FALSE,TRUE
tc_0019,G6VR29X8,Danhardt et al. 2010,other_categorical,eliminate_pesticides,Organic farm,Conventional farm,density,all_species,all_species,aggregate,,abundance,count,,,,,usable -- comparison of two groups and thus converts to effect size without issue,test statistic,hedges_g,,,0.7353160240144463,0.40820945405867015,24,community,,FALSE,FALSE,TRUE
tc_0021,JQQJHBMK,Freemark and Kirk 2001,other_categorical,eliminate_pesticides,Organic farm,Conventional farm,species_richness,all_species,all_species,aggregate,,species_richness,count,,,,,usable -- comparison of two groups and thus converts to effect size without issue,test statistic,hedges_g,,,1.4821522364073678,0.48823666889737166,20,community,,FALSE,FALSE,TRUE
tc_0022,JQQJHBMK,Freemark and Kirk 2001,other_categorical,eliminate_pesticides,Organic farm,Conventional farm,total_abundance,all_species,all_species,aggregate,,abundance,count,,,,,usable -- comparison of two groups and thus converts to effect size without issue,test statistic,hedges_g,,,1.4491144719054594,0.4857509468605941,20,community,,FALSE,FALSE,TRUE
tc_0025,JQQJHBMK,Freemark and Kirk 2001,other_categorical,eliminate_pesticides,Organic farm,Conventional farm,abundance,killdeer,killdeer,species,facultative,abundance,count,,,,,usable -- comparison of two groups and thus converts to effect size without issue,test statistic,hedges_g,,,0.5275339581960149,0.4363633411333571,20,species,facultative_grassland,FALSE,FALSE,TRUE
tc_0026,JQQJHBMK,Freemark and Kirk 2001,other_categorical,eliminate_pesticides,Organic farm,Conventional farm,abundance,eastern_kingbird,eastern_kingbird,species,facultative,abundance,count,,,,,usable -- comparison of two groups and thus converts to effect size without issue,test statistic,hedges_g,,,2.04432320398609,0.5365977055650877,20,species,facultative_grassland,FALSE,FALSE,TRUE
tc_0027,JQQJHBMK,Freemark and Kirk 2001,other_categorical,eliminate_pesticides,Organic farm,Conventional farm,abundance,horned_lark,horned_lark,species,obligate,abundance,count,,,,,usable -- comparison of two groups and thus converts to effect size without issue,test statistic,hedges_g,,,0.6455687170557188,0.4403119777723994,20,species,obligate_grassland,FALSE,FALSE,TRUE
tc_0028,JQQJHBMK,Freemark and Kirk 2001,other_categorical,eliminate_pesticides,Organic farm,Conventional farm,abundance,common_yellowthroat,common_yellowthroat,species,facultative,abundance,count,,,,,usable -- comparison of two groups and thus converts to effect size without issue,test statistic,hedges_g,,,0.4394442226253015,0.4339164022928686,20,species,facultative_grassland,FALSE,FALSE,TRUE
tc_0029,JQQJHBMK,Freemark and Kirk 2001,other_categorical,eliminate_pesticides,Organic farm,Conventional farm,abundance,indigo_bunting,indigo_bunting,species,facultative,abundance,count,,,,,usable -- comparison of two groups and thus converts to effect size without issue,test statistic,hedges_g,,,1.172323077102594,0.46670568722322214,20,species,facultative_grassland,FALSE,FALSE,TRUE
tc_0030,JQQJHBMK,Freemark and Kirk 2001,other_categorical,eliminate_pesticides,Organic farm,Conventional farm,abundance,savannah_sparrow,savannah_sparrow,species,obligate,abundance,count,,,,,usable -- comparison of two groups and thus converts to effect size without issue,test statistic,hedges_g,,,0,0.42831724639432595,20,species,obligate_grassland,FALSE,FALSE,TRUE
tc_0031,JQQJHBMK,Freemark and Kirk 2001,other_categorical,eliminate_pesticides,Organic farm,Conventional farm,abundance,bobolink,bobolink,species,obligate,abundance,count,,,,,usable -- comparison of two groups and thus converts to effect size without issue,test statistic,hedges_g,,,0.737167767103391,0.4438930856413768,20,species,obligate_grassland,FALSE,FALSE,TRUE
tc_0032,JQQJHBMK,Freemark and Kirk 2001,other_categorical,eliminate_pesticides,Organic farm,Conventional farm,abundance,red_winged_blackbird,red_winged_blackbird,species,facultative,abundance,count,,,,,usable -- comparison of two groups and thus converts to effect size without issue,test statistic,hedges_g,,,0.8156827318932074,0.4473132253092198,20,species,facultative_grassland,FALSE,FALSE,TRUE
tc_0033,JQQJHBMK,Freemark and Kirk 2001,other_categorical,eliminate_pesticides,Organic farm,Conventional farm,abundance,eastern_meadowlark,eastern_meadowlark,species,obligate,abundance,count,,,,,usable -- comparison of two groups and thus converts to effect size without issue,test statistic,hedges_g,,,0.8172515229273897,0.44738480623731086,20,species,obligate_grassland,FALSE,FALSE,TRUE
tc_0034,JQQJHBMK,Freemark and Kirk 2001,other_categorical,eliminate_pesticides,Organic farm,Conventional farm,abundance,american_goldfinch,american_goldfinch,species,facultative,abundance,count,,,,,usable -- comparison of two groups and thus converts to effect size without issue,test statistic,hedges_g,,,0.7106877133823294,0.4428121376019777,20,species,facultative_grassland,FALSE,FALSE,TRUE
tc_0044,NH4RI28V,McMullen and Harms 2020,other_categorical,delay_hay,Late-hayed,Early-hayed,number of focal species detections,obligate_grassland_species,obligate_grassland_species,guild,obligate,abundance,count,,,,,usable -- comparison of two groups and thus converts to effect size without issue; sample size estimated from the number of farms; not a great study design! all six sites received the same treatment in a given year (all were mowed early in 2013 or mowed late in 2014).,test statistic,hedges_g,,,6.697026649844868,0.9052959546373014,32,species,obligate_grassland,FALSE,FALSE,TRUE
tc_0045,PKYELK4R,Peak et al. 2004,other_categorical,stream_exclusion_and_buffers,No buffer,Buffer,nest_success,gray_catbird,gray_catbird,species,forest,nest_success,count,daily_survival,logistic_exposure,,,usable -- converts to effect size without issue,log hazard ratio from odds ratio,log_hazard_ratio,,,0.5250890241499047,0.2381247449815937,175,species,,FALSE,TRUE,FALSE
tc_0046,PKYELK4R,Peak et al. 2004,other_categorical,stream_exclusion_and_buffers,No buffer,Buffer,nest_success,northern_cardinal,northern_cardinal,species,facultative,nest_success,count,daily_survival,logistic_exposure,,,usable -- converts to effect size without issue,log hazard ratio from odds ratio,log_hazard_ratio,,,0.02967990478776272,0.3372927485212368,55,species,facultative_grassland,FALSE,FALSE,TRUE
tc_0047,PKYELK4R,Peak et al. 2004,other_categorical,stream_exclusion_and_buffers,No buffer,Buffer,nest_success,indigo_bunting,indigo_bunting,species,facultative,nest_success,count,daily_survival,logistic_exposure,,,usable -- converts to effect size without issue,log hazard ratio from odds ratio,log_hazard_ratio,,,-0.00776802766668538,0.03426679458811958,223,species,facultative_grassland,FALSE,FALSE,TRUE
tc_0048,PKYELK4R,Peak et al. 2004,other_categorical,edge_and_shrub_habitat,Narrow buffer,Wide buffer,nest_success,gray_catbird,gray_catbird,species,forest,nest_success,count,daily_survival,logistic_exposure,,,usable -- converts to effect size without issue; not sure if narrow vs. wide buffer is a reasonable test of stream exclusion and buffers or edge habitat,log hazard ratio from odds ratio,log_hazard_ratio,,,-0.47875530841864977,0.25549038753915804,175,species,,FALSE,TRUE,FALSE
tc_0049,PKYELK4R,Peak et al. 2004,other_categorical,stream_exclusion_and_buffers,Narrow buffer,Wide buffer,nest_success,gray_catbird,gray_catbird,species,forest,nest_success,count,daily_survival,logistic_exposure,,,usable -- converts to effect size without issue; not sure if narrow vs. wide buffer is a reasonable test of stream exclusion and buffers or edge habitat,log hazard ratio from odds ratio,log_hazard_ratio,,,-0.47875530841864977,0.25549038753915804,175,species,,FALSE,TRUE,FALSE
tc_0050,PKYELK4R,Peak et al. 2004,other_categorical,stream_exclusion_and_buffers,Narrow buffer,Wide buffer,nest_success,northern_cardinal,northern_cardinal,species,facultative,nest_success,count,daily_survival,logistic_exposure,,,usable -- converts to effect size without issue; not sure if narrow vs. wide buffer is a reasonable test of stream exclusion and buffers or edge habitat,log hazard ratio from odds ratio,log_hazard_ratio,,,-1.0551120093942976,0.5830564229904259,55,species,facultative_grassland,FALSE,FALSE,TRUE
tc_0051,PKYELK4R,Peak et al. 2004,other_categorical,stream_exclusion_and_buffers,Narrow buffer,Wide buffer,nest_success,indigo_bunting,indigo_bunting,species,facultative,nest_success,count,daily_survival,logistic_exposure,,,usable -- converts to effect size without issue; not sure if narrow vs. wide buffer is a reasonable test of stream exclusion and buffers or edge habitat,log hazard ratio from odds ratio,log_hazard_ratio,,,0.01869467770422384,0.04781416678544816,223,species,facultative_grassland,FALSE,FALSE,TRUE
tc_0054,5NQRR4P5,Smith et al. 2010,other_categorical,eliminate_pesticides,Homogenous organic farm,Homogenous conventional farm,species_richness,all_species,all_species,aggregate,,species_richness,count,,,,,usable -- comparison of two groups and thus converts to effect size without issue,test statistic,hedges_g,,,1.2014128292828563,0.4306289279833225,24,community,,FALSE,FALSE,TRUE
tc_0055,5NQRR4P5,Smith et al. 2010,other_categorical,eliminate_pesticides,Heterogenous organic farm,Heterogenous conventional farm,species_richness,all_species,all_species,aggregate,,species_richness,count,,,,,usable -- comparison of two groups and thus converts to effect size without issue,test statistic,hedges_g,,,0.10428778135368973,0.3944580746771814,24,community,,FALSE,FALSE,TRUE
tc_0056,5NQRR4P5,Smith et al. 2010,other_categorical,eliminate_pesticides,Organic farm,Conventional farm,total_abundance,all_species,all_species,aggregate,,abundance,count,,,,,usable -- comparison of two groups and thus converts to effect size without issue,test statistic,hedges_g,,,0.533224324967661,0.4016143602165444,24,community,,FALSE,FALSE,TRUE
tc_0057,5NQRR4P5,Smith et al. 2010,other_categorical,eliminate_pesticides,Organic farm,Conventional farm,density,passerines,passerines,guild,other,abundance,count,,,,,usable -- comparison of two groups and thus converts to effect size without issue,test statistic,hedges_g,,,0.5346792371533474,0.4016546566457048,24,species,,FALSE,FALSE,TRUE
tc_0058,JQQJHBMK,Freemark and Kirk 2001,other_categorical,eliminate_pesticides,Organic farm,Conventional farm,abundance,upland_sandpiper,upland_sandpiper,species,obligate,abundance,count,,,,,usable -- comparison of two groups and thus converts to effect size without issue,test statistic,hedges_g,,,0.22824754762855004,0.4298349533644034,20,species,obligate_grassland,FALSE,FALSE,TRUE
tc_0059,JQQJHBMK,Freemark and Kirk 2001,other_categorical,eliminate_pesticides,Organic farm,Conventional farm,abundance,common_snipe,common_snipe,species,facultative,abundance,count,,,,,usable -- comparison of two groups and thus converts to effect size without issue,test statistic,hedges_g,,,0.5705842554764153,0.43771545937258954,20,species,facultative_grassland,FALSE,FALSE,TRUE
tc_0060,JQQJHBMK,Freemark and Kirk 2001,other_categorical,eliminate_pesticides,Organic farm,Conventional farm,abundance,ring_billed_gull,ring_billed_gull,species,other,abundance,count,,,,,usable -- comparison of two groups and thus converts to effect size without issue,test statistic,hedges_g,,,0.25933496115755195,0.4302755269717097,20,species,,FALSE,FALSE,TRUE
tc_0061,JQQJHBMK,Freemark and Kirk 2001,other_categorical,eliminate_pesticides,Organic farm,Conventional farm,abundance,mourning_dove,mourning_dove,species,facultative,abundance,count,,,,,usable -- comparison of two groups and thus converts to effect size without issue,test statistic,hedges_g,,,1.1324560015552043,0.4642381699572729,20,species,facultative_grassland,FALSE,FALSE,TRUE
tc_0062,JQQJHBMK,Freemark and Kirk 2001,other_categorical,eliminate_pesticides,Organic farm,Conventional farm,abundance,northern_flicker,northern_flicker,species,forest,abundance,count,,,,,usable -- comparison of two groups and thus converts to effect size without issue,test statistic,hedges_g,,,0.6595758303643152,0.4408306596175419,20,species,,FALSE,TRUE,FALSE
tc_0063,JQQJHBMK,Freemark and Kirk 2001,other_categorical,eliminate_pesticides,Organic farm,Conventional farm,abundance,eastern_wood_pewee,eastern_wood_pewee,species,shrub,abundance,count,,,,,usable -- comparison of two groups and thus converts to effect size without issue,test statistic,hedges_g,,,2.1133842228375905,0.5432453270781893,20,species,,FALSE,TRUE,FALSE
tc_0064,JQQJHBMK,Freemark and Kirk 2001,other_categorical,eliminate_pesticides,Organic farm,Conventional farm,abundance,great_crested_flycatcher,great_crested_flycatcher,species,shrub,abundance,count,,,,,usable -- comparison of two groups and thus converts to effect size without issue,test statistic,hedges_g,,,1.172323077102594,0.46670568722322214,20,species,,FALSE,TRUE,FALSE
tc_0065,JQQJHBMK,Freemark and Kirk 2001,other_categorical,eliminate_pesticides,Organic farm,Conventional farm,abundance,tree_swallow,tree_swallow,species,shrub,abundance,count,,,,,usable -- comparison of two groups and thus converts to effect size without issue,test statistic,hedges_g,,,0.34260959227787563,0.4317293097264049,20,species,,FALSE,TRUE,FALSE
tc_0066,JQQJHBMK,Freemark and Kirk 2001,other_categorical,eliminate_pesticides,Organic farm,Conventional farm,abundance,bank_swallow,bank_swallow,species,facultative,abundance,count,,,,,usable -- comparison of two groups and thus converts to effect size without issue,test statistic,hedges_g,,,0.10507359895387816,0.4286393298435711,20,species,facultative_grassland,FALSE,FALSE,TRUE
tc_0067,JQQJHBMK,Freemark and Kirk 2001,other_categorical,eliminate_pesticides,Organic farm,Conventional farm,abundance,cliff_swallow,cliff_swallow,species,facultative,abundance,count,,,,,usable -- comparison of two groups and thus converts to effect size without issue,test statistic,hedges_g,,,0.3003732625121707,0.43094230005839856,20,species,facultative_grassland,FALSE,FALSE,TRUE
tc_0068,JQQJHBMK,Freemark and Kirk 2001,other_categorical,eliminate_pesticides,Organic farm,Conventional farm,abundance,barn_swallow,barn_swallow,species,facultative,abundance,count,,,,,usable -- comparison of two groups and thus converts to effect size without issue,test statistic,hedges_g,,,0.8867906649826988,0.4506834872128434,20,species,facultative_grassland,FALSE,FALSE,TRUE
tc_0069,JQQJHBMK,Freemark and Kirk 2001,other_categorical,eliminate_pesticides,Organic farm,Conventional farm,abundance,blue_jay,blue_jay,species,woodland,abundance,count,,,,,usable -- comparison of two groups and thus converts to effect size without issue,test statistic,hedges_g,,,0.4576483188726227,0.4343865941220921,20,species,,FALSE,TRUE,FALSE
tc_0070,JQQJHBMK,Freemark and Kirk 2001,other_categorical,eliminate_pesticides,Organic farm,Conventional farm,abundance,american_crow,american_crow,species,facultative,abundance,count,,,,,usable -- comparison of two groups and thus converts to effect size without issue,test statistic,hedges_g,,,0.5705842554764153,0.43771545937258954,20,species,facultative_grassland,FALSE,FALSE,TRUE
tc_0071,JQQJHBMK,Freemark and Kirk 2001,other_categorical,eliminate_pesticides,Organic farm,Conventional farm,abundance,american_robin,american_robin,species,facultative,abundance,count,,,,,usable -- comparison of two groups and thus converts to effect size without issue,test statistic,hedges_g,,,0.3909983626977844,0.4327558856325659,20,species,facultative_grassland,FALSE,FALSE,TRUE
tc_0072,JQQJHBMK,Freemark and Kirk 2001,other_categorical,eliminate_pesticides,Organic farm,Conventional farm,abundance,brown_thrasher,brown_thrasher,species,shrub,abundance,count,,,,,usable -- comparison of two groups and thus converts to effect size without issue,test statistic,hedges_g,,,0.3701632444669563,0.4322975644711352,20,species,,FALSE,TRUE,FALSE
tc_0073,JQQJHBMK,Freemark and Kirk 2001,other_categorical,eliminate_pesticides,Organic farm,Conventional farm,abundance,cedar_waxwing,cedar_waxwing,species,shrub,abundance,count,,,,,usable -- comparison of two groups and thus converts to effect size without issue,test statistic,hedges_g,,,0.5743868616973379,0.4378397768945629,20,species,,FALSE,TRUE,FALSE
tc_0074,JQQJHBMK,Freemark and Kirk 2001,other_categorical,eliminate_pesticides,Organic farm,Conventional farm,abundance,european_starling,european_starling,species,other,abundance,count,,,,,usable -- comparison of two groups and thus converts to effect size without issue,test statistic,hedges_g,,,0.6543436764755413,0.44063568254557633,20,species,,FALSE,FALSE,TRUE
tc_0075,JQQJHBMK,Freemark and Kirk 2001,other_categorical,eliminate_pesticides,Organic farm,Conventional farm,abundance,yellow_warbler,yellow_warbler,species,facultative,abundance,count,,,,,usable -- comparison of two groups and thus converts to effect size without issue,test statistic,hedges_g,,,0.2403469130268946,0.4299998017718807,20,species,facultative_grassland,FALSE,FALSE,TRUE
tc_0076,JQQJHBMK,Freemark and Kirk 2001,other_categorical,eliminate_pesticides,Organic farm,Conventional farm,abundance,rose_breasted_grosbeak,rose_breasted_grosbeak,species,shrub,abundance,count,,,,,usable -- comparison of two groups and thus converts to effect size without issue,test statistic,hedges_g,,,1.48373446502594,0.4883567984849428,20,species,,FALSE,TRUE,FALSE
tc_0077,JQQJHBMK,Freemark and Kirk 2001,other_categorical,eliminate_pesticides,Organic farm,Conventional farm,abundance,chipping_sparrow,chipping_sparrow,species,facultative,abundance,count,,,,,usable -- comparison of two groups and thus converts to effect size without issue,test statistic,hedges_g,,,0,0.42831724639432595,20,species,facultative_grassland,FALSE,FALSE,TRUE
tc_0078,JQQJHBMK,Freemark and Kirk 2001,other_categorical,eliminate_pesticides,Organic farm,Conventional farm,abundance,vesper_sparrow,vesper_sparrow,species,obligate,abundance,count,,,,,usable -- comparison of two groups and thus converts to effect size without issue,test statistic,hedges_g,,,0.9035238101422703,0.451513616014144,20,species,obligate_grassland,FALSE,FALSE,TRUE
tc_0079,JQQJHBMK,Freemark and Kirk 2001,other_categorical,eliminate_pesticides,Organic farm,Conventional farm,abundance,song_sparrow,song_sparrow,species,facultative,abundance,count,,,,,usable -- comparison of two groups and thus converts to effect size without issue,test statistic,hedges_g,,,0.6331634099725659,0.43986141130135514,20,species,facultative_grassland,FALSE,FALSE,TRUE
tc_0080,JQQJHBMK,Freemark and Kirk 2001,other_categorical,eliminate_pesticides,Organic farm,Conventional farm,abundance,white_crowned_sparrow,white_crowned_sparrow,species,facultative,abundance,count,,,,,usable -- comparison of two groups and thus converts to effect size without issue,test statistic,hedges_g,,,1.4948338890381687,0.489202281734501,20,species,facultative_grassland,FALSE,FALSE,TRUE
tc_0081,JQQJHBMK,Freemark and Kirk 2001,other_categorical,eliminate_pesticides,Organic farm,Conventional farm,abundance,common_grackle,common_grackle,species,facultative,abundance,count,,,,,usable -- comparison of two groups and thus converts to effect size without issue,test statistic,hedges_g,,,0.7664193658444821,0.4451299020144054,20,species,facultative_grassland,FALSE,FALSE,TRUE
tc_0082,JQQJHBMK,Freemark and Kirk 2001,other_categorical,eliminate_pesticides,Organic farm,Conventional farm,abundance,brown_headed_cowbird,brown_headed_cowbird,species,facultative,abundance,count,,,,,usable -- comparison of two groups and thus converts to effect size without issue,test statistic,hedges_g,,,1.2824163455991702,0.4738886532143558,20,species,facultative_grassland,FALSE,FALSE,TRUE
tc_0083,JQQJHBMK,Freemark and Kirk 2001,other_categorical,eliminate_pesticides,Organic farm,Conventional farm,abundance,baltimore_oriole,baltimore_oriole,species,facultative,abundance,count,,,,,usable -- comparison of two groups and thus converts to effect size without issue,test statistic,hedges_g,,,0.3985736184453565,0.4329286162773643,20,species,facultative_grassland,FALSE,FALSE,TRUE
tc_0085,DNJ2A44M,Long et al. 2012,other_categorical,prescribed_fire,2-year burn sites,10-year burn sites,dsr,lark_sparrow,lark_sparrow,species,facultative,nest_success,count,daily_survival,logistic_exposure,,,good,log hazard ratio from odds ratio,log_hazard_ratio,,,0.42924116228946607,0.17161235230667082,,species,facultative_grassland,FALSE,FALSE,TRUE
