es_id,key,paper,source_sheet,bmp,treatment,control,response_var,species,species_key,species_group,analysis_class,response_metric,response_scale,survival_scale,link,baseline_survival,beta_is_derived,notes,species_include,treatment_control_flag,response_flag,sign,conversion,effect_metric,xbar_e,xbar_c,yi,sei,n_total,label_type,guild,fire_excluded_original,non_grassland_class,in_primary_pool,excluded_by
bc_0094,IQWJQUTF,Fink et al. 2006,beta_categorical,edge_and_shrub_habitat,Edge habitat,Glade habitat,density (territories/ha),blue_winged_warbler,blue_winged_warbler,species,shrub,abundance,count,,,,,,FALSE,apples,0,1,regression coefficient,hedges_g,0.37,,-0,0,3,species,,FALSE,TRUE,FALSE,conversion
bc_0095,IQWJQUTF,Fink et al. 2006,beta_categorical,edge_and_shrub_habitat,Edge habitat,Glade habitat,density (territories/ha),eastern_towhee,eastern_towhee,species,shrub,abundance,count,,,,,,FALSE,apples,0,1,regression coefficient,hedges_g,0.05,,-0,0,3,species,,FALSE,TRUE,FALSE,conversion
bc_0096,IQWJQUTF,Fink et al. 2006,beta_categorical,edge_and_shrub_habitat,Edge habitat,Glade habitat,density (territories/ha),field_sparrow,field_sparrow,species,facultative,abundance,count,,,,,,TRUE,apples,0,1,regression coefficient,hedges_g,0.2,,0,0,3,species,facultative_grassland,FALSE,FALSE,TRUE,conversion
bc_0097,IQWJQUTF,Fink et al. 2006,beta_categorical,edge_and_shrub_habitat,Edge habitat,Glade habitat,density (territories/ha),indigo_bunting,indigo_bunting,species,facultative,abundance,count,,,,,,TRUE,apples,0,1,regression coefficient,hedges_g,0.94,,0,0,3,species,facultative_grassland,FALSE,FALSE,TRUE,conversion
bc_0098,IQWJQUTF,Fink et al. 2006,beta_categorical,edge_and_shrub_habitat,Edge habitat,Glade habitat,density (territories/ha),northern_cardinal,northern_cardinal,species,facultative,abundance,count,,,,,,TRUE,apples,0,1,regression coefficient,hedges_g,0.32,,0,0,3,species,facultative_grassland,FALSE,FALSE,TRUE,conversion
bc_0099,IQWJQUTF,Fink et al. 2006,beta_categorical,edge_and_shrub_habitat,Edge habitat,Glade habitat,density (territories/ha),prairie_warbler,prairie_warbler,species,shrub,abundance,count,,,,,,FALSE,apples,0,1,regression coefficient,hedges_g,0.92,,-0,0,3,species,,FALSE,TRUE,FALSE,conversion
bc_0100,IQWJQUTF,Fink et al. 2006,beta_categorical,edge_and_shrub_habitat,Edge habitat,Glade habitat,density (territories/ha),white_eyed_vireo,white_eyed_vireo,species,shrub,abundance,count,,,,,,FALSE,apples,0,1,regression coefficient,hedges_g,0.42,,-0,0,3,species,,FALSE,TRUE,FALSE,conversion
bc_0101,IQWJQUTF,Fink et al. 2006,beta_categorical,edge_and_shrub_habitat,Edge habitat,Glade habitat,density (territories/ha),yellow_breasted_chat,yellow_breasted_chat,species,shrub,abundance,count,,,,,,FALSE,apples,0,1,regression coefficient,hedges_g,0.53,,-0,0,3,species,,FALSE,TRUE,FALSE,conversion
md_0755,86IBQ28G,Rahmig et al. 2009,mean_diff,prescribed_fire,Burned CRP field,Unburned CRP field,density (birds/ha) - 2004,henslows_sparrow,henslows_sparrow,species,obligate,abundance,count,,,,,,TRUE,apples,0,1,two group means,hedges_g,0,0,,,8,species,obligate_grassland,FALSE,FALSE,TRUE,conversion
md_0756,86IBQ28G,Rahmig et al. 2009,mean_diff,prescribed_fire,Burned CRP field,Unburned CRP field,density (birds/ha) - 2004,common_nighthawk,common_nighthawk,species,facultative,abundance,count,,,,,,TRUE,apples,0,1,two group means,hedges_g,0,0,,,8,species,facultative_grassland,FALSE,FALSE,TRUE,conversion
md_0758,86IBQ28G,Rahmig et al. 2009,mean_diff,prescribed_fire,Burned CRP field,Unburned CRP field,density (birds/ha) - 2004,upland_sandpiper,upland_sandpiper,species,obligate,abundance,count,,,,,,TRUE,apples,0,1,two group means,hedges_g,0,0,,,8,species,obligate_grassland,FALSE,FALSE,TRUE,conversion
md_0767,86IBQ28G,Rahmig et al. 2009,mean_diff,prescribed_fire,Burned CRP field,Unburned CRP field,density (birds/ha) - 2005,upland_sandpiper,upland_sandpiper,species,obligate,abundance,count,,,,,,TRUE,apples,0,1,two group means,hedges_g,0,0,,,8,species,obligate_grassland,FALSE,FALSE,TRUE,conversion
md_0775,86IBQ28G,Rahmig et al. 2009,mean_diff,prescribed_fire,Burned native hayfield,Unburned hayfield,density (birds/ha) - 2004,common_nighthawk,common_nighthawk,species,facultative,abundance,count,,,,,,TRUE,apples,0,1,two group means,hedges_g,0,0,,,10,species,facultative_grassland,FALSE,FALSE,TRUE,conversion
md_0777,86IBQ28G,Rahmig et al. 2009,mean_diff,prescribed_fire,Burned native hayfield,Unburned hayfield,density (birds/ha) - 2004,upland_sandpiper,upland_sandpiper,species,obligate,abundance,count,,,,,,TRUE,apples,0,1,two group means,hedges_g,0,0,,,10,species,obligate_grassland,FALSE,FALSE,TRUE,conversion
md_0787,86IBQ28G,Rahmig et al. 2009,mean_diff,prescribed_fire,Burned native hayfield,Unburned hayfield,density (birds/ha) - 2005,lark_sparrow,lark_sparrow,species,facultative,abundance,count,,,,,,TRUE,apples,0,1,two group means,hedges_g,0,0,,,10,species,facultative_grassland,FALSE,FALSE,TRUE,conversion
md_0803,86IBQ28G,Rahmig et al. 2009,mean_diff,prescribed_fire,Burned season-long grazed pasture,Unburned season-long grazed pasture,density (birds/ha) - 2005,mourning_dove,mourning_dove,species,facultative,abundance,count,,,,,,TRUE,apples,0,1,two group means,hedges_g,0,0,,,12,species,facultative_grassland,FALSE,FALSE,TRUE,conversion
md_0822,86IBQ28G,Rahmig et al. 2009,mean_diff,grazing_intensity,Burned season-long grazed pasture,Burned intensive-early season grazed pasture (1.25 cattle/ha),density (birds/ha) - 2005,mourning_dove,mourning_dove,species,facultative,abundance,count,,,,,,TRUE,apples,0,-1,two group means,hedges_g,0,0,,,12,species,facultative_grassland,FALSE,FALSE,TRUE,conversion
md_0410,9HH6YMIM,Henningsen and Best 2005,mean_diff,plant_nwsg,WSG wooded riparian filter strips,CSG wooded riparian filter strips,density (birds/count/100 ha) - 2001,eastern_meadowlark,eastern_meadowlark,species,obligate,abundance,count,,,,,,TRUE,apples,0,1,two group means,hedges_g,0,0,,,13,species,obligate_grassland,FALSE,FALSE,TRUE,conversion
md_0465,9HH6YMIM,Henningsen and Best 2005,mean_diff,plant_nwsg,WSG wooded riparian filter strips,CSG wooded riparian filter strips,nest density (nests/100 ha),dickcissel,dickcissel,species,obligate,abundance,count,,,,,,TRUE,apples,0,1,two group means,hedges_g,0,0,,,9,species,obligate_grassland,FALSE,FALSE,TRUE,conversion
md_0117,IF3VCNWP,Bock and Bock 1999,mean_diff,provide_overwintering_habitat,Ungrazed,Grazed,abundance - 97-98,montezuma_quail,montezuma_quail,species,obligate,abundance,count,,,,,,TRUE,apples,0,1,two group means,hedges_g,0,0,,,14,species,obligate_grassland,FALSE,FALSE,TRUE,conversion
md_0127,IF3VCNWP,Bock and Bock 1999,mean_diff,provide_overwintering_habitat,Ungrazed,Grazed,abundance - 97-98,spotted_towhee,spotted_towhee,species,shrub,abundance,count,,,,,,FALSE,apples,0,1,two group means,hedges_g,0,0,,,14,species,,FALSE,TRUE,FALSE,conversion
md_0136,IF3VCNWP,Bock and Bock 1999,mean_diff,provide_overwintering_habitat,Ungrazed,Grazed,abundance - 96-97,brewers_sparrow,brewers_sparrow,species,facultative,abundance,count,,,,,,TRUE,apples,0,1,two group means,hedges_g,0,0,,,14,species,facultative_grassland,FALSE,FALSE,TRUE,conversion
md_0140,IF3VCNWP,Bock and Bock 1999,mean_diff,provide_overwintering_habitat,Ungrazed,Grazed,abundance - 96-97,lark_sparrow,lark_sparrow,species,facultative,abundance,count,,,,,,TRUE,apples,0,1,two group means,hedges_g,0,0,,,14,species,facultative_grassland,FALSE,FALSE,TRUE,conversion
md_0142,IF3VCNWP,Bock and Bock 1999,mean_diff,provide_overwintering_habitat,Ungrazed,Grazed,abundance - 96-97,lark_bunting,lark_bunting,species,obligate,abundance,count,,,,,,TRUE,apples,0,1,two group means,hedges_g,0,0,,,14,species,obligate_grassland,FALSE,FALSE,TRUE,conversion
md_0148,IF3VCNWP,Bock and Bock 1999,mean_diff,provide_overwintering_habitat,Ungrazed,Grazed,abundance - 96-97,chestnut_collared_longspur,chestnut_collared_longspur,species,obligate,abundance,count,,,,,,TRUE,apples,0,1,two group means,hedges_g,0,0,,,14,species,obligate_grassland,FALSE,FALSE,TRUE,conversion
md_0153,IF3VCNWP,Bock and Bock 1999,mean_diff,provide_overwintering_habitat,Ungrazed,Grazed,abundance - 97-98,house_finch,house_finch,species,facultative,abundance,count,,,,,,TRUE,apples,0,1,two group means,hedges_g,0,0,,,14,species,facultative_grassland,FALSE,FALSE,TRUE,conversion
md_0179,IF3VCNWP,Bock and Bock 1999,mean_diff,provide_overwintering_habitat,Ungrazed,Grazed,abundance - 97-98,verdin,verdin,species,shrub,abundance,count,,,,,,FALSE,apples,0,1,two group means,hedges_g,0,0,,,14,species,,FALSE,TRUE,FALSE,conversion
md_0189,IF3VCNWP,Bock and Bock 1999,mean_diff,provide_overwintering_habitat,Ungrazed,Grazed,abundance - 97-98,eastern_bluebird,eastern_bluebird,species,facultative,abundance,count,,,,,,TRUE,apples,0,1,two group means,hedges_g,0,0,,,14,species,facultative_grassland,FALSE,FALSE,TRUE,conversion
md_0193,IF3VCNWP,Bock and Bock 1999,mean_diff,provide_overwintering_habitat,Ungrazed,Grazed,abundance - 97-98,mountain_bluebird,mountain_bluebird,species,facultative,abundance,count,,,,,,TRUE,apples,0,1,two group means,hedges_g,0,0,,,14,species,facultative_grassland,FALSE,FALSE,TRUE,conversion
md_0199,IF3VCNWP,Bock and Bock 1999,mean_diff,provide_overwintering_habitat,Ungrazed,Grazed,abundance - 97-98,cedar_waxwing,cedar_waxwing,species,shrub,abundance,count,,,,,,FALSE,apples,0,1,two group means,hedges_g,0,0,,,14,species,,FALSE,TRUE,FALSE,conversion
md_0248,ILUKKWJA,Conover et al. 2009,mean_diff,stream_exclusion_and_buffers,no field margin,wide-bordered field margin,density (birds/0.2 ha),brown_headed_cowbird,brown_headed_cowbird,species,facultative,abundance,count,,,,,Sample size is actually lower than this. They included year in their sample size.,TRUE,apples,0,-1,two group means,hedges_g,0,0,,,60,species,facultative_grassland,FALSE,FALSE,TRUE,conversion
md_0260,ILUKKWJA,Conover et al. 2009,mean_diff,stream_exclusion_and_buffers,no field margin,wide-bordered field margin,density (birds/0.2 ha),northern_mockingbird,northern_mockingbird,species,facultative,abundance,count,,,,,Sample size is actually lower than this. They included year in their sample size.,TRUE,apples,0,-1,two group means,hedges_g,0,0,,,60,species,facultative_grassland,FALSE,FALSE,TRUE,conversion
md_0263,ILUKKWJA,Conover et al. 2009,mean_diff,stream_exclusion_and_buffers,no field margin,wide-bordered field margin,density (birds/0.2 ha),red_tailed_hawk,red_tailed_hawk,species,facultative,abundance,count,,,,,Sample size is actually lower than this. They included year in their sample size.,TRUE,apples,0,-1,two group means,hedges_g,0,0,,,60,species,facultative_grassland,FALSE,FALSE,TRUE,conversion
md_0266,ILUKKWJA,Conover et al. 2009,mean_diff,stream_exclusion_and_buffers,no field margin,wide-bordered field margin,density (birds/0.2 ha),wild_turkey,wild_turkey,species,facultative,abundance,count,,,,,Sample size is actually lower than this. They included year in their sample size.,TRUE,apples,0,-1,two group means,hedges_g,0,0,,,60,species,facultative_grassland,FALSE,FALSE,TRUE,conversion
md_0269,ILUKKWJA,Conover et al. 2009,mean_diff,stream_exclusion_and_buffers,no field margin,wide-bordered field margin,density (birds/0.2 ha),killdeer,killdeer,species,facultative,abundance,count,,,,,Sample size is actually lower than this. They included year in their sample size.,TRUE,apples,0,-1,two group means,hedges_g,0,0,,,60,species,facultative_grassland,FALSE,FALSE,TRUE,conversion
md_0272,ILUKKWJA,Conover et al. 2009,mean_diff,stream_exclusion_and_buffers,no field margin,wide-bordered field margin,density (birds/0.2 ha),great_crested_flycatcher,great_crested_flycatcher,species,shrub,abundance,count,,,,,Sample size is actually lower than this. They included year in their sample size.,FALSE,apples,0,-1,two group means,hedges_g,0,0,,,60,species,,FALSE,TRUE,FALSE,conversion
md_0275,ILUKKWJA,Conover et al. 2009,mean_diff,stream_exclusion_and_buffers,no field margin,wide-bordered field margin,density (birds/0.2 ha),horned_lark,horned_lark,species,obligate,abundance,count,,,,,Sample size is actually lower than this. They included year in their sample size.,TRUE,apples,0,-1,two group means,hedges_g,0,0,,,60,species,obligate_grassland,FALSE,FALSE,TRUE,conversion
md_0278,ILUKKWJA,Conover et al. 2009,mean_diff,stream_exclusion_and_buffers,no field margin,wide-bordered field margin,density (birds/0.2 ha),brown_thrasher,brown_thrasher,species,shrub,abundance,count,,,,,Sample size is actually lower than this. They included year in their sample size.,FALSE,apples,0,-1,two group means,hedges_g,0,0,,,60,species,,FALSE,TRUE,FALSE,conversion
md_0280,ILUKKWJA,Conover et al. 2009,mean_diff,stream_exclusion_and_buffers,no field margin,narrow field margin,density (birds/0.2 ha),blue_grosbeak,blue_grosbeak,species,facultative,abundance,count,,,,,Sample size is actually lower than this. They included year in their sample size.,TRUE,apples,0,-1,two group means,hedges_g,0,0,,,93,species,facultative_grassland,FALSE,FALSE,TRUE,conversion
md_0284,ILUKKWJA,Conover et al. 2009,mean_diff,stream_exclusion_and_buffers,no field margin,wide-bordered field margin,density (birds/0.2 ha),painted_bunting,painted_bunting,species,facultative,abundance,count,,,,,Sample size is actually lower than this. They included year in their sample size.,TRUE,apples,0,-1,two group means,hedges_g,0,0,,,60,species,facultative_grassland,FALSE,FALSE,TRUE,conversion
md_0286,ILUKKWJA,Conover et al. 2009,mean_diff,stream_exclusion_and_buffers,no field margin,narrow field margin,density (birds/0.2 ha),eastern_towhee,eastern_towhee,species,shrub,abundance,count,,,,,Sample size is actually lower than this. They included year in their sample size.,FALSE,apples,0,-1,two group means,hedges_g,0,0,,,93,species,,FALSE,TRUE,FALSE,conversion
md_0290,ILUKKWJA,Conover et al. 2009,mean_diff,stream_exclusion_and_buffers,no field margin,wide-bordered field margin,density (birds/0.2 ha),orchard_oriole,orchard_oriole,species,facultative,abundance,count,,,,,Sample size is actually lower than this. They included year in their sample size.,TRUE,apples,0,-1,two group means,hedges_g,0,0,,,60,species,facultative_grassland,FALSE,FALSE,TRUE,conversion
md_0546,K2FW7NWY,Madden et al. 1999,mean_diff,prescribed_fire,Time since fire (<1 year),More than 80 years since fire,number of singing males - 1993,bairds_sparrow,bairds_sparrow,species,obligate,abundance,count,,,,,At one point Amy asked to remove the year-of-burn ... should we? Sample size is number of point counts,TRUE,apples,0,1,two group means,hedges_g,0,0,,,42,species,obligate_grassland,FALSE,FALSE,TRUE,conversion
md_0551,K2FW7NWY,Madden et al. 1999,mean_diff,prescribed_fire,Time since fire (<1 year),More than 80 years since fire,number of singing males - 1993,grasshopper_sparrow,grasshopper_sparrow,species,obligate,abundance,count,,,,,Sample size is number of point counts,TRUE,apples,0,1,two group means,hedges_g,0,0,,,42,species,obligate_grassland,FALSE,FALSE,TRUE,conversion
md_0553,K2FW7NWY,Madden et al. 1999,mean_diff,prescribed_fire,Time since fire (<1 year),More than 80 years since fire,number of singing males - 1993,spragues_pipit,spragues_pipit,species,obligate,abundance,count,,,,,Sample size is number of point counts,TRUE,apples,0,1,two group means,hedges_g,0,0,,,42,species,obligate_grassland,FALSE,FALSE,TRUE,conversion
md_0554,K2FW7NWY,Madden et al. 1999,mean_diff,prescribed_fire,Time since fire (<1 year),More than 80 years since fire,number of singing males - 1993,western_meadowlark,western_meadowlark,species,obligate,abundance,count,,,,,Sample size is number of point counts,TRUE,apples,0,1,two group means,hedges_g,0,0,,,42,species,obligate_grassland,FALSE,FALSE,TRUE,conversion
md_0590,K2FW7NWY,Madden et al. 1999,mean_diff,prescribed_fire,Time since fire (6 years),More than 80 years since fire,number of singing males - 1993,bairds_sparrow,bairds_sparrow,species,obligate,abundance,count,,,,,Sample size is number of point counts,TRUE,apples,0,1,two group means,hedges_g,0,0,,,43,species,obligate_grassland,TRUE,FALSE,TRUE,conversion
md_0598,K2FW7NWY,Madden et al. 1999,mean_diff,prescribed_fire,Time since fire (6 years),More than 80 years since fire,number of singing males - 1993,western_meadowlark,western_meadowlark,species,obligate,abundance,count,,,,,Sample size is number of point counts,TRUE,apples,0,1,two group means,hedges_g,0,0,,,43,species,obligate_grassland,TRUE,FALSE,TRUE,conversion
md_0601,K2FW7NWY,Madden et al. 1999,mean_diff,prescribed_fire,Time since fire (7 years),More than 80 years since fire,number of singing males - 1993,bairds_sparrow,bairds_sparrow,species,obligate,abundance,count,,,,,Sample size is number of point counts,TRUE,apples,0,1,two group means,hedges_g,0,0,,,37,species,obligate_grassland,TRUE,FALSE,TRUE,conversion
md_0609,K2FW7NWY,Madden et al. 1999,mean_diff,prescribed_fire,Time since fire (7 years),More than 80 years since fire,number of singing males - 1993,western_meadowlark,western_meadowlark,species,obligate,abundance,count,,,,,Sample size is number of point counts,TRUE,apples,0,1,two group means,hedges_g,0,0,,,37,species,obligate_grassland,TRUE,FALSE,TRUE,conversion
md_0618,K2FW7NWY,Madden et al. 1999,mean_diff,prescribed_fire,Time since fire (<1 year),More than 80 years since fire,number of singing males - 1994,lecontes_sparrow,lecontes_sparrow,species,obligate,abundance,count,,,,,Sample size is number of point counts,TRUE,apples,0,1,two group means,hedges_g,0,0,,,50,species,obligate_grassland,FALSE,FALSE,TRUE,conversion
md_0654,K2FW7NWY,Madden et al. 1999,mean_diff,prescribed_fire,Time since fire (7 years),More than 80 years since fire,number of singing males - 1994,lecontes_sparrow,lecontes_sparrow,species,obligate,abundance,count,,,,,Sample size is number of point counts,TRUE,apples,0,1,two group means,hedges_g,0,0,,,36,species,obligate_grassland,TRUE,FALSE,TRUE,conversion
md_0657,K2FW7NWY,Madden et al. 1999,mean_diff,prescribed_fire,Time since fire (7 years),More than 80 years since fire,number of singing males - 1994,western_meadowlark,western_meadowlark,species,obligate,abundance,count,,,,,Sample size is number of point counts,TRUE,apples,0,1,two group means,hedges_g,0,0,,,36,species,obligate_grassland,TRUE,FALSE,TRUE,conversion
md_0665,K2FW7NWY,Madden et al. 1999,mean_diff,prescribed_fire,Time since fire (8 years),More than 80 years since fire,number of singing males - 1994,grasshopper_sparrow,grasshopper_sparrow,species,obligate,abundance,count,,,,,Sample size is number of point counts,TRUE,apples,0,1,two group means,hedges_g,0,0,,,39,species,obligate_grassland,TRUE,FALSE,TRUE,conversion
md_0666,K2FW7NWY,Madden et al. 1999,mean_diff,prescribed_fire,Time since fire (8 years),More than 80 years since fire,number of singing males - 1994,lecontes_sparrow,lecontes_sparrow,species,obligate,abundance,count,,,,,Sample size is number of point counts,TRUE,apples,0,1,two group means,hedges_g,0,0,,,39,species,obligate_grassland,TRUE,FALSE,TRUE,conversion
md_0668,K2FW7NWY,Madden et al. 1999,mean_diff,prescribed_fire,Time since fire (8 years),More than 80 years since fire,number of singing males - 1994,spragues_pipit,spragues_pipit,species,obligate,abundance,count,,,,,Sample size is number of point counts,TRUE,apples,0,1,two group means,hedges_g,0,0,,,39,species,obligate_grassland,TRUE,FALSE,TRUE,conversion
md_0669,K2FW7NWY,Madden et al. 1999,mean_diff,prescribed_fire,Time since fire (8 years),More than 80 years since fire,number of singing males - 1994,western_meadowlark,western_meadowlark,species,obligate,abundance,count,,,,,Sample size is number of point counts,TRUE,apples,0,1,two group means,hedges_g,0,0,,,39,species,obligate_grassland,TRUE,FALSE,TRUE,conversion
tc_0035,WGS7B9Z6,Gardner et al. 2017,other_categorical,remove_non_native_species,Removal of invasive honeysuckle,No removal of invasive honeysuckle,abundance,all_species,all_species,aggregate,,abundance,count,,,,,usable -- comparison of two groups and thus converts to effect size without issue,TRUE,apples,0,1,test statistic,hedges_g,,,,,2,community,,FALSE,FALSE,TRUE,conversion
bc_0040,4G526MHA,Coon et al. 2022,beta_categorical,plant_nwsg,Herbicide spraying and seeding (native seed mix),Herbicide spraying only,Total nests per patch,dickcissel,dickcissel,species,obligate,abundance,count,,log,,TRUE,from supplemental table S4; B = B_treatment - B_control; SE = sqrt(SE_control^2 + se_treatment^2),TRUE,apples,0,1,regression coefficient,hedges_g,,,0.6060915267313264,0.6102859818083951,4,species,obligate_grassland,FALSE,FALSE,TRUE,duplicate_expression
bc_0043,4G526MHA,Coon et al. 2022,beta_categorical,eliminate_pesticides,Herbicide spraying only,No spraying or seeding fescue field,Total nests per patch,dickcissel,dickcissel,species,obligate,abundance,count,,log,,FALSE,from supplemental table S4,TRUE,apples,0,-1,regression coefficient,hedges_g,,,-0.940601057878124,0.661151953793588,4,species,obligate_grassland,FALSE,FALSE,TRUE,duplicate_expression
md_0338,IAAZA5MM,Denny et al. 2021,mean_diff,delay_hay,late hay,early hay,dsr,savannah_sparrow,savannah_sparrow,species,obligate,nest_success,count,daily_survival,,,,"Chose Philopatric, sample size is not provide by treatment, so this is assuming an even number of nests per treatment",TRUE,apples,0,1,log hazard ratio from arm survival,log_hazard_ratio,0.96,0.929,0.590056147599046,0.24048468707577456,70,species,obligate_grassland,FALSE,FALSE,TRUE,duplicate_expression
md_0340,IAAZA5MM,Denny et al. 2021,mean_diff,delay_hay,late hay,early hay,dsr,bobolink,bobolink,species,obligate,nest_success,count,daily_survival,,,,"Chose Philopatric, sample size is not provide by treatment, so this is assuming an even number of nests per treatment",TRUE,apples,0,1,log hazard ratio from arm survival,log_hazard_ratio,0.967,0.94,0.6118837110048623,0.2949376020867945,57,species,obligate_grassland,FALSE,FALSE,TRUE,duplicate_expression
md_1211,QX25INTP,Buckley et al. 2022,mean_diff,rotational_grazing,Rotational grazing,Pre-treatment,daily survival rate,red_winged_blackbird,red_winged_blackbird,species,facultative,nest_success,count,daily_survival,,,,Traced from plot,TRUE,apples,0,1,log hazard ratio from arm survival,log_hazard_ratio,0.9435,0.9775,-0.9383069388952668,0.8733248562792297,32,species,facultative_grassland,FALSE,FALSE,TRUE,duplicate_expression
md_1212,QX25INTP,Buckley et al. 2022,mean_diff,rotational_grazing,Rotational grazing,Pre-treatment,daily survival rate,field_sparrow,field_sparrow,species,facultative,nest_success,count,daily_survival,,,,Traced from plot,TRUE,apples,0,1,log hazard ratio from arm survival,log_hazard_ratio,0.9455,0.954,-0.1739957394891576,0.6575190812052184,97,species,facultative_grassland,FALSE,FALSE,TRUE,duplicate_expression
md_1213,QX25INTP,Buckley et al. 2022,mean_diff,rotational_grazing,Rotational grazing,Pre-treatment,daily survival rate,indigo_bunting,indigo_bunting,species,facultative,nest_success,count,daily_survival,,,,Traced from plot,TRUE,apples,0,1,log hazard ratio from arm survival,log_hazard_ratio,0.9327,0.9231,0.13845413446769994,0.35947787147365257,21,species,facultative_grassland,FALSE,FALSE,TRUE,duplicate_expression
md_1114,V8UPXK6I,Fleming and Giuliano 1998,mean_diff,edge_and_shrub_habitat,Border-edge cut,Uncut edge,DSR,all_species,all_species,aggregate,,nest_success,count,daily_survival,,,,Border-edge cuts are defined as transitional shrub zones ... the comparison is abrupt edge (see Table 2 and 3),TRUE,apples,0,1,log hazard ratio from arm survival,log_hazard_ratio,0.95,0.8,1.470255262282648,0.21272631250884275,60,community,,FALSE,FALSE,TRUE,duplicate_expression
md_1115,V8UPXK6I,Fleming and Giuliano 1998,mean_diff,edge_and_shrub_habitat,Border-edge cut,Uncut edge,Depredation rate,all_species,all_species,aggregate,,nest_success,count,period_survival,,,,Border-edge cuts are defined as transitional shrub zones ... the comparison is abrupt edge (see Table 2 and 3),TRUE,apples,0,-1,log hazard ratio from arm survival,log_hazard_ratio,0.47,0.4,-0.2174049966752384,0.5056829367726161,60,community,,FALSE,FALSE,TRUE,duplicate_expression
md_0922,VGVWR7ZM,Sandercock et al. 2015,mean_diff,prescribed_fire,Burned (Year of burn),Unburned,dsr,upland_sandpiper,upland_sandpiper,species,obligate,nest_success,count,daily_survival,logit,,,Might want to choose *either* dsr or nest survival,TRUE,apples,0,1,log hazard ratio from arm survival,log_hazard_ratio,0.9326,0.9495,-0.2975602683131173,0.16197642858885294,207,species,obligate_grassland,FALSE,FALSE,TRUE,duplicate_expression
md_0963,XRV7BSRZ,Sutter and Brigham 1998,mean_diff,plant_nwsg,Native vegetation fields,Introduced vegetation fields,species diversity,all_species,all_species,aggregate,,species_richness,diversity,,,,,,TRUE,apples,0,1,two group means,hedges_g,1.8,1.8,0,0.5712501579659007,10,community,,FALSE,FALSE,TRUE,duplicate_expression
md_0549,K2FW7NWY,Madden et al. 1999,mean_diff,prescribed_fire,Time since fire (<1 year),More than 80 years since fire,number of singing males - 1993,clay_colored_sparrow,clay_colored_sparrow,species,facultative,abundance,count,,,,,Sample size is number of point counts,TRUE,apples,0,1,two group means,hedges_g,33,0.57,72.78155904776304,7.949070194631831,42,species,facultative_grassland,FALSE,FALSE,TRUE,implausible_effect
bc_0002,47Y8JMQT,Assandri et al. 2017,beta_categorical,eliminate_pesticides,Organic vineyard,Conventional vineyard,Daily nest failure,all_species,all_species,aggregate,,nest_success,count,daily_survival,logit,,,,TRUE,apples,0,1,log hazard ratio from logit coefficient,log_hazard_ratio,,,,,104,community,,FALSE,FALSE,TRUE,nest_hazard_scale
bc_0102,57RFAGS5,Howell et al. 2021,beta_categorical,edge_and_shrub_habitat,High edge density,No edge,Proportion of eggs hatched for a given clutch size,northern_bobwhite,northern_bobwhite,species,facultative,nest_success,count,period_survival,identity,,,Proportion of eggs hatched for a given clutch size,TRUE,apples,0,1,log hazard ratio from identity coefficient,log_hazard_ratio,,,,,308,species,facultative_grassland,FALSE,FALSE,TRUE,nest_hazard_scale
bc_0049,KSACJCJN,Hovick and Miller 2016,beta_categorical,edge_and_shrub_habitat,Near (within 0.5 m^2 quadrat) woody cover,Not near (within 0.5 m^2 quadrat) woody cover,Nest survival,eastern_meadowlark,eastern_meadowlark,species,obligate,nest_success,count,period_survival,logit,,,,TRUE,apples,0,1,log hazard ratio from logit coefficient,log_hazard_ratio,,,,,95,species,obligate_grassland,FALSE,FALSE,TRUE,nest_hazard_scale
bc_0078,SDG3KUBT,Read et al. 2021,beta_categorical,eliminate_pesticides,Post-azinthos methyl ban,Pre-azinphos-methyl ban,fledging success,eastern_bluebird,eastern_bluebird,species,facultative,nest_success,count,period_survival,,,,I wonder if this is a fair comparison for eliminate pesticides? Nest survival of Eastern bluebirds in conventional orchards vs. non-orchard sites,TRUE,grapes,0,-1,regression coefficient,hedges_g,,,,,1662,species,facultative_grassland,FALSE,FALSE,TRUE,nest_hazard_scale
md_0947,9I8F9LQV,Shochat et al. 2005,mean_diff,prescribed_fire,Burned roadsides,Unburned roadsides,nest_success,all_species,all_species,aggregate,,nest_success,count,period_survival,,,,Estimate represents a beta coefficient,TRUE,apples,0,1,log hazard ratio from arm survival,log_hazard_ratio,-0.001,-0.0016,,,115,community,,FALSE,FALSE,TRUE,nest_hazard_scale
tc_0037,2W9S5HLE,Green et al. 1997,other_categorical,mow_towards_refugia,Fields mowed from the inside-out,Fields mowed from the outside-in,Proportion of chicks killed,corncrake,corncrake,species,facultative,nest_success,count,period_survival,,,,usable -- comparison of two groups and thus converts to effect size without issue; sample size estimated from the number of farms,TRUE,apples,0,1,test statistic,hedges_g,,,,,10,species,facultative_grassland,FALSE,FALSE,TRUE,nest_hazard_scale
tc_0038,2W9S5HLE,Green et al. 1997,other_categorical,mow_towards_refugia,Fields mowed from the inside-out,Fields mowed in strips,Proportion of chicks killed,corncrake,corncrake,species,facultative,nest_success,count,period_survival,,,,usable -- comparison of two groups and thus converts to effect size without issue; sample size estimated from the number of farms,TRUE,apples,0,1,test statistic,hedges_g,,,,,9,species,facultative_grassland,FALSE,FALSE,TRUE,nest_hazard_scale
tc_0052,ASXX3FVX,Robertson and Rendell 1990,other_categorical,install_nest_boxes,Nest boxes,Natural cavities,nest_success (1986),tree_swallow,tree_swallow,species,shrub,nest_success,count,period_survival,,,,usable -- comparison of two groups and thus converts to effect size without issue,FALSE,apples,0,1,test statistic,hedges_g,,,,,138,species,,FALSE,TRUE,FALSE,nest_hazard_scale
tc_0053,ASXX3FVX,Robertson and Rendell 1990,other_categorical,install_nest_boxes,Nest boxes,Natural cavities,nest_success (1987),tree_swallow,tree_swallow,species,shrub,nest_success,count,period_survival,,,,usable -- comparison of two groups and thus converts to effect size without issue,FALSE,apples,0,1,test statistic,hedges_g,,,,,119,species,,FALSE,TRUE,FALSE,nest_hazard_scale
tc_0041,H9PA8BNU,Kragten and de Snoo 2007,other_categorical,eliminate_pesticides,Organic farm,Conventional farm,nest_success (2005),northern_lapwing,northern_lapwing,species,obligate,nest_success,count,period_survival,,,,"usable -- d is distributed approximately as chi-squared, where df = 1",TRUE,apples,0,1,test statistic,hedges_g,,,,,125,species,obligate_grassland,FALSE,FALSE,TRUE,nest_hazard_scale
tc_0042,H9PA8BNU,Kragten and de Snoo 2007,other_categorical,eliminate_pesticides,Organic farm,Conventional farm,nest_success (2006),northern_lapwing,northern_lapwing,species,obligate,nest_success,count,period_survival,,,,"usable -- d is distributed approximately as chi-squared, where df = 1",TRUE,apples,0,1,test statistic,hedges_g,,,,,117,species,obligate_grassland,FALSE,FALSE,TRUE,nest_hazard_scale
bc_0081,2BZJQK83,Shave et al. 2018,beta_categorical,install_nest_boxes,Sites with kestrel nest boxes,Sites without kestrel nest boxes,abundance,frugivores,frugivores,guild,other,abundance,count,,,,,Double-check whether this is reasonable for install_nest_boxes (who is the target spp?); T: Target species was frugivores; Sample size obtained from data available online,TRUE,apples,1,1,regression coefficient,hedges_g,,,-0.7559700086563247,0.13056131160789092,250,species,,FALSE,FALSE,TRUE,response_flag
bc_0103,57RFAGS5,Howell et al. 2021,beta_categorical,edge_and_shrub_habitat,High edge density,No edge,Number of female chicks per female,northern_bobwhite,northern_bobwhite,species,facultative,nest_success,count,period_survival,identity,,,Number of female chicks per female,TRUE,apples,1,1,log hazard ratio from identity coefficient,log_hazard_ratio,,,,,308,species,facultative_grassland,FALSE,FALSE,TRUE,response_flag
md_0512,4KV5TD3V,Korpimaki 1984,mean_diff,install_nest_boxes,nest boxes,natural cavities,number of fledglings,boreal_owl,boreal_owl,species,woodland,nest_success,count,period_survival,,,,Number of fledglings isn't really nest success; Not sure if this is a strong case for the install_nest_boxes bmp; Treatment is defined here as nest boxes,FALSE,apples,1,1,log hazard ratio from arm survival,log_hazard_ratio,2.88,2.47,0.04238082105190743,0.2933790841540438,261,species,,FALSE,TRUE,FALSE,response_flag
md_0674,4RK5Q255,Martínez-Padilla and Fargallo 2008,mean_diff,install_nest_boxes,Sites with kestrel nest boxes,sites without kestrel nest boxes,abundance,eurasian_skylark,eurasian_skylark,species,facultative,abundance,count,,,,,"Sample size is questionable. Here, we defined it by the number of samples in high density kestrel sites",TRUE,apples,1,1,two group means,hedges_g,1.72,5.26,-4.803352738647706,1.1159593328016726,12,species,facultative_grassland,FALSE,FALSE,TRUE,response_flag
md_0986,5SEWHNW8,Valente et al. 2019,mean_diff,remove_non_native_species,Removal of Russian olive,No removal of Russian olive,occupancy,american_robin,american_robin,species,facultative,occupancy,count,,,,,"xbar_e outside of bounds, probably 0.67 (changed as such because occupancy bounds are 0 to 1)",TRUE,apples,1,1,two group means,hedges_g,0.67,0.8,-0.26683355461885566,0.26944724638566353,54,species,facultative_grassland,FALSE,FALSE,TRUE,response_flag
md_1078,5UK425N9,Powell and Busby 2013,mean_diff,prescribed_fire,Burned idle fields,Unburned idle fields,species_richness,all_species,all_species,aggregate,,species_richness,count,,,,,We should choose *either* species richness or shannon diversity,TRUE,apples,1,1,two group means,hedges_g,7.7,8.8,-0.43218116045023336,0.3596338833808404,30,community,,FALSE,FALSE,TRUE,response_flag
md_1079,5UK425N9,Powell and Busby 2013,mean_diff,prescribed_fire,Burned idle fields,Unburned idle fields,shannon diversity,all_species,all_species,aggregate,,species_richness,diversity,,,,,,TRUE,apples,1,1,two group means,hedges_g,1.8,1.8,0,0.3552794967601077,30,community,,FALSE,FALSE,TRUE,response_flag
md_0477,6L2Y9PFL,Herakovich et al. 2021,mean_diff,prescribed_fire,Sites burned that year,Sites not burned that year,detection frequency,grasshopper_sparrow,grasshopper_sparrow,species,obligate,abundance,count,,,,,At one point Amy asked to remove the year-of-burn ... should we?,TRUE,apples,1,1,two group means,hedges_g,0.38,0.1,1.0864574779593617,0.5094565502554949,18,species,obligate_grassland,TRUE,FALSE,TRUE,response_flag
md_0478,6L2Y9PFL,Herakovich et al. 2021,mean_diff,prescribed_fire,Sites burned that year,Sites not burned that year,detection frequency,dickcissel,dickcissel,species,obligate,abundance,count,,,,,,TRUE,apples,1,1,two group means,hedges_g,0.98,0.93,0.8484483870235683,0.4967430022871581,18,species,obligate_grassland,TRUE,FALSE,TRUE,response_flag
md_0337,926Z83RQ,de Zwaan et al. 2024,mean_diff,edge_and_shrub_habitat,farms with woody features,farms without woody features,abundance,all_species,all_species,aggregate,,abundance,count,,,,,"653 study sites total contributed to the prediction, but this was based on a projection from proportion of LWF, so I divided it in half",TRUE,apples,1,1,two group means,hedges_g,8.7,7.557,0.02986109936097606,0.07818030348742773,653,community,,FALSE,FALSE,TRUE,response_flag
md_1265,AGDXXJXK,George et al. 2013,mean_diff,plant_nwsg,Native mixed grass prairie,Old world bluestem monoculture,density (birds/ha),northern_bobwhite,northern_bobwhite,species,facultative,abundance,count,,,,,Traced from plot,TRUE,apples,1,1,two group means,hedges_g,0.0594,0.0019289,1.1178311532958043,0.5797310631741205,12,species,facultative_grassland,FALSE,FALSE,TRUE,response_flag
md_1105,DJXGBKZP,Conover et al. 2011b,mean_diff,edge_and_shrub_habitat,Wide buffer adjacent to edge,Narrow buffer adjacent to edge,fledglings per successful nest,red_winged_blackbird,red_winged_blackbird,species,facultative,nest_success,count,period_survival,,,,"Productivity measure, not nest success",TRUE,apples,1,1,log hazard ratio from arm survival,log_hazard_ratio,2.49,2.3,0.02126590741685352,0.04204139691462619,61,species,facultative_grassland,FALSE,FALSE,TRUE,response_flag
md_1075,E2DZAQQ4,Perlut et al. 2008b,mean_diff,delay_hay,Late hay,Early hay,annual productivity (# female young/female/year),savannah_sparrow,savannah_sparrow,species,obligate,nest_success,count,period_survival,,,,"Productivity measure, not nest success",TRUE,apples,1,1,log hazard ratio from arm survival,log_hazard_ratio,1.4,0.65,-2.293459841574033,0.25179995761339513,441,species,obligate_grassland,FALSE,FALSE,TRUE,response_flag
md_1076,E2DZAQQ4,Perlut et al. 2008b,mean_diff,delay_hay,Late hay,Early hay,annual productivity (# female young/female/year),bobolink,bobolink,species,obligate,nest_success,count,period_survival,,,,,TRUE,apples,1,1,log hazard ratio from arm survival,log_hazard_ratio,1.4,0.02,-0.08725421796085464,0.2562840509974684,203,species,obligate_grassland,FALSE,FALSE,TRUE,response_flag
md_1182,EF9SGNSA,Patten et al. 2006,mean_diff,edge_and_shrub_habitat,Distance to woody vegetation <= 21 m,Distance to woody vegetation > 21 m,Brood parasitism rate,dickcissel,dickcissel,species,obligate,nest_success,count,period_survival,,,,Consider whether this is an adequate proxy for nest success,TRUE,apples,1,-1,log hazard ratio from arm survival,log_hazard_ratio,29.06,8.89,-1.3050064854550336,0.5167221674894152,248,species,obligate_grassland,FALSE,FALSE,TRUE,response_flag
md_1183,EF9SGNSA,Patten et al. 2006,mean_diff,prescribed_fire,Burned,Unburned,Brood parasitism rate,eastern_meadowlark,eastern_meadowlark,species,obligate,nest_success,count,period_survival,,,,,TRUE,apples,1,-1,log hazard ratio from arm survival,log_hazard_ratio,7.54,2.99,-0.9487501088174636,0.4410504299400731,486,species,obligate_grassland,FALSE,FALSE,TRUE,response_flag
md_1184,EF9SGNSA,Patten et al. 2006,mean_diff,prescribed_fire,Burned,Unburned,Brood parasitism rate,red_winged_blackbird,red_winged_blackbird,species,facultative,nest_success,count,period_survival,,,,,TRUE,apples,1,-1,log hazard ratio from arm survival,log_hazard_ratio,27.27,2.6,-2.4921198230281627,0.9131821112843964,88,species,facultative_grassland,FALSE,FALSE,TRUE,response_flag
md_0543,GE3868HZ,Lloyd and Martin 2005,mean_diff,plant_nwsg,Native NSWG prairie,CSG,clutch size,chestnut_collared_longspur,chestnut_collared_longspur,species,obligate,nest_success,count,period_survival,,,,Response not really nest success; Treatment is defined here as the NWSG prairie,TRUE,apples,1,1,log hazard ratio from arm survival,log_hazard_ratio,4,4,-0,0.0084059339084541,214,species,obligate_grassland,FALSE,FALSE,TRUE,response_flag
md_0872,GP94VHUQ,Riffell et al. 2015,mean_diff,edge_and_shrub_habitat,Near forest edges with adjacent herbaceous buffers,Near forest edges without adjacent herbaceous buffers,log abundance of males,american_goldfinch,american_goldfinch,species,facultative,abundance,count,,,,,Need to consider whether this represents edge and shrub; Questionable sample size,TRUE,apples,1,1,two group means,hedges_g,0.92,0.21,1.0204988404734303,0.20912480313028983,102,species,facultative_grassland,FALSE,FALSE,TRUE,response_flag
md_0873,GP94VHUQ,Riffell et al. 2015,mean_diff,edge_and_shrub_habitat,Near forest edges with adjacent herbaceous buffers,Near forest edges without adjacent herbaceous buffers,log abundance of males,blue_grosbeak,blue_grosbeak,species,facultative,abundance,count,,,,,Questionable sample size,TRUE,apples,1,1,two group means,hedges_g,1.1,1.03,0.1694480102695765,0.1968983032865176,102,species,facultative_grassland,FALSE,FALSE,TRUE,response_flag
md_0874,GP94VHUQ,Riffell et al. 2015,mean_diff,edge_and_shrub_habitat,Near forest edges with adjacent herbaceous buffers,Near forest edges without adjacent herbaceous buffers,log abundance of males,brown_thrasher,brown_thrasher,species,shrub,abundance,count,,,,,Questionable sample size,FALSE,apples,1,1,two group means,hedges_g,0.95,-0.25,1.7471917306609013,0.23150012122848485,102,species,,FALSE,TRUE,FALSE,response_flag
md_0875,GP94VHUQ,Riffell et al. 2015,mean_diff,edge_and_shrub_habitat,Near forest edges with adjacent herbaceous buffers,Near forest edges without adjacent herbaceous buffers,log abundance of males,carolina_wren,carolina_wren,species,shrub,abundance,count,,,,,Questionable sample size,FALSE,apples,1,1,two group means,hedges_g,1.24,1.45,-0.6832559089224444,0.2022785662182017,102,species,,FALSE,TRUE,FALSE,response_flag
md_0876,GP94VHUQ,Riffell et al. 2015,mean_diff,edge_and_shrub_habitat,Near forest edges with adjacent herbaceous buffers,Near forest edges without adjacent herbaceous buffers,log abundance of males,eastern_towhee,eastern_towhee,species,shrub,abundance,count,,,,,Questionable sample size,FALSE,apples,1,1,two group means,hedges_g,0.71,0.72,-0.04315135665250085,0.19656378431628757,102,species,,FALSE,TRUE,FALSE,response_flag
md_0877,GP94VHUQ,Riffell et al. 2015,mean_diff,edge_and_shrub_habitat,Near forest edges with adjacent herbaceous buffers,Near forest edges without adjacent herbaceous buffers,log abundance of males,field_sparrow,field_sparrow,species,facultative,abundance,count,,,,,Questionable sample size,TRUE,apples,1,1,two group means,hedges_g,0.77,-0.98,7.0847267217853,0.5335485360658974,102,species,facultative_grassland,FALSE,FALSE,TRUE,response_flag
md_0878,GP94VHUQ,Riffell et al. 2015,mean_diff,edge_and_shrub_habitat,Near forest edges with adjacent herbaceous buffers,Near forest edges without adjacent herbaceous buffers,log abundance of males,gray_catbird,gray_catbird,species,shrub,abundance,count,,,,,Questionable sample size,FALSE,apples,1,1,two group means,hedges_g,0.42,0.73,-0.4183555810584618,0.1987112016488484,102,species,,FALSE,TRUE,FALSE,response_flag
md_0879,GP94VHUQ,Riffell et al. 2015,mean_diff,edge_and_shrub_habitat,Near forest edges with adjacent herbaceous buffers,Near forest edges without adjacent herbaceous buffers,log abundance of males,indigo_bunting,indigo_bunting,species,facultative,abundance,count,,,,,Questionable sample size,TRUE,apples,1,1,two group means,hedges_g,1.78,1.66,0.9520206427761296,0.20753566680067648,102,species,facultative_grassland,FALSE,FALSE,TRUE,response_flag
md_0880,GP94VHUQ,Riffell et al. 2015,mean_diff,edge_and_shrub_habitat,Near forest edges with adjacent herbaceous buffers,Near forest edges without adjacent herbaceous buffers,log abundance of males,northern_cardinal,northern_cardinal,species,facultative,abundance,count,,,,,Questionable sample size,TRUE,apples,1,1,two group means,hedges_g,1.54,1.52,0.12799551306605914,0.19674476296629104,102,species,facultative_grassland,FALSE,FALSE,TRUE,response_flag
md_0881,GP94VHUQ,Riffell et al. 2015,mean_diff,edge_and_shrub_habitat,Near forest edges with adjacent herbaceous buffers,Near forest edges without adjacent herbaceous buffers,log abundance of males,painted_bunting,painted_bunting,species,facultative,abundance,count,,,,,Questionable sample size,TRUE,apples,1,1,two group means,hedges_g,0.88,0.04,0.9442036198470544,0.20736053643397945,102,species,facultative_grassland,FALSE,FALSE,TRUE,response_flag
md_0882,GP94VHUQ,Riffell et al. 2015,mean_diff,edge_and_shrub_habitat,Near forest edges with adjacent herbaceous buffers,Near forest edges without adjacent herbaceous buffers,log abundance of males,prairie_warbler,prairie_warbler,species,shrub,abundance,count,,,,,Questionable sample size,FALSE,apples,1,1,two group means,hedges_g,0.85,0.3,0.787682674373468,0.20413129548057832,102,species,,FALSE,TRUE,FALSE,response_flag
md_0883,GP94VHUQ,Riffell et al. 2015,mean_diff,edge_and_shrub_habitat,Near forest edges with adjacent herbaceous buffers,Near forest edges without adjacent herbaceous buffers,log abundance of males,white_eyed_vireo,white_eyed_vireo,species,shrub,abundance,count,,,,,Questionable sample size,FALSE,apples,1,1,two group means,hedges_g,0.34,0.42,-0.19359729347497892,0.19700740777635511,102,species,,FALSE,TRUE,FALSE,response_flag
md_0884,GP94VHUQ,Riffell et al. 2015,mean_diff,edge_and_shrub_habitat,Near forest edges with adjacent herbaceous buffers,Near forest edges without adjacent herbaceous buffers,log abundance of males,yellow_breasted_chat,yellow_breasted_chat,species,shrub,abundance,count,,,,,Questionable sample size,FALSE,apples,1,1,two group means,hedges_g,1.22,0.77,2.551053488110215,0.2655739751987554,102,species,,FALSE,TRUE,FALSE,response_flag
md_0885,GP94VHUQ,Riffell et al. 2015,mean_diff,edge_and_shrub_habitat,Near forest edges with adjacent herbaceous buffers,Near forest edges without adjacent herbaceous buffers,log abundance of males,eastern_phoebe,eastern_phoebe,species,facultative,abundance,count,,,,,Questionable sample size,TRUE,apples,1,1,two group means,hedges_g,0.02,0.13,-0.15927050599679576,0.19685665383758263,102,species,facultative_grassland,FALSE,FALSE,TRUE,response_flag
md_0886,GP94VHUQ,Riffell et al. 2015,mean_diff,edge_and_shrub_habitat,Near forest edges with adjacent herbaceous buffers,Near forest edges without adjacent herbaceous buffers,log abundance of males,hooded_warbler,hooded_warbler,species,shrub,abundance,count,,,,,Questionable sample size,FALSE,apples,1,1,two group means,hedges_g,-0.28,0.25,-0.6736865405732576,0.20212116660043175,102,species,,FALSE,TRUE,FALSE,response_flag
md_0887,GP94VHUQ,Riffell et al. 2015,mean_diff,edge_and_shrub_habitat,Near forest edges with adjacent herbaceous buffers,Near forest edges without adjacent herbaceous buffers,log abundance of males,northern_flicker,northern_flicker,species,forest,abundance,count,,,,,Questionable sample size,FALSE,apples,1,1,two group means,hedges_g,0.24,-0.24,0.6337811288400476,0.2014874835048484,102,species,,FALSE,TRUE,FALSE,response_flag
md_0888,GP94VHUQ,Riffell et al. 2015,mean_diff,edge_and_shrub_habitat,Near forest edges with adjacent herbaceous buffers,Near forest edges without adjacent herbaceous buffers,log abundance of males,orchard_oriole,orchard_oriole,species,facultative,abundance,count,,,,,Questionable sample size,TRUE,apples,1,1,two group means,hedges_g,0.7,0.17,1.0213402880879787,0.2091449386104312,102,species,facultative_grassland,FALSE,FALSE,TRUE,response_flag
md_0889,GP94VHUQ,Riffell et al. 2015,mean_diff,edge_and_shrub_habitat,Near forest edges with adjacent herbaceous buffers,Near forest edges without adjacent herbaceous buffers,log abundance of males,red_headed_woodpecker,red_headed_woodpecker,species,facultative,abundance,count,,,,,Questionable sample size,TRUE,apples,1,1,two group means,hedges_g,-0.26,0.28,-0.808695235327158,0.20453365764332088,102,species,facultative_grassland,FALSE,FALSE,TRUE,response_flag
md_0890,GP94VHUQ,Riffell et al. 2015,mean_diff,edge_and_shrub_habitat,Near forest edges with adjacent herbaceous buffers,Near forest edges without adjacent herbaceous buffers,log abundance of males,ruby_throated_hummingbird,ruby_throated_hummingbird,species,woodland,abundance,count,,,,,Questionable sample size,FALSE,apples,1,1,two group means,hedges_g,-0.04,0.18,-0.3163104343869942,0.19778434231788455,102,species,,FALSE,TRUE,FALSE,response_flag
md_0891,GP94VHUQ,Riffell et al. 2015,mean_diff,edge_and_shrub_habitat,Near forest edges with adjacent herbaceous buffers,Near forest edges without adjacent herbaceous buffers,log abundance of males,wild_turkey,wild_turkey,species,facultative,abundance,count,,,,,Questionable sample size,TRUE,apples,1,1,two group means,hedges_g,0.64,-0.08,1.0972880522552848,0.21102216889636624,102,species,facultative_grassland,FALSE,FALSE,TRUE,response_flag
md_0892,GP94VHUQ,Riffell et al. 2015,mean_diff,edge_and_shrub_habitat,Near forest edges with adjacent herbaceous buffers,Near forest edges without adjacent herbaceous buffers,log abundance of males,yellow_billed_cuckoo,yellow_billed_cuckoo,species,shrub,abundance,count,,,,,Questionable sample size,FALSE,apples,1,1,two group means,hedges_g,0.71,0.64,0.25730994152046766,0.19736449698353828,102,species,,FALSE,TRUE,FALSE,response_flag
md_0893,GP94VHUQ,Riffell et al. 2015,mean_diff,edge_and_shrub_habitat,Near forest edges with adjacent herbaceous buffers,Near forest edges without adjacent herbaceous buffers,log abundance of males,yellow_throated_vireo,yellow_throated_vireo,species,woodland,abundance,count,,,,,Questionable sample size,FALSE,apples,1,1,two group means,hedges_g,0.04,-0.17,0.2721611238712132,0.1974621232472646,102,species,,FALSE,TRUE,FALSE,response_flag
md_0894,GP94VHUQ,Riffell et al. 2015,mean_diff,edge_and_shrub_habitat,Near forest edges with adjacent herbaceous buffers,Near forest edges without adjacent herbaceous buffers,log abundance of males,great_crested_flycatcher,great_crested_flycatcher,species,shrub,abundance,count,,,,,Questionable sample size,FALSE,apples,1,1,two group means,hedges_g,0.17,-0.49,1.1680351192718867,0.21287547619416997,102,species,,FALSE,TRUE,FALSE,response_flag
md_0895,GP94VHUQ,Riffell et al. 2015,mean_diff,edge_and_shrub_habitat,Near forest edges with adjacent herbaceous buffers,Near forest edges without adjacent herbaceous buffers,log abundance of males,summer_tanager,summer_tanager,species,woodland,abundance,count,,,,,Questionable sample size,FALSE,apples,1,1,two group means,hedges_g,0.24,-0.12,0.8608850692782416,0.2055751688423718,102,species,,FALSE,TRUE,FALSE,response_flag
md_0515,H9PA8BNU,Kragten and de Snoo 2007,mean_diff,eliminate_pesticides,Organic farm,Conventional farm,successful nests per 100 ha - 2005,northern_lapwing,northern_lapwing,species,obligate,nest_success,count,period_survival,,,,Response isn't really nest success (perhaps productivity instead),TRUE,apples,1,1,log hazard ratio from arm survival,log_hazard_ratio,3.3,2.8,0.04704110154928576,0.11948430014508926,125,species,obligate_grassland,FALSE,FALSE,TRUE,response_flag
md_0516,H9PA8BNU,Kragten and de Snoo 2007,mean_diff,eliminate_pesticides,Organic farm,Conventional farm,successful nests per 100 ha - 2006,northern_lapwing,northern_lapwing,species,obligate,nest_success,count,period_survival,,,,Response isn't really nest success (perhaps productivity instead),TRUE,apples,1,1,log hazard ratio from arm survival,log_hazard_ratio,2.6,1.7,0.11012466417117528,0.11098764266094696,117,species,obligate_grassland,FALSE,FALSE,TRUE,response_flag
md_0517,H9PA8BNU,Kragten and de Snoo 2007,mean_diff,eliminate_pesticides,Organic farm,Conventional farm,successful nests per breeding pair - 2005,northern_lapwing,northern_lapwing,species,obligate,nest_success,count,period_survival,,,,Response isn't really nest success (perhaps productivity instead),TRUE,apples,1,1,log hazard ratio from arm survival,log_hazard_ratio,0.26,0.35,-0.2493138269047479,0.4713334838581882,125,species,obligate_grassland,FALSE,FALSE,TRUE,response_flag
md_0725,IXNBX5LG,Perlut et al. 2006,mean_diff,delay_hay,Late hayed field,early hayed field,number of offspring fledged per female,bobolink,bobolink,species,obligate,nest_success,count,period_survival,,,,Not really a nest_success metric (productivity); Sample size estimated based on the number of nests with a clutch completion date as provided in figure 1; number of nests/year and number of eggs/year are also provided,TRUE,apples,1,1,log hazard ratio from arm survival,log_hazard_ratio,2.79,0.05,-0.17793065984721879,0.33429453930284203,152,species,obligate_grassland,FALSE,FALSE,TRUE,response_flag
md_0726,IXNBX5LG,Perlut et al. 2006,mean_diff,delay_hay,Late hayed field,early hayed field,number of offspring fledged per female,savannah_sparrow,savannah_sparrow,species,obligate,nest_success,count,period_survival,,,,Sample size estimated based on the number of nests with a clutch completion date as provided in figure 1; number of nests/year and number of eggs/year are also provided,TRUE,apples,1,1,log hazard ratio from arm survival,log_hazard_ratio,3.29,1.28,0.2441169883730605,0.0391900123876719,278,species,obligate_grassland,FALSE,FALSE,TRUE,response_flag
md_0731,L2QEJV7P,Port and Schottler 2017,mean_diff,plant_nwsg,NWSG plot,CSG plot,species_richness,all_species,all_species,aggregate,,species_richness,count,,,,,Treatment is defined here as the NWSG plot,TRUE,apples,1,1,two group means,hedges_g,9.7,7.14,3.940735696020957,1.505890215281851,4,community,,FALSE,FALSE,TRUE,response_flag
md_0713,L3NEIUFB,Monroe et al. 2016,mean_diff,plant_nwsg,Grazed mixed native pasture,grazed mixed exotic pasture,eggs per nest,dickcissel,dickcissel,species,obligate,nest_success,count,period_survival,,,,"We were not able to find the sample size per treatment ... we know that there were 208 nests and know something about the density distribution of nests, so maybe we can infer?",TRUE,apples,1,1,log hazard ratio from arm survival,log_hazard_ratio,4.52,4.37,,,,species,obligate_grassland,FALSE,FALSE,TRUE,response_flag
md_0714,L3NEIUFB,Monroe et al. 2016,mean_diff,plant_nwsg,Grazed mixed native pasture,grazed mixed exotic pasture,fledglings per successful nest,dickcissel,dickcissel,species,obligate,nest_success,count,period_survival,,,,"We were not able to find the sample size per treatment ... we know that there were 208 nests and know something about the density distribution of nests, so maybe we can infer?",TRUE,apples,1,1,log hazard ratio from arm survival,log_hazard_ratio,3.22,4.2,-0.08048793327748949,0.01505247923982297,85,species,obligate_grassland,FALSE,FALSE,TRUE,response_flag
md_0311,LNNCH8TG,Davis 2018,mean_diff,plant_nwsg,native field,planted field,eggs per nest,spragues_pipit,spragues_pipit,species,obligate,nest_success,count,period_survival,,,,Treatment is defined here as the native field,TRUE,apples,1,1,log hazard ratio from arm survival,log_hazard_ratio,4.5,4.7,-0.01412175663960568,9.988612164230255e-4,189,species,obligate_grassland,FALSE,FALSE,TRUE,response_flag
md_0312,LNNCH8TG,Davis 2018,mean_diff,plant_nwsg,native field,planted field,fledglings per nest,spragues_pipit,spragues_pipit,species,obligate,nest_success,count,period_survival,,,,Treatment is defined here as the native field; unsure if number fledged is all nests or only successful nests,TRUE,apples,1,1,log hazard ratio from arm survival,log_hazard_ratio,1.2,0.9,-3.7371513020529994,0.21092445073423813,189,species,obligate_grassland,FALSE,FALSE,TRUE,response_flag
md_0373,LU5JZP88,Giuliano and Daves 2002,mean_diff,plant_nwsg,NWSG,CSG,fledge_rate (number fledged/number eggs),all_species,all_species,aggregate,,nest_success,count,period_survival,identity,,,Treatment is defined as NWSG; sample size is the number of nests; Review: Two-way randomized block analysis of variance,TRUE,apples,1,1,log hazard ratio from arm survival,log_hazard_ratio,0.7,0.48,0.7216421861057112,0.4909052309724858,168,community,,FALSE,FALSE,TRUE,response_flag
md_1077,LVS3NMPI,Perlut et al. 2011,mean_diff,delay_hay,Late hay,"Hayed before 2 June, then again 65 days later",Fledglings per female per year,bobolink,bobolink,species,obligate,nest_success,count,period_survival,,,,,TRUE,apples,1,1,log hazard ratio from arm survival,log_hazard_ratio,3.37,2.83,0.05022831245638448,0.02724773959899703,164,species,obligate_grassland,FALSE,FALSE,TRUE,response_flag
md_0479,QI6DHMSY,Holcomb et al. 2014,mean_diff,prescribed_fire,Patch-burn-graze sites,Traditional sites (summer-long grazing only),density (birds/ha),brown_headed_cowbird,brown_headed_cowbird,species,facultative,abundance,count,,,,,"Review what is meant by traditional -- if traditional is burn, but not patch burn, this may be manage in patches",TRUE,apples,1,1,two group means,hedges_g,0.09,0.28,-2.782246919796319,1.1022073952454998,5,species,facultative_grassland,FALSE,FALSE,TRUE,response_flag
md_1186,RYCYMRRZ,Riddle and Moorman 2010,mean_diff,edge_and_shrub_habitat,Post-field border establishment,Pre-field border establishment,Proportion of brood parasitized nests,indigo_bunting_blue_grosbeak,indigo_bunting_blue_grosbeak,species,facultative,nest_success,count,period_survival,,,,Consider whether this is an adequate proxy for nest success,TRUE,apples,1,-1,log hazard ratio from arm survival,log_hazard_ratio,0.32,0.35,0.11064170334652468,0.49737668699801063,332,species,facultative_grassland,FALSE,FALSE,TRUE,response_flag
md_0322,SQ8ICKWV,Davis et al. 2016,mean_diff,plant_nwsg,native pasture,planted pasture,number of young fledged per nest,savannah_sparrow,savannah_sparrow,species,obligate,nest_success,count,period_survival,log,,,,TRUE,apples,1,1,log hazard ratio from arm survival,log_hazard_ratio,1.3,0.6,-2.1402476569927265,0.6534992930950938,81,species,obligate_grassland,FALSE,FALSE,TRUE,response_flag
md_0323,SQ8ICKWV,Davis et al. 2016,mean_diff,plant_nwsg,native pasture,hay,number of young fledged per nest,savannah_sparrow,savannah_sparrow,species,obligate,nest_success,count,period_survival,log,,,,TRUE,apples,1,1,log hazard ratio from arm survival,log_hazard_ratio,1.3,1,,,85,species,obligate_grassland,FALSE,FALSE,TRUE,response_flag
md_0964,XRV7BSRZ,Sutter and Brigham 1998,mean_diff,plant_nwsg,Native vegetation fields,Introduced vegetation fields,species evenness,all_species,all_species,aggregate,,species_richness,diversity,,,,,Evenness not comparable to species richness,TRUE,apples,1,1,two group means,hedges_g,0.95,0.93,1.0607849126717177,0.6185385796566482,10,community,,FALSE,FALSE,TRUE,response_flag
md_0336,YXR6499E,Davis et al. 2020b,mean_diff,plant_nwsg,Native grassland,Exotic grassland,abundance,brown_headed_cowbird,brown_headed_cowbird,species,facultative,abundance,count,,,,,Maximum number of singing males per point count,TRUE,apples,1,1,two group means,hedges_g,0.1,0.3,-0.2094984501777916,0.1030995004479474,377,species,facultative_grassland,FALSE,FALSE,TRUE,response_flag
tc_0036,5LF5W5A9,Glass and Eichholz 2023,other_categorical,edge_and_shrub_habitat,Within 20m of edge,Elsewhere,Nest density,field_sparrow,field_sparrow,species,facultative,abundance,count,,,,,not usable -- > 2 groups thus cannot convert to effect size,TRUE,apples,1,1,test statistic,hedges_g,,,,,40,species,facultative_grassland,FALSE,FALSE,TRUE,response_flag
tc_0086,DNJ2A44M,Long et al. 2012,other_categorical,prescribed_fire,4-year burn sites,10-year burn sites,dsr,lark_sparrow,lark_sparrow,species,facultative,nest_success,count,daily_survival,logistic_exposure,,,this might be okay 4-yr vs. 10 yr.,TRUE,apples,1,1,log hazard ratio from odds ratio,log_hazard_ratio,,,0.3292249923326076,0.18247795436637249,,species,facultative_grassland,FALSE,FALSE,TRUE,response_flag
tc_0039,H9PA8BNU,Kragten and de Snoo 2007,other_categorical,eliminate_pesticides,Organic farm,Conventional farm,Territory density (2004),northern_lapwing,northern_lapwing,species,obligate,abundance,count,,,,,not usable -- cannot convert rank test to effect size,TRUE,apples,1,1,test statistic,hedges_g,,,,,20,species,obligate_grassland,FALSE,FALSE,TRUE,response_flag
tc_0040,H9PA8BNU,Kragten and de Snoo 2007,other_categorical,eliminate_pesticides,Organic farm,Conventional farm,Territory density (2005),northern_lapwing,northern_lapwing,species,obligate,abundance,count,,,,,not usable -- cannot convert rank test to effect size,TRUE,apples,1,1,test statistic,hedges_g,,,,,40,species,obligate_grassland,FALSE,FALSE,TRUE,response_flag
tc_0023,JQQJHBMK,Freemark and Kirk 2001,other_categorical,eliminate_pesticides,Organic farm,Conventional farm,abundance of each species across sites,all_species,all_species,aggregate,,abundance,count,,,,,not usable -- cannot convert rank test to effect size,TRUE,apples,1,1,test statistic,hedges_g,,,,,20,community,,FALSE,FALSE,TRUE,response_flag
tc_0024,JQQJHBMK,Freemark and Kirk 2001,other_categorical,eliminate_pesticides,Organic farm,Conventional farm,percentage of sites at which species occurred,all_species,all_species,aggregate,,occupancy,count,,,,,not usable -- cannot convert rank test to effect size,TRUE,apples,1,1,test statistic,hedges_g,,,,,20,community,,FALSE,FALSE,TRUE,response_flag
tc_0001,LGTIZWRQ,Aitken and Martin 2012,other_categorical,install_nest_boxes,1-year post-nest box installation,Pre-nest box installation,nest density,bird_and_mammal_species,bird_and_mammal_species,non_bird,other,abundance,count,,,,,usable -- converts to effect size without issue,TRUE,apples,1,1,test statistic,hedges_g,,,,,3,species,,FALSE,FALSE,TRUE,response_flag
tc_0016,XYR2I4ZX,Britschgi et al. 2006,other_categorical,delay_hay,Traditional plots,Intensive plots,number of nestings reaching 12 days of age,whinchat,whinchat,species,obligate,nest_success,count,period_survival,identity,,,"not usable -- cannot convert rank test to effect size; the text suggests that intensively managed fields have earlier hay dates, but they do not demonstrate this",TRUE,apples,1,1,test statistic,hedges_g,,,,,17,species,obligate_grassland,FALSE,FALSE,TRUE,response_flag
tc_0017,XYR2I4ZX,Britschgi et al. 2006,other_categorical,delay_hay,Traditional plots,Intensive plots,partial_brood_loss,whinchat,whinchat,species,obligate,nest_success,count,period_survival,identity,,,"could be usable -- the text suggests that intensively managed fields have earlier hay dates, but they do not demonstrate this",TRUE,apples,1,-1,test statistic,hedges_g,,,,,17,species,obligate_grassland,FALSE,FALSE,TRUE,response_flag
bc_0104,57RFAGS5,Howell et al. 2021,beta_categorical,edge_and_shrub_habitat,High edge density,No edge,survival,northern_bobwhite,northern_bobwhite,species,facultative,survival,count,,,,,Abundance based on covey call count surveys,TRUE,apples,0,1,regression coefficient,hedges_g,,,0.1770477925698357,0.06780281550071204,872,species,facultative_grassland,FALSE,FALSE,TRUE,response_metric
bc_0105,57RFAGS5,Howell et al. 2021,beta_categorical,edge_and_shrub_habitat,High edge density,No edge,non-breeding season survival,northern_bobwhite,northern_bobwhite,species,facultative,survival,count,,,,,Abundance based on covey call count surveys,TRUE,apples,0,1,regression coefficient,hedges_g,,,-0.2655716888547534,0.06796829233482811,872,species,facultative_grassland,FALSE,FALSE,TRUE,response_metric
bc_0106,57RFAGS5,Howell et al. 2021,beta_categorical,provide_overwintering_habitat,High edge density,No edge,non-breeding season survival,northern_bobwhite,northern_bobwhite,species,facultative,survival,count,,,,,Abundance based on covey call count surveys,TRUE,apples,0,1,regression coefficient,hedges_g,,,-0.2655716888547534,0.06796829233482811,872,species,facultative_grassland,FALSE,FALSE,TRUE,response_metric
bc_0076,A4K99KR6,Massa et al. 2024,beta_categorical,delay_hay,Harvest delay,No harvest delay,occupancy,eastern_meadowlark,eastern_meadowlark,species,obligate,occupancy,count,,,,,,TRUE,apples,0,1,regression coefficient,hedges_g,0.23,,5.614344296191266,0.5871667402213328,57,species,obligate_grassland,FALSE,FALSE,TRUE,response_metric
bc_0077,A4K99KR6,Massa et al. 2024,beta_categorical,delay_hay,Harvest delay,No harvest delay,occupancy,grasshopper_sparrow,grasshopper_sparrow,species,obligate,occupancy,count,,,,,,TRUE,apples,0,1,regression coefficient,hedges_g,0.6,,6.2559836443274115,0.6415418276530633,57,species,obligate_grassland,FALSE,FALSE,TRUE,response_metric
bc_0036,TBUA95JI,Contreras et al. 2022,beta_categorical,eliminate_pesticides,Organic farm,Conventional farm,Occupancy in spring,carnivores,carnivores,guild,other,occupancy,count,,,,,Bayesian occupancy model; LCL/UCL here represents bayesian credible intervals at 95%,TRUE,apples,0,1,regression coefficient,hedges_g,,,-0.1930808050644637,0.1135828985387151,310,species,,FALSE,FALSE,TRUE,response_metric
bc_0037,TBUA95JI,Contreras et al. 2022,beta_categorical,eliminate_pesticides,Organic farm,Conventional farm,Occupancy in spring,insectivores,insectivores,guild,other,occupancy,count,,,,,Bayesian occupancy model; LCL/UCL here represents bayesian credible intervals at 95%,TRUE,apples,0,1,regression coefficient,hedges_g,,,0.1821431080296984,0.11355375532206652,310,species,,FALSE,FALSE,TRUE,response_metric
bc_0038,TBUA95JI,Contreras et al. 2022,beta_categorical,eliminate_pesticides,Organic farm,Conventional farm,Occupancy in summer,omnivores,omnivores,guild,other,occupancy,count,,,,,Bayesian occupancy model; LCL/UCL here represents bayesian credible intervals at 95%,TRUE,apples,0,1,regression coefficient,hedges_g,,,0.17335617286796784,0.1135315684851279,310,species,,FALSE,FALSE,TRUE,response_metric
md_0980,5SEWHNW8,Valente et al. 2019,mean_diff,remove_non_native_species,Removal of Russian olive,No removal of Russian olive,occupancy,lazuli_bunting,lazuli_bunting,species,facultative,occupancy,count,,,,,,TRUE,apples,0,1,two group means,hedges_g,0.73,0.61,0.25960933466228453,0.26938189310478355,54,species,facultative_grassland,FALSE,FALSE,TRUE,response_metric
md_0981,5SEWHNW8,Valente et al. 2019,mean_diff,remove_non_native_species,Removal of Russian olive,No removal of Russian olive,occupancy,yellow_breasted_chat,yellow_breasted_chat,species,shrub,occupancy,count,,,,,,FALSE,apples,0,1,two group means,hedges_g,0.67,0.71,-0.082576032032598,0.26833876913672733,54,species,,FALSE,TRUE,FALSE,response_metric
md_0982,5SEWHNW8,Valente et al. 2019,mean_diff,remove_non_native_species,Removal of Russian olive,No removal of Russian olive,occupancy,brown_headed_cowbird,brown_headed_cowbird,species,facultative,occupancy,count,,,,,,TRUE,apples,0,1,two group means,hedges_g,0.92,0.92,0,0.2682210990487216,54,species,facultative_grassland,FALSE,FALSE,TRUE,response_metric
md_0983,5SEWHNW8,Valente et al. 2019,mean_diff,remove_non_native_species,Removal of Russian olive,No removal of Russian olive,occupancy,song_sparrow,song_sparrow,species,facultative,occupancy,count,,,,,,TRUE,apples,0,1,two group means,hedges_g,0.69,0.64,0.08828352053266884,0.268355593301805,54,species,facultative_grassland,FALSE,FALSE,TRUE,response_metric
md_0984,5SEWHNW8,Valente et al. 2019,mean_diff,remove_non_native_species,Removal of Russian olive,No removal of Russian olive,occupancy,mourning_dove,mourning_dove,species,facultative,occupancy,count,,,,,,TRUE,apples,0,1,two group means,hedges_g,0.61,0.64,-0.05067811483397936,0.26826542502703005,54,species,facultative_grassland,FALSE,FALSE,TRUE,response_metric
md_0985,5SEWHNW8,Valente et al. 2019,mean_diff,remove_non_native_species,Removal of Russian olive,No removal of Russian olive,occupancy,house_wren,house_wren,species,facultative,occupancy,count,,,,,,TRUE,apples,0,1,two group means,hedges_g,0.27,0.29,-0.04570340650137652,0.26825715037681924,54,species,facultative_grassland,FALSE,FALSE,TRUE,response_metric
md_0987,5SEWHNW8,Valente et al. 2019,mean_diff,remove_non_native_species,Removal of Russian olive,No removal of Russian olive,occupancy,american_goldfinch,american_goldfinch,species,facultative,occupancy,count,,,,,,TRUE,apples,0,1,two group means,hedges_g,0.49,0.54,-0.08073578657495803,0.26833358399787327,54,species,facultative_grassland,FALSE,FALSE,TRUE,response_metric
md_0988,5SEWHNW8,Valente et al. 2019,mean_diff,remove_non_native_species,Removal of Russian olive,No removal of Russian olive,occupancy,eastern_kingbird,eastern_kingbird,species,facultative,occupancy,count,,,,,,TRUE,apples,0,1,two group means,hedges_g,0.55,0.56,-0.01669772902429758,0.26822591147658803,54,species,facultative_grassland,FALSE,FALSE,TRUE,response_metric
md_0989,5SEWHNW8,Valente et al. 2019,mean_diff,remove_non_native_species,Removal of Russian olive,No removal of Russian olive,occupancy,black_billed_magpie,black_billed_magpie,species,facultative,occupancy,count,,,,,,TRUE,apples,0,1,two group means,hedges_g,0.57,0.58,-0.01905709419906266,0.268227367519385,54,species,facultative_grassland,FALSE,FALSE,TRUE,response_metric
md_0990,5SEWHNW8,Valente et al. 2019,mean_diff,remove_non_native_species,Removal of Russian olive,No removal of Russian olive,occupancy,california_quail,california_quail,species,facultative,occupancy,count,,,,,,TRUE,apples,0,1,two group means,hedges_g,0.36,0.46,-0.1470419008700977,0.26859403453534386,54,species,facultative_grassland,FALSE,FALSE,TRUE,response_metric
md_0991,5SEWHNW8,Valente et al. 2019,mean_diff,remove_non_native_species,Removal of Russian olive,No removal of Russian olive,occupancy,ring_necked_pheasant,ring_necked_pheasant,species,facultative,occupancy,count,,,,,,TRUE,apples,0,1,two group means,hedges_g,0.59,0.63,-0.04575205879009641,0.26825722716737643,54,species,facultative_grassland,FALSE,FALSE,TRUE,response_metric
md_0992,5SEWHNW8,Valente et al. 2019,mean_diff,remove_non_native_species,Removal of Russian olive,No removal of Russian olive,occupancy,american_crow,american_crow,species,facultative,occupancy,count,,,,,,TRUE,apples,0,1,two group means,hedges_g,0.06,0.06,0,0.2682210990487216,54,species,facultative_grassland,FALSE,FALSE,TRUE,response_metric
md_0993,5SEWHNW8,Valente et al. 2019,mean_diff,remove_non_native_species,Removal of Russian olive,No removal of Russian olive,occupancy,gray_catbird,gray_catbird,species,shrub,occupancy,count,,,,,,FALSE,apples,0,1,two group means,hedges_g,0.14,0.15,-0.01903834028846865,0.26822735518811114,54,species,,FALSE,TRUE,FALSE,response_metric
md_0994,5SEWHNW8,Valente et al. 2019,mean_diff,remove_non_native_species,Removal of Russian olive,No removal of Russian olive,occupancy,house_finch,house_finch,species,facultative,occupancy,count,,,,,,TRUE,apples,0,1,two group means,hedges_g,0.13,0.21,-0.13598672318364718,0.2685400971882741,54,species,facultative_grassland,FALSE,FALSE,TRUE,response_metric
md_0995,5SEWHNW8,Valente et al. 2019,mean_diff,remove_non_native_species,Removal of Russian olive,No removal of Russian olive,occupancy,bewicks_wren,bewicks_wren,species,shrub,occupancy,count,,,,,,FALSE,apples,0,1,two group means,hedges_g,0.47,0.57,-0.09342786137556897,0.2683717195899301,54,species,,FALSE,TRUE,FALSE,response_metric
md_0996,5SEWHNW8,Valente et al. 2019,mean_diff,remove_non_native_species,Removal of Russian olive,No removal of Russian olive,occupancy,western_meadowlark,western_meadowlark,species,obligate,occupancy,count,,,,,,TRUE,apples,0,1,two group means,hedges_g,0.35,0.47,-0.13415638036068248,0.26853157266058303,54,species,obligate_grassland,FALSE,FALSE,TRUE,response_metric
md_0997,5SEWHNW8,Valente et al. 2019,mean_diff,remove_non_native_species,Removal of Russian olive,No removal of Russian olive,occupancy,western_kingbird,western_kingbird,species,facultative,occupancy,count,,,,,,TRUE,apples,0,1,two group means,hedges_g,0.29,0.39,-0.1325725720124982,0.2685242893375869,54,species,facultative_grassland,FALSE,FALSE,TRUE,response_metric
md_0998,5SEWHNW8,Valente et al. 2019,mean_diff,remove_non_native_species,Removal of Russian olive,No removal of Russian olive,occupancy,red_winged_blackbird,red_winged_blackbird,species,facultative,occupancy,count,,,,,,TRUE,apples,0,1,two group means,hedges_g,0.05,0.08,-0.12096112103743294,0.26847352883671716,54,species,facultative_grassland,FALSE,FALSE,TRUE,response_metric
md_0999,5SEWHNW8,Valente et al. 2019,mean_diff,remove_non_native_species,Removal of Russian olive,No removal of Russian olive,occupancy,northern_flicker,northern_flicker,species,forest,occupancy,count,,,,,,FALSE,apples,0,1,two group means,hedges_g,0.3,0.38,-0.0792753867745204,0.2683295522203906,54,species,,FALSE,TRUE,FALSE,response_metric
md_1000,5SEWHNW8,Valente et al. 2019,mean_diff,remove_non_native_species,Removal of Russian olive,No removal of Russian olive,occupancy,yellow_warbler,yellow_warbler,species,facultative,occupancy,count,,,,,,TRUE,apples,0,1,two group means,hedges_g,0.09,0.14,-0.0873041943919207,0.26835262669853005,54,species,facultative_grassland,FALSE,FALSE,TRUE,response_metric
md_1001,5SEWHNW8,Valente et al. 2019,mean_diff,remove_non_native_species,Removal of Russian olive,No removal of Russian olive,occupancy,warbling_vireo,warbling_vireo,species,shrub,occupancy,count,,,,,,FALSE,apples,0,1,two group means,hedges_g,0.08,0.1,-0.04116126816230081,0.26825034105267015,54,species,,FALSE,TRUE,FALSE,response_metric
md_1002,5SEWHNW8,Valente et al. 2019,mean_diff,remove_non_native_species,Removal of Russian olive,No removal of Russian olive,occupancy,wild_turkey,wild_turkey,species,facultative,occupancy,count,,,,,,TRUE,apples,0,1,two group means,hedges_g,0.06,0.06,0,0.2682210990487216,54,species,facultative_grassland,FALSE,FALSE,TRUE,response_metric
md_1003,5SEWHNW8,Valente et al. 2019,mean_diff,remove_non_native_species,Removal of Russian olive,No removal of Russian olive,occupancy,spotted_towhee,spotted_towhee,species,shrub,occupancy,count,,,,,,FALSE,apples,0,1,two group means,hedges_g,0.16,0.17,-0.01259396887645261,0.26822383668864846,54,species,,FALSE,TRUE,FALSE,response_metric
md_1004,5SEWHNW8,Valente et al. 2019,mean_diff,remove_non_native_species,Removal of Russian olive,No removal of Russian olive,occupancy,common_yellowthroat,common_yellowthroat,species,facultative,occupancy,count,,,,,,TRUE,apples,0,1,two group means,hedges_g,0.02,0.02,0,0.2682210990487216,54,species,facultative_grassland,FALSE,FALSE,TRUE,response_metric
md_1005,5SEWHNW8,Valente et al. 2019,mean_diff,remove_non_native_species,Removal of Russian olive,No removal of Russian olive,occupancy,eurasian_collared_dove,eurasian_collared_dove,species,facultative,occupancy,count,,,,,,TRUE,apples,0,1,two group means,hedges_g,0.09,0.1,-0.01834472973197725,0.2682269076456948,54,species,facultative_grassland,FALSE,FALSE,TRUE,response_metric
md_1006,5SEWHNW8,Valente et al. 2019,mean_diff,remove_non_native_species,Removal of Russian olive,No removal of Russian olive,occupancy,willow_flycatcher,willow_flycatcher,species,facultative,occupancy,count,,,,,,TRUE,apples,0,1,two group means,hedges_g,0.02,0.02,0,0.2682210990487216,54,species,facultative_grassland,FALSE,FALSE,TRUE,response_metric
md_1007,5SEWHNW8,Valente et al. 2019,mean_diff,remove_non_native_species,Removal of Russian olive,No removal of Russian olive,occupancy,yellow_rumped_warbler,yellow_rumped_warbler,species,facultative,occupancy,count,,,,,,TRUE,apples,0,1,two group means,hedges_g,0.01,0.03,-0.13434637674587258,0.26853245217764765,54,species,facultative_grassland,FALSE,FALSE,TRUE,response_metric
md_1008,5SEWHNW8,Valente et al. 2019,mean_diff,remove_non_native_species,Removal of Russian olive,No removal of Russian olive,occupancy,european_starling,european_starling,species,other,occupancy,count,,,,,,TRUE,apples,0,1,two group means,hedges_g,0.03,0.03,0,0.2682210990487216,54,species,,FALSE,FALSE,TRUE,response_metric
md_1009,5SEWHNW8,Valente et al. 2019,mean_diff,remove_non_native_species,Removal of Russian olive,No removal of Russian olive,occupancy,common_raven,common_raven,species,facultative,occupancy,count,,,,,,TRUE,apples,0,1,two group means,hedges_g,0.02,0.02,0,0.2682210990487216,54,species,facultative_grassland,FALSE,FALSE,TRUE,response_metric
md_1010,5SEWHNW8,Valente et al. 2019,mean_diff,remove_non_native_species,Removal of Russian olive,No removal of Russian olive,occupancy,gray_flycatcher,gray_flycatcher,species,shrub,occupancy,count,,,,,,FALSE,apples,0,1,two group means,hedges_g,0.02,0.03,-0.05702161929699704,0.2682772150834547,54,species,,FALSE,TRUE,FALSE,response_metric
md_1011,5SEWHNW8,Valente et al. 2019,mean_diff,remove_non_native_species,Removal of Russian olive,No removal of Russian olive,occupancy,white_crowned_sparrow,white_crowned_sparrow,species,facultative,occupancy,count,,,,,,TRUE,apples,0,1,two group means,hedges_g,0.02,0.02,0,0.2682210990487216,54,species,facultative_grassland,FALSE,FALSE,TRUE,response_metric
md_1012,5SEWHNW8,Valente et al. 2019,mean_diff,remove_non_native_species,Removal of Russian olive,No removal of Russian olive,occupancy,brewers_blackbird,brewers_blackbird,species,facultative,occupancy,count,,,,,,TRUE,apples,0,1,two group means,hedges_g,0.02,0.02,0,0.2682210990487216,54,species,facultative_grassland,FALSE,FALSE,TRUE,response_metric
md_1013,5SEWHNW8,Valente et al. 2019,mean_diff,remove_non_native_species,Removal of Russian olive,No removal of Russian olive,occupancy,dark_eyed_junco,dark_eyed_junco,species,facultative,occupancy,count,,,,,,TRUE,apples,0,1,two group means,hedges_g,0.01,0.02,-0.07290332517429551,0.26831282109506394,54,species,facultative_grassland,FALSE,FALSE,TRUE,response_metric
md_1014,5SEWHNW8,Valente et al. 2019,mean_diff,remove_non_native_species,Removal of Russian olive,No removal of Russian olive,occupancy,says_phoebe,says_phoebe,species,facultative,occupancy,count,,,,,,TRUE,apples,0,1,two group means,hedges_g,0.02,0.02,0,0.2682210990487216,54,species,facultative_grassland,FALSE,FALSE,TRUE,response_metric
md_0675,A4K99KR6,Massa et al. 2024,mean_diff,plant_nwsg,WSG hayfields,CSG hayfields,occupancy,eastern_meadowlark,eastern_meadowlark,species,obligate,occupancy,count,,,,,,TRUE,apples,0,1,two group means,hedges_g,0.46,0.3,0.33973672037592395,0.24177641986676487,97,species,obligate_grassland,FALSE,FALSE,TRUE,response_metric
md_0676,A4K99KR6,Massa et al. 2024,mean_diff,plant_nwsg,WSG hayfields,CSG hayfields,occupancy,grasshopper_sparrow,grasshopper_sparrow,species,obligate,occupancy,count,,,,,,TRUE,apples,0,1,two group means,hedges_g,0.84,0.73,0.3696095894084743,0.24200220058328312,97,species,obligate_grassland,FALSE,FALSE,TRUE,response_metric
md_0826,A9QQKZTZ,Raynor et al. 2017,mean_diff,remove_non_native_species,Treated shrub,Untreated shrub,community occupancy probability,all_species,all_species,aggregate,,occupancy,count,,,,,Occupancy estimate based on unmarked model,TRUE,apples,0,1,two group means,hedges_g,0.34,0.52,-0.6719285828150383,0.6813887791613431,6,community,,FALSE,FALSE,TRUE,response_metric
md_0827,A9QQKZTZ,Raynor et al. 2017,mean_diff,remove_non_native_species,Treated mid-canopy,Untreated mid-canopy,community occupancy probability,all_species,all_species,aggregate,,occupancy,count,,,,,Occupancy estimate based on unmarked model,TRUE,apples,0,1,two group means,hedges_g,0.22,0.17,0.35494558661770986,0.6611849444658299,6,community,,FALSE,FALSE,TRUE,response_metric
md_0828,A9QQKZTZ,Raynor et al. 2017,mean_diff,remove_non_native_species,Treated High-canopy,Untreated high-canopy,community occupancy probability,all_species,all_species,aggregate,,occupancy,count,,,,,Occupancy estimate based on unmarked model,TRUE,apples,0,1,two group means,hedges_g,0.61,0.46,1.1252751308776323,0.7295114872394445,6,community,,FALSE,FALSE,TRUE,response_metric
md_0310,BFQ2PFZ5,Coudrain et al. 2010,mean_diff,install_nest_boxes,Sites with nest boxes,Sites without nest boxes,occupancy,eurasian_wryneck,eurasian_wryneck,species,facultative,occupancy,count,,,,,,TRUE,apples,0,1,two group means,hedges_g,0.949,0.203,1.5647477748389589,0.26560744487689736,151,species,facultative_grassland,FALSE,FALSE,TRUE,response_metric
md_0368,DDEKX9E9,Gehlbach 1994,mean_diff,install_nest_boxes,nest box,natural nest,occupancy (%),eastern_screech_owl,eastern_screech_owl,species,woodland,occupancy,count,,,,,,FALSE,apples,0,1,two group means,hedges_g,64.2,75.8,-0.6413217543604045,0.5889748913212361,10,species,,FALSE,TRUE,FALSE,response_metric
md_1071,FIB2A7IN,Perlut et al. 2008,mean_diff,delay_hay,Late hay,Early hay,male survival,savannah_sparrow,savannah_sparrow,species,obligate,survival,count,,,,,,TRUE,apples,0,1,two group means,hedges_g,0.78,0.64,0.23223215508630304,0.17807854918384544,128,species,obligate_grassland,FALSE,FALSE,TRUE,response_metric
md_1072,FIB2A7IN,Perlut et al. 2008,mean_diff,delay_hay,Late hay,Early hay,female survival,savannah_sparrow,savannah_sparrow,species,obligate,survival,count,,,,,,TRUE,apples,0,1,two group means,hedges_g,0.65,0.48,0.20417260162520495,0.16608567510093117,146,species,obligate_grassland,FALSE,FALSE,TRUE,response_metric
md_1073,FIB2A7IN,Perlut et al. 2008,mean_diff,delay_hay,Late hay,Early hay,male survival,bobolink,bobolink,species,obligate,survival,count,,,,,,TRUE,apples,0,1,two group means,hedges_g,0.63,0.43,0.3165473403075752,0.21126451718144615,92,species,obligate_grassland,FALSE,FALSE,TRUE,response_metric
md_1074,FIB2A7IN,Perlut et al. 2008,mean_diff,delay_hay,Late hay,Early hay,female survival,bobolink,bobolink,species,obligate,survival,count,,,,,,TRUE,apples,0,1,two group means,hedges_g,0.46,0.27,0.2138205531925421,0.1763401720636621,135,species,obligate_grassland,FALSE,FALSE,TRUE,response_metric
md_0388,JFJNVKAK,Grahmann et al. 2018,mean_diff,prescribed_fire,Patch-burn grazed fields,Grazed fields,survival,northern_bobwhite,northern_bobwhite,species,facultative,survival,count,,,,,,TRUE,apples,0,1,two group means,hedges_g,25,30.8,-0.18655829640958968,0.5752226629660935,4,species,facultative_grassland,FALSE,FALSE,TRUE,response_metric
md_0389,JFJNVKAK,Grahmann et al. 2018,mean_diff,manage_in_patches,Patch-burn grazed fields,Grazed fields,survival,northern_bobwhite,northern_bobwhite,species,facultative,survival,count,,,,,,TRUE,apples,0,1,two group means,hedges_g,25,30.8,-0.18655829640958968,0.5752226629660935,4,species,facultative_grassland,FALSE,FALSE,TRUE,response_metric
md_0948,JUHBU5DS,Sinnott et al. 2022,mean_diff,prescribed_fire,Native grass burned,Native grass idle,juvenile survival,northern_bobwhite,northern_bobwhite,species,facultative,survival,count,,,,,,TRUE,apples,0,1,two group means,hedges_g,0.227,-0.064,0.12631703479337864,0.0970528475062554,424,species,facultative_grassland,FALSE,FALSE,TRUE,response_metric
md_0949,JUHBU5DS,Sinnott et al. 2022,mean_diff,prescribed_fire,Mixed grass burned,Mixed grass idle,juvenile survival,northern_bobwhite,northern_bobwhite,species,facultative,survival,count,,,,,,TRUE,apples,0,1,two group means,hedges_g,-0.279,0.126,-0.14831150834903778,0.09708953711095183,424,species,facultative_grassland,FALSE,FALSE,TRUE,response_metric
md_0950,JUHBU5DS,Sinnott et al. 2022,mean_diff,plant_nwsg,Native grass burned,Mixed grass burned,juvenile survival,northern_bobwhite,northern_bobwhite,species,facultative,survival,count,,,,,,TRUE,apples,0,1,two group means,hedges_g,0.227,-0.279,0.20440876787872497,0.09720962668038494,424,species,facultative_grassland,FALSE,FALSE,TRUE,response_metric
md_0951,JUHBU5DS,Sinnott et al. 2022,mean_diff,plant_nwsg,Native grass idle,Mixed grass idle,juvenile survival,northern_bobwhite,northern_bobwhite,species,facultative,survival,count,,,,,,TRUE,apples,0,1,two group means,hedges_g,-0.064,0.126,-0.07375468135403616,0.0969889374225426,424,species,facultative_grassland,FALSE,FALSE,TRUE,response_metric
md_0952,JUHBU5DS,Sinnott et al. 2022,mean_diff,plant_nwsg,Native grass grazed,Mixed grass grazed,juvenile survival,northern_bobwhite,northern_bobwhite,species,facultative,survival,count,,,,,,TRUE,apples,0,1,two group means,hedges_g,0.126,0.214,-0.05637104133131734,0.0969751847653687,424,species,facultative_grassland,FALSE,FALSE,TRUE,response_metric
md_0953,JUHBU5DS,Sinnott et al. 2022,mean_diff,plant_nwsg,Native grass burned and grazed,Mixed grass burned and grazed,juvenile survival,northern_bobwhite,northern_bobwhite,species,facultative,survival,count,,,,,,TRUE,apples,0,1,two group means,hedges_g,0.707,0.019,0.29392358225377563,0.09747982069974737,424,species,facultative_grassland,FALSE,FALSE,TRUE,response_metric
tc_0043,NH4RI28V,McMullen and Harms 2020,other_categorical,delay_hay,Late-hayed,Early-hayed,occupancy of focal species,obligate_grassland_species,obligate_grassland_species,guild,obligate,occupancy,count,,,,,"usable -- comparison of two groups and thus converts to effect size without issue; sample size estimated from the number of farms; not a great study design! all six sites received the same treatment in a given year (all were mowed early in 2013 or mowed late in 2014). focal species: bobolink, dickcissel, eastern meadowlark, grasshopper sparrow, henslow's sparrow, sedge wren",TRUE,apples,0,1,test statistic,hedges_g,,,0.6832074849567533,0.35506371588550334,32,species,obligate_grassland,FALSE,FALSE,TRUE,response_metric
tc_0020,XW7F4DWM,Fokkema et al. 2018,other_categorical,install_nest_boxes,Post-nest box removal,Pre-nest box removal,Fraction of breeding boxes occupied by dominant species,great_tit,great_tit,species,facultative,occupancy,count,,,,,usable -- comparison of two groups and thus converts to effect size without issue,TRUE,apples,0,1,test statistic,hedges_g,,,0.6833468573939111,0.09531077184720936,1589,species,facultative_grassland,FALSE,FALSE,TRUE,response_metric
bc_0009,4DES8R2Q,Conkling et al. 2018,beta_categorical,plant_nwsg,Multi-harvest NWSG (summer),multi-harvest monoculture NWSG (switchgrass; Summer),relative density (per 10ha),all_species,all_species,aggregate,,abundance,count,,,,,"Not sure that this qualifies as a test of plant nwsg; Obtained from supplemental information, table S4; I'm a little unclear on the sample size (might want to double-check)",TRUE,oranges,0,1,regression coefficient,hedges_g,,,3.383759723691216,0.7624160660328483,16,community,,FALSE,FALSE,TRUE,treatment_control_flag
bc_0010,4DES8R2Q,Conkling et al. 2018,beta_categorical,plant_nwsg,Multi-harvest NWSG (early winter),multi-harvest monoculture NWSG (switchgrass; early winter),relative density (per 10ha),all_species,all_species,aggregate,,abundance,count,,,,,"Obtained from supplemental information, table S4; I'm a little unclear on the sample size (might want to double-check)",TRUE,oranges,0,1,regression coefficient,hedges_g,,,-0.971859061499725,0.5029781436474282,16,community,,FALSE,FALSE,TRUE,treatment_control_flag
bc_0011,4DES8R2Q,Conkling et al. 2018,beta_categorical,plant_nwsg,Multi-harvest NWSG (late winter),multi-harvest monoculture NWSG (switchgrass; late winter),relative density (per 10ha),all_species,all_species,aggregate,,abundance,count,,,,,"Obtained from supplemental information, table S4; I'm a little unclear on the sample size (might want to double-check)",TRUE,oranges,0,1,regression coefficient,hedges_g,,,-2.1580524457518218,0.6074605115453161,16,community,,FALSE,FALSE,TRUE,treatment_control_flag
bc_0007,5QFBJNUI,Conkling et al. 2017,beta_categorical,plant_nwsg,Multiharvest mixed NWSG,multiharvest monoculture NWSG (switchgrass),Nest survival,dickcissel,dickcissel,species,obligate,nest_success,count,period_survival,,,,Not sure that this qualifies as a test of plant nwsg,TRUE,oranges,0,1,regression coefficient,hedges_g,,,,,94,species,obligate_grassland,FALSE,FALSE,TRUE,treatment_control_flag
bc_0008,5QFBJNUI,Conkling et al. 2017,beta_categorical,plant_nwsg,Multiharvest mixed NWSG,multiharvest monoculture NWSG (switchgrass),Nest density,dickcissel,dickcissel,species,obligate,abundance,count,,,,,,TRUE,oranges,0,1,regression coefficient,hedges_g,,,4.6528975253764635,0.396253731814973,94,species,obligate_grassland,FALSE,FALSE,TRUE,treatment_control_flag
md_0294,47D2B23I,Conover et al. 2014,mean_diff,plant_nwsg,Diverse strips (2005),monotypic filter strips (2005),species_richness,all_species,all_species,aggregate,,species_richness,count,,,,,Estimated from plot; Review whether this is an appropriate nwsg test,TRUE,oranges,0,1,two group means,hedges_g,2.45,2.3,0.17266607779107876,0.31054569985665015,40,community,,FALSE,FALSE,TRUE,treatment_control_flag
md_0295,47D2B23I,Conover et al. 2014,mean_diff,plant_nwsg,Diverse strips (2006),monotypic filter strips (2006),species_richness,all_species,all_species,aggregate,,species_richness,count,,,,,Estimated from plot,TRUE,oranges,0,1,two group means,hedges_g,1.7,1.25,1.1158023426077566,0.3341087365908315,40,community,,FALSE,FALSE,TRUE,treatment_control_flag
md_0296,47D2B23I,Conover et al. 2014,mean_diff,plant_nwsg,Diverse strips (2007),monotypic filter strips (2007),species_richness,all_species,all_species,aggregate,,species_richness,count,,,,,Estimated from plot,TRUE,oranges,0,1,two group means,hedges_g,1.75,1.7,0.12397803806752862,0.31025488544622165,40,community,,FALSE,FALSE,TRUE,treatment_control_flag
md_0300,47D2B23I,Conover et al. 2014,mean_diff,plant_nwsg,Diverse strips (2005),monotypic filter strips (2005),abundance,all_species,all_species,aggregate,,abundance,count,,,,,Estimated from plot,TRUE,oranges,0,1,two group means,hedges_g,9.75,4.75,1.239780380675285,0.3395278404240978,40,community,,FALSE,FALSE,TRUE,treatment_control_flag
md_0301,47D2B23I,Conover et al. 2014,mean_diff,plant_nwsg,Diverse strips (2006),monotypic filter strips (2006),abundance,all_species,all_species,aggregate,,abundance,count,,,,,Estimated from plot,TRUE,oranges,0,1,two group means,hedges_g,4.5,4,0.43832855717876673,0.313795492430484,40,community,,FALSE,FALSE,TRUE,treatment_control_flag
md_0302,47D2B23I,Conover et al. 2014,mean_diff,plant_nwsg,Diverse strips (2007),monotypic filter strips (2007),abundance,all_species,all_species,aggregate,,abundance,count,,,,,Estimated from plot,TRUE,oranges,0,1,two group means,hedges_g,7.5,4.5,1.0315596306551549,0.33070742796946245,40,community,,FALSE,FALSE,TRUE,treatment_control_flag
md_0058,55UE5VCT,Blank et al. 2011,mean_diff,stream_exclusion_and_buffers,medium filter strips (30-60 m),wide filter strips (>60 m),density,breeding_species,breeding_species,aggregate,other,abundance,count,,,,,,TRUE,oranges,0,-1,two group means,hedges_g,7.6,5.6,-0.18005674496769306,0.34809314809573705,32,species,,FALSE,FALSE,TRUE,treatment_control_flag
md_0059,55UE5VCT,Blank et al. 2011,mean_diff,edge_and_shrub_habitat,medium filter strips (30-60 m),wide filter strips (>60 m),density,breeding_species,breeding_species,aggregate,other,abundance,count,,,,,,TRUE,oranges,0,-1,two group means,hedges_g,7.6,5.6,-0.18005674496769306,0.34809314809573705,32,species,,FALSE,FALSE,TRUE,treatment_control_flag
md_0064,55UE5VCT,Blank et al. 2011,mean_diff,stream_exclusion_and_buffers,medium filter strips (30-60 m),wide filter strips (>60 m),density,breeding_grassland_species,breeding_grassland_species,guild,obligate,abundance,count,,,,,,TRUE,oranges,0,-1,two group means,hedges_g,2.4,2,-0.12010257210357324,0.3476890209946593,32,species,obligate_grassland,FALSE,FALSE,TRUE,treatment_control_flag
md_0065,55UE5VCT,Blank et al. 2011,mean_diff,edge_and_shrub_habitat,medium filter strips (30-60 m),wide filter strips (>60 m),density,breeding_grassland_species,breeding_grassland_species,guild,obligate,abundance,count,,,,,,TRUE,oranges,0,-1,two group means,hedges_g,2.4,2,-0.12010257210357324,0.3476890209946593,32,species,obligate_grassland,FALSE,FALSE,TRUE,treatment_control_flag
md_0070,55UE5VCT,Blank et al. 2011,mean_diff,stream_exclusion_and_buffers,medium filter strips (30-60 m),wide filter strips (>60 m),density,breeding_shrub_scrub_species,breeding_shrub_scrub_species,guild,shrub,abundance,count,,,,,,FALSE,oranges,0,-1,two group means,hedges_g,4,2,-0.44887916786749155,0.3518672916565521,32,species,,FALSE,TRUE,FALSE,treatment_control_flag
md_0071,55UE5VCT,Blank et al. 2011,mean_diff,edge_and_shrub_habitat,medium filter strips (30-60 m),wide filter strips (>60 m),density,breeding_shrub_scrub_species,breeding_shrub_scrub_species,guild,shrub,abundance,count,,,,,,FALSE,oranges,0,-1,two group means,hedges_g,4,2,-0.44887916786749155,0.3518672916565521,32,species,,FALSE,TRUE,FALSE,treatment_control_flag
md_0076,55UE5VCT,Blank et al. 2011,mean_diff,stream_exclusion_and_buffers,medium filter strips (30-60 m),wide filter strips (>60 m),species_richness,breeding_species,breeding_species,aggregate,other,species_richness,count,,,,,,TRUE,oranges,0,-1,two group means,hedges_g,4.4,3.2,-0.245154975676801,0.3487138483674593,32,community,,FALSE,FALSE,TRUE,treatment_control_flag
md_0077,55UE5VCT,Blank et al. 2011,mean_diff,edge_and_shrub_habitat,medium filter strips (30-60 m),wide filter strips (>60 m),species_richness,breeding_species,breeding_species,aggregate,other,species_richness,count,,,,,,TRUE,oranges,0,-1,two group means,hedges_g,4.4,3.2,-0.245154975676801,0.3487138483674593,32,community,,FALSE,FALSE,TRUE,treatment_control_flag
md_0082,55UE5VCT,Blank et al. 2011,mean_diff,stream_exclusion_and_buffers,medium filter strips (30-60 m),wide filter strips (>60 m),density,wintering_species,wintering_species,aggregate,other,abundance,count,,,,,,TRUE,oranges,0,-1,two group means,hedges_g,1.3,9.1,0.7237357598857554,0.5047089862595457,15,species,,FALSE,FALSE,TRUE,treatment_control_flag
md_0083,55UE5VCT,Blank et al. 2011,mean_diff,provide_overwintering_habitat,medium filter strips (30-60 m),wide filter strips (>60 m),density,wintering_species,wintering_species,aggregate,other,abundance,count,,,,,,TRUE,oranges,0,-1,two group means,hedges_g,1.3,9.1,0.7237357598857554,0.5047089862595457,15,species,,FALSE,FALSE,TRUE,treatment_control_flag
md_0088,55UE5VCT,Blank et al. 2011,mean_diff,stream_exclusion_and_buffers,medium filter strips (30-60 m),wide filter strips (>60 m),density,wintering_shrub_scrub_species,wintering_shrub_scrub_species,guild,shrub,abundance,count,,,,,,FALSE,oranges,0,-1,two group means,hedges_g,1.1,3.8,0.536082487884113,0.4968408802293667,15,species,,FALSE,TRUE,FALSE,treatment_control_flag
md_0089,55UE5VCT,Blank et al. 2011,mean_diff,provide_overwintering_habitat,medium filter strips (30-60 m),wide filter strips (>60 m),density,wintering_shrub_scrub_species,wintering_shrub_scrub_species,guild,shrub,abundance,count,,,,,,FALSE,oranges,0,-1,two group means,hedges_g,1.1,3.8,0.536082487884113,0.4968408802293667,15,species,,FALSE,TRUE,FALSE,treatment_control_flag
md_0094,55UE5VCT,Blank et al. 2011,mean_diff,stream_exclusion_and_buffers,medium filter strips (30-60 m),wide filter strips (>60 m),species_richness,wintering_species,wintering_species,aggregate,other,species_richness,count,,,,,,TRUE,oranges,0,-1,two group means,hedges_g,0.8,2.8,2.268746509740554,0.6394099389191226,15,community,,FALSE,FALSE,TRUE,treatment_control_flag
md_0095,55UE5VCT,Blank et al. 2011,mean_diff,provide_overwintering_habitat,medium filter strips (30-60 m),wide filter strips (>60 m),species_richness,wintering_species,wintering_species,aggregate,other,species_richness,count,,,,,,TRUE,oranges,0,-1,two group means,hedges_g,0.8,2.8,2.268746509740554,0.6394099389191226,15,community,,FALSE,FALSE,TRUE,treatment_control_flag
md_0501,6RIJF37M,Kentie et al. 2015,mean_diff,set_aside_adjacent_unmowed,Nests in unmown large patches (surrounded by mowed),nests in small unmown patches (surrounded by mown),nest_success (%),black_tailed_godwit,black_tailed_godwit,species,facultative,nest_success,count,period_survival,,,,,TRUE,oranges,0,1,log hazard ratio from arm survival,log_hazard_ratio,32,21,0.3145690619067474,0.24982805258299273,116,species,facultative_grassland,FALSE,FALSE,TRUE,treatment_control_flag
md_0502,9WTCPMT2,King et al. 2009,mean_diff,edge_and_shrub_habitat,wildlife openings,silvaculture openings,density - 2004,common_yellowthroat,common_yellowthroat,species,facultative,abundance,count,,,,,Not sure if this is an adequate edge_and_shrub test (more about the surroundings than the edge),TRUE,oranges,0,1,two group means,hedges_g,0.9,0.92,-0.03142434246535859,0.3305699649473285,36,species,facultative_grassland,FALSE,FALSE,TRUE,treatment_control_flag
md_0503,9WTCPMT2,King et al. 2009,mean_diff,edge_and_shrub_habitat,wildlife openings,silvaculture openings,density - 2005,common_yellowthroat,common_yellowthroat,species,facultative,abundance,count,,,,,,TRUE,oranges,0,1,two group means,hedges_g,1.07,0.88,0.6409942306780092,0.33907132645824617,36,species,facultative_grassland,FALSE,FALSE,TRUE,treatment_control_flag
md_0934,PNLEJZJE,Scheiman et al. 2003,mean_diff,remove_non_native_species,Low-spurge points,High-spurge points,density (birds/100 ha),grasshopper_sparrow,grasshopper_sparrow,species,obligate,abundance,count,,,,,,TRUE,oranges,0,1,two group means,hedges_g,45.7,28.4,0.3687775273139471,0.5861145112743512,4,species,obligate_grassland,FALSE,FALSE,TRUE,treatment_control_flag
md_0935,PNLEJZJE,Scheiman et al. 2003,mean_diff,remove_non_native_species,Low-spurge points,High-spurge points,density (birds/100 ha),savannah_sparrow,savannah_sparrow,species,obligate,abundance,count,,,,,,TRUE,oranges,0,1,two group means,hedges_g,26.7,12.1,0.4766102078764399,0.595756052026667,4,species,obligate_grassland,FALSE,FALSE,TRUE,treatment_control_flag
md_1052,PYTISVJ6,Warren and Anderson 2005,mean_diff,delay_hay,Unmowed field,Mowed field,nest_success,grassland_species,grassland_species,guild,facultative,nest_success,count,period_survival,,,,"Not likely a reasonable comparison of delay_hay; Species were grouped due to small sample sizes, but they were obligate or facultative grassland species. Fields were mowed prior to the nesting period.",TRUE,oranges,0,1,log hazard ratio from arm survival,log_hazard_ratio,0.22,0.4,-0.5022610909023315,0.41363945023591786,61,species,facultative_grassland,FALSE,FALSE,TRUE,treatment_control_flag
md_1214,QX25INTP,Buckley et al. 2022,mean_diff,rotational_grazing,Patch-burn grazed,Pre-treatment,daily survival rate,field_sparrow,field_sparrow,species,facultative,nest_success,count,daily_survival,,,,Consider changing the bmp or dropping; Traced from plot; Could migrate to patch-burn vs. rotation grazing with a new trace,TRUE,oranges,0,1,log hazard ratio from arm survival,log_hazard_ratio,0.9239,0.954,-0.5192681569052233,0.6817252570278409,125,species,facultative_grassland,FALSE,FALSE,TRUE,treatment_control_flag
md_1215,QX25INTP,Buckley et al. 2022,mean_diff,rotational_grazing,Patch-burn grazed,Pre-treatment,daily survival rate,indigo_bunting,indigo_bunting,species,facultative,nest_success,count,daily_survival,,,,Traced from plot,TRUE,oranges,0,1,log hazard ratio from arm survival,log_hazard_ratio,0.9327,0.9231,0.13845413446769994,0.3474318130881744,36,species,facultative_grassland,FALSE,FALSE,TRUE,treatment_control_flag
md_1219,QX25INTP,Buckley et al. 2022,mean_diff,rotational_grazing,Patch-burn grazed,Pre-treatment,Percent nest_success,field_sparrow,field_sparrow,species,facultative,nest_success,count,period_survival,,,,Consider changing the bmp or dropping; Traced from plot,TRUE,oranges,0,1,log hazard ratio from arm survival,log_hazard_ratio,30.3206,49.0299,-0.5153972392483392,0.25555733529601077,125,species,facultative_grassland,FALSE,FALSE,TRUE,treatment_control_flag
md_1220,QX25INTP,Buckley et al. 2022,mean_diff,rotational_grazing,Patch-burn grazed,Pre-treatment,Percent nest_success,indigo_bunting,indigo_bunting,species,facultative,nest_success,count,period_survival,,,,Traced from plot,TRUE,oranges,0,1,log hazard ratio from arm survival,log_hazard_ratio,26.3288,21.7283,0.13445154167585432,0.29673751308821544,36,species,facultative_grassland,FALSE,FALSE,TRUE,treatment_control_flag
md_1092,RNPH5E8K,Swicegood et al. 2023,mean_diff,plant_nwsg,Native sites,Crop sites,abundance (2020),mccowns_longspur,mccowns_longspur,species,obligate,abundance,count,,,,,This seems like the deck is stacked -- of course an NWSG field should have higher abundance than row crops,TRUE,oranges,0,1,two group means,hedges_g,4.2,5.4,-0.3013545130297387,0.29179944601610336,46,species,obligate_grassland,FALSE,FALSE,TRUE,treatment_control_flag
md_1093,RNPH5E8K,Swicegood et al. 2023,mean_diff,plant_nwsg,Native sites,Crop sites,abundance (2021),mccowns_longspur,mccowns_longspur,species,obligate,abundance,count,,,,,,TRUE,oranges,0,1,two group means,hedges_g,3.2,3.8,-0.21193613127247235,0.2792056885760748,50,species,obligate_grassland,FALSE,FALSE,TRUE,treatment_control_flag
md_1094,RNPH5E8K,Swicegood et al. 2023,mean_diff,plant_nwsg,Native sites,Crop sites,Number of young fledged per successful nest,mccowns_longspur,mccowns_longspur,species,obligate,nest_success,count,period_survival,,,,"Productivity measure, not nest success",TRUE,oranges,1,1,log hazard ratio from arm survival,log_hazard_ratio,2.8,3,-0.01948432519863896,0.01269452262714771,240,species,obligate_grassland,FALSE,FALSE,TRUE,treatment_control_flag
md_0727,S9JEF6KQ,Pintaric et al. 2019,mean_diff,delay_hay,Late-hayed field (2015),Continuously grazed pasture (2015),abundance,bobolink,bobolink,species,obligate,abundance,count,,,,,Comparison is not appropriate for the bmp,TRUE,oranges,0,1,two group means,hedges_g,8.52,5.17,1.5771635609364678,0.5622293118170876,16,species,obligate_grassland,FALSE,FALSE,TRUE,treatment_control_flag
md_0728,S9JEF6KQ,Pintaric et al. 2019,mean_diff,delay_hay,Late-hayed field (2016),Continuously grazed pasture (2016),abundance,bobolink,bobolink,species,obligate,abundance,count,,,,,,TRUE,oranges,0,1,two group means,hedges_g,10.56,3.36,3.050486827622614,0.7667849469159443,14,species,obligate_grassland,FALSE,FALSE,TRUE,treatment_control_flag
md_0729,S9JEF6KQ,Pintaric et al. 2019,mean_diff,delay_hay,Late-hayed field,Continuously grazed pasture,dsr,bobolink,bobolink,species,obligate,nest_success,count,daily_survival,,,,,TRUE,oranges,0,1,log hazard ratio from arm survival,log_hazard_ratio,0.978,0.939,1.0400340719552106,0.4047731430813913,87,species,obligate_grassland,FALSE,FALSE,TRUE,treatment_control_flag
md_0924,SUGK7SWB,Sasvári and Hegyi 1998,mean_diff,install_nest_boxes,tit nest boxes with Tawny owl nest boxes (1993),Tit nest boxes without owl nest boxes (1993),number of fledglings per successful nest,great_tit,great_tit,species,facultative,nest_success,count,period_survival,,,,Specific application of nest boxes here that may not be appropriate for the bmp,TRUE,oranges,1,1,log hazard ratio from arm survival,log_hazard_ratio,7.55,8.42,-0.04312978441552151,0.04832841531320072,80,species,facultative_grassland,FALSE,FALSE,TRUE,treatment_control_flag
md_0925,SUGK7SWB,Sasvári and Hegyi 1998,mean_diff,install_nest_boxes,tit nest boxes with Tawny owl nest boxes (1994),Tit nest boxes without owl nest boxes (1994),number of fledglings per successful nest,great_tit,great_tit,species,facultative,nest_success,count,period_survival,,,,,TRUE,oranges,1,1,log hazard ratio from arm survival,log_hazard_ratio,7.88,8.47,-0.02882837219154654,0.04663454972113595,86,species,facultative_grassland,FALSE,FALSE,TRUE,treatment_control_flag
md_0926,SUGK7SWB,Sasvári and Hegyi 1998,mean_diff,install_nest_boxes,tit nest boxes with Tawny owl nest boxes (1995),Tit nest boxes without owl nest boxes (1995),number of fledglings per successful nest,great_tit,great_tit,species,facultative,nest_success,count,period_survival,,,,,TRUE,oranges,1,1,log hazard ratio from arm survival,log_hazard_ratio,8.15,8.57,-0.02024615953622544,0.04786155988031455,87,species,facultative_grassland,FALSE,FALSE,TRUE,treatment_control_flag
md_0927,SUGK7SWB,Sasvári and Hegyi 1998,mean_diff,install_nest_boxes,tit nest boxes with Tawny owl nest boxes (1996),Tit nest boxes without owl nest boxes (1996),number of fledglings per successful nest,great_tit,great_tit,species,facultative,nest_success,count,period_survival,,,,,TRUE,oranges,1,1,log hazard ratio from arm survival,log_hazard_ratio,7.76,9.04,-0.06158643843633304,0.05098512209097963,83,species,facultative_grassland,FALSE,FALSE,TRUE,treatment_control_flag
md_0928,SUGK7SWB,Sasvári and Hegyi 1998,mean_diff,install_nest_boxes,tit nest boxes with Tawny owl nest boxes (1997),Tit nest boxes without owl nest boxes (1997),number of fledglings per successful nest,great_tit,great_tit,species,facultative,nest_success,count,period_survival,,,,,TRUE,oranges,1,1,log hazard ratio from arm survival,log_hazard_ratio,8.46,8.83,-0.01748350558128686,0.03164492737618394,74,species,facultative_grassland,FALSE,FALSE,TRUE,treatment_control_flag
md_0929,SUGK7SWB,Sasvári and Hegyi 1998,mean_diff,install_nest_boxes,tit nest boxes with Tawny owl nest boxes (1993),Tit nest boxes without owl nest boxes (1993),number of fledglings per successful nest,eurasian_blue_tit,eurasian_blue_tit,species,shrub,nest_success,count,period_survival,,,,,FALSE,oranges,1,1,log hazard ratio from arm survival,log_hazard_ratio,8.07,9.32,-0.05891619033893769,0.05440197620613674,43,species,,FALSE,TRUE,FALSE,treatment_control_flag
md_0930,SUGK7SWB,Sasvári and Hegyi 1998,mean_diff,install_nest_boxes,tit nest boxes with Tawny owl nest boxes (1994),Tit nest boxes without owl nest boxes (1994),number of fledglings per successful nest,eurasian_blue_tit,eurasian_blue_tit,species,shrub,nest_success,count,period_survival,,,,,FALSE,oranges,1,1,log hazard ratio from arm survival,log_hazard_ratio,9.33,9.27,0.00271629556009667,0.041182543955362,39,species,,FALSE,TRUE,FALSE,treatment_control_flag
md_0931,SUGK7SWB,Sasvári and Hegyi 1998,mean_diff,install_nest_boxes,tit nest boxes with Tawny owl nest boxes (1995),Tit nest boxes without owl nest boxes (1995),number of fledglings per successful nest,eurasian_blue_tit,eurasian_blue_tit,species,shrub,nest_success,count,period_survival,,,,,FALSE,oranges,1,1,log hazard ratio from arm survival,log_hazard_ratio,8.68,9.17,-0.02272451291162625,0.04618590428732869,46,species,,FALSE,TRUE,FALSE,treatment_control_flag
md_0932,SUGK7SWB,Sasvári and Hegyi 1998,mean_diff,install_nest_boxes,tit nest boxes with Tawny owl nest boxes (1996),Tit nest boxes without owl nest boxes (1996),number of fledglings per successful nest,eurasian_blue_tit,eurasian_blue_tit,species,shrub,nest_success,count,period_survival,,,,,FALSE,oranges,1,1,log hazard ratio from arm survival,log_hazard_ratio,7.73,9.08,-0.06493921568427974,0.04936195103494062,41,species,,FALSE,TRUE,FALSE,treatment_control_flag
md_0933,SUGK7SWB,Sasvári and Hegyi 1998,mean_diff,install_nest_boxes,tit nest boxes with Tawny owl nest boxes (1997),Tit nest boxes without owl nest boxes (1997),number of fledglings per successful nest,eurasian_blue_tit,eurasian_blue_tit,species,shrub,nest_success,count,period_survival,,,,,FALSE,oranges,1,1,log hazard ratio from arm survival,log_hazard_ratio,8.91,9.64,-0.03310910422164093,0.05829921154237486,36,species,,FALSE,TRUE,FALSE,treatment_control_flag
md_1063,UZIU38JN,PasitschniakArts and Messier 1996,mean_diff,rotational_grazing,Rotational grazing,Grazed and burned fields,abundance,all_species,all_species,aggregate,,abundance,count,,,,,Weird treatments but it might be usable,TRUE,oranges,0,1,two group means,hedges_g,10.6,4.5,0.5326523674991565,0.5756285549241258,12,community,,FALSE,FALSE,TRUE,treatment_control_flag
md_1064,UZIU38JN,PasitschniakArts and Messier 1996,mean_diff,rotational_grazing,Rotational grazing,Grazed and burned fields,species_richness,all_species,all_species,aggregate,,species_richness,count,,,,,,TRUE,oranges,0,1,two group means,hedges_g,42.3,19.5,5.015425127597718,1.169457286233537,12,community,,FALSE,FALSE,TRUE,treatment_control_flag
md_1065,UZIU38JN,PasitschniakArts and Messier 1996,mean_diff,prescribed_fire,Grazed and burned fields,No burning or grazing,abundance,all_species,all_species,aggregate,,abundance,count,,,,,Not sure if the prescribed_fire can adequately be tested here,TRUE,oranges,0,1,two group means,hedges_g,4.5,4.4,0.03027829216224667,0.6149220536656737,8,community,,FALSE,FALSE,TRUE,treatment_control_flag
md_1066,UZIU38JN,PasitschniakArts and Messier 1996,mean_diff,prescribed_fire,Grazed and burned fields,No burning or grazing,species_richness,all_species,all_species,aggregate,,species_richness,count,,,,,,TRUE,oranges,0,1,two group means,hedges_g,19.5,23.2,-1.2511240008989566,0.6898578025578761,8,community,,FALSE,FALSE,TRUE,treatment_control_flag
md_0292,ZFUENEQI,Conover et al. 2011,mean_diff,edge_and_shrub_habitat,Riparian forest buffer adjacent to wooded vegetation,Riparian forest buffer adjacent to non-wooded vegetation,nest density (nests/100 ha),red_winged_blackbird,red_winged_blackbird,species,facultative,abundance,count,,,,,Does not test the bmp,TRUE,oranges,0,,two group means,hedges_g,64.81,103.17,,0.2808484625147994,50,species,facultative_grassland,FALSE,FALSE,TRUE,treatment_control_flag
md_0293,ZFUENEQI,Conover et al. 2011,mean_diff,edge_and_shrub_habitat,Riparian forest buffer adjacent to wooded vegetation,Riparian forest buffer adjacent to non-wooded vegetation,nest density (nests/100 ha),dickcissel,dickcissel,species,obligate,abundance,count,,,,,Does not test the bmp,TRUE,oranges,0,,two group means,hedges_g,37.04,65.22,,0.28117118601240354,50,species,obligate_grassland,FALSE,FALSE,TRUE,treatment_control_flag
tc_0084,DNJ2A44M,Long et al. 2012,other_categorical,prescribed_fire,2-year burn sites,4-year burn sites,dsr,lark_sparrow,lark_sparrow,species,facultative,nest_success,count,daily_survival,logistic_exposure,,,treatment flag: omit -- too close a comparison for prescribed burning,TRUE,oranges,1,1,log hazard ratio from odds ratio,log_hazard_ratio,,,0.1018561761700898,0.14585708398570177,,species,facultative_grassland,FALSE,FALSE,TRUE,treatment_control_flag
tc_0014,QADRA6RL,Bollinger et al. 1990,other_categorical,delay_hay,Pre-haying,1-day post-haying,abandonment,bobolink,bobolink,species,obligate,nest_success,count,period_survival,,,,not usable -- there are less nests post-nesting because the number does not include nests that were destroyed during haying,TRUE,oranges,0,-1,test statistic,hedges_g,,,,,94,species,obligate_grassland,FALSE,FALSE,TRUE,treatment_control_flag
tc_0015,QADRA6RL,Bollinger et al. 1990,other_categorical,delay_hay,Pre-haying,2-days post-haying,nest_predation,bobolink,bobolink,species,obligate,nest_success,count,period_survival,,,,not usable -- they do not explain what the 25 is ... perhaps this represents the subset of nests that were not abandoned? does not add up!,TRUE,oranges,0,-1,test statistic,hedges_g,,,,,88,species,obligate_grassland,FALSE,FALSE,TRUE,treatment_control_flag
md_1129,LZ7R9ETU,Fleming and Giuliano 2001,mean_diff,edge_and_shrub_habitat,Border-edge cut,Uncut edge,Nest predation rate (number of nests depredated after 14 days/total nests in edge),artificial_nests,artificial_nests,artificial_nest,,nest_success,count,period_survival,,,,Artificial nests,FALSE,apples,0,-1,log hazard ratio from arm survival,log_hazard_ratio,36,88,1.558333196686047,0.47329871079806024,96,species,,FALSE,FALSE,TRUE,unclassified_species
md_1290,T8JD6C6I,Hausmann et al. 2005,mean_diff,edge_and_shrub_habitat,Edge nests,Interior nests,Percent of nests predated,artificial_nests,artificial_nests,artificial_nest,,nest_success,count,period_survival,identity,,,Traced from plot,FALSE,apples,1,-1,log hazard ratio from arm survival,log_hazard_ratio,65.1168,73.1275,0.22132692870902157,0.24470084829146097,14,species,,FALSE,FALSE,TRUE,unclassified_species
md_1315,TY9UGHCS,Valentine et al. 2019,mean_diff,edge_and_shrub_habitat,Nests near edge,Nests in forest interior,Mean nest survival (days),artificial_nests_northern_bobwhite,artificial_nests_northern_bobwhite,artificial_nest,,nest_success,count,period_survival,binomial,,,Not sure this qualifies as a test of edge_and_shrub_habitat; Traced from plot; Response is the mean days survived during the 10 day deployment of artificial nests,FALSE,apples,1,1,log hazard ratio from arm survival,log_hazard_ratio,6.4925,7.2127,-0.03922898649107931,0.05043362493962571,6,species,,FALSE,FALSE,TRUE,unclassified_species
md_1316,TY9UGHCS,Valentine et al. 2019,mean_diff,edge_and_shrub_habitat,Nests near edge,Nests in forest interior,Mean nest survival (days),artificial_nests_chestnut_sided_warbler,artificial_nests_chestnut_sided_warbler,artificial_nest,,nest_success,count,period_survival,binomial,,,Not sure this qualifies as a test of edge_and_shrub_habitat; Traced from plot; Response is the mean days survived during the 10 day deployment of artificial nests,FALSE,apples,1,1,log hazard ratio from arm survival,log_hazard_ratio,5.221,7.0521,-0.1073903857135684,0.03368343611049287,12,species,,FALSE,FALSE,TRUE,unclassified_species
md_1317,TY9UGHCS,Valentine et al. 2019,mean_diff,edge_and_shrub_habitat,Nests near edge,Nests in forest interior,Mean nest survival (days),artificial_nests_ovenbird,artificial_nests_ovenbird,artificial_nest,,nest_success,count,period_survival,binomial,,,Not sure this qualifies as a test of edge_and_shrub_habitat; Traced from plot; Response is the mean days survived during the 10 day deployment of artificial nests,FALSE,apples,1,1,log hazard ratio from arm survival,log_hazard_ratio,3.0417,3.1638,-0.01133223109743464,0.03083993041318328,12,species,,FALSE,FALSE,TRUE,unclassified_species
md_1187,UCK86GY9,Skagen et al. 2005,mean_diff,edge_and_shrub_habitat,Edge nests,Interior nests,daily survival rate,artificial_nests,artificial_nests,artificial_nest,,nest_success,count,daily_survival,,,,,FALSE,apples,0,1,log hazard ratio from arm survival,log_hazard_ratio,0.841,0.826,0.09887649573059742,0.12581726401771656,312,species,,FALSE,FALSE,TRUE,unclassified_species
