species,primary_habitat,habitat
common_ostrich,Savanna,woodland; savannah; plains; desert
somali_ostrich,Plains,woodland; grasslands; plains
greater_rhea,Savanna,shrub; savannah; artificial; riparian; wetlands_lakes_marsh
lesser_rhea,Plains,shrub; savannah; grasslands; plains; wetlands_lakes_marsh
southern_brown_kiwi,Forest,forest; shrub; grasslands; artificial
north_island_brown_kiwi,Forest,forest; shrub; artificial
okarito_kiwi,Forest,forest
little_spotted_kiwi,Forest,forest; shrub; grasslands
great_spotted_kiwi,Grassland,forest; shrub; grasslands
southern_cassowary,Forest,forest; woodland; riparian
dwarf_cassowary,Forest,forest; shrub
northern_cassowary,Forest,forest
common_emu,Savanna,woodland; shrub; savannah; grasslands; coastal
king_island_emu,Grassland,grasslands; coastal; wetlands_lakes_marsh
kangaroo_island_emu,Woodland,woodland; coastal
grey_tinamou,Forest,forest; riparian
solitary_tinamou,Forest,forest
black_tinamou,Forest,forest
great_tinamou,Forest,forest
white_throated_tinamou,Forest,forest
highland_tinamou,Forest,forest; bamboo
tawny_breasted_tinamou,Forest,forest
hooded_tinamou,Forest,forest; bamboo
berlepschs_tinamou,Forest,forest
cinereous_tinamou,Forest,forest; woodland; shrub; savannah; artificial
little_tinamou,Forest,forest; shrub; savannah; artificial
tepui_tinamou,Forest,forest
brown_tinamou,Forest,forest; shrub
undulated_tinamou,Forest,forest; woodland; shrub; savannah; riparian
pale_browed_tinamou,Forest,forest; shrub
brazilian_tinamou,Forest,forest
grey_legged_tinamou,Forest,forest; woodland
red_legged_tinamou,Shrub,forest; woodland; shrub; grasslands
yellow_legged_tinamou,Forest,forest; woodland; shrub; riparian
black_capped_tinamou,Woodland,forest; woodland; shrub
thicket_tinamou,Forest,forest; woodland; shrub
slaty_breasted_tinamou,Forest,forest; shrub
choco_tinamou,Forest,forest
variegated_tinamou,Forest,forest; shrub
rusty_tinamou,Forest,forest
bartletts_tinamou,Forest,forest; shrub
small_billed_tinamou,Forest,forest; bamboo; shrub; grasslands; artificial; riparian
barred_tinamou,Forest,forest
tataupa_tinamou,Forest,forest; shrub
red_winged_tinamou,Grassland,forest; woodland; grasslands
huayco_tinamou,Shrub,shrub
taczanowskis_tinamou,Woodland,woodland; shrub; grasslands; artificial
ornate_tinamou,Grassland,woodland; shrub; grasslands; artificial
chilean_tinamou,Grassland,shrub; grasslands; artificial
brushland_tinamou,Shrub,woodland; shrub; savannah; plains; artificial
andean_tinamou,Shrub,woodland; shrub; artificial; riparian
curve_billed_tinamou,Grassland,shrub; grasslands; desert
white_bellied_nothura,Shrub,shrub; savannah; grasslands; artificial
lesser_nothura,Grassland,shrub; savannah; grasslands
darwins_nothura,Grassland,shrub; savannah; grasslands; artificial
spotted_nothura,Grassland,woodland; shrub; savannah; grasslands; plains; artificial
dwarf_tinamou,Grassland,forest; shrub; savannah; grasslands; artificial
elegant_crested_tinamou,Shrub,shrub; artificial
quebracho_crested_tinamou,Woodland,woodland; savannah
puna_tinamou,Shrub,shrub; grasslands; plains; desert
patagonian_tinamou,Grassland,shrub; savannah; grasslands; desert
horned_screamer,Wetland,forest; grasslands; riparian; wetlands_lakes_marsh
northern_screamer,Wetland,riparian; wetlands_lakes_marsh
southern_screamer,Wetland,artificial; wetlands_lakes_marsh
magpie_goose,Wetland,grasslands; riparian; coastal; wetlands_lakes_marsh
white_faced_whistling_duck,Wetland,artificial; wetlands_lakes_marsh
black_bellied_whistling_duck,Wetland,artificial; riparian; wetlands_lakes_marsh
spotted_whistling_duck,Wetland,grasslands; riparian; coastal; wetlands_lakes_marsh
west_indian_whistling_duck,Forest,forest; savannah; artificial; coastal; wetlands_lakes_marsh
fulvous_whistling_duck,Wetland,artificial; wetlands_lakes_marsh
plumed_whistling_duck,Grassland,grasslands; wetlands_lakes_marsh
wandering_whistling_duck,Wetland,riparian; wetlands_lakes_marsh
lesser_whistling_duck,Wetland,grasslands; riparian; coastal; wetlands_lakes_marsh
white_backed_duck,Wetland,artificial; riparian; wetlands_lakes_marsh
cape_barren_goose,Shrub,shrub; grasslands; artificial; coastal; wetlands_lakes_marsh
brent_goose,Grassland,grasslands; riparian; coastal; wetlands_lakes_marsh
red_breasted_goose,Shrub,shrub; grasslands; artificial; wetlands_lakes_marsh
hawaiian_goose,Shrub,shrub; grasslands; rocky_areas
canada_goose,Wetland,woodland; shrub; grasslands; plains; artificial; riparian; coastal; wetlands_lakes_marsh
barnacle_goose,Grassland,grasslands; rocky_areas; riparian; coastal; wetlands_lakes_marsh
cackling_goose,Grassland,grasslands; rocky_areas; artificial; riparian; wetlands_lakes_marsh
bar_headed_goose,Wetland,grasslands; rocky_areas; riparian; coastal; wetlands_lakes_marsh
emperor_goose,Coastal,coastal; wetlands_lakes_marsh
rosss_goose,Wetland,shrub; rocky_areas; artificial; wetlands_lakes_marsh
snow_goose,Grassland,grasslands; artificial; riparian; coastal; wetlands_lakes_marsh
greylag_goose,Wetland,grasslands; artificial; coastal; wetlands_lakes_marsh
swan_goose,Wetland,grasslands; artificial; riparian; wetlands_lakes_marsh
taiga_bean_goose,Wetland,artificial; riparian; wetlands_lakes_marsh
pink_footed_goose,Grassland,grasslands; rocky_areas; artificial; coastal
tundra_bean_goose,Wetland,forest; artificial; riparian; coastal; wetlands_lakes_marsh
greater_white_fronted_goose,Grassland,grasslands; artificial; riparian; coastal; wetlands_lakes_marsh
lesser_white_fronted_goose,Grassland,shrub; grasslands; artificial; wetlands_lakes_marsh
coscoroba_swan,Wetland,artificial; wetlands_lakes_marsh
black_swan,Wetland,artificial; riparian; coastal; wetlands_lakes_marsh
black_necked_swan,Wetland,rocky_areas; coastal; wetlands_lakes_marsh
mute_swan,Wetland,artificial; riparian; coastal; wetlands_lakes_marsh
trumpeter_swan,Wetland,riparian; coastal; wetlands_lakes_marsh
tundra_swan,Wetland,grasslands; artificial; riparian; coastal; wetlands_lakes_marsh
whooper_swan,Wetland,forest; grasslands; artificial; riparian; coastal; wetlands_lakes_marsh
freckled_duck,Wetland,coastal; wetlands_lakes_marsh
blue_duck,Riparian,forest; artificial; riparian; wetlands_lakes_marsh
flying_steamerduck,Coastal,riparian; coastal; wetlands_lakes_marsh
magellanic_steamerduck,Coastal,coastal
falkland_steamerduck,Coastal,coastal; wetlands_lakes_marsh
white_headed_steamerduck,Coastal,rocky_areas; coastal
torrent_duck,Riparian,riparian
spur_winged_goose,Wetland,grasslands; artificial; riparian; wetlands_lakes_marsh
comb_duck,Wetland,grasslands; artificial; riparian; wetlands_lakes_marsh
knob_billed_duck,Wetland,grasslands; artificial; riparian; wetlands_lakes_marsh
blue_winged_goose,Grassland,grasslands; riparian; wetlands_lakes_marsh
egyptian_goose,Wetland,woodland; grasslands; artificial; riparian; wetlands_lakes_marsh
mauritius_shelduck,Wetland,woodland; wetlands_lakes_marsh
reunion_shelduck,Wetland,wetlands_lakes_marsh
orinoco_goose,Wetland,forest; savannah; grasslands; riparian; wetlands_lakes_marsh
andean_goose,Wetland,grasslands; wetlands_lakes_marsh
upland_goose,Grassland,grasslands; artificial
kelp_goose,Coastal,rocky_areas; coastal
ashy_headed_goose,Forest,forest; grasslands; artificial; coastal; wetlands_lakes_marsh
ruddy_headed_goose,Grassland,grasslands; artificial; coastal
radjah_shelduck,Coastal,coastal; wetlands_lakes_marsh
common_shelduck,Coastal,riparian; coastal; wetlands_lakes_marsh
ruddy_shelduck,Wetland,grasslands; artificial; riparian; wetlands_lakes_marsh
south_african_shelduck,Wetland,savannah; artificial; riparian; coastal; wetlands_lakes_marsh
australian_shelduck,Wetland,grasslands; artificial; coastal; wetlands_lakes_marsh
paradise_shelduck,Coastal,grasslands; artificial; riparian; coastal; wetlands_lakes_marsh
crested_shelduck,Wetland,wetlands_lakes_marsh
pink_eared_duck,Wetland,artificial; wetlands_lakes_marsh
salvadoris_teal,Riparian,riparian; wetlands_lakes_marsh
muscovy_duck,Wetland,riparian; coastal; wetlands_lakes_marsh
white_winged_duck,Wetland,forest; riparian; wetlands_lakes_marsh
hartlaubs_duck,Wetland,forest; woodland; artificial; riparian; coastal; wetlands_lakes_marsh
wood_duck,Wetland,forest; artificial; riparian; wetlands_lakes_marsh
mandarin_duck,Wetland,forest; riparian; wetlands_lakes_marsh
maned_duck,Wetland,forest; artificial; riparian; wetlands_lakes_marsh
finschs_duck,Grassland,forest; shrub; grasslands
african_pygmy_goose,Wetland,riparian; wetlands_lakes_marsh
cotton_pygmy_goose,Wetland,riparian; coastal; wetlands_lakes_marsh
green_pygmy_goose,Wetland,riparian; wetlands_lakes_marsh
brazilian_teal,Wetland,woodland; grasslands; coastal; wetlands_lakes_marsh
ringed_teal,Wetland,forest; riparian; wetlands_lakes_marsh
crested_duck,Wetland,coastal; wetlands_lakes_marsh
spectacled_duck,Riparian,riparian; coastal; wetlands_lakes_marsh
baikal_teal,Wetland,grasslands; artificial; riparian; coastal; wetlands_lakes_marsh
garganey,Wetland,artificial; coastal; wetlands_lakes_marsh
blue_billed_teal,Wetland,artificial; wetlands_lakes_marsh
puna_teal,Wetland,grasslands; wetlands_lakes_marsh
silver_teal,Wetland,wetlands_lakes_marsh
red_shoveler,Wetland,coastal; wetlands_lakes_marsh
cinnamon_teal,Wetland,wetlands_lakes_marsh
blue_winged_teal,Wetland,forest; grasslands; coastal; wetlands_lakes_marsh
cape_shoveler,Wetland,artificial; coastal; wetlands_lakes_marsh
australasian_shoveler,Wetland,coastal; wetlands_lakes_marsh
northern_shoveler,Wetland,grasslands; artificial; coastal; wetlands_lakes_marsh
gadwall,Wetland,grasslands; artificial; riparian; coastal; wetlands_lakes_marsh
falcated_duck,Wetland,woodland; artificial; riparian; coastal; wetlands_lakes_marsh
eurasian_wigeon,Wetland,forest; coastal; wetlands_lakes_marsh
chiloe_wigeon,Wetland,riparian; coastal; wetlands_lakes_marsh
american_wigeon,Wetland,woodland; grasslands; coastal; wetlands_lakes_marsh
amsterdam_duck,Wetland,grasslands; riparian; wetlands_lakes_marsh
african_black_duck,Riparian,woodland; artificial; riparian; coastal; wetlands_lakes_marsh
yellow_billed_duck,Wetland,artificial; riparian; coastal; wetlands_lakes_marsh
mellers_duck,Wetland,artificial; riparian; wetlands_lakes_marsh
pacific_black_duck,Wetland,artificial; riparian; wetlands_lakes_marsh
laysan_duck,Coastal,shrub; grasslands; coastal; wetlands_lakes_marsh
hawaiian_duck,Wetland,artificial; riparian; coastal; wetlands_lakes_marsh
philippine_duck,Wetland,riparian; coastal; wetlands_lakes_marsh
indian_spot_billed_duck,Wetland,coastal; wetlands_lakes_marsh
eastern_spot_billed_duck,Wetland,coastal; wetlands_lakes_marsh
mallard,Wetland,artificial; riparian; coastal; wetlands_lakes_marsh
mottled_duck,Wetland,artificial; riparian; coastal; wetlands_lakes_marsh
american_black_duck,Wetland,forest; riparian; coastal; wetlands_lakes_marsh
mexican_duck,Wetland,forest; woodland; shrub; grasslands; artificial; riparian; wetlands_lakes_marsh
cape_teal,Wetland,riparian; coastal; wetlands_lakes_marsh
white_cheeked_pintail,Wetland,artificial; coastal; wetlands_lakes_marsh
red_billed_teal,Wetland,artificial; riparian; wetlands_lakes_marsh
yellow_billed_pintail,Wetland,grasslands; artificial; riparian; coastal; wetlands_lakes_marsh
southern_pintail,Wetland,riparian; coastal; wetlands_lakes_marsh
northern_pintail,Wetland,grasslands; artificial; riparian; coastal; wetlands_lakes_marsh
common_teal,Wetland,coastal; wetlands_lakes_marsh
green_winged_teal,Wetland,artificial; riparian; coastal; wetlands_lakes_marsh
yellow_billed_teal,Wetland,grasslands; riparian; coastal; wetlands_lakes_marsh
andean_teal,Wetland,riparian; wetlands_lakes_marsh
sunda_teal,Wetland,riparian; coastal; wetlands_lakes_marsh; pelagic
andaman_teal,Wetland,artificial; coastal; wetlands_lakes_marsh
mauritius_duck,Coastal,coastal
grey_teal,Wetland,riparian; coastal; wetlands_lakes_marsh
chestnut_teal,Coastal,artificial; riparian; coastal; wetlands_lakes_marsh
madagascar_teal,Wetland,forest; savannah; riparian; wetlands_lakes_marsh
brown_teal,Coastal,riparian; coastal; wetlands_lakes_marsh
auckland_teal,Coastal,riparian; coastal; wetlands_lakes_marsh
campbell_teal,Grassland,grasslands; coastal
marbled_duck,Wetland,wetlands_lakes_marsh
pink_headed_duck,Wetland,forest; grasslands; riparian; wetlands_lakes_marsh
red_crested_pochard,Wetland,riparian; coastal; wetlands_lakes_marsh
rosy_billed_pochard,Wetland,artificial; wetlands_lakes_marsh
southern_pochard,Wetland,artificial; wetlands_lakes_marsh
canvasback,Wetland,riparian; coastal; wetlands_lakes_marsh
redhead,Wetland,coastal; wetlands_lakes_marsh
common_pochard,Wetland,artificial; riparian; coastal; wetlands_lakes_marsh
hardhead,Wetland,artificial; coastal; wetlands_lakes_marsh
madagascar_pochard,Wetland,wetlands_lakes_marsh
baers_pochard,Wetland,riparian; coastal; wetlands_lakes_marsh
ferruginous_duck,Wetland,artificial; coastal; wetlands_lakes_marsh
new_zealand_scaup,Wetland,riparian; coastal; wetlands_lakes_marsh
ring_necked_duck,Wetland,forest; artificial; coastal; wetlands_lakes_marsh
tufted_duck,Wetland,artificial; riparian; coastal; wetlands_lakes_marsh
greater_scaup,Wetland,forest; grasslands; riparian; coastal; wetlands_lakes_marsh
lesser_scaup,Wetland,artificial; riparian; coastal; wetlands_lakes_marsh; pelagic
stellers_eider,Sea,rocky_areas; riparian; wetlands_lakes_marsh; pelagic
labrador_duck,Coastal,coastal; wetlands_lakes_marsh; pelagic
spectacled_eider,Coastal,riparian; coastal; wetlands_lakes_marsh; pelagic
king_eider,Sea,riparian; coastal; wetlands_lakes_marsh; pelagic
common_eider,Sea,rocky_areas; riparian; coastal; wetlands_lakes_marsh; pelagic
harlequin_duck,Riparian,rocky_areas; riparian; coastal
surf_scoter,Wetland,forest; coastal; wetlands_lakes_marsh; pelagic
velvet_scoter,Wetland,forest; grasslands; coastal; wetlands_lakes_marsh; pelagic
white_winged_scoter,Wetland,forest; rocky_areas; wetlands_lakes_marsh
siberian_scoter,Forest,forest; grasslands; rocky_areas; riparian; wetlands_lakes_marsh
common_scoter,Wetland,grasslands; riparian; coastal; wetlands_lakes_marsh; pelagic
black_scoter,Wetland,grasslands; wetlands_lakes_marsh
long_tailed_duck,Wetland,riparian; coastal; wetlands_lakes_marsh; pelagic
bufflehead,Wetland,artificial; riparian; coastal; wetlands_lakes_marsh
common_goldeneye,Wetland,riparian; coastal; wetlands_lakes_marsh
barrows_goldeneye,Wetland,riparian; coastal; wetlands_lakes_marsh
smew,Wetland,forest; grasslands; riparian; coastal; wetlands_lakes_marsh; pelagic
hooded_merganser,Wetland,riparian; coastal; wetlands_lakes_marsh
new_zealand_merganser,Wetland,riparian; coastal; wetlands_lakes_marsh
brazilian_merganser,Wetland,riparian; wetlands_lakes_marsh
goosander,Wetland,forest; riparian; coastal; wetlands_lakes_marsh
red_breasted_merganser,Wetland,grasslands; riparian; coastal; wetlands_lakes_marsh
scaly_sided_merganser,Riparian,forest; riparian; coastal; wetlands_lakes_marsh
black_headed_duck,Wetland,shrub; grasslands; wetlands_lakes_marsh
masked_duck,Wetland,artificial; coastal; wetlands_lakes_marsh
ruddy_duck,Wetland,coastal; wetlands_lakes_marsh
andean_duck,Wetland,wetlands_lakes_marsh
lake_duck,Wetland,wetlands_lakes_marsh
blue_billed_duck,Wetland,wetlands_lakes_marsh
maccoa_duck,Wetland,artificial; wetlands_lakes_marsh
white_headed_duck,Wetland,wetlands_lakes_marsh
musk_duck,Wetland,artificial; coastal; wetlands_lakes_marsh
australian_brushturkey,Forest,forest; woodland; artificial; riparian; coastal; wetlands_lakes_marsh
wattled_brushturkey,Forest,forest
waigeo_brushturkey,Forest,forest
red_billed_brushturkey,Forest,forest
yellow_legged_brushturkey,Forest,forest; riparian
red_legged_brushturkey,Forest,forest; rocky_areas
malleefowl,Forest,forest; woodland; shrub
maleo,Forest,forest; riparian; coastal; wetlands_lakes_marsh
moluccan_scrubfowl,Forest,forest; coastal
tongan_scrubfowl,Forest,forest; woodland; shrub; wetlands_lakes_marsh
micronesian_scrubfowl,Forest,forest; shrub; rocky_areas; artificial; coastal
nicobar_scrubfowl,Forest,forest; shrub; coastal
philippine_scrubfowl,Forest,forest; artificial; coastal
sula_scrubfowl,Forest,forest; bamboo; woodland; shrub; artificial; coastal
tanimbar_scrubfowl,Forest,forest
dusky_scrubfowl,Forest,forest; woodland; shrub; artificial; coastal; wetlands_lakes_marsh
biak_scrubfowl,Forest,forest; shrub
melanesian_scrubfowl,Forest,forest; shrub
vanuatu_scrubfowl,Forest,forest; shrub; artificial; coastal
new_guinea_scrubfowl,Forest,forest; wetlands_lakes_marsh
orange_footed_scrubfowl,Forest,forest; woodland; wetlands_lakes_marsh
plain_chachalaca,Shrub,forest; shrub; artificial; riparian; coastal
grey_headed_chachalaca,Shrub,forest; woodland; shrub; artificial; riparian
chestnut_winged_chachalaca,Shrub,forest; shrub; riparian; coastal
rufous_vented_chachalaca,Forest,forest; artificial; riparian
rufous_headed_chachalaca,Forest,forest; shrub; savannah; artificial; riparian; coastal; forest; woodland; riparian
rufous_bellied_chachalaca,Forest,forest; shrub; artificial; coastal
west_mexican_chachalaca,Forest,forest; woodland; shrub; artificial
chaco_chachalaca,Forest,forest; woodland; shrub; riparian
white_bellied_chachalaca,Forest,forest; shrub; coastal
speckled_chachalaca,Shrub,forest; woodland; shrub; artificial; riparian
east_brazilian_chachalaca,Forest,forest; shrub; coastal
scaled_chachalaca,Shrub,forest; shrub; grasslands; artificial
colombian_chachalaca,Forest,forest
little_chachalaca,Forest,forest; woodland; shrub; artificial; riparian
buff_browed_chachalaca,Shrub,forest; woodland; shrub
band_tailed_guan,Forest,forest; shrub; artificial
bearded_guan,Forest,forest
baudo_guan,Forest,forest
andean_guan,Forest,forest; shrub
marail_guan,Forest,forest; shrub; riparian
rusty_margined_guan,Forest,forest; woodland; shrub; riparian; coastal; wetlands_lakes_marsh
red_faced_guan,Forest,forest; bamboo; shrub
crested_guan,Forest,forest; shrub; artificial; riparian
cauca_guan,Forest,forest; shrub; artificial
white_winged_guan,Forest,forest; woodland; artificial; riparian; coastal
spixs_guan,Forest,forest; shrub; riparian
dusky_legged_guan,Forest,forest; woodland; shrub; grasslands; artificial; riparian
yungas_guan,Forest,forest; woodland
white_crested_guan,Forest,forest; shrub
chestnut_bellied_guan,Forest,forest; shrub; riparian; wetlands_lakes_marsh
white_browed_guan,Woodland,woodland; shrub; grasslands; artificial
trinidad_piping_guan,Forest,forest; shrub; artificial
blue_throated_piping_guan,Forest,forest; woodland; riparian; coastal
white_throated_piping_guan,Forest,forest; woodland
red_throated_piping_guan,Forest,forest; riparian
black_fronted_piping_guan,Forest,forest; shrub; riparian; coastal
wattled_guan,Forest,forest; shrub
black_guan,Forest,forest; shrub; rocky_areas
sickle_winged_guan,Forest,forest; woodland; shrub; artificial
highland_guan,Forest,forest; woodland; rocky_areas; artificial
horned_guan,Forest,forest
nocturnal_curassow,Forest,forest; riparian
crestless_curassow,Forest,forest; riparian
salvins_curassow,Forest,forest; riparian
razor_billed_curassow,Forest,forest; riparian
alagoas_curassow,Forest,forest
helmeted_curassow,Forest,forest
horned_curassow,Forest,forest; riparian
sira_curassow,Forest,forest
great_curassow,Forest,forest; artificial; coastal
blue_billed_curassow,Forest,forest
yellow_knobbed_curassow,Forest,forest; woodland; shrub; riparian
black_curassow,Forest,forest; bamboo; shrub; artificial; riparian
wattled_curassow,Forest,forest; shrub; riparian
bare_faced_curassow,Forest,forest; bamboo; woodland; riparian; coastal
belem_curassow,Forest,forest; woodland
red_billed_curassow,Forest,forest; shrub; artificial; riparian
white_breasted_guineafowl,Forest,forest; artificial
black_guineafowl,Forest,forest; artificial
helmeted_guineafowl,Savanna,forest; woodland; shrub; savannah; grasslands; desert; artificial
plumed_guineafowl,Forest,forest
western_crested_guineafowl,Forest,forest; woodland; savannah
eastern_crested_guineafowl,Forest,forest; woodland; savannah; artificial
southern_crested_guineafowl,Forest,forest; woodland; coastal
vulturine_guineafowl,Shrub,forest; woodland; shrub; savannah; grasslands; riparian
stone_partridge,Rocky,woodland; shrub; savannah; rocky_areas; artificial; riparian; coastal
nahans_partridge,Forest,forest; riparian
buffy_crowned_wood_partridge,Forest,forest; artificial
long_tailed_wood_partridge,Forest,forest
bearded_wood_partridge,Forest,forest; artificial; riparian
mountain_quail,Shrub,forest; shrub; artificial
scaled_quail,Shrub,shrub; grasslands; desert
elegant_quail,Forest,forest; shrub
california_quail,Shrub,forest; shrub; grasslands; desert; artificial
gambels_quail,Desert,shrub; desert; artificial; riparian
banded_quail,Shrub,forest; shrub; artificial
northern_bobwhite,Woodland,woodland; shrub; artificial
black_throated_bobwhite,Shrub,forest; woodland; shrub; savannah; artificial
spot_bellied_bobwhite,Grassland,woodland; shrub; savannah; grasslands; artificial
crested_bobwhite,Savanna,woodland; shrub; savannah; artificial
marbled_wood_quail,Forest,forest
spot_winged_wood_quail,Forest,forest
black_eared_wood_quail,Forest,forest
rufous_fronted_wood_quail,Forest,forest
black_fronted_wood_quail,Forest,forest; artificial
chestnut_wood_quail,Forest,forest; shrub; artificial
dark_backed_wood_quail,Forest,forest
rufous_breasted_wood_quail,Forest,forest
tacarcuna_wood_quail,Forest,forest
gorgeted_wood_quail,Forest,forest
venezuelan_wood_quail,Forest,forest
black_breasted_wood_quail,Forest,forest; shrub
stripe_faced_wood_quail,Forest,forest; bamboo; wetlands_lakes_marsh
starred_wood_quail,Forest,forest
spotted_wood_quail,Forest,forest
singing_quail,Forest,forest; shrub; artificial
montezuma_quail,Woodland,forest; woodland; grasslands
spot_breasted_quail,Forest,forest; woodland; shrub; grasslands
ocellated_quail,Woodland,woodland
tawny_faced_quail,Forest,forest
udzungwa_forest_partridge,Forest,forest
ferruginous_partridge,Forest,forest; bamboo; shrub
crested_partridge,Forest,forest; bamboo; grasslands
black_partridge,Forest,forest
hill_partridge,Forest,forest; shrub; riparian
sichuan_partridge,Forest,forest; bamboo; woodland
chestnut_breasted_partridge,Forest,forest
collared_partridge,Forest,forest; bamboo; shrub
rufous_throated_partridge,Forest,forest; bamboo; shrub
red_billed_partridge,Forest,forest; shrub
chestnut_headed_partridge,Forest,forest; artificial
hainan_partridge,Forest,forest
taiwan_partridge,Forest,forest
white_cheeked_partridge,Forest,forest; bamboo; shrub; grasslands; artificial
bar_backed_partridge,Forest,forest; bamboo
orange_necked_partridge,Forest,forest; bamboo; shrub; artificial
bornean_partridge,Forest,forest; bamboo
malay_partridge,Forest,forest
tan_breasted_partridge,Forest,forest
sumatran_partridge,Forest,forest
chestnut_bellied_partridge,Forest,forest
white_faced_partridge,Forest,forest
snow_partridge,Grassland,shrub; grasslands; rocky_areas
blood_pheasant,Shrub,forest; bamboo; shrub
western_tragopan,Forest,forest
satyr_tragopan,Forest,forest; bamboo
blyths_tragopan,Forest,forest; bamboo; woodland; shrub
temmincks_tragopan,Forest,forest; bamboo; shrub
cabots_tragopan,Forest,forest
chestnut_throated_partridge,Forest,forest; shrub; grasslands; rocky_areas
buff_throated_partridge,Forest,forest; shrub; rocky_areas
himalayan_monal,Forest,forest; bamboo; artificial
sclaters_monal,Forest,forest; bamboo; shrub
chinese_monal,Forest,forest; shrub; grasslands; rocky_areas
koklass_pheasant,Forest,forest; bamboo
wild_turkey,Forest,forest; shrub; grasslands; artificial
ocellated_turkey,Forest,forest; grasslands; artificial; wetlands_lakes_marsh
ruffed_grouse,Shrub,forest; shrub
hazel_grouse,Woodland,forest; woodland
chinese_grouse,Forest,forest; shrub
sage_grouse,Grassland,shrub; savannah; grasslands
gunnison_grouse,Shrub,shrub
dusky_grouse,Forest,forest; shrub; grasslands
sooty_grouse,Forest,forest
sharp_tailed_grouse,Grassland,forest; woodland; grasslands; desert; artificial
greater_prairie_chicken,Shrub,forest; woodland; shrub; savannah; grasslands; artificial; riparian; coastal
lesser_prairie_chicken,Grassland,shrub; grasslands; artificial
white_tailed_ptarmigan,Grassland,grasslands; rocky_areas
red_grouse,Shrub,shrub; grasslands; artificial; wetlands_lakes_marsh
willow_grouse,Grassland,forest; shrub; grasslands; rocky_areas; artificial; riparian
rock_ptarmigan,Grassland,shrub; grasslands
siberian_grouse,Forest,forest
spruce_grouse,Forest,forest; shrub
franklins_grouse,Forest,forest
western_capercaillie,Forest,forest; woodland
black_billed_capercaillie,Forest,forest; grasslands
black_grouse,Forest,forest; shrub; grasslands; desert; artificial; wetlands_lakes_marsh
caucasian_grouse,Shrub,forest; shrub; grasslands
long_billed_partridge,Forest,forest; bamboo
dulit_partridge,Forest,forest
tibetan_partridge,Grassland,shrub; grasslands; artificial
grey_partridge,Grassland,shrub; grasslands; plains; artificial
daurian_partridge,Grassland,woodland; grasslands; artificial
copper_pheasant,Forest,forest; rocky_areas
reevess_pheasant,Woodland,forest; woodland; grasslands
mikado_pheasant,Forest,forest; bamboo
elliots_pheasant,Forest,forest; bamboo
mrs_humes_pheasant,Forest,forest; shrub; grasslands; rocky_areas
golden_pheasant,Forest,forest; bamboo; shrub; grasslands; artificial
lady_amhersts_pheasant,Forest,forest; bamboo; shrub; artificial
common_pheasant,Artificial,woodland; shrub; artificial; riparian
green_pheasant,Artificial,woodland; shrub; savannah; artificial
cheer_pheasant,Grassland,forest; shrub; grasslands
tibetan_eared_pheasant,Forest,forest; shrub; grasslands
white_eared_pheasant,Forest,forest; shrub
brown_eared_pheasant,Forest,forest; shrub
blue_eared_pheasant,Forest,forest; shrub; grasslands
vietnam_pheasant,Forest,forest; bamboo
swinhoes_pheasant,Forest,forest
bulwers_pheasant,Forest,forest; bamboo
kalij_pheasant,Forest,forest; shrub; artificial
silver_pheasant,Forest,forest; grasslands
malay_crestless_fireback,Forest,forest; shrub
bornean_crestless_fireback,Forest,forest; riparian
siamese_fireback,Forest,forest; bamboo; shrub; plains
salvadoris_pheasant,Forest,forest
malay_crested_fireback,Forest,forest; grasslands
bornean_crested_fireback,Grassland,forest; grasslands; riparian
annamite_crested_argus,Forest,forest
malaysian_crested_argus,Forest,forest; bamboo
great_argus,Forest,forest
congo_peafowl,Forest,forest
indian_peafowl,Forest,forest; artificial; riparian
green_peafowl,Woodland,forest; bamboo; woodland; savannah; grasslands; artificial; riparian
green_legged_partridge,Forest,forest; bamboo
tonkin_partridge,Forest,forest
chestnut_necklaced_partridge,Forest,forest
sabah_partridge,Forest,forest
crimson_headed_partridge,Forest,forest
red_spurfowl,Shrub,bamboo; shrub
painted_spurfowl,Shrub,bamboo; shrub; rocky_areas
sri_lanka_spurfowl,Forest,forest
palawan_peacock_pheasant,Forest,forest
bornean_peacock_pheasant,Forest,forest; grasslands; riparian
malay_peacock_pheasant,Forest,forest; riparian
germains_peacock_pheasant,Forest,forest; bamboo
hainan_peacock_pheasant,Forest,forest
grey_peacock_pheasant,Forest,forest
mountain_peacock_pheasant,Forest,forest
bronze_tailed_peacock_pheasant,Forest,forest; artificial
mountain_bamboo_partridge,Forest,forest; bamboo; woodland; grasslands; riparian
chinese_bamboo_partridge,Bamboo,forest; bamboo; shrub; grasslands
taiwan_bamboo_partridge,Shrub,bamboo; shrub; grasslands
green_junglefowl,Shrub,forest; shrub; grasslands; artificial; coastal
red_junglefowl,Forest,forest; bamboo; woodland; shrub; artificial; coastal
grey_junglefowl,Forest,forest; bamboo; artificial
sri_lanka_junglefowl,Forest,forest; shrub; coastal
forest_francolin,Forest,forest; riparian
crested_francolin,Shrub,forest; woodland; shrub; riparian
grey_francolin,Grassland,shrub; grasslands; plains; artificial
swamp_francolin,Wetland,grasslands; artificial; riparian; wetlands_lakes_marsh
chinese_francolin,Woodland,woodland; shrub; grasslands; artificial
black_francolin,Riparian,bamboo; shrub; artificial; riparian; wetlands_lakes_marsh
painted_francolin,Grassland,shrub; grasslands; artificial
coqui_francolin,Grassland,woodland; savannah; grasslands; artificial
white_throated_francolin,Savanna,shrub; savannah; artificial
schlegels_francolin,Woodland,woodland
ring_necked_francolin,Grassland,woodland; grasslands; artificial
red_winged_francolin,Grassland,shrub; grasslands; artificial; riparian; wetlands_lakes_marsh
finschs_francolin,Woodland,woodland; savannah; grasslands; riparian
moorland_francolin,Grassland,grasslands
elgon_francolin,Grassland,grasslands
grey_winged_francolin,Grassland,woodland; grasslands
orange_river_francolin,Grassland,forest; woodland; shrub; savannah; grasslands
shelleys_francolin,Grassland,woodland; shrub; savannah; grasslands; rocky_areas; artificial; coastal
whytes_francolin,Grassland,woodland; grasslands; rocky_areas
tibetan_snowcock,Grassland,grasslands; rocky_areas
altai_snowcock,Plains,grasslands; plains
caucasian_snowcock,Rocky,forest; rocky_areas
caspian_snowcock,Rocky,grasslands; rocky_areas
himalayan_snowcock,Grassland,grasslands; rocky_areas
see_see_partridge,Plains,plains; rocky_areas; desert
sand_partridge,Desert,plains; rocky_areas; desert
brown_quail,Grassland,woodland; shrub; grasslands; coastal; wetlands_lakes_marsh
snow_mountain_quail,Shrub,shrub; grasslands
asian_blue_quail,Grassland,shrub; grasslands; artificial; wetlands_lakes_marsh
african_blue_quail,Grassland,forest; grasslands; rocky_areas; artificial; riparian; wetlands_lakes_marsh
madagascar_partridge,Forest,forest; shrub; grasslands; artificial
common_quail,Grassland,shrub; grasslands; artificial
japanese_quail,Grassland,shrub; grasslands; plains; artificial
harlequin_quail,Grassland,shrub; grasslands; artificial; riparian; wetlands_lakes_marsh
rain_quail,Grassland,shrub; grasslands; artificial
stubble_quail,Grassland,savannah; grasslands; artificial
new_zealand_quail,Grassland,shrub; grasslands; wetlands_lakes_marsh
barbary_partridge,Rocky,woodland; shrub; savannah; rocky_areas; desert; artificial; riparian
arabian_partridge,Forest,forest; grasslands; plains
red_legged_partridge,Shrub,shrub; artificial
chukar,Shrub,forest; shrub; savannah; rocky_areas; artificial
rock_partridge,Rocky,shrub; grasslands; rocky_areas
philbys_partridge,Shrub,shrub; rocky_areas; artificial
przevalskis_partridge,Rocky,grasslands; rocky_areas
jungle_bush_quail,Shrub,forest; shrub; grasslands
rock_bush_quail,Plains,shrub; plains
painted_bush_quail,Grassland,forest; shrub; grasslands; artificial
manipur_bush_quail,Grassland,shrub; grasslands; wetlands_lakes_marsh
himalayan_quail,Grassland,shrub; grasslands
hartlaubs_spurfowl,Shrub,shrub; grasslands
mount_cameroon_spurfowl,Forest,forest; savannah
handsome_spurfowl,Forest,forest; bamboo; shrub
chestnut_naped_spurfowl,Forest,forest; woodland; shrub; grasslands; plains; rocky_areas
black_fronted_spurfowl,Forest,forest
erckels_spurfowl,Shrub,forest; woodland; shrub; riparian
djibouti_spurfowl,Forest,forest
swierstras_spurfowl,Forest,forest; shrub; grasslands; rocky_areas
ahanta_spurfowl,Forest,forest; shrub; artificial; riparian; coastal
grey_striped_spurfowl,Forest,forest; shrub; riparian
jacksons_spurfowl,Forest,forest; bamboo; shrub; grasslands
red_billed_spurfowl,Savanna,woodland; shrub; savannah; riparian; wetlands_lakes_marsh
cape_spurfowl,Shrub,shrub; rocky_areas; artificial; riparian
natal_spurfowl,Shrub,forest; woodland; shrub; rocky_areas; artificial
hildebrandts_spurfowl,Shrub,shrub; grasslands; rocky_areas
double_spurred_spurfowl,Savanna,forest; woodland; savannah; artificial; wetlands_lakes_marsh
scaly_spurfowl,Forest,forest; artificial
heuglins_spurfowl,Grassland,savannah; grasslands; artificial
clappertons_spurfowl,Savanna,woodland; savannah; grasslands; rocky_areas; artificial
harwoods_spurfowl,Woodland,woodland; shrub; riparian; wetlands_lakes_marsh
swainsons_spurfowl,Savanna,forest; shrub; savannah; grasslands; riparian; wetlands_lakes_marsh
yellow_necked_spurfowl,Woodland,woodland; artificial
grey_breasted_spurfowl,Savanna,woodland; shrub; savannah; grasslands; plains; riparian
red_necked_spurfowl,Woodland,forest; woodland; shrub; grasslands; riparian; coastal; wetlands_lakes_marsh
spotted_nightjar,Woodland,forest; woodland; savannah; grasslands; coastal
white_throated_nightjar,Forest,forest; woodland; shrub; savannah; grasslands; artificial; coastal; wetlands_lakes_marsh
solomons_nightjar,Coastal,forest; woodland; coastal
new_caledonian_nightjar,Savanna,savannah; grasslands; coastal
heinrichs_nightjar,Forest,forest
papuan_nightjar,Forest,forest
archbolds_nightjar,Forest,forest; shrub
malay_eared_nightjar,Forest,forest; woodland; shrub; grasslands; riparian; coastal; wetlands_lakes_marsh
great_eared_nightjar,Forest,forest; bamboo; shrub; grasslands; riparian
collared_nightjar,Forest,forest; coastal
nacunda_nighthawk,Savanna,forest; savannah; grasslands; artificial; wetlands_lakes_marsh
least_nighthawk,Savanna,shrub; savannah; grasslands
sand_colored_nighthawk,Riparian,rocky_areas; riparian; coastal; wetlands_lakes_marsh
lesser_nighthawk,Shrub,shrub; savannah; plains; desert; artificial; coastal
common_nighthawk,Grassland,forest; woodland; shrub; grasslands; rocky_areas; artificial; wetlands_lakes_marsh
antillean_nighthawk,Savanna,forest; shrub; savannah; artificial; coastal
short_tailed_nighthawk,Forest,forest; woodland; shrub; artificial; wetlands_lakes_marsh
rufous_bellied_nighthawk,Forest,forest
band_tailed_nighthawk,Forest,forest; savannah; riparian; wetlands_lakes_marsh
bahian_nighthawk,Woodland,woodland; shrub; riparian
blackish_nightjar,Rocky,forest; shrub; rocky_areas; riparian
pygmy_nightjar,Woodland,woodland; shrub; rocky_areas
pauraque,Woodland,woodland; shrub; artificial; coastal
scrub_nightjar,Shrub,forest; woodland; shrub; grasslands; artificial
todds_nightjar,Woodland,woodland; shrub; artificial; riparian
little_nightjar,Woodland,forest; woodland; shrub; savannah; grasslands
roraiman_nightjar,Forest,forest; shrub
cayenne_nightjar,Forest,forest; riparian
sickle_winged_nightjar,Woodland,woodland; shrub; savannah; grasslands; riparian; wetlands_lakes_marsh
white_winged_nightjar,Shrub,woodland; shrub; grasslands
greater_band_winged_nightjar,Grassland,shrub; grasslands; artificial
tepui_nightjar,Forest,forest; shrub; grasslands
lesser_band_winged_nightjar,Forest,forest; shrub; savannah; grasslands
swallow_tailed_nightjar,Forest,forest; bamboo; shrub; grasslands
lyre_tailed_nightjar,Forest,forest; woodland; rocky_areas
white_tailed_nightjar,Grassland,shrub; savannah; grasslands
spot_tailed_nightjar,Savanna,shrub; savannah; grasslands; artificial
ladder_tailed_nightjar,Riparian,shrub; riparian; coastal
scissor_tailed_nightjar,Shrub,woodland; shrub; grasslands; artificial
long_trained_nightjar,Forest,forest; woodland
least_poorwill,Forest,forest; woodland; shrub
jamaican_poorwill,Forest,forest; woodland; plains
choco_poorwill,Forest,forest
eared_poorwill,Woodland,forest; woodland; artificial
yucatan_poorwill,Shrub,forest; woodland; shrub; artificial
ocellated_poorwill,Forest,forest
common_poorwill,Shrub,forest; woodland; shrub; grasslands; plains; desert
chuck_wills_widow,Woodland,forest; woodland; shrub; grasslands; artificial
rufous_nightjar,Forest,forest; shrub
cuban_nightjar,Woodland,woodland; riparian; wetlands_lakes_marsh
hispaniolan_nightjar,Forest,forest
tawny_collared_nightjar,Plains,forest; woodland; shrub; plains; artificial
yucatan_nightjar,Forest,forest; woodland
silky_tailed_nightjar,Forest,forest; riparian
buff_collared_nightjar,Rocky,forest; woodland; shrub; rocky_areas
eastern_whip_poor_will,Woodland,forest; woodland; shrub; coastal
mexican_whip_poor_will,Forest,forest
puerto_rican_nightjar,Forest,forest; shrub
dusky_nightjar,Forest,forest; woodland
brown_nightjar,Forest,forest
red_necked_nightjar,Forest,forest; woodland; shrub; desert; artificial
jungle_nightjar,Forest,forest; bamboo; woodland; shrub; artificial
grey_nightjar,Forest,forest; shrub; rocky_areas; artificial
palau_nightjar,Forest,forest
european_nightjar,Shrub,forest; woodland; shrub; grasslands; plains; desert; artificial; coastal; wetlands_lakes_marsh
sombre_nightjar,Shrub,shrub; grasslands; artificial
rufous_cheeked_nightjar,Savanna,woodland; savannah; desert
egyptian_nightjar,Desert,shrub; desert; artificial
sykess_nightjar,Plains,shrub; plains; rocky_areas; desert
nubian_nightjar,Shrub,shrub; desert; coastal
golden_nightjar,Plains,plains; rocky_areas; artificial
jerdons_nightjar,Forest,forest; bamboo; woodland; shrub; artificial
large_tailed_nightjar,Woodland,forest; bamboo; woodland; shrub; savannah; grasslands; artificial; riparian; coastal; wetlands_lakes_marsh
meess_nightjar,Shrub,forest; shrub; savannah; grasslands; artificial
timor_nightjar,Forest,forest; savannah
andaman_nightjar,Forest,forest; shrub; savannah
philippine_nightjar,Forest,forest; woodland; shrub; artificial; coastal
sulawesi_nightjar,Forest,forest; shrub; coastal
donaldson_smiths_nightjar,Shrub,woodland; shrub
fiery_necked_nightjar,Savanna,forest; woodland; shrub; savannah; artificial
montane_nightjar,Forest,forest; bamboo; woodland; shrub; rocky_areas; artificial
indian_nightjar,Shrub,bamboo; woodland; shrub; plains; artificial
madagascar_nightjar,Woodland,forest; woodland; shrub; savannah; artificial
swamp_nightjar,Wetland,grasslands; wetlands_lakes_marsh
nechisar_nightjar,Grassland,grasslands
plain_nightjar,Savanna,woodland; savannah; rocky_areas; desert
star_spotted_nightjar,Grassland,grasslands; rocky_areas; desert
savanna_nightjar,Grassland,woodland; shrub; grasslands; plains; rocky_areas; artificial; coastal; wetlands_lakes_marsh
chirruping_nightjar,Grassland,forest; shrub; grasslands; plains; rocky_areas; artificial; riparian
freckled_nightjar,Rocky,rocky_areas; riparian
bonapartes_nightjar,Forest,forest
salvadoris_nightjar,Forest,forest; rocky_areas; wetlands_lakes_marsh
prigogines_nightjar,Forest,forest
batess_nightjar,Forest,forest
long_tailed_nightjar,Forest,forest; woodland; grasslands; desert; artificial
slender_tailed_nightjar,Shrub,shrub; grasslands
mozambique_nightjar,Woodland,forest; woodland; shrub; savannah; grasslands; artificial; wetlands_lakes_marsh
standard_winged_nightjar,Savanna,forest; woodland; shrub; savannah; grasslands; coastal
pennant_winged_nightjar,Woodland,woodland; grasslands; artificial
oilbird,Forest,forest; rocky_areas
rufous_potoo,Forest,forest
great_potoo,Forest,forest; woodland; shrub; artificial; riparian; wetlands_lakes_marsh
long_tailed_potoo,Forest,forest; riparian
northern_potoo,Forest,forest; woodland; artificial
common_potoo,Woodland,forest; woodland; shrub; savannah
andean_potoo,Forest,forest
white_winged_potoo,Forest,forest
marbled_frogmouth,Forest,forest
papuan_frogmouth,Savanna,forest; shrub; savannah; riparian; coastal; wetlands_lakes_marsh
tawny_frogmouth,Forest,forest; woodland; shrub; artificial; coastal
solomons_frogmouth,Forest,forest; shrub; artificial
large_frogmouth,Forest,forest; wetlands_lakes_marsh
dulit_frogmouth,Forest,forest
philippine_frogmouth,Forest,forest
goulds_frogmouth,Forest,forest
sri_lanka_frogmouth,Woodland,forest; bamboo; woodland
hodgsons_frogmouth,Forest,forest
sumatran_frogmouth,Forest,forest
bornean_frogmouth,Forest,forest
horsfields_frogmouth,Forest,forest; shrub; coastal
blyths_frogmouth,Forest,forest
palawan_frogmouth,Forest,forest; bamboo
sunda_frogmouth,Forest,forest; artificial; riparian; coastal
feline_owlet_nightjar,Forest,forest; shrub; riparian
starry_owlet_nightjar,Forest,forest
moluccan_owlet_nightjar,Forest,forest; woodland; artificial
wallaces_owlet_nightjar,Forest,forest; artificial
archbolds_owlet_nightjar,Forest,forest; shrub
mountain_owlet_nightjar,Forest,forest; savannah; artificial
new_caledonian_owlet_nightjar,Forest,forest; riparian
barred_owlet_nightjar,Forest,forest
vogelkop_owlet_nightjar,Forest,forest
karimui_owlet_nightjar,Forest,forest
australian_owlet_nightjar,Woodland,forest; woodland; shrub; coastal
crested_treeswift,Woodland,forest; woodland
grey_rumped_treeswift,Forest,forest; artificial; coastal
whiskered_treeswift,Forest,forest; coastal
moustached_treeswift,Woodland,forest; woodland; savannah; riparian; coastal
spot_fronted_swift,Forest,forest; savannah
white_chinned_swift,Forest,forest; savannah; grasslands; rocky_areas
white_fronted_swift,Forest,forest; riparian
sooty_swift,Forest,forest; shrub; wetlands_lakes_marsh
rothschilds_swift,Forest,forest; riparian
black_swift,Rocky,rocky_areas; riparian; wetlands_lakes_marsh
white_chested_swift,Forest,forest; shrub; grasslands; rocky_areas
great_dusky_swift,Forest,forest; shrub; riparian
tepui_swift,Forest,forest; grasslands; rocky_areas
chestnut_collared_swift,Forest,forest; shrub
white_collared_swift,Forest,forest; shrub
biscutate_swift,Forest,forest; woodland; shrub
white_naped_swift,Forest,forest; shrub; rocky_areas
waterfall_swift,Riparian,forest; riparian
western_glossy_swiftlet,Forest,forest; artificial
philippine_glossy_swiftlet,Forest,forest; artificial; riparian; coastal
ridgetop_swiftlet,Forest,forest; artificial; riparian; coastal
tenggara_swiftlet,Forest,forest; plains; artificial; coastal
drab_swiftlet,Artificial,forest; savannah; rocky_areas; artificial; coastal
glossy_swiftlet,Forest,forest; artificial
satin_swiftlet,Forest,forest; plains; artificial; coastal
bornean_swiftlet,Forest,forest; savannah; artificial
cave_swiftlet,Forest,forest; grasslands; artificial
christmas_island_swiftlet,Forest,forest; rocky_areas
pygmy_swiftlet,Forest,forest; riparian; wetlands_lakes_marsh
seychelles_swiftlet,Forest,forest; coastal; wetlands_lakes_marsh
mascarene_swiftlet,Forest,forest; shrub; rocky_areas
indian_swiftlet,Rocky,forest; woodland; shrub; rocky_areas; artificial
philippine_swiftlet,Forest,forest
moluccan_swiftlet,Forest,forest; artificial
mountain_swiftlet,Forest,forest
white_rumped_swiftlet,Forest,forest
australian_swiftlet,Savanna,forest; savannah; rocky_areas
himalayan_swiftlet,Riparian,forest; artificial; riparian
volcano_swiftlet,Rocky,rocky_areas
whiteheads_swiftlet,Forest,forest
bare_legged_swiftlet,Forest,forest
mayrs_swiftlet,Forest,forest
mossy_nest_swiftlet,Rocky,forest; rocky_areas
uniform_swiftlet,Forest,forest; artificial; coastal
ameline_swiftlet,Forest,forest; artificial
palau_swiftlet,Forest,forest; shrub; rocky_areas
mariana_swiftlet,Forest,forest; artificial; coastal
caroline_swiftlet,Forest,forest; shrub; rocky_areas
polynesian_swiftlet,Forest,forest; rocky_areas; riparian
atiu_swiftlet,Forest,forest; artificial; coastal
marquesas_swiftlet,Forest,forest; artificial; coastal
black_nest_swiftlet,Forest,forest; artificial; riparian; wetlands_lakes_marsh
edible_nest_swiftlet,Forest,forest; rocky_areas; artificial; coastal
papuan_swiftlet,Rocky,rocky_areas
scarce_swift,Forest,forest; rocky_areas
philippine_spinetail,Forest,forest
papuan_spinetail,Forest,forest; coastal
madagascar_spinetail,Forest,forest; artificial
sao_tome_spinetail,Forest,forest; savannah; artificial; coastal
white_rumped_spinetail,Forest,forest; artificial
mottled_spinetail,Woodland,forest; woodland; savannah; riparian
black_spinetail,Forest,forest; rocky_areas; artificial
silver_rumped_spinetail,Forest,forest; rocky_areas; artificial; riparian; coastal
sabines_spinetail,Forest,forest; savannah; grasslands; riparian; coastal; wetlands_lakes_marsh
cassins_spinetail,Forest,forest; riparian; wetlands_lakes_marsh
böhms_spinetail,Woodland,forest; woodland; savannah
white_throated_needletail,Woodland,forest; woodland; grasslands; plains; riparian
silver_backed_needletail,Forest,forest; riparian; wetlands_lakes_marsh
brown_backed_needletail,Forest,forest; woodland; riparian; wetlands_lakes_marsh
purple_needletail,Forest,forest; savannah
grey_rumped_swift,Forest,forest
band_rumped_swift,Forest,forest; shrub
lesser_antillean_swift,Forest,forest; woodland
costa_rican_swift,Forest,forest; shrub; artificial
pale_rumped_swift,Forest,forest
chimney_swift,Artificial,forest; shrub; artificial; riparian; coastal
vauxs_swift,Forest,forest
chapmans_swift,Forest,forest; shrub; coastal; wetlands_lakes_marsh
ashy_tailed_swift,Woodland,woodland
southern_swift,Forest,forest; shrub; artificial
short_tailed_swift,Forest,forest; woodland; shrub; grasslands; artificial
white_throated_swift,Rocky,woodland; shrub; grasslands; plains; rocky_areas; artificial; coastal; wetlands_lakes_marsh
white_tipped_swift,Forest,forest; grasslands; rocky_areas
andean_swift,Shrub,forest; shrub
antillean_palm_swift,Grassland,shrub; grasslands; artificial
pygmy_palm_swift,Forest,forest; shrub; savannah; artificial; coastal
fork_tailed_palm_swift,Forest,forest; shrub; artificial; riparian
great_swallow_tailed_swift,Forest,forest; shrub; savannah; rocky_areas; artificial
lesser_swallow_tailed_swift,Forest,forest; woodland; artificial; riparian
african_palm_swift,Woodland,forest; woodland; savannah; grasslands; riparian; coastal
malagasy_palm_swift,Woodland,forest; woodland; artificial; wetlands_lakes_marsh
asian_palm_swift,Woodland,forest; woodland; shrub; artificial; coastal
alpine_swift,Rocky,plains; rocky_areas; artificial
mottled_swift,Shrub,shrub; savannah
cape_verde_swift,Rocky,rocky_areas
common_swift,Plains,forest; woodland; shrub; savannah; grasslands; plains; desert; artificial
plain_swift,Coastal,forest; rocky_areas; artificial; coastal
nyanza_swift,Rocky,rocky_areas; artificial; wetlands_lakes_marsh
pallid_swift,Rocky,woodland; savannah; grasslands; rocky_areas; artificial; coastal
african_swift,Rocky,rocky_areas
madagascar_swift,Rocky,rocky_areas
fernando_po_swift,Rocky,rocky_areas
forbes_watsons_swift,Rocky,forest; rocky_areas; coastal
bradfields_swift,Desert,savannah; plains; desert
pacific_swift,Forest,forest; woodland; shrub; savannah; grasslands; plains; artificial; coastal; wetlands_lakes_marsh
salim_alis_swift,Artificial,artificial
blyths_swift,Forest,forest
cooks_swift,Rocky,rocky_areas
dark_rumped_swift,Forest,forest; rocky_areas
little_swift,Artificial,woodland; shrub; savannah; grasslands; rocky_areas; artificial; riparian
house_swift,Artificial,forest; artificial
horus_swift,Shrub,woodland; shrub
white_rumped_swift,Savanna,forest; shrub; savannah
batess_swift,Forest,forest; rocky_areas
crimson_topaz,Forest,forest; riparian
fiery_topaz,Forest,forest; riparian
white_necked_jacobin,Forest,forest; woodland; artificial
black_jacobin,Woodland,woodland; artificial
white_tipped_sicklebill,Forest,forest; riparian
buff_tailed_sicklebill,Forest,forest; artificial; wetlands_lakes_marsh
saw_billed_hermit,Forest,forest
hook_billed_hermit,Forest,forest
bronzy_hermit,Forest,forest; shrub; riparian; wetlands_lakes_marsh
rufous_breasted_hermit,Forest,forest; bamboo; woodland; shrub; artificial; riparian
band_tailed_barbthroat,Forest,forest; shrub; artificial; riparian
pale_tailed_barbthroat,Forest,forest; shrub; grasslands; artificial; riparian
sooty_barbthroat,Forest,forest; shrub; grasslands; artificial; riparian
broad_tipped_hermit,Shrub,forest; shrub
dusky_throated_hermit,Forest,forest
streak_throated_hermit,Forest,forest; shrub; riparian
little_hermit,Forest,forest; shrub; artificial; coastal
tapajos_hermit,Forest,forest
minute_hermit,Forest,forest; coastal
cinnamon_throated_hermit,Forest,forest; shrub; riparian
black_throated_hermit,Forest,forest
stripe_throated_hermit,Forest,forest; woodland; shrub; artificial
grey_chinned_hermit,Forest,forest; woodland; shrub; riparian
porculla_hermit,Forest,forest; woodland
reddish_hermit,Forest,forest; woodland; shrub
white_browed_hermit,Forest,forest; bamboo; shrub
buff_bellied_hermit,Forest,forest; woodland; shrub
sooty_capped_hermit,Forest,forest; shrub; artificial
planalto_hermit,Forest,forest; woodland; artificial; riparian
scale_throated_hermit,Forest,forest
pale_bellied_hermit,Forest,forest; woodland; shrub; artificial
white_bearded_hermit,Forest,forest; woodland; shrub; artificial; riparian
white_whiskered_hermit,Forest,forest; shrub; artificial
green_hermit,Forest,forest; shrub
tawny_bellied_hermit,Forest,forest; shrub
koepckes_hermit,Forest,forest
needle_billed_hermit,Forest,forest; bamboo; shrub; artificial
straight_billed_hermit,Forest,forest; shrub; artificial
ash_bellied_hermit,Forest,forest; shrub; artificial
mexican_hermit,Forest,forest; artificial
long_billed_hermit,Forest,forest; shrub; rocky_areas; artificial
ecuadorian_hermit,Forest,forest
long_tailed_hermit,Forest,forest; shrub; riparian
great_billed_hermit,Forest,forest; bamboo; shrub
green_fronted_lancebill,Forest,forest; shrub
blue_fronted_lancebill,Forest,forest; shrub; rocky_areas
western_wedge_billed_hummingbird,Forest,forest; riparian
eastern_wedge_billed_hummingbird,Forest,forest
hyacinth_visorbearer,Grassland,forest; shrub; grasslands; rocky_areas
hooded_visorbearer,Shrub,shrub; grasslands
brown_violetear,Forest,forest; shrub; artificial
green_violetear,Shrub,forest; shrub; grasslands; artificial
lesser_violetear,Forest,forest; grasslands
sparkling_violetear,Forest,forest; woodland; plains; artificial
white_vented_violetear,Shrub,shrub; grasslands; artificial; riparian
tooth_billed_hummingbird,Forest,forest; shrub
horned_sungem,Riparian,woodland; shrub; grasslands; artificial; riparian
purple_crowned_fairy,Forest,forest
black_eared_fairy,Forest,forest
white_tailed_goldenthroat,Grassland,shrub; savannah; grasslands; wetlands_lakes_marsh
tepui_goldenthroat,Forest,forest; shrub; grasslands
green_tailed_goldenthroat,Forest,forest; shrub; savannah
fiery_tailed_awlbill,Savanna,forest; woodland; shrub; savannah; riparian
ruby_topaz_hummingbird,Shrub,shrub; grasslands; artificial; riparian
jamaican_mango,Forest,forest; artificial; coastal
green_throated_mango,Coastal,shrub; coastal; wetlands_lakes_marsh
green_breasted_mango,Shrub,forest; shrub; savannah; grasslands; artificial; riparian; coastal
veraguas_mango,Grassland,shrub; grasslands
black_throated_mango,Shrub,shrub; artificial
hispaniolan_mango,Shrub,forest; shrub; artificial
puerto_rican_mango,Forest,forest; shrub; artificial
green_mango,Forest,forest; artificial; coastal
green_throated_carib,Forest,forest; shrub; artificial
purple_throated_carib,Forest,forest
orange_throated_sunangel,Forest,forest; shrub
amethyst_throated_sunangel,Forest,forest; woodland; shrub; grasslands; riparian
longuemares_sunangel,Forest,forest; woodland; shrub; riparian
merida_sunangel,Forest,forest; shrub
gorgeted_sunangel,Forest,forest; shrub
tourmaline_sunangel,Forest,forest; bamboo; shrub; grasslands
little_sunangel,Forest,forest; shrub
purple_throated_sunangel,Forest,forest; shrub
royal_sunangel,Forest,forest; shrub
green_backed_firecrown,Plains,forest; shrub; grasslands; plains; artificial
juan_fernandez_firecrown,Forest,forest; shrub; artificial
green_thorntail,Forest,forest
wire_crested_thorntail,Forest,forest
black_bellied_thorntail,Forest,forest
coppery_thorntail,Forest,forest; riparian
racket_tipped_thorntail,Forest,forest; shrub; riparian
tufted_coquette,Forest,forest; shrub; artificial
dot_eared_coquette,Shrub,woodland; shrub
frilled_coquette,Shrub,shrub; artificial
short_crested_coquette,Forest,forest; artificial
rufous_crested_coquette,Forest,forest; shrub; artificial
spangled_coquette,Forest,forest; shrub
festive_coquette,Forest,forest; shrub
butterfly_coquette,Forest,forest; artificial; riparian
peacock_coquette,Forest,forest
black_crested_coquette,Forest,forest; artificial
white_crested_coquette,Forest,forest; woodland; shrub; artificial
ecuadorian_piedtail,Forest,forest
peruvian_piedtail,Forest,forest
speckled_hummingbird,Forest,forest
long_tailed_sylph,Shrub,forest; woodland; shrub; grasslands; artificial
violet_tailed_sylph,Forest,forest; shrub
venezuelan_sylph,Shrub,forest; shrub
red_tailed_comet,Forest,forest; shrub
bronze_tailed_comet,Shrub,woodland; shrub
grey_bellied_comet,Shrub,forest; shrub; artificial
andean_hillstar,Grassland,woodland; shrub; grasslands; rocky_areas; artificial
white_sided_hillstar,Shrub,shrub
ecuadorian_hillstar,Grassland,shrub; grasslands; rocky_areas; artificial; riparian
blue_throated_hillstar,Shrub,shrub; grasslands; rocky_areas
green_headed_hillstar,Grassland,forest; grasslands; rocky_areas
black_breasted_hillstar,Grassland,grasslands; rocky_areas
wedge_tailed_hillstar,Forest,forest; shrub
mountain_avocetbill,Shrub,shrub; grasslands
black_tailed_trainbearer,Forest,forest; shrub; grasslands
green_tailed_trainbearer,Shrub,woodland; shrub; grasslands
black_backed_thornbill,Forest,forest; grasslands
purple_backed_thornbill,Forest,forest; grasslands
eastern_mountaineer,Forest,forest; woodland; shrub
western_mountaineer,Woodland,woodland; rocky_areas; artificial
buffy_helmetcrest,Shrub,shrub
blue_bearded_helmetcrest,Grassland,grasslands
white_bearded_helmetcrest,Shrub,forest; shrub
green_bearded_helmetcrest,Shrub,shrub; grasslands
bronze_tailed_thornbill,Forest,forest; woodland; shrub; grasslands; rocky_areas
rainbow_bearded_thornbill,Grassland,shrub; grasslands; rocky_areas
rufous_capped_thornbill,Forest,forest; shrub; riparian
olivaceous_thornbill,Forest,forest; woodland; shrub; grasslands
blue_mantled_thornbill,Grassland,woodland; shrub; grasslands; rocky_areas
tyrian_metaltail,Forest,forest; woodland; shrub; grasslands
perija_metaltail,Forest,forest; shrub
viridian_metaltail,Grassland,forest; shrub; grasslands
violet_throated_metaltail,Forest,forest; woodland; grasslands; riparian
neblina_metaltail,Forest,forest; shrub; grasslands
coppery_metaltail,Forest,forest; shrub; grasslands
fire_throated_metaltail,Forest,forest; shrub
scaled_metaltail,Forest,forest; shrub; rocky_areas
black_metaltail,Shrub,woodland; shrub
greenish_puffleg,Forest,forest
buff_thighed_puffleg,Forest,forest
hoary_puffleg,Forest,forest; shrub; riparian
black_breasted_puffleg,Forest,forest; grasslands
gorgeted_puffleg,Forest,forest
glowing_puffleg,Grassland,forest; shrub; grasslands
black_thighed_puffleg,Forest,forest
turquoise_throated_puffleg,Forest,forest; woodland; shrub
coppery_bellied_puffleg,Forest,forest; shrub; grasslands
sapphire_vented_puffleg,Forest,forest; shrub; grasslands
coppery_naped_puffleg,Forest,forest
golden_breasted_puffleg,Woodland,forest; woodland
blue_capped_puffleg,Forest,forest; shrub; grasslands
colorful_puffleg,Forest,forest; shrub
emerald_bellied_puffleg,Forest,forest
marvelous_spatuletail,Shrub,forest; shrub
shining_sunbeam,Shrub,forest; shrub
white_tufted_sunbeam,Forest,forest; woodland; shrub
purple_backed_sunbeam,Shrub,shrub
black_hooded_sunbeam,Forest,forest; shrub; rocky_areas
bronzy_inca,Forest,forest; artificial
brown_inca,Forest,forest
black_inca,Forest,forest; shrub; artificial
green_inca,Forest,forest; shrub
collared_inca,Forest,forest; grasslands
vilcabamba_inca,Forest,forest; shrub
goulds_inca,Forest,forest
bolivian_starfrontlet,Forest,forest
huanuco_starfrontlet,Forest,forest; shrub
apurimac_starfrontlet,Forest,forest
cuzco_starfrontlet,Forest,forest; shrub
rainbow_starfrontlet,Forest,forest; shrub; artificial; riparian
white_tailed_starfrontlet,Forest,forest; shrub
glittering_starfrontlet,Forest,forest
buff_winged_starfrontlet,Forest,forest; woodland; grasslands
perija_starfrontlet,Forest,forest; shrub
golden_bellied_starfrontlet,Forest,forest
golden_starfrontlet,Forest,forest; shrub
blue_throated_starfrontlet,Forest,forest; shrub; artificial
mountain_velvetbreast,Forest,forest; shrub
sword_billed_hummingbird,Forest,forest; shrub; grasslands
great_sapphirewing,Forest,forest; shrub; grasslands
buff_tailed_coronet,Forest,forest; shrub
chestnut_breasted_coronet,Forest,forest
velvet_purple_coronet,Forest,forest; shrub
booted_racket_tail,Forest,forest
peruvian_racket_tail,Forest,forest
rufous_booted_racket_tail,Forest,forest
rufous_gaped_hillstar,Forest,forest; shrub; riparian
white_tailed_hillstar,Forest,forest; shrub; riparian
purple_bibbed_whitetip,Forest,forest; shrub
rufous_vented_whitetip,Forest,forest; shrub
velvet_browed_brilliant,Forest,forest; shrub
pink_throated_brilliant,Forest,forest
rufous_webbed_brilliant,Forest,forest; woodland; artificial
black_throated_brilliant,Forest,forest; shrub
black_breasted_brilliant,Forest,forest
goulds_brilliant,Forest,forest; riparian
fawn_breasted_brilliant,Forest,forest; artificial
green_crowned_brilliant,Forest,forest; shrub
empress_brilliant,Forest,forest; shrub
violet_fronted_brilliant,Forest,forest; woodland; shrub; artificial
brazilian_ruby,Forest,forest; shrub; artificial
giant_hummingbird,Grassland,shrub; grasslands; artificial; riparian
violet_chested_hummingbird,Forest,forest; woodland; shrub; artificial
scissor_tailed_hummingbird,Forest,forest
magnificent_hummingbird,Forest,forest; riparian
talamanca_hummingbird,Forest,forest
fiery_throated_hummingbird,Forest,forest; shrub; grasslands
long_billed_starthroat,Forest,forest; woodland; shrub; riparian
plain_capped_starthroat,Woodland,forest; woodland; shrub; savannah; artificial
stripe_breasted_starthroat,Forest,forest; shrub
blue_tufted_starthroat,Forest,forest; shrub; grasslands
white_bellied_mountain_gem,Forest,forest; shrub
blue_throated_mountain_gem,Woodland,forest; woodland; artificial; riparian
amethyst_throated_mountain_gem,Forest,forest
green_throated_mountain_gem,Forest,forest
green_breasted_mountain_gem,Forest,forest; woodland; shrub
purple_throated_mountain_gem,Forest,forest; artificial
grey_tailed_mountain_gem,Forest,forest; artificial
white_throated_mountain_gem,Forest,forest
garnet_throated_hummingbird,Forest,forest; shrub
amethyst_woodstar,Forest,forest; woodland; shrub; savannah
purple_collared_woodstar,Shrub,shrub; grasslands; coastal
oasis_hummingbird,Shrub,shrub; artificial
short_tailed_woodstar,Forest,forest; shrub; coastal
peruvian_sheartail,Coastal,desert; artificial; coastal
magenta_throated_woodstar,Forest,forest; woodland; shrub
purple_throated_woodstar,Forest,forest; coastal
chilean_woodstar,Shrub,shrub; artificial
slender_tailed_woodstar,Shrub,forest; woodland; shrub; artificial
white_bellied_woodstar,Forest,forest; grasslands
little_woodstar,Forest,forest
gorgeted_woodstar,Forest,forest; shrub; artificial
santa_marta_woodstar,Forest,forest; woodland; grasslands
esmeraldas_woodstar,Forest,forest; shrub
rufous_shafted_woodstar,Shrub,forest; shrub; artificial
sparkling_tailed_woodstar,Forest,forest; woodland; shrub
slender_sheartail,Forest,forest; woodland; shrub
mexican_sheartail,Shrub,shrub; artificial; wetlands_lakes_marsh
lucifer_hummingbird,Shrub,forest; shrub
beautiful_hummingbird,Shrub,forest; shrub
black_chinned_hummingbird,Woodland,forest; woodland; shrub; desert
ruby_throated_hummingbird,Woodland,forest; woodland; artificial
vervain_hummingbird,Woodland,woodland; shrub; artificial
bee_hummingbird,Woodland,woodland; shrub; artificial; wetlands_lakes_marsh
bahama_hummingbird,Coastal,forest; artificial; coastal
lyre_tailed_hummingbird,Shrub,forest; woodland; shrub; artificial; riparian
annas_hummingbird,Woodland,woodland; shrub; savannah; riparian; coastal
costas_hummingbird,Desert,shrub; savannah; grasslands; plains; desert; artificial; coastal
calliope_hummingbird,Shrub,shrub; artificial
rufous_hummingbird,Forest,forest; shrub
allens_hummingbird,Shrub,forest; shrub; artificial; riparian
broad_tailed_hummingbird,Woodland,forest; woodland; shrub; grasslands; riparian
bumblebee_hummingbird,Forest,forest; woodland
wine_throated_hummingbird,Forest,forest; woodland; shrub
volcano_hummingbird,Shrub,forest; shrub; grasslands; artificial; wetlands_lakes_marsh
scintillant_hummingbird,Forest,forest; shrub; grasslands; artificial
glow_throated_hummingbird,Shrub,forest; shrub
dusky_hummingbird,Shrub,shrub; artificial; riparian
cuban_emerald,Forest,forest; woodland; artificial; coastal
braces_emerald,Shrub,shrub
hispaniolan_emerald,Forest,forest; shrub; artificial
puerto_rican_emerald,Forest,forest; woodland; artificial; coastal
blue_headed_hummingbird,Forest,forest; shrub; riparian
caribbean_emerald,Forest,forest
broad_billed_hummingbird,Woodland,woodland; shrub; rocky_areas; desert; riparian
tres_marias_hummingbird,Shrub,woodland; shrub
turquoise_crowned_hummingbird,Shrub,forest; shrub
golden_crowned_emerald,Savanna,woodland; savannah; artificial
cozumel_emerald,Shrub,forest; shrub
canivets_emerald,Savanna,woodland; savannah; artificial
garden_emerald,Savanna,woodland; savannah; artificial
western_emerald,Artificial,woodland; artificial
red_billed_emerald,Savanna,woodland; savannah; artificial
blue_tailed_emerald,Shrub,forest; woodland; shrub; artificial
chiribiquete_emerald,Shrub,forest; shrub; savannah
glittering_bellied_emerald,Shrub,shrub; grasslands; artificial
coppery_emerald,Shrub,forest; shrub; artificial
narrow_tailed_emerald,Forest,forest; shrub
green_tailed_emerald,Forest,forest; woodland; shrub; artificial
short_tailed_emerald,Forest,forest; woodland; shrub; artificial
white_eared_hummingbird,Forest,forest
xantuss_hummingbird,Shrub,forest; shrub; desert
curve_winged_sabrewing,Forest,forest; woodland; artificial
wedge_tailed_sabrewing,Forest,forest; woodland; artificial
rufous_sabrewing,Forest,forest; artificial
emerald_chinned_hummingbird,Forest,forest
violet_headed_hummingbird,Forest,forest; shrub; artificial
antillean_crested_hummingbird,Woodland,forest; woodland; shrub; grasslands; artificial
santa_marta_blossomcrown,Forest,forest; shrub
tolima_blossomcrown,Forest,forest; artificial
green_crowned_plovercrest,Forest,forest; shrub; riparian
purple_crowned_plovercrest,Forest,forest; shrub; riparian
grey_breasted_sabrewing,Forest,forest; shrub; artificial
outcrop_sabrewing,Forest,forest; rocky_areas
diamantina_sabrewing,Forest,forest; grasslands; riparian
rufous_breasted_sabrewing,Forest,forest; shrub
white_tailed_sabrewing,Forest,forest; artificial
lazuline_sabrewing,Forest,forest; grasslands; artificial
santa_marta_sabrewing,Forest,forest; shrub; artificial
violet_sabrewing,Forest,forest; woodland; artificial; riparian
buff_breasted_sabrewing,Forest,forest; shrub
napo_sabrewing,Forest,forest; shrub
bronze_tailed_plumeleteer,Forest,forest; artificial
white_vented_plumeleteer,Forest,forest; shrub
crowned_woodnymph,Forest,forest; shrub; artificial
fork_tailed_woodnymph,Forest,forest; shrub; artificial
long_tailed_woodnymph,Forest,forest; shrub; artificial
violet_capped_woodnymph,Forest,forest; shrub; artificial
snowcap,Forest,forest
coppery_headed_emerald,Forest,forest; grasslands; artificial
white_tailed_emerald,Forest,forest; artificial
violet_capped_hummingbird,Forest,forest
pirre_hummingbird,Forest,forest
mexican_woodnymph,Forest,forest; shrub; artificial
white_tailed_hummingbird,Forest,forest
oaxaca_hummingbird,Forest,forest
stripe_tailed_hummingbird,Forest,forest; shrub; riparian
black_bellied_hummingbird,Forest,forest; shrub; artificial
scaly_breasted_sabrewing,Forest,forest; shrub; artificial; coastal
buffy_hummingbird,Shrub,woodland; shrub; artificial; coastal
tumbes_hummingbird,Shrub,forest; shrub; desert
spot_throated_hummingbird,Forest,forest; shrub; savannah; desert; artificial; coastal
many_spotted_hummingbird,Forest,forest
swallow_tailed_hummingbird,Shrub,forest; shrub; grasslands; artificial
sombre_hummingbird,Forest,forest; shrub; artificial
olive_spotted_hummingbird,Riparian,shrub; grasslands; riparian
red_billed_streamertail,Forest,forest; artificial
black_billed_streamertail,Forest,forest; artificial
violet_crowned_hummingbird,Shrub,forest; shrub; artificial; riparian
green_fronted_hummingbird,Forest,forest; shrub; artificial; riparian
cinnamon_sided_hummingbird,Shrub,forest; woodland; shrub; riparian
azure_crowned_hummingbird,Forest,forest; shrub; savannah; artificial; riparian
blue_vented_hummingbird,Shrub,forest; shrub; savannah; plains; artificial
berylline_hummingbird,Forest,forest; shrub; artificial; riparian
blue_tailed_hummingbird,Forest,forest; shrub; artificial
snowy_bellied_hummingbird,Savanna,forest; woodland; shrub; savannah; artificial
steely_vented_hummingbird,Shrub,forest; shrub; savannah; artificial
indigo_capped_hummingbird,Forest,forest; shrub
guanacaste_hummingbird,Forest,forest
chestnut_bellied_hummingbird,Forest,forest; shrub
green_bellied_hummingbird,Forest,forest; shrub; artificial
copper_tailed_hummingbird,Forest,forest; shrub
copper_rumped_hummingbird,Forest,forest; savannah; artificial
cinnamon_hummingbird,Woodland,forest; woodland; shrub; savannah; artificial; coastal
buff_bellied_hummingbird,Woodland,forest; woodland; shrub; riparian; coastal
rufous_tailed_hummingbird,Shrub,forest; shrub; artificial
honduran_emerald,Forest,forest; shrub
amazilia_hummingbird,Shrub,forest; shrub; plains; desert; artificial; coastal
andean_emerald,Forest,forest; shrub
shining_green_hummingbird,Shrub,forest; woodland; shrub; artificial
golden_tailed_sapphire,Forest,forest; woodland; artificial; riparian
versicolored_emerald,Forest,forest; shrub; artificial; riparian
mangrove_hummingbird,Coastal,forest; coastal
sapphire_throated_hummingbird,Shrub,forest; shrub; coastal
sapphire_bellied_hummingbird,Forest,forest; shrub; coastal
humboldts_hummingbird,Coastal,forest; coastal
grays_hummingbird,Shrub,forest; woodland; shrub; artificial; coastal; wetlands_lakes_marsh
white_chested_emerald,Forest,forest; shrub; artificial; riparian; coastal
plain_bellied_emerald,Coastal,shrub; artificial; coastal
white_throated_hummingbird,Forest,forest; shrub; artificial; wetlands_lakes_marsh
glittering_throated_emerald,Forest,forest; woodland; shrub; savannah; artificial; riparian; coastal
sapphire_spangled_emerald,Forest,forest; shrub; artificial; riparian
spot_vented_emerald,Forest,forest; shrub; riparian
rufous_throated_hummingbird,Forest,forest; shrub; artificial
gilded_hummingbird,Forest,forest; shrub; artificial
white_bellied_hummingbird,Forest,forest; shrub; artificial
green_and_white_hummingbird,Forest,forest; shrub; artificial
blue_chested_hummingbird,Forest,forest; woodland; shrub; artificial; riparian
charming_hummingbird,Forest,forest; woodland; shrub
purple_chested_hummingbird,Forest,forest; shrub
white_bellied_emerald,Forest,forest; artificial; riparian
blue_throated_goldentail,Forest,forest; shrub; artificial
white_chinned_sapphire,Forest,forest; woodland; artificial; riparian
violet_bellied_hummingbird,Forest,forest
blue_chinned_emerald,Forest,forest; woodland; shrub; artificial
great_blue_turaco,Forest,forest; riparian
brown_faced_go_away_bird,Woodland,woodland; shrub; artificial; riparian
black_faced_go_away_bird,Shrub,shrub; savannah; artificial
grey_go_away_bird,Woodland,woodland; savannah; artificial; riparian
white_bellied_go_away_bird,Savanna,savannah
western_plantain_eater,Woodland,woodland; savannah; grasslands; artificial; wetlands_lakes_marsh
eastern_plantain_eater,Woodland,woodland; savannah; artificial
purple_crested_turaco,Woodland,forest; woodland; shrub; artificial; riparian; coastal
rwenzori_turaco,Forest,forest; bamboo
white_cheeked_turaco,Forest,forest; woodland
ruspolis_turaco,Forest,forest; woodland; shrub
violet_turaco,Riparian,forest; savannah; artificial; riparian
rosss_turaco,Forest,forest; woodland; shrub; riparian
yellow_billed_turaco,Forest,forest; riparian
bannermans_turaco,Forest,forest
white_crested_turaco,Riparian,savannah; riparian
red_crested_turaco,Forest,forest; woodland; riparian
green_turaco,Forest,forest; artificial; riparian
livingstones_turaco,Forest,forest; coastal
schalows_turaco,Forest,forest; shrub; riparian
knysna_turaco,Forest,forest; shrub; riparian; coastal
black_billed_turaco,Forest,forest
fischers_turaco,Forest,forest; shrub
hartlaubs_turaco,Forest,forest; artificial
great_bustard,Grassland,grasslands; artificial
arabian_bustard,Plains,woodland; shrub; savannah; plains; desert; artificial
kori_bustard,Grassland,woodland; shrub; savannah; grasslands; desert; artificial
great_indian_bustard,Grassland,grasslands
australian_bustard,Grassland,woodland; savannah; grasslands; artificial; wetlands_lakes_marsh
african_houbara,Plains,grasslands; plains; desert; artificial
asian_houbara,Plains,shrub; plains; desert
ludwigs_bustard,Grassland,shrub; grasslands; desert
denhams_bustard,Grassland,woodland; savannah; grasslands; artificial
heuglins_bustard,Desert,savannah; grasslands; plains; desert
nubian_bustard,Shrub,shrub; savannah; desert
white_bellied_bustard,Grassland,woodland; savannah; grasslands; artificial; wetlands_lakes_marsh
blue_bustard,Grassland,grasslands; artificial
karoo_bustard,Grassland,shrub; grasslands; artificial
rüppells_bustard,Desert,shrub; plains; desert
little_brown_bustard,Grassland,shrub; grasslands
saviles_bustard,Woodland,forest; woodland; shrub; savannah; grasslands
buff_crested_bustard,Shrub,shrub
red_crested_bustard,Woodland,forest; woodland; savannah; grasslands; riparian
southern_black_bustard,Shrub,shrub; artificial; coastal
northern_black_bustard,Grassland,shrub; savannah; grasslands; desert; artificial
black_bellied_bustard,Grassland,woodland; savannah; grasslands; artificial; wetlands_lakes_marsh
hartlaubs_bustard,Grassland,savannah; grasslands
bengal_florican,Grassland,grasslands
lesser_florican,Grassland,grasslands
little_bustard,Grassland,grasslands; artificial
guira_cuckoo,Shrub,woodland; shrub; grasslands; coastal
greater_ani,Forest,forest; bamboo; artificial; riparian; coastal; wetlands_lakes_marsh
smooth_billed_ani,Shrub,woodland; shrub; grasslands; riparian
groove_billed_ani,Shrub,shrub; grasslands; wetlands_lakes_marsh
striped_cuckoo,Shrub,shrub
pheasant_cuckoo,Forest,forest; woodland; riparian
pavonine_cuckoo,Forest,forest; woodland; shrub
lesser_ground_cuckoo,Shrub,woodland; shrub
greater_roadrunner,Shrub,shrub; artificial
lesser_roadrunner,Shrub,woodland; shrub; artificial
rufous_vented_ground_cuckoo,Forest,forest; woodland; shrub; riparian
scaled_ground_cuckoo,Forest,forest
banded_ground_cuckoo,Forest,forest
rufous_winged_ground_cuckoo,Forest,forest
red_billed_ground_cuckoo,Forest,forest
buff_headed_coucal,Forest,forest; shrub; artificial
pied_coucal,Forest,forest; artificial
ivory_billed_coucal,Forest,forest; shrub
biak_coucal,Forest,forest
rufous_coucal,Forest,forest; bamboo
green_billed_coucal,Forest,forest; bamboo
black_faced_coucal,Forest,forest; shrub
black_hooded_coucal,Forest,forest
short_toed_coucal,Forest,forest; shrub; riparian; coastal
bay_coucal,Forest,forest; woodland; shrub
gabon_coucal,Forest,forest; artificial; wetlands_lakes_marsh
black_throated_coucal,Forest,forest; grasslands; wetlands_lakes_marsh
senegal_coucal,Shrub,woodland; shrub; artificial; riparian
blue_headed_coucal,Wetland,forest; savannah; artificial; riparian; wetlands_lakes_marsh
coppery_tailed_coucal,Riparian,shrub; grasslands; riparian; wetlands_lakes_marsh
white_browed_coucal,Riparian,shrub; artificial; riparian; wetlands_lakes_marsh
burchells_coucal,Woodland,woodland; riparian; coastal; wetlands_lakes_marsh
javan_coucal,Coastal,shrub; coastal; wetlands_lakes_marsh
greater_coucal,Forest,forest; bamboo; shrub; grasslands; artificial; riparian; coastal; wetlands_lakes_marsh
malagasy_coucal,Forest,forest; woodland; shrub; artificial; coastal; wetlands_lakes_marsh
goliath_coucal,Forest,forest; shrub; artificial
black_coucal,Grassland,grasslands; riparian; wetlands_lakes_marsh
philippine_coucal,Grassland,shrub; grasslands
lesser_coucal,Grassland,bamboo; shrub; grasslands; artificial; wetlands_lakes_marsh
violaceous_coucal,Forest,forest
black_billed_coucal,Shrub,shrub; grasslands
kai_coucal,Forest,forest; grasslands; artificial
pheasant_coucal,Shrub,forest; shrub; grasslands; riparian; coastal; wetlands_lakes_marsh
andaman_coucal,Forest,forest; artificial; coastal; wetlands_lakes_marsh
bornean_ground_cuckoo,Forest,forest
sumatran_ground_cuckoo,Forest,forest
coral_billed_ground_cuckoo,Forest,forest; shrub; rocky_areas
snail_eating_coua,Forest,forest
crested_coua,Forest,forest; shrub; savannah; coastal
chestnut_vented_coua,Forest,forest; shrub
verreauxs_coua,Shrub,shrub
blue_coua,Forest,forest; artificial; coastal
red_capped_coua,Forest,forest; shrub; riparian
olive_capped_coua,Forest,forest; shrub; riparian
red_fronted_coua,Forest,forest
coquerels_coua,Forest,forest
running_coua,Shrub,woodland; shrub; desert
giant_coua,Forest,forest; shrub
red_breasted_coua,Forest,forest
raffless_malkoha,Forest,forest; shrub; artificial
chattering_yellowbill,Forest,forest; shrub; riparian
whistling_yellowbill,Forest,forest; shrub; riparian
sirkeer_malkoha,Forest,forest; grasslands
red_billed_malkoha,Forest,forest; bamboo; shrub; artificial
yellow_billed_malkoha,Forest,forest; artificial; riparian
chestnut_breasted_malkoha,Forest,forest; shrub; artificial; coastal
mentawai_malkoha,Forest,forest; artificial; coastal
red_faced_malkoha,Forest,forest
chestnut_bellied_malkoha,Forest,forest; artificial; coastal
blue_faced_malkoha,Woodland,woodland
black_bellied_malkoha,Forest,forest; bamboo; shrub
green_billed_malkoha,Forest,forest; bamboo; shrub; artificial
red_crested_malkoha,Forest,forest; shrub; grasslands
scale_feathered_malkoha,Forest,forest
chestnut_winged_cuckoo,Woodland,woodland; shrub; artificial; coastal
great_spotted_cuckoo,Woodland,woodland; shrub; savannah; rocky_areas
levaillants_cuckoo,Woodland,forest; woodland; shrub; savannah
jacobin_cuckoo,Woodland,woodland; shrub; savannah
little_cuckoo,Forest,forest; shrub; riparian; coastal; wetlands_lakes_marsh
dwarf_cuckoo,Forest,forest; woodland; riparian
ash_colored_cuckoo,Shrub,woodland; shrub; riparian
common_squirrel_cuckoo,Forest,forest; shrub; artificial; riparian
mexican_squirrel_cuckoo,Forest,forest; woodland
black_bellied_cuckoo,Forest,forest; woodland; shrub
dark_billed_cuckoo,Woodland,woodland; riparian; coastal
yellow_billed_cuckoo,Woodland,forest; woodland; shrub; riparian
pearly_breasted_cuckoo,Forest,forest; shrub; riparian
mangrove_cuckoo,Coastal,woodland; shrub; coastal
cocos_cuckoo,Forest,forest; riparian
black_billed_cuckoo,Forest,forest; woodland; shrub; artificial; riparian
grey_capped_cuckoo,Forest,forest; shrub; riparian
chestnut_bellied_cuckoo,Forest,forest; woodland; shrub
bay_breasted_cuckoo,Forest,forest; shrub
jamaican_lizard_cuckoo,Forest,forest; woodland; shrub
cuban_lizard_cuckoo,Woodland,forest; woodland; shrub; savannah
bahama_lizard_cuckoo,Shrub,forest; shrub; artificial
puerto_rican_lizard_cuckoo,Forest,forest; woodland; shrub; artificial
hispaniolan_lizard_cuckoo,Woodland,woodland; shrub; artificial
thick_billed_cuckoo,Woodland,forest; woodland; riparian
dwarf_koel,Forest,forest
western_koel,Forest,forest; shrub; artificial; riparian
black_billed_koel,Forest,forest; woodland; shrub; savannah; artificial; coastal
eastern_koel,Forest,forest; shrub; artificial; riparian
long_tailed_koel,Forest,forest; shrub
channel_billed_cuckoo,Forest,forest; woodland; shrub; riparian; coastal
asian_emerald_cuckoo,Forest,forest; artificial
violet_cuckoo,Forest,forest; woodland; artificial; coastal
diederik_cuckoo,Shrub,woodland; shrub; artificial; wetlands_lakes_marsh
klaass_cuckoo,Woodland,forest; woodland; shrub; savannah
yellow_throated_cuckoo,Forest,forest
african_emerald_cuckoo,Woodland,woodland; shrub; artificial
long_billed_cuckoo,Forest,forest
horsfields_bronze_cuckoo,Woodland,woodland; shrub; coastal
black_eared_cuckoo,Shrub,forest; woodland; shrub
rufous_throated_bronze_cuckoo,Forest,forest
shining_bronze_cuckoo,Forest,forest; woodland; shrub; savannah; artificial; coastal
white_eared_bronze_cuckoo,Forest,forest; artificial
little_bronze_cuckoo,Forest,forest; bamboo; woodland; shrub; artificial; coastal
pied_bronze_cuckoo,Forest,forest; shrub; artificial; coastal; wetlands_lakes_marsh
pallid_cuckoo,Forest,forest; woodland; shrub; artificial; coastal
white_crowned_cuckoo,Forest,forest
chestnut_breasted_cuckoo,Forest,forest; shrub; riparian; coastal
fan_tailed_cuckoo,Forest,forest; woodland; coastal
banded_bay_cuckoo,Forest,forest; woodland; shrub; artificial
plaintive_cuckoo,Woodland,forest; woodland; shrub; plains; artificial; wetlands_lakes_marsh
grey_bellied_cuckoo,Woodland,forest; woodland; grasslands; artificial; wetlands_lakes_marsh
rusty_breasted_cuckoo,Forest,forest; shrub; artificial; coastal
sulawesi_brush_cuckoo,Forest,forest
sahul_brush_cuckoo,Forest,forest; shrub; artificial; coastal
manus_brush_cuckoo,Forest,forest
solomons_brush_cuckoo,Forest,forest
moluccan_cuckoo,Forest,forest
dusky_long_tailed_cuckoo,Forest,forest
whistling_long_tailed_cuckoo,Forest,forest
olive_long_tailed_cuckoo,Forest,forest
barred_long_tailed_cuckoo,Forest,forest; shrub; savannah; riparian; coastal
philippine_drongo_cuckoo,Forest,forest; bamboo; woodland
square_tailed_drongo_cuckoo,Forest,forest; bamboo; shrub; artificial; riparian; coastal
fork_tailed_drongo_cuckoo,Forest,forest; shrub; artificial
moluccan_drongo_cuckoo,Forest,forest; shrub; artificial
moustached_hawk_cuckoo,Forest,forest; bamboo
large_hawk_cuckoo,Woodland,woodland; artificial; coastal
dark_hawk_cuckoo,Forest,forest; artificial
common_hawk_cuckoo,Woodland,forest; woodland; coastal
northern_hawk_cuckoo,Forest,forest; artificial
philippine_hawk_cuckoo,Forest,forest
malay_hawk_cuckoo,Forest,forest; bamboo; artificial
whistling_hawk_cuckoo,Forest,forest; artificial
black_cuckoo,Forest,forest; woodland; artificial; riparian
red_chested_cuckoo,Forest,forest; woodland; shrub; savannah; riparian
lesser_cuckoo,Forest,forest; shrub; artificial
sulawesi_cuckoo,Forest,forest
indian_cuckoo,Forest,forest; woodland; shrub
madagascar_cuckoo,Forest,forest; woodland; shrub; artificial; riparian; wetlands_lakes_marsh
african_cuckoo,Woodland,forest; woodland; savannah
himalayan_cuckoo,Forest,forest; woodland; artificial
oriental_cuckoo,Woodland,forest; woodland; savannah; artificial; coastal; wetlands_lakes_marsh
sunda_cuckoo,Forest,forest
common_cuckoo,Forest,forest; woodland; shrub; grasslands; wetlands_lakes_marsh
saint_helena_cuckoo,Forest,forest
white_breasted_mesite,Forest,forest
brown_mesite,Forest,forest
subdesert_mesite,Shrub,shrub
tibetan_sandgrouse,Plains,plains; rocky_areas; desert
pallass_sandgrouse,Grassland,shrub; grasslands; desert
pin_tailed_sandgrouse,Grassland,grasslands; desert; artificial; wetlands_lakes_marsh
namaqua_sandgrouse,Plains,savannah; plains; desert
chestnut_bellied_sandgrouse,Plains,shrub; grasslands; plains; artificial
spotted_sandgrouse,Desert,plains; desert
black_bellied_sandgrouse,Grassland,shrub; grasslands; plains; artificial
yellow_throated_sandgrouse,Grassland,grasslands; riparian; wetlands_lakes_marsh
crowned_sandgrouse,Desert,desert
black_faced_sandgrouse,Savanna,shrub; savannah
madagascar_sandgrouse,Savanna,woodland; savannah; grasslands; riparian; wetlands_lakes_marsh
lichtensteins_sandgrouse,Desert,shrub; plains; rocky_areas; desert
painted_sandgrouse,Grassland,forest; shrub; grasslands; rocky_areas
four_banded_sandgrouse,Shrub,shrub; artificial
double_banded_sandgrouse,Savanna,woodland; shrub; savannah; plains; rocky_areas
burchells_sandgrouse,Grassland,grasslands; desert
rock_pigeon,Rocky,rocky_areas; artificial; coastal
hill_pigeon,Rocky,rocky_areas; artificial
snow_pigeon,Rocky,rocky_areas
speckled_pigeon,Woodland,woodland; shrub; savannah; grasslands; rocky_areas; artificial
white_collared_pigeon,Woodland,woodland; grasslands; rocky_areas; coastal
stock_dove,Plains,forest; grasslands; plains; artificial
yellow_eyed_pigeon,Plains,plains; desert; artificial
somali_pigeon,Rocky,rocky_areas
common_woodpigeon,Woodland,forest; woodland; artificial
madeira_laurel_pigeon,Forest,forest
dark_tailed_laurel_pigeon,Forest,forest; shrub; artificial
white_tailed_laurel_pigeon,Forest,forest
afep_pigeon,Forest,forest; shrub; artificial; riparian
african_olive_pigeon,Forest,forest; artificial
cameroon_olive_pigeon,Forest,forest
sao_tome_olive_pigeon,Forest,forest
comoro_olive_pigeon,Forest,forest
speckled_woodpigeon,Forest,forest
white_naped_pigeon,Forest,forest
ashy_woodpigeon,Forest,forest
nilgiri_woodpigeon,Forest,forest
sri_lanka_woodpigeon,Forest,forest
pale_capped_pigeon,Forest,forest; woodland
silvery_pigeon,Coastal,forest; woodland; artificial; coastal
andaman_woodpigeon,Forest,forest
japanese_woodpigeon,Forest,forest
bonin_woodpigeon,Forest,forest
ryukyu_woodpigeon,Forest,forest; woodland
metallic_pigeon,Forest,forest; artificial
white_headed_pigeon,Forest,forest; artificial; riparian
yellow_legged_pigeon,Forest,forest
eastern_bronze_naped_pigeon,Forest,forest; riparian
western_bronze_naped_pigeon,Forest,forest; shrub; artificial; riparian
sao_tome_bronze_naped_pigeon,Forest,forest; artificial
mauritius_woodpigeon,Forest,forest
lemon_dove,Forest,forest; shrub; artificial; coastal
passenger_pigeon,Forest,forest
white_crowned_pigeon,Coastal,forest; woodland; artificial; coastal
scaly_naped_pigeon,Forest,forest; artificial
scaled_pigeon,Forest,forest; savannah; riparian
picazuro_pigeon,Woodland,woodland; shrub; artificial; riparian
bare_eyed_pigeon,Shrub,shrub; artificial; coastal
spot_winged_pigeon,Woodland,woodland; shrub; artificial
white_winged_pigeon,Forest,forest; woodland; shrub; savannah; grasslands; artificial
northern_band_tailed_pigeon,Forest,forest; woodland; shrub; savannah
southern_band_tailed_pigeon,Woodland,forest; woodland; savannah
chilean_pigeon,Forest,forest; bamboo; shrub; grasslands; rocky_areas; desert; artificial; coastal
ring_tailed_pigeon,Forest,forest
pale_vented_pigeon,Forest,forest; woodland; shrub; riparian; coastal
red_billed_pigeon,Forest,forest; shrub
peruvian_pigeon,Forest,forest; riparian
plain_pigeon,Forest,forest; desert; artificial; coastal; wetlands_lakes_marsh
plumbeous_pigeon,Forest,forest; shrub
ruddy_pigeon,Forest,forest; woodland; shrub
short_billed_pigeon,Forest,forest
dusky_pigeon,Forest,forest
madagascar_turtle_dove,Forest,forest; woodland; artificial
mauritius_turtle_dove,Forest,forest
rodrigues_turtle_dove,Forest,forest
pink_pigeon,Forest,forest
reunion_pigeon,Forest,forest
european_turtle_dove,Woodland,forest; woodland; grasslands; plains
dusky_turtle_dove,Forest,forest; bamboo; woodland; artificial
adamawa_turtle_dove,Forest,forest; woodland; artificial
oriental_turtle_dove,Woodland,forest; woodland; artificial
sunda_collared_dove,Coastal,woodland; artificial; coastal
philippine_collared_dove,Grassland,grasslands; artificial
eurasian_collared_dove,Plains,shrub; savannah; plains; desert; artificial
burmese_collared_dove,Plains,savannah; plains; artificial
african_collared_dove,Shrub,shrub; desert; artificial
white_winged_collared_dove,Forest,forest; riparian
mourning_collared_dove,Woodland,woodland; shrub; savannah; artificial; riparian
red_eyed_dove,Woodland,woodland; shrub; artificial; riparian; coastal
ring_necked_dove,Woodland,woodland; savannah; artificial
vinaceous_dove,Woodland,woodland; savannah; grasslands; artificial
red_collared_dove,Woodland,forest; woodland; shrub
eastern_spotted_dove,Forest,forest; shrub; artificial; riparian
western_spotted_dove,Woodland,woodland; artificial
laughing_dove,Savanna,woodland; savannah; plains; artificial
barred_cuckoo_dove,Forest,forest; artificial
slender_billed_cuckoo_dove,Forest,forest; shrub; artificial; riparian
sultans_cuckoo_dove,Woodland,forest; woodland; grasslands; artificial
ruddy_cuckoo_dove,Forest,forest
enggano_cuckoo_dove,Forest,forest
barusan_cuckoo_dove,Forest,forest
timor_cuckoo_dove,Forest,forest; artificial
tanimbar_cuckoo_dove,Forest,forest
flores_sea_cuckoo_dove,Forest,forest
philippine_cuckoo_dove,Forest,forest; shrub
brown_cuckoo_dove,Forest,forest
andaman_cuckoo_dove,Forest,forest; shrub; artificial
black_billed_cuckoo_dove,Forest,forest
spot_breasted_cuckoo_dove,Forest,forest; shrub; artificial
little_cuckoo_dove,Forest,forest; woodland; artificial
great_cuckoo_dove,Forest,forest; riparian
pied_cuckoo_dove,Forest,forest
crested_cuckoo_dove,Forest,forest; shrub
white_faced_cuckoo_dove,Forest,forest
sula_cuckoo_dove,Forest,forest; shrub; artificial
black_cuckoo_dove,Forest,forest; woodland
emerald_spotted_wood_dove,Woodland,forest; woodland; shrub; savannah; artificial; riparian
black_billed_wood_dove,Woodland,forest; woodland; savannah; artificial
blue_spotted_wood_dove,Woodland,forest; woodland; shrub; artificial; coastal
tambourine_dove,Forest,forest; woodland; riparian
blue_headed_wood_dove,Forest,forest; artificial
namaqua_dove,Savanna,shrub; savannah; grasslands; artificial
grey_capped_emerald_dove,Forest,forest; bamboo; woodland; artificial; riparian; coastal
brown_capped_emerald_dove,Forest,forest; artificial
stephans_dove,Forest,forest; coastal
new_guinea_bronzewing,Forest,forest; artificial
new_britain_bronzewing,Forest,forest
common_bronzewing,Forest,forest; woodland; shrub; grasslands; artificial; coastal
brush_bronzewing,Woodland,forest; woodland; shrub; coastal
flock_bronzewing,Grassland,grasslands; artificial
crested_pigeon,Grassland,forest; grasslands; artificial
spinifex_pigeon,Grassland,woodland; grasslands; rocky_areas
squatter_pigeon,Woodland,woodland; savannah
partridge_pigeon,Forest,forest; woodland; grasslands
thick_billed_ground_pigeon,Forest,forest
wonga_pigeon,Forest,forest; woodland; artificial
chestnut_quilled_rock_pigeon,Rocky,woodland; grasslands; rocky_areas
white_quilled_rock_pigeon,Rocky,woodland; grasslands; rocky_areas
diamond_dove,Grassland,woodland; grasslands
zebra_dove,Woodland,woodland; shrub; artificial
peaceful_dove,Woodland,forest; woodland; shrub; artificial
barred_dove,Woodland,woodland; grasslands; artificial
bar_shouldered_dove,Woodland,woodland; artificial; coastal; wetlands_lakes_marsh
inca_dove,Woodland,woodland; riparian
scaled_dove,Savanna,shrub; savannah; artificial; riparian
common_ground_dove,Savanna,woodland; shrub; savannah; artificial
plain_breasted_ground_dove,Shrub,woodland; shrub; savannah; grasslands; artificial
ecuadorian_ground_dove,Forest,forest; woodland; shrub
ruddy_ground_dove,Woodland,woodland; shrub; artificial; riparian; wetlands_lakes_marsh
picui_ground_dove,Savanna,shrub; savannah; grasslands; artificial
croaking_ground_dove,Savanna,shrub; savannah; artificial; riparian
blue_eyed_ground_dove,Shrub,shrub
blue_ground_dove,Forest,forest; artificial; riparian
purple_winged_ground_dove,Forest,forest; bamboo
maroon_chested_ground_dove,Forest,forest; bamboo; shrub
bare_faced_ground_dove,Grassland,grasslands; plains; artificial
morenos_ground_dove,Grassland,shrub; grasslands
black_winged_ground_dove,Grassland,woodland; shrub; grasslands; artificial
golden_spotted_ground_dove,Grassland,woodland; shrub; grasslands; plains; rocky_areas; wetlands_lakes_marsh
long_tailed_ground_dove,Grassland,woodland; shrub; savannah; grasslands; artificial
blue_headed_quail_dove,Forest,forest; wetlands_lakes_marsh
purple_quail_dove,Forest,forest
sapphire_quail_dove,Forest,forest
crested_quail_dove,Forest,forest
ruddy_quail_dove,Forest,forest; woodland; shrub; artificial
violaceous_quail_dove,Forest,forest; artificial
grey_headed_quail_dove,Forest,forest; wetlands_lakes_marsh
white_fronted_quail_dove,Forest,forest; shrub; artificial
key_west_quail_dove,Woodland,forest; woodland; shrub
bridled_quail_dove,Forest,forest; woodland; coastal
olive_backed_quail_dove,Forest,forest
white_tipped_dove,Forest,forest; woodland; shrub; artificial; riparian
yungas_dove,Forest,forest; woodland; shrub; artificial
grey_fronted_dove,Forest,forest; woodland; riparian
grey_headed_dove,Forest,forest; shrub; artificial
pallid_dove,Forest,forest; woodland; shrub
brown_backed_dove,Forest,forest; riparian; wetlands_lakes_marsh
grenada_dove,Woodland,woodland; shrub
caribbean_dove,Shrub,forest; woodland; shrub; artificial
grey_chested_dove,Forest,forest; shrub
ochre_bellied_dove,Forest,forest; shrub
tolima_dove,Forest,forest
tuxtla_quail_dove,Forest,forest
buff_fronted_quail_dove,Forest,forest
purplish_backed_quail_dove,Forest,forest
white_faced_quail_dove,Forest,forest
white_throated_quail_dove,Forest,forest
lined_quail_dove,Forest,forest
chiriqui_quail_dove,Forest,forest
russet_crowned_quail_dove,Forest,forest
mourning_dove,Savanna,woodland; savannah; plains; artificial; riparian
socorro_dove,Forest,forest; rocky_areas
eared_dove,Shrub,woodland; shrub; savannah; artificial; coastal
zenaida_dove,Woodland,forest; woodland; shrub; artificial; coastal
galapagos_dove,Rocky,shrub; plains; rocky_areas
white_winged_dove,Shrub,forest; woodland; shrub; desert; coastal; wetlands_lakes_marsh
west_peruvian_dove,Plains,savannah; plains; artificial
nicobar_pigeon,Forest,forest; shrub; coastal
liverpool_pigeon,Forest,forest
sulawesi_ground_dove,Forest,forest
cinnamon_ground_dove,Forest,forest
luzon_bleeding_heart,Forest,forest
mindanao_bleeding_heart,Forest,forest
mindoro_bleeding_heart,Forest,forest; woodland
negros_bleeding_heart,Forest,forest
sulu_bleeding_heart,Forest,forest
wetar_ground_dove,Forest,forest
white_breasted_ground_dove,Forest,forest; artificial
caroline_ground_dove,Forest,forest; shrub; artificial; coastal
polynesian_ground_dove,Forest,forest
white_throated_ground_dove,Forest,forest; artificial
norfolk_ground_dove,Forest,forest
shy_ground_dove,Forest,forest; bamboo; riparian
santa_cruz_ground_dove,Forest,forest
tanna_ground_dove,Forest,forest
thick_billed_ground_dove,Forest,forest
marquesas_ground_dove,Forest,forest; shrub
western_bronze_ground_dove,Forest,forest
eastern_bronze_ground_dove,Forest,forest
palau_ground_dove,Forest,forest
choiseul_pigeon,Forest,forest
green_naped_pheasant_pigeon,Forest,forest
white_naped_pheasant_pigeon,Forest,forest
grey_naped_pheasant_pigeon,Forest,forest
black_naped_pheasant_pigeon,Forest,forest
western_crowned_pigeon,Forest,forest
scheepmakers_crowned_pigeon,Forest,forest
sclaters_crowned_pigeon,Forest,forest
victoria_crowned_pigeon,Forest,forest
dodo,Forest,forest; plains
rodrigues_solitaire,Forest,forest; savannah
tooth_billed_pigeon,Forest,forest
white_eared_brown_dove,Woodland,woodland; artificial
buff_eared_brown_dove,Shrub,forest; shrub; artificial
short_billed_brown_dove,Shrub,forest; shrub; artificial
amethyst_brown_dove,Forest,forest
grey_breasted_brown_dove,Forest,forest
cebu_brown_dove,Forest,forest
tawitawi_brown_dove,Forest,forest
dark_eared_brown_dove,Forest,forest
cinnamon_headed_green_pigeon,Forest,forest; shrub; coastal; wetlands_lakes_marsh
little_green_pigeon,Forest,forest; artificial
pink_necked_green_pigeon,Forest,forest; bamboo; artificial; coastal
orange_breasted_green_pigeon,Forest,forest; artificial; coastal
sri_lanka_green_pigeon,Forest,forest; coastal
grey_fronted_green_pigeon,Forest,forest; coastal
ashy_headed_green_pigeon,Forest,forest
andaman_green_pigeon,Forest,forest
philippine_green_pigeon,Forest,forest
buru_green_pigeon,Forest,forest
thick_billed_green_pigeon,Forest,forest; woodland; shrub; coastal
grey_cheeked_green_pigeon,Grassland,forest; grasslands; artificial
sumba_green_pigeon,Forest,forest
flores_green_pigeon,Forest,forest; woodland
timor_green_pigeon,Forest,forest
large_green_pigeon,Forest,forest
yellow_footed_green_pigeon,Forest,forest; shrub; artificial
bruces_green_pigeon,Forest,forest; woodland; shrub; savannah
madagascar_green_pigeon,Forest,forest; woodland; shrub; savannah; artificial; riparian
comoro_green_pigeon,Forest,forest; artificial
african_green_pigeon,Forest,forest; woodland; savannah; riparian; coastal
grey_breasted_green_pigeon,Forest,forest; woodland; savannah; riparian
pemba_green_pigeon,Forest,forest; woodland; artificial
sao_tome_green_pigeon,Forest,forest; artificial
pin_tailed_green_pigeon,Forest,forest; woodland
sumatran_green_pigeon,Forest,forest
yellow_vented_green_pigeon,Forest,forest; coastal
wedge_tailed_green_pigeon,Forest,forest; plains
white_bellied_green_pigeon,Forest,forest; woodland; coastal
ryukyu_green_pigeon,Woodland,woodland; artificial
taiwan_green_pigeon,Forest,forest; woodland; artificial
black_backed_fruit_dove,Forest,forest; woodland
black_banded_fruit_dove,Forest,forest
red_naped_fruit_dove,Forest,forest
pink_headed_fruit_dove,Forest,forest
flame_breasted_fruit_dove,Forest,forest
cream_bellied_fruit_dove,Forest,forest
yellow_breasted_fruit_dove,Forest,forest
red_eared_fruit_dove,Forest,forest
jambu_fruit_dove,Forest,forest; coastal
banggai_fruit_dove,Forest,forest
maroon_chinned_fruit_dove,Forest,forest
sula_fruit_dove,Forest,forest
black_chinned_fruit_dove,Forest,forest
scarlet_breasted_fruit_dove,Forest,forest; bamboo; shrub
wompoo_fruit_dove,Forest,forest; artificial
pink_spotted_fruit_dove,Forest,forest
western_ornate_fruit_dove,Forest,forest
eastern_ornate_fruit_dove,Forest,forest
tanna_fruit_dove,Forest,forest; artificial
orange_fronted_fruit_dove,Forest,forest; woodland; savannah; artificial; coastal
wallaces_fruit_dove,Forest,forest; savannah; artificial; coastal
eastern_superb_fruit_dove,Forest,forest; artificial; coastal
western_superb_fruit_dove,Forest,forest; artificial
many_coloured_fruit_dove,Forest,forest; artificial
tongan_fruit_dove,Forest,forest; shrub; artificial; coastal
samoan_fruit_dove,Forest,forest; woodland
pohnpei_fruit_dove,Forest,forest
kosrae_fruit_dove,Forest,forest; woodland
palau_fruit_dove,Forest,forest
rarotonga_fruit_dove,Forest,forest
mariana_fruit_dove,Forest,forest; shrub; coastal
rose_crowned_fruit_dove,Forest,forest; shrub; riparian; coastal
silver_capped_fruit_dove,Forest,forest
raiatea_fruit_dove,Forest,forest
grey_green_fruit_dove,Forest,forest; artificial; riparian
makatea_fruit_dove,Forest,forest
atoll_fruit_dove,Woodland,woodland; shrub; artificial; other
red_bellied_fruit_dove,Forest,forest; woodland; shrub; artificial
rapa_fruit_dove,Forest,forest
white_capped_fruit_dove,Forest,forest
red_moustached_fruit_dove,Forest,forest
henderson_island_fruit_dove,Forest,forest
coroneted_fruit_dove,Forest,forest
beautiful_fruit_dove,Forest,forest
blue_capped_fruit_dove,Forest,forest; woodland; coastal
white_bibbed_fruit_dove,Forest,forest
geelvink_fruit_dove,Forest,forest
yellow_banded_fruit_dove,Forest,forest; artificial
claret_breasted_fruit_dove,Forest,forest; artificial
white_headed_fruit_dove,Forest,forest
orange_bellied_fruit_dove,Forest,forest; woodland; savannah; riparian; coastal
knob_billed_fruit_dove,Forest,forest; artificial
grey_headed_fruit_dove,Forest,forest; woodland; artificial
carunculated_fruit_dove,Forest,forest; artificial
black_naped_fruit_dove,Forest,forest; shrub; artificial; coastal
dwarf_fruit_dove,Forest,forest
negros_fruit_dove,Forest,forest
orange_dove,Woodland,forest; woodland
golden_dove,Forest,forest; shrub
whistling_dove,Forest,forest; artificial
cloven_feathered_dove,Forest,forest; woodland; savannah
mauritius_blue_pigeon,Forest,forest; riparian
rodrigues_blue_pigeon,Forest,forest
madagascar_blue_pigeon,Forest,forest
comoro_blue_pigeon,Forest,forest; coastal
seychelles_blue_pigeon,Forest,forest
pink_bellied_imperial_pigeon,Forest,forest
white_bellied_imperial_pigeon,Forest,forest
mindoro_imperial_pigeon,Forest,forest
grey_headed_imperial_pigeon,Forest,forest
spotted_imperial_pigeon,Forest,forest
green_imperial_pigeon,Forest,forest; shrub; coastal
enggano_imperial_pigeon,Forest,forest
nicobar_imperial_pigeon,Forest,forest
spectacled_imperial_pigeon,Forest,forest; artificial; coastal
seram_imperial_pigeon,Forest,forest; artificial
blue_tailed_imperial_pigeon,Forest,forest; artificial
pacific_imperial_pigeon,Forest,forest; shrub
micronesian_imperial_pigeon,Forest,forest; rocky_areas; coastal
polynesian_imperial_pigeon,Forest,forest
nuku_hiva_imperial_pigeon,Forest,forest; artificial
red_knobbed_imperial_pigeon,Forest,forest
spice_imperial_pigeon,Forest,forest; coastal
geelvink_imperial_pigeon,Forest,forest
purple_tailed_imperial_pigeon,Forest,forest
cinnamon_bellied_imperial_pigeon,Forest,forest; artificial
rusty_imperial_pigeon,Forest,forest
finschs_imperial_pigeon,Forest,forest
shining_imperial_pigeon,Forest,forest
island_imperial_pigeon,Forest,forest; coastal
pink_headed_imperial_pigeon,Forest,forest; shrub; artificial; coastal
christmas_island_imperial_pigeon,Forest,forest
grey_imperial_pigeon,Forest,forest; artificial
barking_imperial_pigeon,Forest,forest
chestnut_bellied_imperial_pigeon,Forest,forest
vanuatu_imperial_pigeon,Forest,forest
new_caledonian_imperial_pigeon,Forest,forest
pinons_imperial_pigeon,Forest,forest
bismarck_imperial_pigeon,Forest,forest
collared_imperial_pigeon,Forest,forest; riparian; coastal; wetlands_lakes_marsh
zoes_imperial_pigeon,Forest,forest
nilgiri_imperial_pigeon,Forest,forest
mountain_imperial_pigeon,Forest,forest; shrub; coastal
dark_backed_imperial_pigeon,Forest,forest; woodland; artificial
timor_imperial_pigeon,Forest,forest; woodland
pied_imperial_pigeon,Forest,forest; artificial; coastal
white_imperial_pigeon,Woodland,forest; woodland; artificial; coastal
torresian_imperial_pigeon,Forest,forest; shrub; coastal
yellowish_imperial_pigeon,Forest,forest; shrub; coastal
topknot_pigeon,Forest,forest; artificial; coastal
new_zealand_pigeon,Forest,forest; artificial
chatham_islands_pigeon,Forest,forest; woodland; artificial
sombre_pigeon,Forest,forest
papuan_mountain_pigeon,Forest,forest
buru_mountain_pigeon,Forest,forest
seram_mountain_pigeon,Forest,forest
pale_mountain_pigeon,Forest,forest
african_finfoot,Wetland,forest; savannah; riparian; coastal; wetlands_lakes_marsh
masked_finfoot,Wetland,forest; artificial; riparian; coastal; wetlands_lakes_marsh
sungrebe,Riparian,riparian; coastal; wetlands_lakes_marsh
madagascar_forest_rail,Forest,forest; woodland; wetlands_lakes_marsh
tsingy_forest_rail,Forest,forest; rocky_areas
white_spotted_flufftail,Forest,forest; shrub; artificial; riparian; wetlands_lakes_marsh
buff_spotted_flufftail,Forest,forest; shrub; artificial; wetlands_lakes_marsh
red_chested_flufftail,Wetland,forest; grasslands; wetlands_lakes_marsh
chestnut_headed_flufftail,Savanna,forest; woodland; savannah; wetlands_lakes_marsh
streaky_breasted_flufftail,Grassland,grasslands; riparian; wetlands_lakes_marsh
white_winged_flufftail,Wetland,grasslands; wetlands_lakes_marsh
striped_flufftail,Grassland,forest; grasslands; artificial; wetlands_lakes_marsh
madagascar_flufftail,Shrub,forest; shrub; grasslands; artificial; wetlands_lakes_marsh
slender_billed_flufftail,Wetland,wetlands_lakes_marsh
chestnut_forest_rail,Forest,forest
white_striped_forest_rail,Forest,forest
forbess_forest_rail,Forest,forest
mayrs_forest_rail,Forest,forest
grey_throated_rail,Forest,forest; wetlands_lakes_marsh
chestnut_headed_crake,Forest,forest; shrub; artificial; riparian
spotted_rail,Wetland,artificial; wetlands_lakes_marsh
blackish_rail,Wetland,artificial; wetlands_lakes_marsh
plumbeous_rail,Wetland,artificial; wetlands_lakes_marsh
ash_throated_crake,Wetland,shrub; artificial; wetlands_lakes_marsh
zapata_rail,Wetland,wetlands_lakes_marsh
colombian_crake,Wetland,savannah; wetlands_lakes_marsh
paint_billed_crake,Wetland,shrub; grasslands; artificial; wetlands_lakes_marsh
uniform_crake,Forest,forest; shrub; riparian
rufous_necked_wood_rail,Coastal,forest; woodland; coastal; wetlands_lakes_marsh
little_wood_rail,Coastal,forest; woodland; shrub; riparian; coastal; wetlands_lakes_marsh
russet_naped_wood_rail,Forest,forest; woodland; riparian; coastal; wetlands_lakes_marsh
grey_cowled_wood_rail,Forest,forest; woodland; artificial; riparian; coastal; wetlands_lakes_marsh
brown_wood_rail,Forest,forest; riparian; coastal
giant_wood_rail,Wetland,artificial; riparian; wetlands_lakes_marsh
red_winged_wood_rail,Forest,forest; riparian
slaty_breasted_wood_rail,Forest,forest; woodland; artificial; wetlands_lakes_marsh
ridgways_rail,Wetland,wetlands_lakes_marsh
clapper_rail,Wetland,coastal; wetlands_lakes_marsh
mexican_rail,Wetland,wetlands_lakes_marsh
mangrove_rail,Wetland,coastal; wetlands_lakes_marsh
king_rail,Wetland,shrub; artificial; riparian; coastal; wetlands_lakes_marsh
plain_flanked_rail,Coastal,forest; coastal; wetlands_lakes_marsh
virginia_rail,Wetland,grasslands; artificial; coastal; wetlands_lakes_marsh
bogota_rail,Wetland,savannah; artificial; wetlands_lakes_marsh
ecuadorian_rail,Wetland,grasslands; wetlands_lakes_marsh
austral_rail,Wetland,wetlands_lakes_marsh
western_water_rail,Wetland,artificial; wetlands_lakes_marsh
eastern_water_rail,Wetland,bamboo; grasslands; wetlands_lakes_marsh
african_rail,Wetland,grasslands; artificial; riparian; wetlands_lakes_marsh
madagascar_rail,Wetland,forest; grasslands; artificial; riparian; wetlands_lakes_marsh
african_crake,Grassland,woodland; grasslands; artificial; wetlands_lakes_marsh
rougets_rail,Wetland,grasslands; wetlands_lakes_marsh
white_throated_rail,Forest,forest; woodland; riparian; coastal; wetlands_lakes_marsh
reunion_rail,Wetland,wetlands_lakes_marsh
corncrake,Grassland,forest; savannah; grasslands; artificial; riparian; wetlands_lakes_marsh
snoring_rail,Shrub,forest; bamboo; shrub
slaty_breasted_rail,Wetland,forest; shrub; grasslands; artificial; coastal; wetlands_lakes_marsh
brown_banded_rail,Grassland,forest; shrub; grasslands
lewins_rail,Wetland,shrub; grasslands; artificial; riparian; coastal; wetlands_lakes_marsh
auckland_island_rail,Artificial,forest; shrub; grasslands; artificial
hawkinss_rail,Forest,forest
calayan_rail,Forest,forest; rocky_areas
drummer_rail,Wetland,wetlands_lakes_marsh
weka,Forest,forest; woodland; shrub; grasslands; rocky_areas; coastal; wetlands_lakes_marsh
chestnut_rail,Coastal,shrub; grasslands; coastal
new_caledonian_rail,Forest,forest; riparian
chatham_islands_rail,Grassland,shrub; grasslands
okinawa_rail,Forest,forest; wetlands_lakes_marsh
barred_rail,Grassland,grasslands; artificial; coastal; wetlands_lakes_marsh
buff_banded_rail,Wetland,forest; woodland; shrub; grasslands; rocky_areas; artificial; riparian; coastal; wetlands_lakes_marsh
guam_rail,Forest,forest; shrub; artificial
new_britain_rail,Forest,forest; wetlands_lakes_marsh
roviana_rail,Shrub,forest; shrub; grasslands
guadalcanal_rail,Forest,forest; shrub; riparian; wetlands_lakes_marsh
bougainville_rail,Grassland,shrub; grasslands
santa_isabel_rail,Forest,forest; artificial; riparian
bar_winged_rail,Forest,forest; shrub; wetlands_lakes_marsh
lord_howe_woodhen,Forest,forest
dieffenbachs_rail,Shrub,forest; shrub
tahiti_rail,Grassland,grasslands; artificial; wetlands_lakes_marsh
wake_island_rail,Shrub,shrub
spot_flanked_gallinule,Wetland,savannah; artificial; riparian; wetlands_lakes_marsh
sora,Wetland,artificial; coastal; wetlands_lakes_marsh
spotted_crake,Wetland,grasslands; artificial; wetlands_lakes_marsh
australian_crake,Wetland,artificial; coastal; wetlands_lakes_marsh
black_tailed_native_hen,Wetland,shrub; artificial; riparian; coastal; wetlands_lakes_marsh
hodgens_waterhen,Riparian,riparian
tasmanian_native_hen,Wetland,artificial; riparian; wetlands_lakes_marsh
lesser_moorhen,Wetland,forest; artificial; riparian; wetlands_lakes_marsh
dusky_moorhen,Wetland,artificial; riparian; coastal; wetlands_lakes_marsh
common_gallinule,Wetland,artificial; wetlands_lakes_marsh
common_moorhen,Wetland,artificial; riparian; wetlands_lakes_marsh
tristan_moorhen,Forest,forest; shrub; grasslands; coastal; wetlands_lakes_marsh
gough_island_moorhen,Forest,forest; riparian; wetlands_lakes_marsh
makira_moorhen,Forest,forest
samoan_moorhen,Forest,forest
red_fronted_coot,Wetland,wetlands_lakes_marsh
horned_coot,Wetland,wetlands_lakes_marsh
giant_coot,Wetland,wetlands_lakes_marsh
red_gartered_coot,Wetland,artificial; coastal; wetlands_lakes_marsh
eurasian_coot,Wetland,artificial; riparian; wetlands_lakes_marsh
red_knobbed_coot,Wetland,artificial; wetlands_lakes_marsh
mascarene_coot,Wetland,wetlands_lakes_marsh
hawaiian_coot,Wetland,artificial; wetlands_lakes_marsh
american_coot,Wetland,riparian; coastal; wetlands_lakes_marsh
andean_coot,Wetland,riparian; wetlands_lakes_marsh
white_winged_coot,Wetland,riparian; coastal; wetlands_lakes_marsh
allens_gallinule,Wetland,grasslands; artificial; riparian; wetlands_lakes_marsh
purple_gallinule,Wetland,artificial; wetlands_lakes_marsh
azure_gallinule,Wetland,artificial; riparian; coastal; wetlands_lakes_marsh
purple_swamphen,Wetland,artificial; riparian; wetlands_lakes_marsh
african_swamphen,Wetland,artificial; wetlands_lakes_marsh
grey_headed_swamphen,Wetland,grasslands; artificial; riparian; wetlands_lakes_marsh
black_backed_swamphen,Wetland,artificial; wetlands_lakes_marsh
philipine_swamphen,Wetland,riparian; wetlands_lakes_marsh
australasian_swamphen,Wetland,riparian; wetlands_lakes_marsh
white_swamphen,Forest,forest; wetlands_lakes_marsh
marquesan_swamphen,Wetland,wetlands_lakes_marsh
north_island_takahe,Grassland,forest; shrub; grasslands; rocky_areas; coastal
south_island_takahe,Grassland,forest; shrub; grasslands; coastal
new_caledonia_gallinule,Wetland,wetlands_lakes_marsh
reunion_gallinule,Grassland,grasslands
rufous_faced_crake,Wetland,grasslands; wetlands_lakes_marsh
red_and_white_crake,Wetland,grasslands; wetlands_lakes_marsh
black_banded_crake,Wetland,shrub; riparian; wetlands_lakes_marsh
ocellated_crake,Grassland,shrub; grasslands; wetlands_lakes_marsh
russet_crowned_crake,Shrub,shrub; grasslands; artificial
swinhoes_rail,Wetland,wetlands_lakes_marsh
yellow_rail,Wetland,artificial; coastal; wetlands_lakes_marsh
speckled_rail,Savanna,woodland; savannah; artificial; wetlands_lakes_marsh
dot_winged_crake,Wetland,grasslands; artificial; riparian; wetlands_lakes_marsh
inaccessible_island_rail,Grassland,grasslands
black_rail,Wetland,savannah; wetlands_lakes_marsh
junin_rail,Wetland,wetlands_lakes_marsh
galapagos_rail,Shrub,forest; shrub; artificial; wetlands_lakes_marsh
yellow_breasted_crake,Wetland,wetlands_lakes_marsh
grey_breasted_crake,Wetland,grasslands; artificial; riparian; wetlands_lakes_marsh
white_throated_crake,Wetland,shrub; grasslands; artificial; riparian; wetlands_lakes_marsh
ruddy_crake,Wetland,artificial; wetlands_lakes_marsh
rusty_flanked_crake,Wetland,grasslands; artificial; wetlands_lakes_marsh
rufous_sided_crake,Wetland,grasslands; wetlands_lakes_marsh
ascension_crake,Desert,desert
saint_helena_crake,Rocky,rocky_areas; coastal
black_crake,Wetland,forest; shrub; grasslands; wetlands_lakes_marsh
sakalava_rail,Wetland,riparian; wetlands_lakes_marsh
ruddy_breasted_crake,Wetland,forest; shrub; grasslands; artificial; riparian; wetlands_lakes_marsh
band_bellied_crake,Wetland,forest; woodland; grasslands; artificial; wetlands_lakes_marsh
black_tailed_crake,Forest,forest; grasslands; artificial; riparian; wetlands_lakes_marsh
brown_crake,Wetland,artificial; riparian; wetlands_lakes_marsh
baillons_crake,Wetland,grasslands; artificial; wetlands_lakes_marsh
saint_helena_rail,Rocky,rocky_areas; coastal
little_crake,Wetland,woodland; grasslands; artificial; riparian; wetlands_lakes_marsh
spotless_crake,Wetland,forest; shrub; rocky_areas; artificial; riparian; coastal; wetlands_lakes_marsh
kosrae_crake,Wetland,forest; artificial; wetlands_lakes_marsh
millers_rail,Wetland,wetlands_lakes_marsh
henderson_island_crake,Forest,forest; artificial; coastal
hawaiian_rail,Plains,shrub; plains
laysan_rail,Grassland,shrub; grasslands
slaty_legged_crake,Forest,forest; woodland; shrub; artificial; riparian; coastal
andaman_crake,Wetland,forest; wetlands_lakes_marsh
red_legged_crake,Wetland,forest; shrub; grasslands; artificial; riparian; wetlands_lakes_marsh
red_necked_crake,Forest,forest; shrub; riparian; coastal; wetlands_lakes_marsh
blue_faced_rail,Forest,forest; bamboo; shrub; artificial
talaud_rail,Wetland,wetlands_lakes_marsh
bare_eyed_rail,Forest,forest; grasslands; riparian; wetlands_lakes_marsh
nkulengu_rail,Forest,forest; riparian; coastal; wetlands_lakes_marsh
new_guinea_flightless_rail,Wetland,forest; coastal; wetlands_lakes_marsh
white_browed_crake,Coastal,forest; shrub; grasslands; artificial; riparian; coastal; wetlands_lakes_marsh
striped_crake,Grassland,grasslands; artificial; wetlands_lakes_marsh
watercock,Wetland,artificial; riparian; wetlands_lakes_marsh
white_breasted_waterhen,Wetland,forest; bamboo; shrub; grasslands; artificial; riparian; coastal; wetlands_lakes_marsh
philippine_bush_hen,Wetland,forest; grasslands; wetlands_lakes_marsh
talaud_bush_hen,Forest,forest; shrub; artificial
isabelline_bush_hen,Riparian,grasslands; artificial; riparian; wetlands_lakes_marsh
pale_vented_bush_hen,Wetland,forest; bamboo; shrub; grasslands; artificial; riparian; wetlands_lakes_marsh
red_rail,Forest,forest
rodrigues_rail,Forest,forest
grey_winged_trumpeter,Forest,forest
ochre_winged_trumpeter,Forest,forest
white_winged_trumpeter,Forest,forest
green_winged_trumpeter,Forest,forest
olive_winged_trumpeter,Forest,forest
black_winged_trumpeter,Forest,forest
grey_crowned_crane,Wetland,savannah; grasslands; artificial; wetlands_lakes_marsh
black_crowned_crane,Wetland,grasslands; artificial; riparian; wetlands_lakes_marsh
siberian_crane,Wetland,riparian; wetlands_lakes_marsh
sandhill_crane,Wetland,shrub; artificial; wetlands_lakes_marsh
white_naped_crane,Wetland,riparian; wetlands_lakes_marsh
sarus_crane,Wetland,grasslands; artificial; riparian; wetlands_lakes_marsh
brolga,Wetland,artificial; coastal; wetlands_lakes_marsh
wattled_crane,Wetland,wetlands_lakes_marsh
blue_crane,Grassland,grasslands; artificial; wetlands_lakes_marsh
demoiselle_crane,Savanna,savannah; grasslands; plains; desert; artificial; riparian; wetlands_lakes_marsh
red_crowned_crane,Wetland,wetlands_lakes_marsh
whooping_crane,Wetland,forest; coastal; wetlands_lakes_marsh
common_crane,Wetland,grasslands; artificial; wetlands_lakes_marsh
hooded_crane,Wetland,grasslands; artificial; riparian; wetlands_lakes_marsh
black_necked_crane,Wetland,artificial; wetlands_lakes_marsh
limpkin,Wetland,forest; shrub; riparian; coastal; wetlands_lakes_marsh
alaotra_grebe,Wetland,wetlands_lakes_marsh
little_grebe,Wetland,artificial; coastal; wetlands_lakes_marsh
tricolored_grebe,Wetland,coastal; wetlands_lakes_marsh
australasian_grebe,Wetland,artificial; coastal; wetlands_lakes_marsh
madagascar_grebe,Wetland,riparian; wetlands_lakes_marsh
least_grebe,Wetland,coastal; wetlands_lakes_marsh
pied_billed_grebe,Wetland,riparian; coastal; wetlands_lakes_marsh
atitlan_grebe,Wetland,wetlands_lakes_marsh
white_tufted_grebe,Wetland,artificial; riparian; coastal; wetlands_lakes_marsh
titicaca_grebe,Wetland,wetlands_lakes_marsh
hoary_headed_grebe,Wetland,artificial; riparian; coastal; wetlands_lakes_marsh
new_zealand_grebe,Wetland,artificial; wetlands_lakes_marsh
great_grebe,Wetland,riparian; coastal; wetlands_lakes_marsh
red_necked_grebe,Wetland,riparian; coastal; wetlands_lakes_marsh
great_crested_grebe,Wetland,artificial; riparian; coastal; wetlands_lakes_marsh
horned_grebe,Wetland,riparian; coastal; wetlands_lakes_marsh
black_necked_grebe,Wetland,artificial; riparian; coastal; wetlands_lakes_marsh
colombian_grebe,Wetland,wetlands_lakes_marsh
southern_silvery_grebe,Wetland,coastal; wetlands_lakes_marsh; pelagic
northern_silvery_grebe,Wetland,wetlands_lakes_marsh
junin_grebe,Wetland,wetlands_lakes_marsh
hooded_grebe,Wetland,wetlands_lakes_marsh
western_grebe,Wetland,artificial; coastal; wetlands_lakes_marsh
clarks_grebe,Wetland,artificial; coastal; wetlands_lakes_marsh
greater_flamingo,Wetland,artificial; coastal; wetlands_lakes_marsh
american_flamingo,Wetland,coastal; wetlands_lakes_marsh
chilean_flamingo,Coastal,rocky_areas; coastal; wetlands_lakes_marsh
lesser_flamingo,Wetland,coastal; wetlands_lakes_marsh
andean_flamingo,Wetland,coastal; wetlands_lakes_marsh
puna_flamingo,Wetland,wetlands_lakes_marsh
yellow_legged_buttonquail,Grassland,bamboo; shrub; grasslands; artificial
red_backed_buttonquail,Grassland,woodland; grasslands; artificial
barred_buttonquail,Grassland,forest; bamboo; shrub; grasslands; artificial
spotted_buttonquail,Grassland,forest; bamboo; grasslands; rocky_areas; artificial; riparian
common_buttonquail,Shrub,shrub; savannah; grasslands; artificial; coastal
little_buttonquail,Grassland,woodland; shrub; grasslands; plains; artificial
red_chested_buttonquail,Grassland,woodland; grasslands; plains; artificial; coastal
luzon_buttonquail,Grassland,grasslands
sumba_buttonquail,Grassland,grasslands
black_rumped_buttonquail,Shrub,shrub; savannah; grasslands; artificial
fynbos_buttonquail,Grassland,grasslands
chestnut_backed_buttonquail,Woodland,forest; woodland; savannah; grasslands; rocky_areas
buff_breasted_buttonquail,Grassland,forest; woodland; grasslands
painted_buttonquail,Shrub,forest; woodland; shrub; grasslands
new_caledonian_buttonquail,Grassland,grasslands
black_breasted_buttonquail,Forest,forest; shrub; artificial
madagascar_buttonquail,Grassland,forest; woodland; savannah; grasslands; artificial
quail_plover,Grassland,savannah; grasslands; plains
double_striped_thick_knee,Grassland,shrub; savannah; grasslands; artificial
peruvian_thick_knee,Grassland,grasslands; desert
great_thick_knee,Riparian,grasslands; riparian; coastal; wetlands_lakes_marsh
beach_thick_knee,Coastal,coastal
spotted_thick_knee,Woodland,woodland; savannah; grasslands; artificial; riparian
water_thick_knee,Wetland,shrub; riparian; coastal; wetlands_lakes_marsh
bush_thick_knee,Woodland,woodland; savannah; grasslands; artificial; coastal; wetlands_lakes_marsh
eurasian_thick_knee,Plains,shrub; plains; coastal
indian_thick_knee,Grassland,savannah; grasslands; artificial
senegal_thick_knee,Wetland,woodland; grasslands; artificial; riparian; wetlands_lakes_marsh
magellanic_plover,Wetland,grasslands; riparian; coastal; wetlands_lakes_marsh
snowy_sheathbill,Coastal,rocky_areas; coastal
black_faced_sheathbill,Coastal,grasslands; rocky_areas; coastal; wetlands_lakes_marsh
magellanic_oystercatcher,Coastal,grasslands; coastal
blackish_oystercatcher,Coastal,coastal
american_black_oystercatcher,Coastal,rocky_areas; artificial; coastal
american_oystercatcher,Coastal,coastal
canarian_oystercatcher,Coastal,coastal
african_oystercatcher,Coastal,coastal
eurasian_oystercatcher,Coastal,coastal; wetlands_lakes_marsh
south_island_oystercatcher,Wetland,grasslands; rocky_areas; artificial; coastal; wetlands_lakes_marsh
pied_oystercatcher,Coastal,grasslands; coastal; wetlands_lakes_marsh
variable_oystercatcher,Coastal,rocky_areas; coastal
chatham_islands_oystercatcher,Coastal,rocky_areas; coastal
sooty_oystercatcher,Coastal,coastal
ibisbill,Riparian,riparian
black_winged_stilt,Wetland,artificial; riparian; coastal; wetlands_lakes_marsh
pied_stilt,Wetland,coastal; wetlands_lakes_marsh
black_necked_stilt,Wetland,wetlands_lakes_marsh
white_backed_stilt,Wetland,artificial; coastal; wetlands_lakes_marsh
black_stilt,Riparian,riparian; wetlands_lakes_marsh
banded_stilt,Wetland,coastal; wetlands_lakes_marsh
pied_avocet,Wetland,coastal; wetlands_lakes_marsh
american_avocet,Wetland,coastal; wetlands_lakes_marsh
red_necked_avocet,Wetland,coastal; wetlands_lakes_marsh
andean_avocet,Wetland,grasslands; coastal; wetlands_lakes_marsh
grey_plover,Grassland,grasslands; riparian; coastal; wetlands_lakes_marsh
eurasian_golden_plover,Grassland,shrub; grasslands; artificial; coastal
pacific_golden_plover,Grassland,grasslands; rocky_areas; artificial; coastal; wetlands_lakes_marsh
american_golden_plover,Grassland,grasslands; artificial; coastal; wetlands_lakes_marsh
tawny_throated_dotterel,Grassland,shrub; grasslands; plains; artificial; coastal; wetlands_lakes_marsh
rufous_chested_plover,Coastal,shrub; savannah; grasslands; coastal; wetlands_lakes_marsh
diademed_plover,Grassland,grasslands; riparian; wetlands_lakes_marsh
eurasian_dotterel,Grassland,shrub; grasslands; plains; artificial
killdeer,Plains,savannah; grasslands; plains; artificial; riparian; coastal; wetlands_lakes_marsh
common_ringed_plover,Coastal,grasslands; artificial; coastal; wetlands_lakes_marsh
semipalmated_plover,Wetland,riparian; coastal; wetlands_lakes_marsh
piping_plover,Wetland,riparian; wetlands_lakes_marsh
hooded_plover,Coastal,coastal
forbess_plover,Rocky,grasslands; plains; rocky_areas; artificial; riparian; wetlands_lakes_marsh
african_three_banded_plover,Wetland,artificial; riparian; coastal; wetlands_lakes_marsh
madagascar_three_banded_plover,Coastal,coastal; wetlands_lakes_marsh
black_fronted_dotterel,Wetland,artificial; riparian; wetlands_lakes_marsh
shore_plover,Coastal,grasslands; rocky_areas; coastal
little_ringed_plover,Wetland,plains; artificial; riparian; coastal; wetlands_lakes_marsh
long_billed_plover,Riparian,artificial; riparian; wetlands_lakes_marsh
pied_plover,Wetland,forest; savannah; riparian; coastal; wetlands_lakes_marsh
northern_lapwing,Wetland,shrub; grasslands; artificial; wetlands_lakes_marsh
long_toed_lapwing,Wetland,grasslands; riparian; wetlands_lakes_marsh
blacksmith_lapwing,Wetland,wetlands_lakes_marsh
spur_winged_lapwing,Grassland,grasslands; artificial; coastal; wetlands_lakes_marsh
river_lapwing,Riparian,artificial; riparian; wetlands_lakes_marsh
yellow_wattled_lapwing,Artificial,artificial; wetlands_lakes_marsh
black_headed_lapwing,Plains,shrub; plains; desert; artificial
white_crowned_lapwing,Wetland,riparian; wetlands_lakes_marsh
senegal_lapwing,Plains,savannah; grasslands; plains; artificial; riparian; coastal; wetlands_lakes_marsh
black_winged_lapwing,Plains,savannah; grasslands; plains; artificial; coastal
crowned_lapwing,Savanna,shrub; savannah; grasslands; plains; desert; artificial; riparian; wetlands_lakes_marsh
wattled_lapwing,Wetland,savannah; grasslands; artificial; riparian; wetlands_lakes_marsh
spot_breasted_lapwing,Grassland,shrub; grasslands; artificial; riparian; wetlands_lakes_marsh
brown_chested_lapwing,Savanna,forest; shrub; savannah; grasslands; artificial; wetlands_lakes_marsh
grey_headed_lapwing,Wetland,grasslands; artificial; riparian; wetlands_lakes_marsh
red_wattled_lapwing,Wetland,grasslands; artificial; riparian; wetlands_lakes_marsh
javan_lapwing,Wetland,artificial; wetlands_lakes_marsh
banded_lapwing,Grassland,savannah; grasslands
masked_lapwing,Grassland,grasslands; artificial; coastal; wetlands_lakes_marsh
black_shouldered_lapwing,Coastal,artificial; coastal
sociable_lapwing,Plains,savannah; grasslands; plains; desert; artificial; coastal; wetlands_lakes_marsh
white_tailed_lapwing,Wetland,riparian; wetlands_lakes_marsh
southern_lapwing,Grassland,shrub; grasslands; artificial; riparian; wetlands_lakes_marsh
andean_lapwing,Grassland,grasslands; riparian; wetlands_lakes_marsh
red_kneed_dotterel,Wetland,artificial; wetlands_lakes_marsh
inland_dotterel,Plains,shrub; grasslands; plains; artificial
caspian_plover,Desert,shrub; plains; desert; artificial; riparian; wetlands_lakes_marsh
oriental_plover,Wetland,grasslands; artificial; riparian; wetlands_lakes_marsh
tibetan_sandplover,Grassland,grasslands; coastal; wetlands_lakes_marsh
siberian_sandplover,Plains,plains; artificial; coastal; wetlands_lakes_marsh
greater_sandplover,Plains,plains; rocky_areas; desert; coastal; wetlands_lakes_marsh
double_banded_plover,Riparian,grasslands; artificial; riparian; coastal; wetlands_lakes_marsh
wrybill,Riparian,riparian; coastal; wetlands_lakes_marsh
southern_red_breasted_plover,Grassland,grasslands; rocky_areas; riparian; coastal; wetlands_lakes_marsh
northern_red_breasted_plover,Coastal,artificial; coastal
wilsons_plover,Coastal,coastal
collared_plover,Coastal,savannah; riparian; coastal; wetlands_lakes_marsh
mountain_plover,Grassland,grasslands
puna_plover,Grassland,grasslands
two_banded_plover,Coastal,savannah; coastal; wetlands_lakes_marsh
black_banded_plover,Coastal,grasslands; coastal; wetlands_lakes_marsh
kittlitzs_plover,Wetland,coastal; wetlands_lakes_marsh
saint_helena_plover,Grassland,grasslands
red_capped_plover,Coastal,artificial; coastal; wetlands_lakes_marsh
snowy_plover,Coastal,artificial; riparian; coastal; wetlands_lakes_marsh
chestnut_banded_plover,Coastal,coastal
malay_plover,Coastal,artificial; coastal
white_fronted_plover,Coastal,riparian; coastal; wetlands_lakes_marsh
javan_plover,Coastal,coastal; wetlands_lakes_marsh
kentish_plover,Coastal,artificial; coastal; wetlands_lakes_marsh
white_faced_plover,Coastal,grasslands; desert; coastal; wetlands_lakes_marsh
egyptian_plover,Riparian,artificial; riparian
greater_painted_snipe,Wetland,artificial; coastal; wetlands_lakes_marsh
australian_painted_snipe,Artificial,artificial; wetlands_lakes_marsh
south_american_painted_snipe,Wetland,grasslands; artificial; riparian; coastal; wetlands_lakes_marsh
pheasant_tailed_jacana,Wetland,wetlands_lakes_marsh
northern_jacana,Wetland,wetlands_lakes_marsh
wattled_jacana,Wetland,grasslands; wetlands_lakes_marsh
lesser_jacana,Wetland,wetlands_lakes_marsh
comb_crested_jacana,Wetland,riparian; wetlands_lakes_marsh
bronze_winged_jacana,Wetland,artificial; wetlands_lakes_marsh
african_jacana,Wetland,riparian; wetlands_lakes_marsh
madagascar_jacana,Wetland,riparian; wetlands_lakes_marsh
plains_wanderer,Grassland,woodland; grasslands
rufous_bellied_seedsnipe,Rocky,rocky_areas; wetlands_lakes_marsh
white_bellied_seedsnipe,Shrub,shrub
grey_breasted_seedsnipe,Grassland,grasslands; plains
least_seedsnipe,Grassland,grasslands; desert
upland_sandpiper,Grassland,savannah; grasslands; artificial; coastal; wetlands_lakes_marsh
bristle_thighed_curlew,Shrub,shrub; grasslands; coastal; wetlands_lakes_marsh
eurasian_whimbrel,Grassland,forest; grasslands; plains; artificial; riparian; coastal; wetlands_lakes_marsh
hudsonian_whimbrel,Coastal,grasslands; coastal
little_curlew,Grassland,woodland; grasslands; artificial; riparian; coastal; wetlands_lakes_marsh
eskimo_curlew,Grassland,shrub; grasslands; coastal
long_billed_curlew,Grassland,grasslands; artificial; coastal; wetlands_lakes_marsh
far_eastern_curlew,Wetland,grasslands; coastal; wetlands_lakes_marsh
slender_billed_curlew,Wetland,plains; artificial; coastal; wetlands_lakes_marsh
eurasian_curlew,Wetland,forest; grasslands; artificial; riparian; coastal; wetlands_lakes_marsh
bar_tailed_godwit,Grassland,woodland; grasslands; riparian; coastal; wetlands_lakes_marsh
black_tailed_godwit,Wetland,plains; artificial; coastal; wetlands_lakes_marsh
hudsonian_godwit,Wetland,grasslands; artificial; riparian; coastal; wetlands_lakes_marsh
marbled_godwit,Wetland,grasslands; coastal; wetlands_lakes_marsh
asian_dowitcher,Wetland,forest; grasslands; artificial; coastal; wetlands_lakes_marsh
long_billed_dowitcher,Wetland,grasslands; wetlands_lakes_marsh
short_billed_dowitcher,Wetland,grasslands; coastal; wetlands_lakes_marsh
jack_snipe,Wetland,grasslands; riparian; wetlands_lakes_marsh
american_woodcock,Forest,forest; woodland; shrub; artificial
eurasian_woodcock,Forest,forest; woodland; grasslands; artificial; wetlands_lakes_marsh
amami_woodcock,Forest,forest
bukidnon_woodcock,Forest,forest
javan_woodcock,Forest,forest; grasslands
new_guinea_woodcock,Forest,forest; grasslands
sulawesi_woodcock,Forest,forest
moluccan_woodcock,Forest,forest
north_island_snipe,Grassland,savannah; grasslands
south_island_snipe,Grassland,grasslands
chatham_islands_snipe,Forest,forest; grasslands; coastal
snares_island_snipe,Forest,forest; savannah; grasslands
auckland_snipe,Grassland,woodland; shrub; grasslands; rocky_areas
imperial_snipe,Wetland,forest; wetlands_lakes_marsh
andean_snipe,Forest,forest; shrub; grasslands; coastal; wetlands_lakes_marsh
fuegian_snipe,Wetland,forest; bamboo; grasslands; wetlands_lakes_marsh
solitary_snipe,Riparian,artificial; riparian; coastal; wetlands_lakes_marsh
wood_snipe,Forest,forest; shrub; grasslands; riparian; wetlands_lakes_marsh
great_snipe,Riparian,woodland; shrub; grasslands; riparian; wetlands_lakes_marsh
swinhoes_snipe,Woodland,woodland; grasslands; artificial; riparian; wetlands_lakes_marsh
pin_tailed_snipe,Wetland,shrub; grasslands; artificial; wetlands_lakes_marsh
lathams_snipe,Artificial,grasslands; artificial; riparian; coastal
african_snipe,Wetland,grasslands; coastal; wetlands_lakes_marsh
common_snipe,Wetland,grasslands; artificial; riparian; coastal; wetlands_lakes_marsh
wilsons_snipe,Wetland,grasslands; coastal; wetlands_lakes_marsh
giant_snipe,Forest,forest; savannah; wetlands_lakes_marsh
noble_snipe,Wetland,savannah; grasslands; wetlands_lakes_marsh
puna_snipe,Riparian,grasslands; riparian; wetlands_lakes_marsh
madagascar_snipe,Wetland,artificial; wetlands_lakes_marsh
south_american_snipe,Wetland,shrub; wetlands_lakes_marsh
magellanic_snipe,Wetland,savannah; grasslands; plains; wetlands_lakes_marsh
wilsons_phalarope,Wetland,grasslands; coastal; wetlands_lakes_marsh
red_phalarope,Coastal,grasslands; coastal; wetlands_lakes_marsh; pelagic
red_necked_phalarope,Wetland,grasslands; coastal; wetlands_lakes_marsh
terek_sandpiper,Grassland,forest; shrub; grasslands; riparian; coastal; wetlands_lakes_marsh
common_sandpiper,Wetland,grasslands; artificial; riparian; coastal; wetlands_lakes_marsh
spotted_sandpiper,Riparian,riparian; coastal; wetlands_lakes_marsh
green_sandpiper,Wetland,forest; artificial; riparian; coastal; wetlands_lakes_marsh
solitary_sandpiper,Wetland,forest; woodland; savannah; artificial; coastal; wetlands_lakes_marsh
grey_tailed_tattler,Riparian,forest; grasslands; artificial; riparian; coastal; wetlands_lakes_marsh
wandering_tattler,Riparian,shrub; rocky_areas; riparian; coastal; wetlands_lakes_marsh
marsh_sandpiper,Wetland,grasslands; artificial; wetlands_lakes_marsh
wood_sandpiper,Wetland,forest; woodland; shrub; grasslands; artificial; riparian; coastal; wetlands_lakes_marsh
common_redshank,Coastal,grasslands; rocky_areas; artificial; coastal; wetlands_lakes_marsh
lesser_yellowlegs,Wetland,shrub; grasslands; artificial; coastal; wetlands_lakes_marsh
spotted_greenshank,Wetland,forest; grasslands; artificial; riparian; coastal; wetlands_lakes_marsh
willet,Coastal,rocky_areas; coastal; wetlands_lakes_marsh
spotted_redshank,Grassland,woodland; shrub; grasslands; artificial; coastal; wetlands_lakes_marsh
common_greenshank,Forest,forest; artificial; riparian; coastal; wetlands_lakes_marsh
greater_yellowlegs,Wetland,forest; shrub; artificial; coastal; wetlands_lakes_marsh
christmas_sandpiper,Shrub,shrub; coastal
tahiti_sandpiper,Riparian,riparian
moorea_sandpiper,Riparian,riparian
tuamotu_sandpiper,Coastal,shrub; coastal
ruddy_turnstone,Coastal,grasslands; rocky_areas; coastal; wetlands_lakes_marsh
black_turnstone,Coastal,shrub; grasslands; rocky_areas; coastal
great_knot,Grassland,grasslands; riparian; coastal; wetlands_lakes_marsh
red_knot,Coastal,grasslands; coastal; wetlands_lakes_marsh
surfbird,Rocky,shrub; rocky_areas; coastal
ruff,Wetland,shrub; grasslands; artificial; riparian; coastal; wetlands_lakes_marsh
broad_billed_sandpiper,Wetland,grasslands; artificial; wetlands_lakes_marsh
sharp_tailed_sandpiper,Wetland,grasslands; coastal; wetlands_lakes_marsh
stilt_sandpiper,Wetland,shrub; grasslands; artificial; coastal; wetlands_lakes_marsh
curlew_sandpiper,Coastal,riparian; coastal; wetlands_lakes_marsh
temmincks_stint,Grassland,shrub; grasslands; coastal; wetlands_lakes_marsh
long_toed_stint,Wetland,grasslands; artificial; wetlands_lakes_marsh
red_necked_stint,Grassland,grasslands; rocky_areas; riparian; coastal; wetlands_lakes_marsh
spoon_billed_sandpiper,Coastal,plains; coastal; wetlands_lakes_marsh
buff_breasted_sandpiper,Grassland,grasslands; wetlands_lakes_marsh
sanderling,Coastal,grasslands; coastal; wetlands_lakes_marsh
dunlin,Wetland,grasslands; coastal; wetlands_lakes_marsh
purple_sandpiper,Grassland,grasslands; riparian; coastal
rock_sandpiper,Grassland,grasslands; riparian; coastal
bairds_sandpiper,Grassland,grasslands; artificial; coastal; wetlands_lakes_marsh
little_stint,Grassland,grasslands; coastal; wetlands_lakes_marsh
least_sandpiper,Wetland,grasslands; coastal; wetlands_lakes_marsh
white_rumped_sandpiper,Wetland,grasslands; artificial; riparian; coastal; wetlands_lakes_marsh
pectoral_sandpiper,Wetland,grasslands; artificial; coastal; wetlands_lakes_marsh
western_sandpiper,Shrub,shrub; coastal; wetlands_lakes_marsh
semipalmated_sandpiper,Grassland,shrub; grasslands; riparian; coastal; wetlands_lakes_marsh
crab_plover,Coastal,coastal
double_banded_courser,Plains,shrub; grasslands; plains; rocky_areas; desert
bronze_winged_courser,Savanna,woodland; shrub; savannah; grasslands
three_banded_courser,Shrub,woodland; shrub; grasslands
jerdons_courser,Shrub,shrub
indian_courser,Plains,shrub; grasslands; plains; artificial; wetlands_lakes_marsh
temmincks_courser,Savanna,savannah; grasslands; artificial
burchells_courser,Grassland,shrub; grasslands; rocky_areas; desert; artificial
cream_coloured_courser,Desert,savannah; plains; desert; artificial
somali_courser,Desert,grasslands; desert
australian_pratincole,Grassland,shrub; grasslands; riparian; coastal; wetlands_lakes_marsh
rock_pratincole,Rocky,rocky_areas; riparian
grey_pratincole,Coastal,riparian; coastal
little_pratincole,Riparian,riparian; coastal; wetlands_lakes_marsh
oriental_pratincole,Grassland,grasslands; artificial; coastal; wetlands_lakes_marsh
black_winged_pratincole,Grassland,grasslands; artificial; riparian; wetlands_lakes_marsh
collared_pratincole,Grassland,shrub; grasslands; desert; artificial; riparian; coastal; wetlands_lakes_marsh
madagascar_pratincole,Coastal,grasslands; riparian; coastal; wetlands_lakes_marsh
african_skimmer,Riparian,riparian; coastal; wetlands_lakes_marsh
indian_skimmer,Riparian,riparian; coastal; wetlands_lakes_marsh
black_skimmer,Coastal,coastal; wetlands_lakes_marsh
atlantic_white_tern,Sea,rocky_areas; artificial; coastal; pelagic
common_white_tern,Sea,rocky_areas; artificial; coastal; pelagic
little_white_tern,Sea,rocky_areas; artificial; coastal; pelagic
brown_noddy,Sea,coastal; pelagic
lesser_noddy,Sea,coastal; pelagic
black_noddy,Coastal,coastal; pelagic
grey_noddy,Coastal,rocky_areas; coastal; pelagic
blue_noddy,Coastal,rocky_areas; coastal
aleutian_tern,Coastal,grasslands; rocky_areas; riparian; coastal; wetlands_lakes_marsh
sooty_tern,Sea,artificial; coastal; pelagic
bridled_tern,Coastal,rocky_areas; coastal
grey_backed_tern,Coastal,rocky_areas; coastal
little_tern,Coastal,grasslands; rocky_areas; riparian; coastal; wetlands_lakes_marsh
saunderss_tern,Coastal,coastal; wetlands_lakes_marsh
least_tern,Coastal,artificial; riparian; coastal; wetlands_lakes_marsh
yellow_billed_tern,Coastal,artificial; riparian; coastal; wetlands_lakes_marsh
peruvian_tern,Coastal,desert; coastal
fairy_tern,Coastal,coastal
damara_tern,Coastal,coastal; wetlands_lakes_marsh
large_billed_tern,Riparian,riparian; coastal; wetlands_lakes_marsh
common_gull_billed_tern,Coastal,grasslands; plains; artificial; riparian; coastal; wetlands_lakes_marsh
australian_gull_billed_tern,Coastal,coastal; wetlands_lakes_marsh; pelagic
caspian_tern,Coastal,rocky_areas; artificial; coastal; wetlands_lakes_marsh
inca_tern,Coastal,rocky_areas; artificial; coastal
whiskered_tern,Wetland,artificial; riparian; coastal; wetlands_lakes_marsh
black_fronted_tern,Riparian,riparian; coastal; wetlands_lakes_marsh
black_tern,Wetland,artificial; coastal; wetlands_lakes_marsh
white_winged_tern,Wetland,forest; rocky_areas; artificial; riparian; coastal; wetlands_lakes_marsh
river_tern,Riparian,riparian; coastal; wetlands_lakes_marsh
forsters_tern,Wetland,rocky_areas; coastal; wetlands_lakes_marsh
snowy_crowned_tern,Wetland,savannah; artificial; coastal; wetlands_lakes_marsh
arctic_tern,Coastal,grasslands; artificial; coastal; wetlands_lakes_marsh
south_american_tern,Coastal,rocky_areas; coastal; wetlands_lakes_marsh; pelagic
antarctic_tern,Rocky,shrub; rocky_areas; coastal
kerguelen_tern,Coastal,rocky_areas; riparian; coastal
common_tern,Coastal,grasslands; rocky_areas; artificial; riparian; coastal; wetlands_lakes_marsh
white_cheeked_tern,Coastal,rocky_areas; coastal
black_naped_tern,Coastal,rocky_areas; coastal; wetlands_lakes_marsh
roseate_tern,Coastal,rocky_areas; coastal; wetlands_lakes_marsh
white_fronted_tern,Coastal,rocky_areas; riparian; coastal
black_bellied_tern,Riparian,artificial; riparian; wetlands_lakes_marsh
sandwich_tern,Coastal,coastal
cabots_tern,Coastal,coastal
elegant_tern,Coastal,coastal; wetlands_lakes_marsh
lesser_crested_tern,Coastal,coastal
west_african_crested_tern,Coastal,riparian; coastal
royal_tern,Coastal,rocky_areas; riparian; coastal; wetlands_lakes_marsh
greater_crested_tern,Coastal,rocky_areas; artificial; coastal; wetlands_lakes_marsh
chinese_crested_tern,Coastal,coastal; wetlands_lakes_marsh; pelagic
swallow_tailed_gull,Sea,rocky_areas; coastal; pelagic
little_gull,Coastal,riparian; coastal; wetlands_lakes_marsh
rosss_gull,Coastal,riparian; coastal; wetlands_lakes_marsh; pelagic
black_legged_kittiwake,Sea,rocky_areas; coastal; pelagic
red_legged_kittiwake,Sea,coastal; pelagic
ivory_gull,Sea,rocky_areas; coastal; pelagic
sabines_gull,Coastal,coastal; wetlands_lakes_marsh; pelagic
saunderss_gull,Coastal,coastal
slender_billed_gull,Coastal,coastal; wetlands_lakes_marsh
bonapartes_gull,Coastal,grasslands; coastal; wetlands_lakes_marsh
silver_gull,Coastal,grasslands; rocky_areas; artificial; coastal
black_billed_gull,Coastal,artificial; riparian; coastal; wetlands_lakes_marsh
andean_gull,Coastal,coastal; wetlands_lakes_marsh
brown_hooded_gull,Coastal,grasslands; artificial; riparian; coastal; wetlands_lakes_marsh
black_headed_gull,Wetland,grasslands; artificial; riparian; coastal; wetlands_lakes_marsh
brown_headed_gull,Coastal,coastal; wetlands_lakes_marsh
grey_headed_gull,Coastal,rocky_areas; artificial; riparian; coastal; wetlands_lakes_marsh
hartlaubs_gull,Coastal,artificial; coastal
grey_gull,Coastal,rocky_areas; desert; coastal
dolphin_gull,Coastal,rocky_areas; coastal
laughing_gull,Coastal,coastal
franklins_gull,Coastal,grasslands; artificial; coastal; wetlands_lakes_marsh
lava_gull,Coastal,coastal; pelagic
pallass_gull,Coastal,artificial; riparian; coastal; wetlands_lakes_marsh
relict_gull,Coastal,grasslands; coastal; wetlands_lakes_marsh
audouins_gull,Coastal,rocky_areas; artificial; coastal
mediterranean_gull,Coastal,grasslands; coastal; wetlands_lakes_marsh
sooty_gull,Sea,coastal; pelagic
white_eyed_gull,Coastal,coastal
pacific_gull,Coastal,coastal
belchers_gull,Coastal,coastal
black_tailed_gull,Coastal,rocky_areas; coastal
olrogs_gull,Coastal,rocky_areas; artificial; coastal
heermanns_gull,Coastal,rocky_areas; coastal
common_gull,Coastal,artificial; coastal
short_billed_gull,Coastal,grasslands; rocky_areas; artificial; riparian; coastal; wetlands_lakes_marsh
ring_billed_gull,Coastal,artificial; riparian; coastal; wetlands_lakes_marsh
yellow_footed_gull,Coastal,coastal; wetlands_lakes_marsh
western_gull,Coastal,rocky_areas; coastal
caspian_gull,Coastal,plains; rocky_areas; riparian; coastal; wetlands_lakes_marsh
kelp_gull,Coastal,rocky_areas; artificial; riparian; coastal; wetlands_lakes_marsh
european_herring_gull,Coastal,forest; rocky_areas; artificial; coastal; wetlands_lakes_marsh; pelagic
vega_gull,Coastal,forest; grasslands; rocky_areas; artificial; coastal; wetlands_lakes_marsh
mongolian_gull,Coastal,riparian; coastal; wetlands_lakes_marsh
yellow_legged_gull,Coastal,rocky_areas; artificial; riparian; coastal; wetlands_lakes_marsh
armenian_gull,Coastal,artificial; coastal; wetlands_lakes_marsh
great_black_backed_gull,Coastal,grasslands; artificial; coastal; wetlands_lakes_marsh; pelagic
glaucous_gull,Coastal,rocky_areas; coastal; wetlands_lakes_marsh
lesser_black_backed_gull,Coastal,grasslands; rocky_areas; artificial; riparian; coastal; wetlands_lakes_marsh; pelagic
california_gull,Coastal,grasslands; artificial; coastal; wetlands_lakes_marsh
arctic_herring_gull,Coastal,forest; grasslands; rocky_areas; artificial; coastal; wetlands_lakes_marsh; pelagic
glaucous_winged_gull,Coastal,rocky_areas; coastal; wetlands_lakes_marsh
slaty_backed_gull,Coastal,rocky_areas; coastal
iceland_gull,Coastal,rocky_areas; artificial; coastal
long_tailed_jaeger,Sea,grasslands; pelagic
arctic_jaeger,Sea,grasslands; coastal; pelagic
pomarine_jaeger,Coastal,grasslands; coastal; wetlands_lakes_marsh
great_skua,Sea,coastal; pelagic
chilean_skua,Sea,coastal; pelagic
brown_skua,Sea,pelagic
south_polar_skua,Sea,rocky_areas; coastal; pelagic
rhinoceros_auklet,Sea,coastal; pelagic
tufted_puffin,Sea,rocky_areas; coastal; pelagic
atlantic_puffin,Sea,rocky_areas; coastal; pelagic
horned_puffin,Coastal,rocky_areas; coastal
cassins_auklet,Coastal,rocky_areas; coastal; pelagic
least_auklet,Sea,coastal; pelagic
whiskered_auklet,Sea,rocky_areas; coastal; pelagic
crested_auklet,Sea,grasslands; rocky_areas; coastal; pelagic
parakeet_auklet,Sea,rocky_areas; coastal; pelagic
long_billed_murrelet,Coastal,woodland; plains; rocky_areas; coastal
kittlitzs_murrelet,Coastal,grasslands; coastal; pelagic
marbled_murrelet,Coastal,forest; grasslands; coastal; pelagic
black_guillemot,Sea,rocky_areas; coastal; pelagic
spectacled_guillemot,Sea,rocky_areas; coastal; pelagic
pigeon_guillemot,Sea,rocky_areas; coastal; pelagic
razorbill,Sea,rocky_areas; coastal; pelagic
great_auk,Sea,rocky_areas; coastal; pelagic
little_auk,Sea,rocky_areas; coastal; pelagic
thick_billed_murre,Sea,rocky_areas; coastal; pelagic
common_murre,Sea,rocky_areas; coastal; pelagic
ancient_murrelet,Sea,shrub; grasslands; rocky_areas; coastal; pelagic
japanese_murrelet,Sea,rocky_areas; pelagic
scrippss_murrelet,Sea,rocky_areas; coastal; pelagic
guadalupe_murrelet,Sea,coastal; pelagic
craveris_murrelet,Sea,rocky_areas; coastal; pelagic
kagu,Forest,forest
sunbittern,Riparian,forest; riparian; wetlands_lakes_marsh
red_billed_tropicbird,Sea,rocky_areas; pelagic
red_tailed_tropicbird,Sea,rocky_areas; pelagic
white_tailed_tropicbird,Sea,rocky_areas; pelagic
red_throated_loon,Wetland,forest; coastal; wetlands_lakes_marsh
arctic_loon,Wetland,coastal; wetlands_lakes_marsh
pacific_loon,Wetland,coastal; wetlands_lakes_marsh
common_loon,Wetland,coastal; wetlands_lakes_marsh
yellow_billed_loon,Wetland,riparian; coastal; wetlands_lakes_marsh
king_penguin,Sea,coastal; pelagic
emperor_penguin,Sea,coastal; pelagic
adelie_penguin,Sea,coastal; pelagic
chinstrap_penguin,Sea,coastal; pelagic
gentoo_penguin,Sea,coastal; pelagic
little_penguin,Sea,rocky_areas; coastal; pelagic
galapagos_penguin,Sea,coastal; pelagic
humboldt_penguin,Sea,rocky_areas; coastal; pelagic
magellanic_penguin,Sea,forest; grasslands; coastal; pelagic
african_penguin,Sea,coastal; pelagic
yellow_eyed_penguin,Sea,coastal; pelagic
macaroni_penguin,Sea,coastal; pelagic
royal_penguin,Sea,coastal; pelagic
northern_rockhopper_penguin,Sea,coastal; pelagic
eastern_rockhopper_penguin,Sea,rocky_areas; coastal; pelagic
southern_rockhopper_penguin,Sea,rocky_areas; coastal; pelagic
fiordland_penguin,Sea,forest; rocky_areas; coastal; pelagic
snares_penguin,Sea,forest; rocky_areas; pelagic
erect_crested_penguin,Sea,grasslands; rocky_areas; coastal; pelagic
wilsons_storm_petrel,Sea,rocky_areas; pelagic
white_vented_storm_petrel,Sea,pelagic
pincoya_storm_petrel,Sea,coastal; pelagic
grey_backed_storm_petrel,Sea,grasslands; rocky_areas; pelagic
white_faced_storm_petrel,Sea,rocky_areas; coastal; pelagic
white_bellied_storm_petrel,Sea,grasslands; pelagic
black_bellied_storm_petrel,Sea,rocky_areas; pelagic
new_caledonian_storm_petrel,Sea,pelagic
new_zealand_storm_petrel,Sea,forest; pelagic
polynesian_storm_petrel,Sea,coastal; pelagic
northern_royal_albatross,Sea,shrub; pelagic
southern_royal_albatross,Sea,grasslands; pelagic
snowy_albatross,Sea,grasslands; pelagic
tristan_albatross,Sea,shrub; pelagic
antipodean_albatross,Sea,grasslands; pelagic
amsterdam_albatross,Sea,grasslands; pelagic
waved_albatross,Sea,rocky_areas; pelagic
laysan_albatross,Sea,pelagic
black_footed_albatross,Sea,coastal; pelagic
short_tailed_albatross,Sea,coastal; pelagic
sooty_albatross,Sea,grasslands; coastal; pelagic
light_mantled_albatross,Sea,grasslands; rocky_areas; pelagic
atlantic_yellow_nosed_albatross,Sea,rocky_areas; pelagic
indian_yellow_nosed_albatross,Sea,rocky_areas; pelagic
grey_headed_albatross,Sea,rocky_areas; pelagic
bullers_albatross,Sea,grasslands; coastal; pelagic
shy_albatross,Sea,grasslands; rocky_areas; coastal; pelagic
white_capped_albatross,Sea,grasslands; rocky_areas; coastal; pelagic
salvins_albatross,Sea,pelagic
chatham_albatross,Sea,pelagic
black_browed_albatross,Sea,grasslands; rocky_areas; pelagic
campbell_albatross,Sea,grasslands; rocky_areas; pelagic
european_storm_petrel,Sea,rocky_areas; pelagic
fork_tailed_storm_petrel,Sea,grasslands; rocky_areas; pelagic
ringed_storm_petrel,Sea,desert; pelagic
swinhoes_storm_petrel,Sea,pelagic
matsudairas_storm_petrel,Sea,pelagic
leachs_storm_petrel,Sea,rocky_areas; pelagic
townsends_storm_petrel,Sea,rocky_areas; pelagic
ainleys_storm_petrel,Sea,rocky_areas; pelagic
ashy_storm_petrel,Sea,rocky_areas; pelagic
band_rumped_storm_petrel,Sea,rocky_areas; pelagic
monteiros_storm_petrel,Sea,coastal; pelagic
cape_verde_storm_petrel,Sea,pelagic
wedge_rumped_storm_petrel,Sea,rocky_areas; pelagic
black_storm_petrel,Sea,rocky_areas; pelagic
guadalupe_storm_petrel,Sea,forest; pelagic
markhams_storm_petrel,Sea,desert; pelagic
tristrams_storm_petrel,Sea,pelagic
least_storm_petrel,Sea,rocky_areas; pelagic
southern_giant_petrel,Sea,grasslands; coastal; pelagic
northern_giant_petrel,Sea,rocky_areas; pelagic
northern_fulmar,Sea,rocky_areas; pelagic
southern_fulmar,Sea,rocky_areas; pelagic
antarctic_petrel,Sea,rocky_areas; pelagic
cape_petrel,Sea,rocky_areas; pelagic
snow_petrel,Sea,rocky_areas; pelagic
blue_petrel,Sea,grasslands; coastal; pelagic
broad_billed_prion,Sea,rocky_areas; coastal; pelagic
salvins_prion,Sea,grasslands; rocky_areas; coastal; pelagic
mac_gillivrays_prion,Sea,rocky_areas; pelagic
antarctic_prion,Sea,grasslands; rocky_areas; pelagic
slender_billed_prion,Sea,rocky_areas; coastal; pelagic
fairy_prion,Sea,grasslands; rocky_areas; coastal; pelagic
fulmar_prion,Sea,rocky_areas; coastal; pelagic
kerguelen_petrel,Sea,rocky_areas; coastal; pelagic
great_winged_petrel,Sea,pelagic
white_headed_petrel,Sea,shrub; grasslands; coastal; pelagic
grey_faced_petrel,Sea,pelagic
atlantic_petrel,Sea,grasslands; coastal; pelagic
providence_petrel,Sea,forest; grasslands; pelagic
magenta_petrel,Sea,forest; pelagic
murphys_petrel,Sea,rocky_areas; pelagic
soft_plumaged_petrel,Sea,shrub; coastal; pelagic
zinos_petrel,Sea,rocky_areas; pelagic
cape_verde_petrel,Sea,rocky_areas; pelagic
desertas_petrel,Sea,pelagic
bermuda_petrel,Sea,rocky_areas; coastal; pelagic
black_capped_petrel,Sea,forest; rocky_areas; riparian; pelagic
jamaican_petrel,Sea,forest; pelagic
juan_fernandez_petrel,Sea,forest; grasslands; pelagic
vanuatu_petrel,Sea,pelagic
kermadec_petrel,Sea,rocky_areas; pelagic
herald_petrel,Sea,shrub; rocky_areas; pelagic
trindade_petrel,Sea,shrub; rocky_areas; pelagic
henderson_petrel,Sea,forest; pelagic
phoenix_petrel,Sea,shrub; pelagic
baraus_petrel,Sea,forest; shrub; rocky_areas; pelagic
hawaiian_petrel,Sea,forest; shrub; grasslands; pelagic; other
galapagos_petrel,Sea,forest; shrub; pelagic
mottled_petrel,Sea,grasslands; rocky_areas; pelagic
white_necked_petrel,Sea,shrub; pelagic
black_winged_petrel,Sea,shrub; pelagic
chatham_islands_petrel,Sea,forest; shrub; pelagic
bonin_petrel,Sea,pelagic
white_winged_petrel,Sea,forest; pelagic
collared_petrel,Sea,forest; pelagic
cooks_petrel,Sea,forest; pelagic
masatierra_petrel,Sea,rocky_areas; pelagic
stejnegers_petrel,Sea,forest; pelagic
pycrofts_petrel,Sea,forest; shrub; rocky_areas; coastal; pelagic
mascarene_petrel,Sea,forest; shrub; rocky_areas; pelagic
large_saint_helena_petrel,Sea,pelagic
tahiti_petrel,Sea,shrub; pelagic
becks_petrel,Sea,forest; pelagic
fiji_petrel,Sea,forest; rocky_areas; pelagic
grey_petrel,Sea,grasslands; coastal; pelagic
white_chinned_petrel,Sea,grasslands; pelagic
spectacled_petrel,Sea,shrub; pelagic
black_petrel,Sea,forest; pelagic
westland_petrel,Sea,forest; pelagic
streaked_shearwater,Sea,forest; pelagic
corys_shearwater,Sea,rocky_areas; pelagic
scopolis_shearwater,Sea,rocky_areas; pelagic
cape_verde_shearwater,Sea,rocky_areas; pelagic
wedge_tailed_shearwater,Sea,forest; grasslands; rocky_areas; pelagic
bullers_shearwater,Sea,forest; rocky_areas; coastal; pelagic
sooty_shearwater,Sea,forest; shrub; coastal; pelagic
short_tailed_shearwater,Sea,grasslands; rocky_areas; coastal; pelagic
pink_footed_shearwater,Sea,forest; shrub; pelagic
flesh_footed_shearwater,Sea,grasslands; pelagic
great_shearwater,Sea,woodland; grasslands; pelagic
christmas_shearwater,Sea,rocky_areas; pelagic; other
manx_shearwater,Sea,rocky_areas; coastal; pelagic
yelkouan_shearwater,Sea,coastal; pelagic
balearic_shearwater,Sea,rocky_areas; coastal; pelagic
bryans_shearwater,Sea,coastal; pelagic
black_vented_shearwater,Sea,shrub; coastal; pelagic
townsends_shearwater,Sea,shrub; rocky_areas; pelagic
newells_shearwater,Sea,forest; pelagic
rapa_shearwater,Sea,shrub; pelagic
fluttering_shearwater,Sea,shrub; grasslands; rocky_areas; coastal; pelagic
huttons_shearwater,Sea,shrub; grasslands; pelagic
audubons_shearwater,Sea,rocky_areas; coastal; pelagic
persian_shearwater,Sea,rocky_areas; pelagic
tropical_shearwater,Sea,rocky_areas; pelagic
galapagos_shearwater,Sea,rocky_areas; pelagic
bannermans_shearwater,Sea,rocky_areas; pelagic
heinroths_shearwater,Sea,pelagic
little_shearwater,Sea,forest; grasslands; coastal; pelagic
subantarctic_shearwater,Sea,forest; grasslands; pelagic
barolo_shearwater,Sea,rocky_areas; coastal; pelagic
boyds_shearwater,Sea,rocky_areas; coastal; pelagic
peruvian_diving_petrel,Sea,rocky_areas; coastal; pelagic
magellanic_diving_petrel,Sea,coastal; pelagic
south_georgia_diving_petrel,Sea,rocky_areas; coastal; pelagic
whenua_hou_diving_petrel,Sea,coastal; pelagic
common_diving_petrel,Sea,grasslands; coastal; pelagic
bulwers_petrel,Sea,rocky_areas; pelagic
small_saint_helena_petrel,Sea,pelagic
jouanins_petrel,Sea,pelagic
african_openbill,Wetland,forest; savannah; grasslands; riparian; wetlands_lakes_marsh
asian_openbill,Wetland,artificial; riparian; wetlands_lakes_marsh
marabou_stork,Savanna,savannah; grasslands; artificial; riparian; wetlands_lakes_marsh
lesser_adjutant,Coastal,forest; coastal; wetlands_lakes_marsh
greater_adjutant,Wetland,forest; grasslands; artificial; wetlands_lakes_marsh
wood_stork,Wetland,forest; grasslands; coastal; wetlands_lakes_marsh
yellow_billed_stork,Wetland,forest; savannah; artificial; riparian; wetlands_lakes_marsh
painted_stork,Wetland,artificial; riparian; wetlands_lakes_marsh
milky_stork,Coastal,forest; coastal; wetlands_lakes_marsh
jabiru,Wetland,savannah; artificial; riparian; coastal; wetlands_lakes_marsh
saddle_billed_stork,Wetland,grasslands; riparian; wetlands_lakes_marsh
black_necked_stork,Wetland,shrub; grasslands; artificial; riparian; coastal; wetlands_lakes_marsh
abdims_stork,Grassland,shrub; grasslands; artificial; wetlands_lakes_marsh
african_woollyneck,Wetland,woodland; savannah; grasslands; artificial; riparian; coastal; wetlands_lakes_marsh
asian_woollyneck,Wetland,woodland; artificial; wetlands_lakes_marsh
storms_stork,Wetland,forest; riparian; wetlands_lakes_marsh
black_stork,Woodland,woodland; grasslands; artificial; riparian; wetlands_lakes_marsh
maguari_stork,Wetland,savannah; grasslands; artificial; wetlands_lakes_marsh
white_stork,Grassland,savannah; grasslands; artificial; wetlands_lakes_marsh
oriental_stork,Wetland,woodland; artificial; wetlands_lakes_marsh
ascension_frigatebird,Sea,rocky_areas; coastal; pelagic
magnificent_frigatebird,Sea,woodland; shrub; coastal; pelagic
lesser_frigatebird,Sea,coastal; pelagic
great_frigatebird,Sea,coastal; pelagic
christmas_island_frigatebird,Sea,forest; pelagic
abbotts_booby,Sea,pelagic
northern_gannet,Sea,rocky_areas; coastal; pelagic
cape_gannet,Sea,rocky_areas; pelagic
australasian_gannet,Sea,coastal; pelagic
red_footed_booby,Sea,coastal; pelagic
brown_booby,Sea,rocky_areas; coastal; pelagic
cocos_booby,Sea,rocky_areas; coastal; pelagic
masked_booby,Sea,rocky_areas; coastal; pelagic
nazca_booby,Sea,rocky_areas; coastal; pelagic
blue_footed_booby,Sea,rocky_areas; coastal; pelagic
peruvian_booby,Sea,rocky_areas; coastal; pelagic
anhinga,Wetland,riparian; coastal; wetlands_lakes_marsh
australasian_darter,Wetland,riparian; coastal; wetlands_lakes_marsh
oriental_darter,Wetland,riparian; coastal; wetlands_lakes_marsh
african_darter,Wetland,riparian; coastal; wetlands_lakes_marsh
pygmy_cormorant,Wetland,riparian; coastal; wetlands_lakes_marsh
long_tailed_cormorant,Wetland,riparian; coastal; wetlands_lakes_marsh; pelagic
crowned_cormorant,Coastal,coastal; pelagic
little_cormorant,Wetland,riparian; coastal; wetlands_lakes_marsh
little_pied_cormorant,Wetland,artificial; riparian; coastal; wetlands_lakes_marsh
red_legged_cormorant,Coastal,rocky_areas; coastal
brandts_cormorant,Coastal,rocky_areas; coastal; pelagic
red_faced_cormorant,Sea,rocky_areas; coastal; pelagic
pelagic_cormorant,Sea,rocky_areas; coastal; pelagic
spectacled_cormorant,Coastal,coastal; pelagic
bank_cormorant,Sea,coastal; pelagic
socotra_cormorant,Sea,coastal; pelagic
pitt_island_shag,Sea,rocky_areas; coastal; pelagic
spotted_shag,Sea,rocky_areas; coastal; pelagic
black_faced_cormorant,Coastal,rocky_areas; coastal; pelagic
great_pied_cormorant,Coastal,riparian; coastal; wetlands_lakes_marsh
little_black_cormorant,Wetland,riparian; coastal; wetlands_lakes_marsh
indian_cormorant,Wetland,riparian; coastal; wetlands_lakes_marsh
cape_cormorant,Coastal,artificial; coastal; pelagic
japanese_cormorant,Sea,coastal; pelagic
great_cormorant,Coastal,rocky_areas; riparian; coastal; wetlands_lakes_marsh
european_shag,Sea,rocky_areas; coastal; pelagic
flightless_cormorant,Sea,rocky_areas; coastal; pelagic
neotropical_cormorant,Wetland,rocky_areas; riparian; coastal; wetlands_lakes_marsh
double_crested_cormorant,Coastal,rocky_areas; riparian; coastal; wetlands_lakes_marsh
rock_shag,Sea,rocky_areas; coastal; pelagic
guanay_cormorant,Sea,coastal; pelagic
bounty_islands_shag,Sea,rocky_areas; coastal; pelagic
rough_faced_shag,Sea,rocky_areas; coastal; pelagic
chatham_islands_shag,Sea,rocky_areas; coastal; pelagic
stewart_island_shag,Sea,rocky_areas; coastal; pelagic
auckland_islands_shag,Sea,rocky_areas; coastal; pelagic
campbell_island_shag,Sea,rocky_areas; coastal; pelagic
imperial_shag,Sea,rocky_areas; coastal; pelagic
south_georgia_shag,Coastal,coastal
crozet_shag,Coastal,rocky_areas; coastal
antarctic_shag,Coastal,coastal
kerguelen_islands_shag,Coastal,coastal
heard_shag,Coastal,grasslands; coastal
macquarie_shag,Coastal,coastal
african_sacred_ibis,Wetland,grasslands; artificial; coastal; wetlands_lakes_marsh
malagasy_sacred_ibis,Coastal,coastal
reunion_ibis,Forest,forest
black_headed_ibis,Wetland,artificial; riparian; coastal; wetlands_lakes_marsh
australian_ibis,Wetland,grasslands; artificial; coastal; wetlands_lakes_marsh
straw_necked_ibis,Grassland,forest; grasslands; artificial; riparian; coastal; wetlands_lakes_marsh
red_naped_ibis,Grassland,grasslands; artificial
white_shouldered_ibis,Wetland,forest; shrub; grasslands; artificial; riparian; wetlands_lakes_marsh
giant_ibis,Wetland,forest; wetlands_lakes_marsh
northern_bald_ibis,Plains,grasslands; plains; rocky_areas; artificial; coastal
southern_bald_ibis,Grassland,grasslands; rocky_areas; artificial; wetlands_lakes_marsh
asian_crested_ibis,Wetland,forest; artificial; riparian; wetlands_lakes_marsh
olive_ibis,Forest,forest; riparian; coastal; wetlands_lakes_marsh
dwarf_ibis,Forest,forest; riparian
spot_breasted_ibis,Riparian,forest; riparian; wetlands_lakes_marsh
hadada_ibis,Grassland,forest; woodland; savannah; grasslands; artificial; riparian; coastal; wetlands_lakes_marsh
wattled_ibis,Riparian,shrub; rocky_areas; artificial; riparian; wetlands_lakes_marsh
plumbeous_ibis,Grassland,savannah; grasslands; artificial; wetlands_lakes_marsh
buff_necked_ibis,Grassland,shrub; grasslands; artificial; wetlands_lakes_marsh
black_faced_ibis,Grassland,forest; woodland; grasslands; rocky_areas; artificial; riparian; wetlands_lakes_marsh
andean_ibis,Grassland,grasslands
sharp_tailed_ibis,Wetland,savannah; grasslands; artificial; riparian; wetlands_lakes_marsh
green_ibis,Forest,forest; artificial; riparian; coastal; wetlands_lakes_marsh
bare_faced_ibis,Wetland,savannah; grasslands; artificial; riparian; wetlands_lakes_marsh
white_ibis,Wetland,forest; grasslands; artificial; coastal; wetlands_lakes_marsh
scarlet_ibis,Coastal,artificial; riparian; coastal; wetlands_lakes_marsh
glossy_ibis,Wetland,artificial; riparian; coastal; wetlands_lakes_marsh
white_faced_ibis,Wetland,artificial; coastal; wetlands_lakes_marsh
puna_ibis,Wetland,artificial; wetlands_lakes_marsh
madagascar_crested_ibis,Woodland,forest; woodland; artificial; coastal
eurasian_spoonbill,Wetland,shrub; riparian; coastal; wetlands_lakes_marsh
black_faced_spoonbill,Wetland,artificial; coastal; wetlands_lakes_marsh
african_spoonbill,Wetland,coastal; wetlands_lakes_marsh
royal_spoonbill,Wetland,artificial; coastal; wetlands_lakes_marsh
yellow_billed_spoonbill,Wetland,artificial; wetlands_lakes_marsh
roseate_spoonbill,Wetland,forest; artificial; coastal; wetlands_lakes_marsh
white_crested_tiger_heron,Wetland,forest; riparian; coastal; wetlands_lakes_marsh
rufescent_tiger_heron,Wetland,riparian; coastal; wetlands_lakes_marsh
bare_throated_tiger_heron,Coastal,riparian; coastal; wetlands_lakes_marsh
fasciated_tiger_heron,Riparian,forest; shrub; riparian
boat_billed_heron,Wetland,forest; riparian; coastal; wetlands_lakes_marsh
agami_heron,Wetland,forest; riparian; coastal; wetlands_lakes_marsh
zigzag_heron,Forest,forest; riparian; coastal; wetlands_lakes_marsh
eurasian_bittern,Wetland,artificial; wetlands_lakes_marsh
australasian_bittern,Wetland,artificial; wetlands_lakes_marsh
american_bittern,Wetland,grasslands; wetlands_lakes_marsh
pinnated_bittern,Wetland,grasslands; artificial; wetlands_lakes_marsh
stripe_backed_bittern,Wetland,grasslands; artificial; wetlands_lakes_marsh
least_bittern,Wetland,coastal; wetlands_lakes_marsh
black_bittern,Wetland,bamboo; riparian; coastal; wetlands_lakes_marsh
cinnamon_bittern,Artificial,grasslands; artificial; coastal; wetlands_lakes_marsh
schrencks_bittern,Wetland,grasslands; artificial; riparian; coastal; wetlands_lakes_marsh
dwarf_bittern,Wetland,forest; artificial; riparian; coastal; wetlands_lakes_marsh
common_little_bittern,Wetland,forest; grasslands; artificial; wetlands_lakes_marsh
yellow_bittern,Wetland,artificial; riparian; coastal; wetlands_lakes_marsh
australian_little_bittern,Wetland,shrub; artificial; riparian; coastal; wetlands_lakes_marsh
new_zealand_little_bittern,Wetland,forest; grasslands; artificial; coastal; wetlands_lakes_marsh
yellow_crowned_night_heron,Coastal,forest; riparian; coastal; wetlands_lakes_marsh
bermuda_night_heron,Wetland,wetlands_lakes_marsh
black_crowned_night_heron,Wetland,artificial; riparian; coastal; wetlands_lakes_marsh
ascension_night_heron,Coastal,coastal
reunion_night_heron,Wetland,wetlands_lakes_marsh
mauritius_night_heron,Wetland,wetlands_lakes_marsh
rodrigues_night_heron,Wetland,wetlands_lakes_marsh
nankeen_night_heron,Wetland,forest; grasslands; rocky_areas; riparian; coastal; wetlands_lakes_marsh
malay_night_heron,Wetland,forest; artificial; riparian; wetlands_lakes_marsh
japanese_night_heron,Riparian,forest; riparian; wetlands_lakes_marsh
capped_heron,Wetland,forest; grasslands; artificial; riparian; wetlands_lakes_marsh
whistling_heron,Wetland,shrub; grasslands; artificial; wetlands_lakes_marsh
little_blue_heron,Wetland,grasslands; coastal; wetlands_lakes_marsh
tricolored_heron,Coastal,riparian; coastal; wetlands_lakes_marsh
reddish_egret,Coastal,coastal; wetlands_lakes_marsh
slaty_egret,Wetland,shrub; wetlands_lakes_marsh
black_heron,Wetland,wetlands_lakes_marsh
pacific_reef_egret,Coastal,artificial; riparian; coastal; wetlands_lakes_marsh
chinese_egret,Coastal,rocky_areas; artificial; riparian; coastal; wetlands_lakes_marsh
snowy_egret,Wetland,grasslands; artificial; coastal; wetlands_lakes_marsh
little_egret,Wetland,savannah; artificial; riparian; coastal; wetlands_lakes_marsh
dimorphic_egret,Coastal,riparian; coastal; wetlands_lakes_marsh
western_reef_egret,Coastal,rocky_areas; coastal; wetlands_lakes_marsh
pied_heron,Coastal,grasslands; coastal; wetlands_lakes_marsh
white_faced_heron,Wetland,grasslands; rocky_areas; artificial; coastal; wetlands_lakes_marsh
white_backed_night_heron,Riparian,forest; artificial; riparian; coastal; wetlands_lakes_marsh
white_eared_night_heron,Forest,forest; bamboo; artificial; riparian; wetlands_lakes_marsh
little_heron,Wetland,artificial; riparian; coastal; wetlands_lakes_marsh
green_backed_heron,Wetland,artificial; riparian; coastal; wetlands_lakes_marsh
lava_heron,Coastal,rocky_areas; coastal
green_heron,Forest,forest; artificial; riparian; wetlands_lakes_marsh
forest_bittern,Riparian,forest; riparian; wetlands_lakes_marsh
rufous_bellied_heron,Wetland,grasslands; riparian; wetlands_lakes_marsh
squacco_heron,Wetland,riparian; coastal; wetlands_lakes_marsh
malagasy_pond_heron,Wetland,forest; coastal; wetlands_lakes_marsh
indian_pond_heron,Wetland,artificial; coastal; wetlands_lakes_marsh
chinese_pond_heron,Wetland,grasslands; riparian; coastal; wetlands_lakes_marsh
javan_pond_heron,Wetland,coastal; wetlands_lakes_marsh
white_necked_heron,Wetland,riparian; wetlands_lakes_marsh
great_white_egret,Wetland,artificial; riparian; coastal; wetlands_lakes_marsh
yellow_billed_egret,Wetland,grasslands; artificial; riparian; coastal; wetlands_lakes_marsh
intermediate_egret,Wetland,artificial; riparian; coastal; wetlands_lakes_marsh
plumed_egret,Wetland,artificial; riparian; coastal; wetlands_lakes_marsh
western_cattle_egret,Grassland,forest; woodland; savannah; grasslands; plains; artificial; coastal; wetlands_lakes_marsh
eastern_cattle_egret,Coastal,woodland; artificial; riparian; coastal; wetlands_lakes_marsh
grey_heron,Wetland,grasslands; artificial; riparian; coastal; wetlands_lakes_marsh
great_blue_heron,Wetland,grasslands; riparian; wetlands_lakes_marsh
great_white_heron,Wetland,coastal; wetlands_lakes_marsh
cocoi_heron,Wetland,grasslands; riparian; coastal; wetlands_lakes_marsh
purple_heron,Wetland,artificial; riparian; coastal; wetlands_lakes_marsh
madagascar_heron,Coastal,riparian; coastal; wetlands_lakes_marsh
white_bellied_heron,Wetland,forest; riparian; wetlands_lakes_marsh
great_billed_heron,Coastal,riparian; coastal; wetlands_lakes_marsh
black_headed_heron,Wetland,grasslands; riparian; wetlands_lakes_marsh
goliath_heron,Wetland,riparian; wetlands_lakes_marsh
hamerkop,Wetland,woodland; riparian; wetlands_lakes_marsh
shoebill,Wetland,wetlands_lakes_marsh
great_white_pelican,Wetland,coastal; wetlands_lakes_marsh; pelagic
pink_backed_pelican,Wetland,riparian; coastal; wetlands_lakes_marsh
spot_billed_pelican,Wetland,forest; artificial; riparian; coastal; wetlands_lakes_marsh
dalmatian_pelican,Wetland,riparian; coastal; wetlands_lakes_marsh
australian_pelican,Wetland,riparian; coastal; wetlands_lakes_marsh
american_white_pelican,Wetland,riparian; coastal; wetlands_lakes_marsh
brown_pelican,Coastal,coastal
peruvian_pelican,Coastal,coastal; wetlands_lakes_marsh
hoatzin,Riparian,forest; woodland; savannah; riparian
california_condor,Woodland,forest; woodland; grasslands
king_vulture,Forest,forest; woodland; savannah; grasslands
andean_condor,Grassland,forest; grasslands; desert; coastal
american_black_vulture,Shrub,shrub; grasslands; artificial; riparian; wetlands_lakes_marsh
turkey_vulture,Savanna,forest; woodland; shrub; savannah; grasslands; rocky_areas; desert; artificial; coastal; wetlands_lakes_marsh
lesser_yellow_headed_vulture,Grassland,shrub; savannah; grasslands; coastal; wetlands_lakes_marsh
greater_yellow_headed_vulture,Forest,forest
secretarybird,Savanna,forest; woodland; shrub; savannah
osprey,Coastal,artificial; coastal; wetlands_lakes_marsh
pearl_kite,Shrub,woodland; shrub; artificial; riparian
scissor_tailed_kite,Shrub,shrub; savannah
white_tailed_kite,Grassland,woodland; shrub; grasslands; artificial; wetlands_lakes_marsh
black_winged_kite,Grassland,woodland; shrub; grasslands; plains; artificial
black_shouldered_kite,Grassland,shrub; savannah; grasslands
letter_winged_kite,Grassland,shrub; grasslands; riparian; coastal
african_harrier_hawk,Forest,forest; woodland; savannah
madagascar_harrier_hawk,Forest,forest; woodland
palm_nut_vulture,Forest,forest; riparian; coastal; wetlands_lakes_marsh
bearded_vulture,Rocky,grasslands; rocky_areas
egyptian_vulture,Plains,shrub; grasslands; plains; rocky_areas; desert; artificial
madagascar_serpent_eagle,Forest,forest
hook_billed_kite,Forest,forest; woodland; shrub; riparian; wetlands_lakes_marsh
cuban_kite,Forest,forest; woodland; shrub; savannah; riparian
grey_headed_kite,Forest,forest; riparian; wetlands_lakes_marsh
white_collared_kite,Forest,forest; riparian; coastal
african_cuckoo_hawk,Forest,forest; woodland; savannah
madagascar_cuckoo_hawk,Forest,forest; artificial
jerdons_baza,Forest,forest; grasslands; wetlands_lakes_marsh
pacific_baza,Forest,forest; woodland; savannah; artificial; riparian; coastal
black_baza,Forest,forest; riparian
european_honey_buzzard,Forest,forest; woodland; shrub; savannah
oriental_honey_buzzard,Woodland,forest; woodland
sulawesi_honey_buzzard,Forest,forest
philippine_honey_buzzard,Forest,forest
swallow_tailed_kite,Forest,forest; woodland; shrub; riparian; wetlands_lakes_marsh
black_breasted_buzzard,Woodland,woodland; savannah; grasslands; plains; desert
square_tailed_kite,Forest,forest; woodland; shrub; grasslands; artificial
long_tailed_honey_buzzard,Forest,forest
black_honey_buzzard,Forest,forest
red_headed_vulture,Plains,woodland; savannah; plains; artificial; coastal
white_headed_vulture,Woodland,woodland; shrub; savannah
cinereous_vulture,Forest,forest; shrub; grasslands; plains
lappet_faced_vulture,Savanna,woodland; savannah; grasslands; desert
hooded_vulture,Woodland,forest; woodland; savannah; artificial
himalayan_griffon,Rocky,grasslands; rocky_areas
white_rumped_vulture,Grassland,forest; shrub; grasslands; artificial
white_backed_vulture,Woodland,woodland; shrub; savannah; grasslands; plains; artificial
indian_vulture,Grassland,forest; shrub; grasslands; rocky_areas; artificial
slender_billed_vulture,Savanna,forest; shrub; savannah; grasslands; artificial
cape_vulture,Savanna,savannah; grasslands; rocky_areas
rüppells_vulture,Grassland,grasslands; rocky_areas
eurasian_griffon,Rocky,forest; woodland; savannah; grasslands; plains; rocky_areas; desert; artificial
great_nicobar_serpent_eagle,Forest,forest
sulawesi_serpent_eagle,Forest,forest; savannah; grasslands
kinabalu_serpent_eagle,Forest,forest
crested_serpent_eagle,Forest,forest; savannah; artificial; riparian; coastal
philippine_serpent_eagle,Forest,forest
andaman_serpent_eagle,Forest,forest; coastal
philippine_eagle,Forest,forest; riparian
bateleur,Woodland,forest; woodland; shrub; savannah; grasslands; wetlands_lakes_marsh
western_banded_snake_eagle,Riparian,woodland; artificial; riparian
southern_banded_snake_eagle,Coastal,forest; savannah; riparian; coastal; wetlands_lakes_marsh
congo_serpent_eagle,Forest,forest
beaudouins_snake_eagle,Woodland,woodland; plains
black_chested_snake_eagle,Savanna,forest; woodland; savannah; plains; desert
short_toed_snake_eagle,Woodland,forest; woodland; shrub; savannah; rocky_areas; desert; artificial
brown_snake_eagle,Woodland,woodland; savannah; grasslands
bat_hawk,Forest,forest; woodland; shrub; savannah
papuan_eagle,Forest,forest; woodland; shrub; riparian
crested_eagle,Forest,forest; riparian
harpy_eagle,Forest,forest
crowned_eagle,Forest,forest; woodland; savannah
wallaces_hawk_eagle,Forest,forest
legges_hawk_eagle,Forest,forest
mountain_hawk_eagle,Forest,forest
blyths_hawk_eagle,Forest,forest
javan_hawk_eagle,Forest,forest
sulawesi_hawk_eagle,Forest,forest
south_philippine_hawk_eagle,Forest,forest
north_philippine_hawk_eagle,Forest,forest
changeable_hawk_eagle,Forest,forest; woodland; artificial
flores_hawk_eagle,Forest,forest; artificial
black_hawk_eagle,Forest,forest; riparian
black_and_white_hawk_eagle,Forest,forest; woodland; shrub; riparian
ornate_hawk_eagle,Forest,forest; woodland; riparian
black_and_chestnut_eagle,Forest,forest
rufous_bellied_eagle,Forest,forest
martial_eagle,Savanna,woodland; shrub; savannah; grasslands; desert
long_crested_eagle,Forest,forest; woodland; artificial; wetlands_lakes_marsh
black_eagle,Forest,forest; shrub
indian_spotted_eagle,Forest,forest; woodland; grasslands; artificial
lesser_spotted_eagle,Forest,forest; woodland; grasslands; artificial; riparian; wetlands_lakes_marsh
greater_spotted_eagle,Forest,forest; artificial; riparian; wetlands_lakes_marsh
wahlbergs_eagle,Woodland,woodland; savannah
ayress_hawk_eagle,Woodland,forest; woodland; artificial; riparian
pygmy_eagle,Forest,forest
booted_eagle,Forest,forest; woodland
little_eagle,Forest,forest; woodland; shrub; savannah
steppe_eagle,Plains,shrub; grasslands; plains
tawny_eagle,Woodland,woodland; savannah; grasslands
spanish_imperial_eagle,Forest,forest
eastern_imperial_eagle,Forest,forest; wetlands_lakes_marsh
cassins_hawk_eagle,Forest,forest; artificial; riparian
golden_eagle,Grassland,woodland; shrub; grasslands; plains; desert; wetlands_lakes_marsh
bonellis_eagle,Rocky,forest; shrub; grasslands; rocky_areas; artificial; wetlands_lakes_marsh
african_hawk_eagle,Woodland,woodland; savannah; artificial; riparian
verreauxs_eagle,Rocky,rocky_areas; riparian
gurneys_eagle,Forest,forest; grasslands; artificial; wetlands_lakes_marsh
wedge_tailed_eagle,Forest,forest; woodland; shrub; savannah; desert
crested_goshawk,Forest,forest
sulawesi_goshawk,Forest,forest; savannah; coastal
gabar_goshawk,Savanna,woodland; shrub; savannah; grasslands
long_tailed_hawk,Forest,forest; riparian
dark_chanting_goshawk,Woodland,woodland; shrub; savannah
eastern_chanting_goshawk,Woodland,woodland; savannah
pale_chanting_goshawk,Savanna,savannah; grasslands; desert
lizard_buzzard,Woodland,woodland; shrub; savannah; riparian
chestnut_flanked_sparrowhawk,Forest,forest
african_goshawk,Forest,forest; woodland; savannah; artificial; riparian; coastal
red_chested_goshawk,Forest,forest; riparian; coastal; wetlands_lakes_marsh
red_legged_sparrowhawk,Forest,forest; savannah
little_sparrowhawk,Woodland,forest; woodland; savannah; riparian
besra,Forest,forest; artificial; coastal
dwarf_sparrowhawk,Forest,forest
rufous_necked_sparrowhawk,Forest,forest
collared_sparrowhawk,Forest,forest; woodland; shrub; artificial
new_britain_sparrowhawk,Forest,forest
vinous_breasted_sparrowhawk,Forest,forest; woodland; artificial; coastal
japanese_sparrowhawk,Forest,forest; woodland; artificial; riparian
levant_sparrowhawk,Forest,forest; woodland; grasslands; plains; artificial; riparian
shikra,Woodland,woodland; savannah; grasslands; plains; artificial
nicobar_sparrowhawk,Forest,forest
chinese_sparrowhawk,Forest,forest; artificial; wetlands_lakes_marsh
francess_sparrowhawk,Forest,forest; artificial
spot_tailed_goshawk,Forest,forest; coastal
grey_headed_goshawk,Forest,forest
new_britain_goshawk,Forest,forest; riparian
grey_goshawk,Forest,forest; woodland; grasslands; riparian
variable_goshawk,Forest,forest; artificial; riparian
lesser_sundas_goshawk,Forest,forest; savannah; artificial
imitator_goshawk,Forest,forest
black_mantled_goshawk,Forest,forest; artificial
pied_goshawk,Forest,forest; artificial
fiji_goshawk,Forest,forest; artificial
moluccan_goshawk,Forest,forest
slaty_backed_goshawk,Forest,forest
white_bellied_goshawk,Forest,forest
brown_goshawk,Forest,forest; woodland; shrub; artificial
chestnut_shouldered_goshawk,Forest,forest
red_goshawk,Forest,forest; woodland; riparian; coastal
grey_bellied_goshawk,Forest,forest; woodland; riparian
ovambo_sparrowhawk,Woodland,forest; woodland; shrub; savannah; grasslands
madagascar_sparrowhawk,Forest,forest; shrub
sharp_shinned_hawk,Forest,forest; woodland; shrub; savannah
white_breasted_hawk,Forest,forest
plain_breasted_hawk,Forest,forest
rufous_thighed_hawk,Forest,forest; woodland; savannah
eurasian_sparrowhawk,Forest,forest; woodland
rufous_breasted_sparrowhawk,Forest,forest; savannah; grasslands; artificial
bicolored_hawk,Forest,forest; shrub; riparian
chilean_hawk,Forest,forest; shrub
coopers_hawk,Forest,forest; artificial; riparian
gundlachs_hawk,Forest,forest; woodland; riparian; coastal
eurasian_goshawk,Forest,forest; woodland; artificial
american_goshawk,Forest,forest; woodland
meyers_goshawk,Forest,forest
black_sparrowhawk,Forest,forest; artificial
hensts_goshawk,Forest,forest; woodland
dorias_goshawk,Forest,forest; coastal
spotted_harrier,Grassland,woodland; shrub; savannah; grasslands; plains; artificial; coastal
pallid_harrier,Grassland,woodland; grasslands; plains; artificial; riparian; wetlands_lakes_marsh
black_harrier,Shrub,shrub; grasslands
hen_harrier,Grassland,shrub; grasslands; plains; artificial; wetlands_lakes_marsh
northern_harrier,Wetland,shrub; grasslands; desert; artificial; wetlands_lakes_marsh
cinereous_harrier,Savanna,shrub; savannah; grasslands; artificial; riparian; wetlands_lakes_marsh
long_winged_harrier,Grassland,savannah; grasslands; artificial; wetlands_lakes_marsh
montagus_harrier,Grassland,shrub; grasslands; artificial; wetlands_lakes_marsh
pied_harrier,Grassland,shrub; grasslands; artificial; riparian; wetlands_lakes_marsh
western_marsh_harrier,Wetland,grasslands; artificial; riparian; wetlands_lakes_marsh
african_marsh_harrier,Wetland,grasslands; artificial; wetlands_lakes_marsh
eastern_marsh_harrier,Wetland,grasslands; artificial; wetlands_lakes_marsh
papuan_harrier,Grassland,grasslands; artificial; wetlands_lakes_marsh
swamp_harrier,Wetland,grasslands; artificial; coastal; wetlands_lakes_marsh
malagasy_harrier,Grassland,grasslands; artificial; riparian; wetlands_lakes_marsh
reunion_marsh_harrier,Forest,forest; riparian
tiny_hawk,Forest,forest
semi_collared_hawk,Forest,forest
double_toothed_kite,Forest,forest
rufous_thighed_kite,Forest,forest
red_kite,Woodland,forest; woodland; shrub; artificial; wetlands_lakes_marsh
black_kite,Woodland,woodland; savannah; grasslands; plains; artificial; riparian; coastal; wetlands_lakes_marsh
yellow_billed_kite,Woodland,woodland; savannah; grasslands; plains; artificial; riparian; coastal; wetlands_lakes_marsh
brahminy_kite,Coastal,grasslands; artificial; coastal; wetlands_lakes_marsh
whistling_kite,Wetland,forest; woodland; artificial; riparian; wetlands_lakes_marsh
stellers_sea_eagle,Wetland,rocky_areas; riparian; coastal; wetlands_lakes_marsh
pallass_fish_eagle,Wetland,forest; riparian; coastal; wetlands_lakes_marsh
white_tailed_sea_eagle,Coastal,woodland; riparian; coastal; wetlands_lakes_marsh
bald_eagle,Wetland,forest; grasslands; riparian; coastal; wetlands_lakes_marsh
african_fish_eagle,Wetland,riparian; coastal; wetlands_lakes_marsh
madagascar_fish_eagle,Coastal,forest; riparian; coastal; wetlands_lakes_marsh
white_bellied_sea_eagle,Coastal,forest; woodland; rocky_areas; coastal; wetlands_lakes_marsh
sanfords_sea_eagle,Coastal,forest; coastal; wetlands_lakes_marsh
lesser_fish_eagle,Wetland,forest; riparian; wetlands_lakes_marsh
grey_headed_fish_eagle,Wetland,forest; riparian; coastal; wetlands_lakes_marsh
rufous_winged_buzzard,Savanna,shrub; savannah; artificial; riparian; wetlands_lakes_marsh
grasshopper_buzzard,Forest,forest; woodland; savannah; wetlands_lakes_marsh
white_eyed_buzzard,Savanna,savannah; artificial
grey_faced_buzzard,Woodland,forest; woodland; grasslands; artificial; riparian; wetlands_lakes_marsh
mississippi_kite,Woodland,woodland; savannah; grasslands; artificial
plumbeous_kite,Forest,forest; riparian
crane_hawk,Forest,forest; shrub; savannah; grasslands; artificial; riparian; coastal; wetlands_lakes_marsh
black_collared_hawk,Wetland,forest; riparian; wetlands_lakes_marsh
snail_kite,Wetland,artificial; wetlands_lakes_marsh
slender_billed_kite,Forest,forest; artificial
barred_hawk,Forest,forest; artificial
plumbeous_hawk,Forest,forest; wetlands_lakes_marsh
slate_colored_hawk,Forest,forest; riparian; coastal; wetlands_lakes_marsh
common_black_hawk,Riparian,forest; riparian; coastal
cuban_black_hawk,Coastal,forest; shrub; coastal; wetlands_lakes_marsh
rufous_crab_hawk,Coastal,shrub; riparian; coastal; wetlands_lakes_marsh
savanna_hawk,Savanna,forest; woodland; shrub; savannah; riparian; coastal
white_necked_hawk,Forest,forest
great_black_hawk,Forest,forest; riparian; wetlands_lakes_marsh
black_solitary_eagle,Forest,forest
crowned_solitary_eagle,Shrub,forest; woodland; shrub; savannah; grasslands
roadside_hawk,Forest,forest; shrub; savannah; artificial; riparian
harriss_hawk,Shrub,shrub; savannah; grasslands; artificial; wetlands_lakes_marsh
white_rumped_hawk,Forest,forest; shrub
grey_backed_hawk,Forest,forest
white_hawk,Forest,forest; woodland
mantled_hawk,Forest,forest
white_tailed_hawk,Shrub,shrub; grasslands; artificial
variable_hawk,Grassland,forest; shrub; grasslands; riparian; coastal
black_chested_buzzard_eagle,Rocky,woodland; shrub; grasslands; rocky_areas
semiplumbeous_hawk,Forest,forest
black_faced_hawk,Forest,forest; riparian; coastal
white_browed_hawk,Forest,forest
bermuda_hawk,Forest,forest
grey_hawk,Riparian,forest; woodland; savannah; riparian
grey_lined_hawk,Forest,forest; savannah
broad_winged_hawk,Forest,forest; woodland; artificial; riparian
red_shouldered_hawk,Woodland,woodland; artificial; riparian
ridgways_hawk,Forest,forest; shrub; artificial
zone_tailed_hawk,Savanna,forest; woodland; shrub; savannah; rocky_areas; artificial
hawaiian_hawk,Forest,forest; artificial
white_throated_hawk,Forest,forest
short_tailed_hawk,Forest,forest; grasslands; wetlands_lakes_marsh
swainsons_hawk,Woodland,forest; woodland; grasslands; desert
galapagos_hawk,Coastal,forest; shrub; artificial; coastal
red_tailed_hawk,Woodland,forest; woodland; shrub; savannah; grasslands; plains; desert; artificial; coastal; wetlands_lakes_marsh
rufous_tailed_hawk,Forest,forest; shrub; grasslands; artificial; coastal
rough_legged_buzzard,Grassland,woodland; grasslands; rocky_areas; artificial; wetlands_lakes_marsh
ferruginous_hawk,Savanna,savannah; grasslands; rocky_areas; artificial
red_necked_buzzard,Woodland,woodland; shrub; artificial
augur_buzzard,Woodland,forest; woodland; savannah; grasslands
jackal_buzzard,Grassland,grasslands
mountain_buzzard,Forest,forest; grasslands
eurasian_buzzard,Woodland,forest; woodland; grasslands; plains; wetlands_lakes_marsh
forest_buzzard,Forest,forest; artificial
madagascar_buzzard,Forest,forest; woodland; rocky_areas
socotra_buzzard,Grassland,grasslands; rocky_areas; riparian
cape_verde_buzzard,Woodland,forest; woodland; grasslands; plains; wetlands_lakes_marsh
long_legged_buzzard,Plains,woodland; plains; rocky_areas; desert; artificial; coastal
upland_buzzard,Grassland,grasslands; rocky_areas; artificial
himalayan_buzzard,Grassland,forest; grasslands; artificial; wetlands_lakes_marsh
japanese_buzzard,Forest,forest; grasslands; rocky_areas; artificial
greater_sooty_owl,Forest,forest; grasslands
lesser_sooty_owl,Forest,forest
minahasa_masked_owl,Forest,forest; riparian
taliabu_masked_owl,Forest,forest
lesser_masked_owl,Forest,forest
seram_masked_owl,Forest,forest
manus_masked_owl,Forest,forest
golden_masked_owl,Forest,forest
australasian_masked_owl,Forest,forest; woodland; rocky_areas; artificial; riparian; coastal
sulawesi_masked_owl,Woodland,forest; woodland; grasslands; artificial
madagascar_red_owl,Forest,forest; artificial
common_barn_owl,Grassland,forest; woodland; shrub; savannah; grasslands; rocky_areas; artificial; coastal; wetlands_lakes_marsh
american_barn_owl,Grassland,woodland; shrub; savannah; grasslands; rocky_areas; desert; artificial; riparian; coastal; wetlands_lakes_marsh
eastern_barn_owl,Grassland,woodland; shrub; grasslands; plains; rocky_areas; desert; artificial; coastal; wetlands_lakes_marsh
andaman_masked_owl,Coastal,savannah; artificial; coastal
ashy_faced_owl,Woodland,woodland; shrub; artificial; coastal
african_grass_owl,Grassland,woodland; grasslands; wetlands_lakes_marsh
australasian_grass_owl,Grassland,shrub; savannah; grasslands; artificial; wetlands_lakes_marsh
itombwe_owl,Forest,forest; bamboo; grasslands; riparian
oriental_bay_owl,Forest,forest; artificial; coastal
sri_lanka_bay_owl,Forest,forest; coastal
papuan_hawk_owl,Forest,forest; savannah; riparian
laughing_owl,Rocky,forest; woodland; shrub; rocky_areas
rufous_owl,Forest,forest; woodland; savannah
powerful_owl,Forest,forest; woodland; artificial; coastal
barking_owl,Forest,forest; woodland; savannah; wetlands_lakes_marsh
sumba_boobook,Forest,forest
southern_boobook,Forest,forest; woodland; desert; artificial
rote_boobook,Forest,forest; artificial; coastal
timor_boobook,Forest,forest; shrub; artificial
alor_boobook,Forest,forest; woodland; shrub; artificial; coastal
tasmanian_boobook,Forest,forest; woodland; artificial
morepork,Forest,forest; artificial
northern_boobook,Forest,forest
brown_boobook,Forest,forest; artificial; riparian; coastal
humes_boobook,Forest,forest; artificial
chocolate_boobook,Forest,forest; coastal
andaman_boobook,Forest,forest; artificial
luzon_boobook,Forest,forest
mindanao_boobook,Forest,forest; artificial
camiguin_boobook,Forest,forest
sulu_boobook,Forest,forest; artificial
cebu_boobook,Forest,forest; artificial
romblon_boobook,Forest,forest; artificial
mindoro_boobook,Forest,forest
least_boobook,Forest,forest
togian_boobook,Forest,forest; bamboo; shrub; artificial
ochre_bellied_boobook,Forest,forest; riparian
cinnabar_boobook,Forest,forest
halmahera_boobook,Forest,forest
buru_boobook,Forest,forest
seram_boobook,Forest,forest
tanimbar_boobook,Forest,forest
christmas_island_boobook,Forest,forest
manus_boobook,Forest,forest; artificial; riparian
jungle_boobook,Forest,forest; artificial
speckled_boobook,Forest,forest; woodland; artificial
new_britain_boobook,Forest,forest; artificial
bismarck_boobook,Forest,forest
bare_legged_owl,Forest,forest; woodland; shrub; rocky_areas; artificial
collared_owlet,Forest,forest; woodland; shrub
sunda_owlet,Forest,forest
elf_owl,Woodland,woodland; plains; desert; riparian
long_whiskered_owlet,Forest,forest
boreal_owl,Forest,forest; woodland; artificial
northern_saw_whet_owl,Woodland,forest; woodland; shrub; wetlands_lakes_marsh
bermuda_saw_whet_owl,Forest,forest
unspotted_saw_whet_owl,Forest,forest
buff_fronted_owl,Forest,forest; woodland; shrub; artificial
forest_owlet,Forest,forest; riparian
white_browed_owl,Shrub,forest; shrub; savannah
burrowing_owl,Grassland,savannah; grasslands; desert; artificial
little_owl,Plains,woodland; grasslands; plains; artificial
spotted_owlet,Desert,plains; desert; artificial
west_solomons_owl,Forest,forest
guadalcanal_owl,Forest,forest
malaita_owl,Forest,forest
makira_owl,Forest,forest
northern_hawk_owl,Grassland,woodland; grasslands; artificial
eurasian_pygmy_owl,Forest,forest
pearl_spotted_owlet,Woodland,forest; woodland; grasslands
red_chested_owlet,Forest,forest; savannah
sjostedts_owlet,Forest,forest
asian_barred_owlet,Forest,forest; woodland; shrub; artificial
javan_owlet,Forest,forest
jungle_owlet,Woodland,forest; woodland; shrub; artificial
chestnut_backed_owlet,Forest,forest
african_barred_owlet,Woodland,forest; woodland; riparian
chestnut_owlet,Forest,forest
albertine_owlet,Forest,forest
northern_pygmy_owl,Forest,forest; shrub
mountain_pygmy_owl,Forest,forest
baja_pygmy_owl,Forest,forest; woodland
guatemalan_pygmy_owl,Forest,forest
costa_rican_pygmy_owl,Forest,forest
cloud_forest_pygmy_owl,Forest,forest
andean_pygmy_owl,Forest,forest; grasslands; wetlands_lakes_marsh
yungas_pygmy_owl,Forest,forest
colima_pygmy_owl,Forest,forest; woodland; artificial
tamaulipas_pygmy_owl,Forest,forest
central_american_pygmy_owl,Forest,forest; artificial
subtropical_pygmy_owl,Forest,forest
amazonian_pygmy_owl,Forest,forest
least_pygmy_owl,Forest,forest
pernambuco_pygmy_owl,Forest,forest
ferruginous_pygmy_owl,Forest,forest; woodland; shrub; artificial; riparian
peruvian_pygmy_owl,Woodland,forest; woodland; shrub; artificial; riparian
austral_pygmy_owl,Shrub,forest; woodland; shrub; grasslands; plains; desert; artificial
cuban_pygmy_owl,Coastal,forest; shrub; artificial; coastal
giant_scops_owl,Forest,forest
white_fronted_scops_owl,Forest,forest
reddish_scops_owl,Forest,forest
serendib_scops_owl,Forest,forest
sandy_scops_owl,Forest,forest; grasslands
sokoke_scops_owl,Forest,forest; woodland; shrub
andaman_scops_owl,Woodland,woodland; artificial
flores_scops_owl,Forest,forest
mountain_scops_owl,Forest,forest; riparian
javan_scops_owl,Forest,forest
mindanao_highland_scops_owl,Forest,forest
luzon_highland_scops_owl,Forest,forest; woodland
mindoro_scops_owl,Forest,forest
torotorka_scops_owl,Forest,forest; woodland; shrub; artificial
madagascar_scops_owl,Forest,forest; woodland; shrub; artificial
mayotte_scops_owl,Woodland,woodland
grande_comore_scops_owl,Forest,forest
anjouan_scops_owl,Forest,forest
moheli_scops_owl,Forest,forest
reunion_owl,Forest,forest
mauritius_owl,Forest,forest
rodrigues_owl,Forest,forest
pallid_scops_owl,Woodland,woodland; plains; rocky_areas; artificial; riparian
arabian_scops_owl,Desert,rocky_areas; desert; artificial
eurasian_scops_owl,Woodland,forest; woodland; shrub; savannah; artificial; riparian
cyprus_scops_owl,Forest,forest; shrub; artificial
principe_scops_owl,Forest,forest
pemba_scops_owl,Forest,forest; artificial; coastal
sao_tome_scops_owl,Forest,forest; artificial
african_scops_owl,Woodland,woodland; shrub; savannah; artificial
annobon_scops_owl,Forest,forest
socotra_scops_owl,Forest,forest; rocky_areas; desert; artificial
oriental_scops_owl,Forest,forest; woodland; artificial; riparian
ryukyu_scops_owl,Forest,forest; artificial
moluccan_scops_owl,Forest,forest; rocky_areas; artificial; coastal
wetar_scops_owl,Forest,forest; artificial
sula_scops_owl,Forest,forest; wetlands_lakes_marsh
biak_scops_owl,Forest,forest
sulawesi_scops_owl,Forest,forest
banggai_scops_owl,Forest,forest
siau_scops_owl,Forest,forest
sangihe_scops_owl,Forest,forest; shrub; artificial
mantanani_scops_owl,Forest,forest; woodland; artificial
seychelles_scops_owl,Forest,forest
nicobar_scops_owl,Coastal,forest; coastal
simeulue_scops_owl,Forest,forest; artificial; coastal
enggano_scops_owl,Forest,forest
mentawai_scops_owl,Forest,forest; artificial
rajah_scops_owl,Forest,forest
indian_scops_owl,Forest,forest; woodland; artificial; riparian
collared_scops_owl,Forest,forest; bamboo; shrub; artificial
japanese_scops_owl,Forest,forest; woodland; artificial
sunda_scops_owl,Forest,forest; artificial
luzon_lowland_scops_owl,Forest,forest; woodland
visayan_scops_owl,Forest,forest
mindanao_lowland_scops_owl,Forest,forest
palawan_scops_owl,Forest,forest; artificial
wallaces_scops_owl,Forest,forest; bamboo; artificial
rinjani_scops_owl,Forest,forest
palau_owl,Forest,forest; woodland; artificial
northern_white_faced_owl,Savanna,woodland; savannah; desert; artificial; riparian
southern_white_faced_owl,Savanna,woodland; savannah; riparian
jamaican_owl,Forest,forest; woodland; artificial; coastal
striped_owl,Woodland,woodland; shrub; savannah; artificial; riparian; wetlands_lakes_marsh
long_eared_owl,Grassland,forest; woodland; shrub; grasslands; artificial; wetlands_lakes_marsh
abyssinian_owl,Shrub,forest; shrub; grasslands
madagascar_owl,Forest,forest; woodland; riparian
stygian_owl,Forest,forest; woodland; shrub; artificial
short_eared_owl,Grassland,forest; savannah; grasslands; plains; artificial; wetlands_lakes_marsh
marsh_owl,Grassland,grasslands; coastal; wetlands_lakes_marsh
fearful_owl,Forest,forest
maned_owl,Forest,forest; riparian
snowy_owl,Grassland,shrub; grasslands; rocky_areas; coastal; wetlands_lakes_marsh
great_horned_owl,Woodland,forest; woodland; rocky_areas; desert; artificial; riparian; coastal; wetlands_lakes_marsh
lesser_horned_owl,Shrub,forest; shrub; plains; rocky_areas; desert; artificial; riparian
eurasian_eagle_owl,Rocky,forest; woodland; shrub; grasslands; rocky_areas; artificial; riparian
rock_eagle_owl,Rocky,woodland; shrub; rocky_areas; artificial
pharaoh_eagle_owl,Desert,savannah; rocky_areas; desert
cape_eagle_owl,Woodland,woodland; rocky_areas
arabian_eagle_owl,Forest,forest; woodland; shrub; rocky_areas; artificial; riparian
greyish_eagle_owl,Desert,woodland; shrub; savannah; desert; artificial
spotted_eagle_owl,Rocky,woodland; shrub; savannah; grasslands; rocky_areas; desert; artificial
frasers_eagle_owl,Forest,forest; artificial
akun_eagle_owl,Forest,forest
verreauxs_eagle_owl,Savanna,forest; woodland; savannah; desert; riparian
shelleys_eagle_owl,Forest,forest
blakistons_eagle_owl,Riparian,forest; riparian; coastal
brown_fish_owl,Woodland,woodland; shrub; artificial; riparian
tawny_fish_owl,Riparian,forest; riparian
buffy_fish_owl,Riparian,forest; plains; artificial; riparian
barred_eagle_owl,Forest,forest; artificial
spot_bellied_eagle_owl,Forest,forest; bamboo; woodland; shrub; riparian
dusky_eagle_owl,Woodland,woodland; artificial; riparian
philippine_eagle_owl,Forest,forest; riparian; wetlands_lakes_marsh
pels_fishing_owl,Riparian,forest; riparian; coastal; wetlands_lakes_marsh
rufous_fishing_owl,Riparian,forest; artificial; riparian; coastal
vermiculated_fishing_owl,Forest,forest; riparian
flammulated_owl,Forest,forest; shrub
puerto_rican_owl,Forest,forest; woodland; artificial
whiskered_screech_owl,Forest,forest; shrub
bare_shanked_screech_owl,Forest,forest
white_throated_screech_owl,Forest,forest; bamboo; shrub
tropical_screech_owl,Woodland,woodland; shrub; artificial
bearded_screech_owl,Forest,forest
pacific_screech_owl,Woodland,forest; woodland; desert
western_screech_owl,Woodland,forest; woodland; desert; artificial; coastal
eastern_screech_owl,Forest,forest; woodland; artificial
balsas_screech_owl,Woodland,forest; woodland; desert
guatemalan_screech_owl,Forest,forest; shrub; artificial
vermiculated_screech_owl,Forest,forest
koepckes_screech_owl,Woodland,woodland
rufescent_screech_owl,Forest,forest; shrub; artificial
cinnamon_screech_owl,Forest,forest
cloud_forest_screech_owl,Forest,forest
yungas_screech_owl,Forest,forest
choco_screech_owl,Forest,forest; woodland
foothill_screech_owl,Forest,forest
long_tufted_screech_owl,Woodland,forest; woodland; grasslands
santa_marta_screech_owl,Forest,forest
peruvian_screech_owl,Woodland,woodland; desert; coastal
tawny_bellied_screech_owl,Forest,forest; riparian
black_capped_screech_owl,Forest,forest; woodland; shrub; artificial
spectacled_owl,Forest,forest; woodland; artificial; riparian
tawny_browed_owl,Forest,forest; woodland
band_bellied_owl,Forest,forest; woodland
crested_owl,Forest,forest; riparian
spotted_wood_owl,Forest,forest; artificial; coastal
mottled_wood_owl,Woodland,woodland; artificial
brown_wood_owl,Forest,forest
tawny_owl,Forest,forest; woodland; rocky_areas; artificial
maghreb_owl,Woodland,forest; woodland; artificial
himalayan_owl,Forest,forest; riparian
desert_tawny_owl,Rocky,woodland; plains; rocky_areas; desert
omani_owl,Shrub,shrub; rocky_areas
spotted_owl,Forest,forest; woodland; rocky_areas
barred_owl,Forest,forest; woodland; riparian
cinereous_owl,Forest,forest; woodland
fulvous_owl,Forest,forest
rusty_barred_owl,Forest,forest; shrub
chaco_owl,Woodland,forest; woodland; shrub
rufous_legged_owl,Forest,forest
ural_owl,Forest,forest; woodland; artificial; wetlands_lakes_marsh
great_grey_owl,Forest,forest; grasslands; wetlands_lakes_marsh
african_wood_owl,Woodland,forest; woodland; riparian; coastal
mottled_owl,Forest,forest; woodland; artificial; riparian
black_and_white_owl,Forest,forest; woodland; artificial; riparian; coastal; wetlands_lakes_marsh
black_banded_owl,Forest,forest; artificial
rufous_banded_owl,Forest,forest
speckled_mousebird,Woodland,forest; woodland; shrub; savannah; artificial; riparian
white_headed_mousebird,Shrub,shrub
red_backed_mousebird,Savanna,forest; woodland; shrub; savannah; artificial; riparian
white_backed_mousebird,Woodland,woodland; shrub; artificial; riparian
blue_naped_mousebird,Woodland,woodland; shrub; savannah; artificial; wetlands_lakes_marsh
red_faced_mousebird,Woodland,woodland; shrub; savannah; artificial; riparian
cuckoo_roller,Forest,forest; artificial; riparian
narina_trogon,Forest,forest; woodland; shrub; savannah; artificial; riparian; coastal
bare_cheeked_trogon,Forest,forest; shrub; wetlands_lakes_marsh
bar_tailed_trogon,Forest,forest; grasslands
javan_trogon,Forest,forest
sumatran_trogon,Forest,forest
malabar_trogon,Forest,forest; bamboo; woodland; artificial
red_naped_trogon,Forest,forest; artificial; riparian
diards_trogon,Forest,forest; artificial; riparian
philippine_trogon,Forest,forest; riparian
whiteheads_trogon,Forest,forest; wetlands_lakes_marsh
cinnamon_rumped_trogon,Forest,forest
scarlet_rumped_trogon,Forest,forest; artificial; riparian; coastal
orange_breasted_trogon,Forest,forest; bamboo; woodland
red_headed_trogon,Forest,forest; bamboo; riparian
wards_trogon,Forest,forest; bamboo
eared_quetzal,Forest,forest; shrub; riparian
pavonine_quetzal,Forest,forest
golden_headed_quetzal,Forest,forest; woodland
resplendent_quetzal,Forest,forest; grasslands; rocky_areas
white_tipped_quetzal,Forest,forest; woodland; shrub; artificial
crested_quetzal,Forest,forest; woodland
cuban_trogon,Forest,forest; shrub; riparian
hispaniolan_trogon,Forest,forest; coastal
lattice_tailed_trogon,Forest,forest; shrub
slaty_tailed_trogon,Forest,forest; woodland; artificial; coastal
choco_trogon,Forest,forest; shrub; riparian
ecuadorian_trogon,Forest,forest
black_tailed_trogon,Forest,forest; woodland; shrub; riparian; coastal
black_headed_trogon,Woodland,forest; woodland; shrub; grasslands; artificial; riparian; coastal
citreoline_trogon,Woodland,forest; woodland; shrub; artificial; coastal; wetlands_lakes_marsh
white_tailed_trogon,Forest,forest; riparian
bairds_trogon,Forest,forest; woodland; shrub
green_backed_trogon,Forest,forest; woodland; shrub; artificial; riparian; coastal
gartered_trogon,Forest,forest; shrub; plains; artificial
amazonian_trogon,Forest,forest; bamboo; woodland
violaceous_trogon,Forest,forest; woodland; shrub; artificial
blue_crowned_trogon,Forest,forest; woodland; shrub; riparian
southern_surucua_trogon,Forest,forest; woodland
northern_surucua_trogon,Forest,forest; woodland
northern_black_throated_trogon,Forest,forest; woodland; artificial
choco_black_throated_trogon,Forest,forest
amazonian_black_throated_trogon,Forest,forest; bamboo; riparian
atlantic_black_throated_trogon,Forest,forest; shrub
elegant_trogon,Woodland,forest; woodland; shrub; artificial; riparian
coppery_tailed_trogon,Woodland,forest; woodland; riparian
mountain_trogon,Forest,forest
collared_trogon,Forest,forest; woodland; artificial
masked_trogon,Forest,forest; woodland
common_hoopoe,Grassland,forest; bamboo; woodland; shrub; savannah; grasslands; plains; artificial; riparian
madagascar_hoopoe,Shrub,forest; woodland; shrub; artificial; riparian; coastal
saint_helena_hoopoe,Forest,forest
forest_scimitarbill,Forest,forest; shrub
white_headed_woodhoopoe,Forest,forest; woodland; shrub; savannah; riparian
green_woodhoopoe,Woodland,woodland; savannah; artificial; riparian
black_billed_woodhoopoe,Shrub,woodland; shrub; riparian
violet_woodhoopoe,Shrub,woodland; shrub; riparian
black_scimitarbill,Savanna,woodland; savannah
common_scimitarbill,Savanna,woodland; savannah
abyssinian_scimitarbill,Savanna,woodland; savannah; grasslands; riparian
northern_ground_hornbill,Savanna,savannah; rocky_areas; desert
southern_ground_hornbill,Woodland,woodland; savannah; grasslands
tanzanian_red_billed_hornbill,Savanna,forest; woodland; shrub; savannah; riparian
western_red_billed_hornbill,Woodland,forest; woodland; shrub; riparian
damara_red_billed_hornbill,Shrub,shrub; savannah
southern_red_billed_hornbill,Savanna,forest; woodland; shrub; savannah; riparian
northern_red_billed_hornbill,Savanna,forest; woodland; shrub; savannah; artificial
monteiros_hornbill,Savanna,woodland; shrub; savannah; artificial
von_der_deckens_hornbill,Savanna,woodland; savannah
jacksons_hornbill,Savanna,woodland; savannah
southern_yellow_billed_hornbill,Plains,woodland; savannah; plains; riparian
eastern_yellow_billed_hornbill,Savanna,woodland; savannah
bradfields_hornbill,Woodland,woodland; savannah; riparian
crowned_hornbill,Forest,forest; woodland; artificial; riparian; coastal
west_african_pied_hornbill,Forest,forest; woodland; artificial; riparian
congo_pied_hornbill,Forest,forest; woodland; artificial; riparian
hemprichs_hornbill,Riparian,woodland; riparian
african_grey_hornbill,Woodland,forest; woodland; savannah; grasslands; desert
red_billed_dwarf_hornbill,Forest,forest; riparian; wetlands_lakes_marsh
pale_billed_hornbill,Woodland,woodland
western_piping_hornbill,Forest,forest; artificial; coastal; wetlands_lakes_marsh
eastern_piping_hornbill,Forest,forest; artificial; riparian
trumpeter_hornbill,Forest,forest; woodland; riparian; coastal
brown_cheeked_hornbill,Forest,forest; artificial
white_thighed_hornbill,Forest,forest; artificial
black_and_white_casqued_hornbill,Forest,forest; woodland; artificial
silvery_cheeked_hornbill,Forest,forest; woodland; riparian
black_casqued_hornbill,Forest,forest; artificial
yellow_casqued_hornbill,Forest,forest; wetlands_lakes_marsh
western_dwarf_hornbill,Forest,forest; riparian
eastern_dwarf_hornbill,Forest,forest; riparian
western_long_tailed_hornbill,Forest,forest; shrub; riparian
eastern_long_tailed_hornbill,Forest,forest; woodland; riparian
white_crowned_hornbill,Forest,forest; artificial
rhinoceros_hornbill,Forest,forest
great_hornbill,Forest,forest
northern_rufous_hornbill,Forest,forest
southern_rufous_hornbill,Forest,forest
helmeted_hornbill,Forest,forest
palawan_hornbill,Forest,forest; artificial; coastal
oriental_pied_hornbill,Forest,forest; woodland; artificial
malabar_pied_hornbill,Forest,forest; bamboo; artificial; riparian
sulu_hornbill,Forest,forest
black_hornbill,Forest,forest; riparian; coastal
malabar_grey_hornbill,Forest,forest; artificial; riparian
sri_lanka_grey_hornbill,Forest,forest; woodland; artificial
indian_grey_hornbill,Woodland,woodland; savannah; artificial
tickells_brown_hornbill,Forest,forest
austens_brown_hornbill,Forest,forest
bushy_crested_hornbill,Forest,forest
rufous_necked_hornbill,Forest,forest
papuan_hornbill,Forest,forest; woodland; riparian
narcondam_hornbill,Forest,forest; shrub
wreathed_hornbill,Forest,forest
sumba_hornbill,Forest,forest; woodland
plain_pouched_hornbill,Forest,forest
knobbed_hornbill,Forest,forest; woodland; artificial
rufous_headed_hornbill,Forest,forest
writhed_hornbill,Forest,forest
sulawesi_hornbill,Forest,forest
wrinkled_hornbill,Forest,forest; coastal
luzon_hornbill,Forest,forest; grasslands; riparian
mindoro_hornbill,Forest,forest
mindanao_hornbill,Forest,forest
samar_hornbill,Forest,forest
visayan_hornbill,Forest,forest
purple_roller,Woodland,woodland; shrub; savannah; rocky_areas; artificial
indian_roller,Artificial,woodland; shrub; grasslands; artificial
indochinese_roller,Woodland,woodland; shrub; artificial; wetlands_lakes_marsh
purple_winged_roller,Woodland,forest; woodland; savannah; artificial
racquet_tailed_roller,Woodland,woodland; savannah
lilac_breasted_roller,Woodland,woodland; grasslands; artificial; riparian
abyssinian_roller,Shrub,shrub; savannah; grasslands; artificial; wetlands_lakes_marsh
european_roller,Woodland,forest; woodland; shrub; savannah; artificial
blue_bellied_roller,Woodland,forest; woodland; savannah; wetlands_lakes_marsh
blue_throated_roller,Forest,forest; savannah; artificial; riparian
broad_billed_roller,Woodland,woodland; shrub; artificial; riparian
oriental_dollarbird,Woodland,forest; bamboo; woodland; savannah; artificial; riparian
azure_dollarbird,Forest,forest; artificial
short_legged_ground_roller,Forest,forest
scaly_ground_roller,Forest,forest; shrub
pitta_like_ground_roller,Forest,forest; woodland
rufous_headed_ground_roller,Forest,forest; shrub
long_tailed_ground_roller,Shrub,woodland; shrub
blue_headed_kingfisher,Forest,forest
black_headed_kingfisher,Forest,forest
scaly_breasted_kingfisher,Forest,forest
moustached_kingfisher,Forest,forest
spotted_kingfisher,Forest,forest; shrub; riparian
blue_capped_kingfisher,Forest,forest
rufous_collared_kingfisher,Forest,forest
hook_billed_kingfisher,Forest,forest; shrub; artificial
banded_kingfisher,Forest,forest; bamboo; riparian
black_faced_kingfisher,Forest,forest; artificial
common_paradise_kingfisher,Forest,forest; savannah; grasslands; artificial
kofiau_paradise_kingfisher,Forest,forest
biak_paradise_kingfisher,Forest,forest; riparian
numfor_paradise_kingfisher,Forest,forest; woodland; artificial
little_paradise_kingfisher,Forest,forest
buff_breasted_paradise_kingfisher,Forest,forest; riparian; wetlands_lakes_marsh
black_headed_paradise_kingfisher,Forest,forest
red_breasted_paradise_kingfisher,Forest,forest; shrub; riparian; coastal
brown_headed_paradise_kingfisher,Forest,forest
sulawesi_lilac_kingfisher,Forest,forest; artificial
sangihe_lilac_kingfisher,Forest,forest; woodland; artificial
shovel_billed_kookaburra,Forest,forest; artificial; wetlands_lakes_marsh
spangled_kookaburra,Woodland,forest; woodland; shrub; savannah; riparian; wetlands_lakes_marsh
rufous_bellied_kookaburra,Forest,forest; artificial; riparian; coastal
laughing_kookaburra,Forest,forest; woodland; artificial; riparian; wetlands_lakes_marsh
blue_winged_kookaburra,Woodland,forest; woodland; savannah; artificial; riparian; coastal
white_rumped_kingfisher,Forest,forest; bamboo; woodland; artificial
stork_billed_kingfisher,Riparian,forest; bamboo; artificial; riparian; coastal; wetlands_lakes_marsh
great_billed_kingfisher,Coastal,woodland; shrub; artificial; riparian; coastal; wetlands_lakes_marsh
brown_winged_kingfisher,Coastal,riparian; coastal; wetlands_lakes_marsh
ruddy_kingfisher,Forest,forest; woodland; shrub; artificial; riparian; coastal
white_throated_kingfisher,Artificial,forest; bamboo; woodland; artificial; riparian; coastal; wetlands_lakes_marsh
brown_breasted_kingfisher,Riparian,forest; riparian; coastal
javan_kingfisher,Artificial,woodland; shrub; grasslands; artificial; coastal; wetlands_lakes_marsh
chocolate_backed_kingfisher,Forest,forest; savannah
black_capped_kingfisher,Woodland,forest; bamboo; woodland; artificial; riparian; coastal
grey_headed_kingfisher,Woodland,woodland; shrub; grasslands; artificial; riparian
brown_hooded_kingfisher,Woodland,forest; woodland; shrub; grasslands; artificial; wetlands_lakes_marsh
striped_kingfisher,Woodland,woodland; shrub; grasslands; artificial
blue_breasted_kingfisher,Forest,forest; woodland; savannah; riparian
woodland_kingfisher,Woodland,forest; woodland; savannah; artificial; riparian
mangrove_kingfisher,Riparian,forest; woodland; shrub; savannah; artificial; riparian; coastal; wetlands_lakes_marsh
blue_black_kingfisher,Forest,forest; riparian; coastal; wetlands_lakes_marsh
rufous_lored_kingfisher,Forest,forest
blue_and_white_kingfisher,Woodland,forest; woodland; artificial
lazuli_kingfisher,Forest,forest; woodland; artificial
forest_kingfisher,Riparian,forest; artificial; riparian; coastal; wetlands_lakes_marsh
new_britain_kingfisher,Forest,forest
ultramarine_kingfisher,Forest,forest; shrub; artificial
vanuatu_kingfisher,Forest,forest; artificial
sombre_kingfisher,Forest,forest; woodland; artificial; coastal
collared_kingfisher,Coastal,forest; woodland; savannah; artificial; riparian; coastal; wetlands_lakes_marsh
torresian_kingfisher,Coastal,forest; woodland; savannah; grasslands; artificial; riparian; coastal; wetlands_lakes_marsh
islet_kingfisher,Coastal,forest; woodland; savannah; grasslands; artificial; riparian; coastal; wetlands_lakes_marsh
mariana_kingfisher,Coastal,forest; woodland; savannah; grasslands; artificial; riparian; coastal; wetlands_lakes_marsh
melanesian_kingfisher,Coastal,forest; woodland; savannah; grasslands; artificial; riparian; coastal; wetlands_lakes_marsh
pacific_kingfisher,Coastal,forest; woodland; savannah; grasslands; artificial; riparian; coastal; wetlands_lakes_marsh
talaud_kingfisher,Forest,forest; riparian
guam_kingfisher,Forest,forest; woodland; artificial; coastal
palau_kingfisher,Forest,forest; woodland
pohnpei_kingfisher,Forest,forest
beach_kingfisher,Coastal,artificial; coastal; wetlands_lakes_marsh
sacred_kingfisher,Woodland,forest; woodland; shrub; savannah; rocky_areas; artificial; coastal
flat_billed_kingfisher,Woodland,forest; woodland; shrub; grasslands; rocky_areas; artificial; coastal
cinnamon_banded_kingfisher,Forest,forest; woodland; artificial
chattering_kingfisher,Forest,forest; artificial; riparian
mangaia_kingfisher,Forest,forest
tahiti_kingfisher,Forest,forest; woodland; artificial
moorea_kingfisher,Forest,forest
tuamotu_kingfisher,Forest,forest
niau_kingfisher,Woodland,forest; woodland; artificial; coastal; wetlands_lakes_marsh
marquesas_kingfisher,Forest,forest; artificial
red_backed_kingfisher,Woodland,woodland; shrub; grasslands; artificial; riparian; coastal; wetlands_lakes_marsh
yellow_billed_kingfisher,Forest,forest; shrub; artificial; coastal
mountain_kingfisher,Forest,forest
african_dwarf_kingfisher,Forest,forest; artificial; riparian
african_pygmy_kingfisher,Forest,forest; woodland; shrub; grasslands; artificial; riparian; wetlands_lakes_marsh
madagascar_pygmy_kingfisher,Shrub,forest; woodland; shrub; coastal
white_bellied_kingfisher,Forest,forest; woodland; shrub; artificial; riparian; coastal; wetlands_lakes_marsh
malachite_kingfisher,Wetland,artificial; riparian; coastal; wetlands_lakes_marsh
principe_kingfisher,Plains,forest; plains; artificial; riparian; coastal; wetlands_lakes_marsh
sao_tome_kingfisher,Riparian,bamboo; artificial; riparian; coastal; wetlands_lakes_marsh
malagasy_kingfisher,Riparian,artificial; riparian; coastal; wetlands_lakes_marsh
cerulean_kingfisher,Riparian,artificial; riparian; coastal; wetlands_lakes_marsh
malay_blue_banded_kingfisher,Riparian,forest; riparian
javan_blue_banded_kingfisher,Riparian,forest; riparian; coastal
shining_blue_kingfisher,Wetland,artificial; riparian; coastal; wetlands_lakes_marsh
blue_eared_kingfisher,Riparian,forest; bamboo; artificial; riparian; coastal
common_kingfisher,Riparian,shrub; grasslands; artificial; riparian; coastal; wetlands_lakes_marsh
half_collared_kingfisher,Riparian,woodland; riparian; coastal; wetlands_lakes_marsh
blyths_kingfisher,Riparian,forest; riparian
black_backed_dwarf_kingfisher,Forest,forest; bamboo; woodland; shrub; artificial; coastal
rufous_backed_dwarf_kingfisher,Forest,forest; riparian; coastal
north_philippine_dwarf_kingfisher,Forest,forest; riparian
south_philippine_dwarf_kingfisher,Forest,forest; riparian
sangihe_dwarf_kingfisher,Forest,forest; shrub; artificial
sulawesi_dwarf_kingfisher,Forest,forest; artificial
moluccan_dwarf_kingfisher,Forest,forest; artificial; riparian
dimorphic_dwarf_kingfisher,Forest,forest
sula_dwarf_kingfisher,Forest,forest
buru_dwarf_kingfisher,Forest,forest; artificial
new_guinea_dwarf_kingfisher,Forest,forest
manus_dwarf_kingfisher,Forest,forest; artificial
new_ireland_dwarf_kingfisher,Forest,forest; riparian
new_britain_dwarf_kingfisher,Forest,forest
north_solomons_dwarf_kingfisher,Forest,forest
new_georgia_dwarf_kingfisher,Forest,forest
guadalcanal_dwarf_kingfisher,Forest,forest
san_cristobal_dwarf_kingfisher,Forest,forest; artificial
northern_indigo_banded_kingfisher,Riparian,forest; riparian; coastal; wetlands_lakes_marsh
southern_indigo_banded_kingfisher,Riparian,forest; riparian
southern_silvery_kingfisher,Riparian,riparian
northern_silvery_kingfisher,Riparian,forest; artificial; riparian
azure_kingfisher,Wetland,forest; artificial; riparian; coastal; wetlands_lakes_marsh
bismarck_kingfisher,Riparian,forest; riparian; wetlands_lakes_marsh
little_kingfisher,Coastal,forest; woodland; riparian; coastal; wetlands_lakes_marsh
amazon_kingfisher,Riparian,shrub; riparian; coastal; wetlands_lakes_marsh
american_pygmy_kingfisher,Riparian,forest; artificial; riparian; coastal; wetlands_lakes_marsh
green_kingfisher,Riparian,forest; woodland; riparian; coastal; wetlands_lakes_marsh
green_and_rufous_kingfisher,Riparian,forest; riparian; coastal; wetlands_lakes_marsh
crested_kingfisher,Riparian,forest; riparian
giant_kingfisher,Riparian,forest; woodland; shrub; savannah; rocky_areas; riparian; coastal; wetlands_lakes_marsh
ringed_kingfisher,Wetland,shrub; artificial; riparian; coastal; wetlands_lakes_marsh
belted_kingfisher,Riparian,riparian; coastal; wetlands_lakes_marsh
pied_kingfisher,Wetland,rocky_areas; artificial; riparian; coastal; wetlands_lakes_marsh
cuban_tody,Woodland,forest; woodland; shrub; artificial; riparian
broad_billed_tody,Shrub,forest; woodland; shrub; plains; artificial; coastal
narrow_billed_tody,Forest,forest; artificial
jamaican_tody,Forest,forest; woodland; shrub; coastal
puerto_rican_tody,Forest,forest; woodland; plains; artificial; riparian
tody_motmot,Forest,forest
blue_throated_motmot,Forest,forest; shrub
russet_crowned_motmot,Woodland,woodland
blue_capped_motmot,Forest,forest; woodland; artificial; riparian
blue_diademed_motmot,Forest,forest; woodland; artificial; riparian
whooping_motmot,Forest,forest; woodland; artificial; riparian; coastal
trinidad_motmot,Forest,forest; artificial; riparian
amazonian_motmot,Forest,forest; woodland; shrub; artificial; riparian
andean_motmot,Forest,forest
rufous_motmot,Forest,forest; riparian
rufous_capped_motmot,Forest,forest; riparian
keel_billed_motmot,Forest,forest
broad_billed_motmot,Forest,forest; woodland
turquoise_browed_motmot,Woodland,forest; woodland; shrub; artificial; riparian
red_bearded_bee_eater,Forest,forest; artificial; riparian; wetlands_lakes_marsh
blue_bearded_bee_eater,Forest,forest; artificial
purple_bearded_bee_eater,Forest,forest; artificial
black_headed_bee_eater,Forest,forest; shrub; savannah; artificial; riparian
blue_headed_bee_eater,Forest,forest
blue_moustached_bee_eater,Forest,forest; artificial
black_bee_eater,Forest,forest; woodland; shrub; savannah; artificial; riparian
swallow_tailed_bee_eater,Woodland,woodland; shrub; desert; riparian
little_bee_eater,Grassland,savannah; grasslands; rocky_areas; artificial; riparian; wetlands_lakes_marsh
blue_breasted_bee_eater,Shrub,forest; shrub; artificial; wetlands_lakes_marsh
ethiopian_bee_eater,Woodland,woodland; plains; artificial
cinnamon_chested_bee_eater,Shrub,forest; shrub; artificial
red_throated_bee_eater,Savanna,savannah; grasslands; artificial; riparian; wetlands_lakes_marsh
white_fronted_bee_eater,Woodland,woodland; shrub; savannah; grasslands; riparian
somali_bee_eater,Shrub,shrub; grasslands; artificial; coastal
white_throated_bee_eater,Grassland,forest; woodland; shrub; savannah; grasslands; artificial; coastal
böhms_bee_eater,Shrub,woodland; shrub; rocky_areas
african_green_bee_eater,Woodland,woodland; artificial; wetlands_lakes_marsh
arabian_green_bee_eater,Desert,desert; artificial
asian_green_bee_eater,Woodland,woodland; shrub; savannah; grasslands; artificial; riparian; wetlands_lakes_marsh
blue_cheeked_bee_eater,Desert,woodland; savannah; plains; desert; artificial; riparian; coastal; wetlands_lakes_marsh
olive_bee_eater,Woodland,forest; woodland; artificial; riparian; coastal
blue_tailed_bee_eater,Wetland,woodland; artificial; riparian; coastal; wetlands_lakes_marsh
rainbow_bee_eater,Savanna,forest; bamboo; savannah; grasslands; artificial; riparian; wetlands_lakes_marsh
blue_throated_bee_eater,Coastal,forest; grasslands; artificial; riparian; coastal
rufous_crowned_bee_eater,Plains,shrub; plains
chestnut_headed_bee_eater,Woodland,woodland; shrub; artificial; riparian; coastal
european_bee_eater,Riparian,woodland; shrub; savannah; grasslands; plains; artificial; riparian; wetlands_lakes_marsh
rosy_bee_eater,Woodland,woodland; savannah; grasslands; artificial; riparian
northern_carmine_bee_eater,Savanna,savannah; grasslands; riparian; coastal; wetlands_lakes_marsh
southern_carmine_bee_eater,Savanna,savannah; grasslands; riparian; coastal; wetlands_lakes_marsh
white_eared_jacamar,Forest,forest; riparian
purus_jacamar,Forest,forest; riparian
dusky_backed_jacamar,Forest,forest; shrub; riparian
pale_headed_jacamar,Forest,forest; woodland; shrub; savannah
brown_jacamar,Forest,forest; woodland; shrub; riparian
white_throated_jacamar,Forest,forest; bamboo; riparian
three_toed_jacamar,Forest,forest; artificial; riparian
yellow_billed_jacamar,Forest,forest; woodland; riparian
cerise_crowned_jacamar,Forest,forest
blue_necked_jacamar,Forest,forest; shrub
rufous_tailed_jacamar,Forest,forest; woodland; shrub; savannah; artificial; riparian; wetlands_lakes_marsh
green_tailed_jacamar,Forest,forest; woodland; shrub; artificial; riparian; coastal
coppery_chested_jacamar,Forest,forest
white_chinned_jacamar,Forest,forest; shrub; riparian
bluish_fronted_jacamar,Forest,forest; shrub; riparian
purplish_jacamar,Forest,forest; woodland; riparian
bronzy_jacamar,Forest,forest; woodland; shrub; savannah; riparian
paradise_jacamar,Forest,forest; woodland; shrub; riparian
great_jacamar,Forest,forest; shrub; riparian
white_necked_puffbird,Forest,forest; woodland; artificial; riparian
guianan_puffbird,Forest,forest
buff_bellied_puffbird,Forest,forest
black_breasted_puffbird,Forest,forest; riparian
brown_banded_puffbird,Forest,forest; shrub
greater_pied_puffbird,Forest,forest; woodland; shrub; savannah; grasslands; artificial; riparian; coastal
lesser_pied_puffbird,Forest,forest; woodland; savannah; artificial; riparian; coastal
chestnut_capped_puffbird,Forest,forest; bamboo; woodland; shrub; riparian
spotted_puffbird,Forest,forest; woodland; shrub; riparian; wetlands_lakes_marsh
sooty_capped_puffbird,Forest,forest; woodland; shrub
collared_puffbird,Forest,forest; shrub; riparian
barred_puffbird,Forest,forest; woodland; shrub; artificial; riparian
white_eared_puffbird,Woodland,woodland; shrub; grasslands; artificial; riparian
eastern_striolated_puffbird,Forest,forest; shrub
western_striolated_puffbird,Forest,forest; shrub
spot_backed_puffbird,Shrub,forest; woodland; shrub; grasslands; artificial
russet_throated_puffbird,Shrub,woodland; shrub; savannah; wetlands_lakes_marsh
two_banded_puffbird,Savanna,woodland; savannah; artificial; riparian
greater_crescent_chested_puffbird,Forest,forest; bamboo; woodland
lesser_crescent_chested_puffbird,Forest,forest
white_chested_puffbird,Forest,forest
semicollared_puffbird,Forest,forest
black_streaked_puffbird,Forest,forest; woodland
rufous_necked_puffbird,Forest,forest; shrub; riparian
white_whiskered_puffbird,Forest,forest; shrub
moustached_puffbird,Forest,forest; woodland
lanceolated_monklet,Forest,forest; shrub; artificial
rusty_breasted_nunlet,Forest,forest; bamboo; shrub; riparian
fulvous_chinned_nunlet,Forest,forest; bamboo
brown_nunlet,Forest,forest; woodland
grey_cheeked_nunlet,Forest,forest; woodland; riparian
rufous_capped_nunlet,Forest,forest; bamboo; shrub; riparian
chestnut_headed_nunlet,Forest,forest; shrub
white_faced_nunbird,Forest,forest; shrub
black_nunbird,Forest,forest; shrub; riparian
black_fronted_nunbird,Forest,forest; bamboo; woodland; shrub; riparian
white_fronted_nunbird,Forest,forest; shrub; artificial; riparian
yellow_billed_nunbird,Forest,forest; bamboo; woodland; shrub
swallow_winged_puffbird,Shrub,forest; woodland; shrub; riparian
scarlet_crowned_barbet,Forest,forest
scarlet_banded_barbet,Forest,forest
sira_barbet,Forest,forest; shrub
spot_crowned_barbet,Forest,forest
orange_fronted_barbet,Forest,forest; grasslands; artificial
white_mantled_barbet,Forest,forest
black_girdled_barbet,Forest,forest; artificial
brown_chested_barbet,Forest,forest
black_spotted_barbet,Forest,forest; shrub; artificial; riparian
gilded_barbet,Forest,forest; shrub; artificial; riparian
five_colored_barbet,Forest,forest
lemon_throated_barbet,Forest,forest; shrub; riparian
flame_throated_barbet,Forest,forest; riparian
red_headed_barbet,Forest,forest
scarlet_hooded_barbet,Riparian,forest; bamboo; shrub; artificial; riparian; wetlands_lakes_marsh
blue_moustached_barbet,Forest,forest
blue_cowled_barbet,Forest,forest
blue_chinned_barbet,Forest,forest
prong_billed_barbet,Forest,forest; shrub
toucan_barbet,Forest,forest; shrub; artificial
toco_toucan,Riparian,forest; woodland; shrub; artificial; riparian
yellow_throated_toucan,Forest,forest; shrub; artificial; riparian; wetlands_lakes_marsh
red_billed_toucan,Forest,forest; savannah; artificial; riparian; coastal
cuviers_toucan,Forest,forest; riparian
red_breasted_toucan,Forest,forest; shrub; artificial
choco_toucan,Forest,forest; grasslands; artificial
keel_billed_toucan,Forest,forest; woodland; artificial; riparian; coastal
citron_throated_toucan,Forest,forest
channel_billed_toucan,Forest,forest; woodland; shrub; riparian; wetlands_lakes_marsh
yellow_ridged_toucan,Forest,forest; riparian; wetlands_lakes_marsh
ariel_toucan,Forest,forest
saffron_toucanet,Forest,forest; riparian
green_araçari,Forest,forest; savannah; artificial; riparian
lettered_araçari,Forest,forest; riparian
humboldts_araçari,Forest,forest; bamboo; riparian
curl_crested_araçari,Forest,forest
eastern_red_necked_araçari,Forest,forest; bamboo; shrub; riparian
western_red_necked_araçari,Forest,forest; bamboo; riparian
ivory_billed_araçari,Forest,forest; bamboo; woodland; shrub; artificial; riparian
chestnut_eared_araçari,Forest,forest; shrub; artificial; riparian; wetlands_lakes_marsh
many_banded_araçari,Forest,forest; riparian
black_necked_araçari,Forest,forest; woodland; shrub; artificial; riparian
fiery_billed_araçari,Forest,forest
collared_araçari,Forest,forest; woodland; artificial; riparian; wetlands_lakes_marsh
stripe_billed_araçari,Forest,forest; artificial
pale_billed_araçari,Forest,forest
plate_billed_mountain_toucan,Forest,forest; shrub; artificial
black_billed_mountain_toucan,Forest,forest; woodland; shrub; artificial; wetlands_lakes_marsh
hooded_mountain_toucan,Forest,forest
grey_breasted_mountain_toucan,Forest,forest
yellow_eared_toucanet,Forest,forest
guianan_toucanet,Forest,forest; savannah; riparian
tawny_tufted_toucanet,Forest,forest; riparian
red_billed_toucanet,Forest,forest
green_billed_toucanet,Forest,forest
spot_billed_toucanet,Forest,forest; woodland; riparian
goulds_toucanet,Forest,forest; woodland; shrub; riparian
waglers_toucanet,Forest,forest
emerald_toucanet,Forest,forest; woodland; shrub; artificial; riparian; wetlands_lakes_marsh
blue_throated_toucanet,Forest,forest; artificial
greyish_throated_toucanet,Forest,forest; woodland; plains
black_throated_toucanet,Forest,forest; riparian
black_billed_toucanet,Forest,forest
yellow_browed_toucanet,Forest,forest
blue_banded_toucanet,Forest,forest
crimson_rumped_toucanet,Forest,forest; shrub; grasslands; artificial
tepui_toucanet,Forest,forest
chestnut_tipped_toucanet,Forest,forest
groove_billed_toucanet,Forest,forest; artificial
yellow_billed_toucanet,Forest,forest; artificial
fire_tufted_barbet,Forest,forest
great_barbet,Forest,forest; artificial
red_vented_barbet,Forest,forest
brown_headed_barbet,Forest,forest; woodland; shrub; artificial
lineated_barbet,Forest,forest; woodland; artificial
white_cheeked_barbet,Forest,forest; woodland; artificial
green_eared_barbet,Forest,forest
brown_throated_barbet,Forest,forest
gold_whiskered_barbet,Forest,forest; artificial
red_crowned_barbet,Forest,forest; artificial
red_throated_barbet,Forest,forest; artificial
black_banded_barbet,Forest,forest
yellow_fronted_barbet,Forest,forest; artificial; riparian
golden_throated_barbet,Forest,forest; riparian
necklaced_barbet,Forest,forest
black_browed_barbet,Forest,forest; artificial
annam_barbet,Forest,forest
chinese_barbet,Artificial,forest; artificial
taiwan_barbet,Artificial,forest; artificial
blue_throated_barbet,Forest,forest; artificial
turquoise_throated_barbet,Forest,forest
mountain_barbet,Forest,forest; artificial
moustached_barbet,Forest,forest
yellow_crowned_barbet,Forest,forest; artificial
flame_fronted_barbet,Forest,forest; artificial
golden_naped_barbet,Forest,forest
yellow_eared_barbet,Forest,forest; bamboo; artificial
blue_eared_barbet,Forest,forest; bamboo; woodland; shrub; artificial
black_eared_barbet,Forest,forest
bornean_barbet,Forest,forest
sri_lanka_barbet,Forest,forest; artificial; riparian
malabar_barbet,Forest,forest; artificial
coppersmith_barbet,Woodland,forest; woodland; shrub; artificial; coastal
bornean_brown_barbet,Forest,forest; woodland; artificial; riparian; coastal
malay_brown_barbet,Forest,forest; artificial
western_yellow_billed_barbet,Forest,forest; artificial
togo_yellow_billed_barbet,Forest,forest; artificial
eastern_yellow_billed_barbet,Forest,forest; artificial; riparian; wetlands_lakes_marsh
crested_barbet,Woodland,woodland; shrub; artificial; riparian
red_and_yellow_barbet,Woodland,woodland; shrub; savannah; rocky_areas; desert; riparian
yellow_breasted_barbet,Shrub,woodland; shrub; savannah; artificial; riparian; coastal
d_arnauds_barbet,Grassland,woodland; shrub; grasslands; artificial
emins_barbet,Woodland,woodland; shrub; artificial
usambiro_barbet,Shrub,shrub; savannah; grasslands; artificial
green_barbet,Forest,forest; woodland
grey_throated_barbet,Forest,forest; grasslands; artificial; riparian
grey_headed_barbet,Forest,forest; riparian
sladens_barbet,Forest,forest
bristle_nosed_barbet,Forest,forest; artificial; riparian
naked_faced_barbet,Forest,forest; savannah; artificial
pale_throated_barbet,Forest,forest; savannah; grasslands
white_eared_barbet,Forest,forest; artificial
white_lined_barbet,Forest,forest; plains
whytes_barbet,Woodland,woodland; artificial; riparian
anchietas_barbet,Woodland,woodland; riparian
speckled_tinkerbird,Forest,forest; artificial
eastern_green_tinkerbird,Shrub,forest; woodland; shrub; coastal
moustached_green_tinkerbird,Forest,forest; artificial
western_green_tinkerbird,Forest,forest; woodland; riparian
red_rumped_tinkerbird,Forest,forest; grasslands; artificial; coastal
yellow_throated_tinkerbird,Forest,forest; artificial; riparian
yellow_rumped_tinkerbird,Forest,forest; artificial; riparian
white_chested_tinkerbird,Forest,forest; shrub; artificial; riparian
northern_red_fronted_tinkerbird,Woodland,forest; woodland; shrub; artificial; riparian
southern_red_fronted_tinkerbird,Woodland,forest; woodland; shrub; artificial; riparian
yellow_fronted_tinkerbird,Shrub,forest; woodland; shrub; savannah; grasslands; riparian
eastern_yellow_spotted_barbet,Forest,forest; artificial; riparian
western_yellow_spotted_barbet,Forest,forest; artificial; riparian
hairy_breasted_barbet,Forest,forest; riparian
red_fronted_barbet,Forest,forest; woodland; savannah; grasslands; artificial
miombo_pied_barbet,Woodland,woodland; grasslands
acacia_pied_barbet,Woodland,woodland; shrub; desert; artificial; riparian
spot_flanked_barbet,Woodland,woodland; artificial; riparian
black_throated_barbet,Woodland,woodland; shrub; desert
banded_barbet,Woodland,woodland; shrub; riparian
vieillots_barbet,Savanna,woodland; savannah; grasslands; artificial; riparian
white_headed_barbet,Woodland,woodland; shrub; artificial; riparian
brown_and_white_barbet,Plains,woodland; shrub; plains
white_bellied_barbet,Woodland,woodland; riparian
zambian_barbet,Woodland,woodland; artificial; riparian
red_faced_barbet,Woodland,woodland; savannah; riparian
black_billed_barbet,Woodland,woodland; shrub; artificial; riparian
black_collared_barbet,Woodland,woodland; savannah; artificial; riparian
brown_breasted_barbet,Forest,forest; artificial; riparian
brown_faced_barbet,Woodland,woodland; shrub; artificial; riparian
white_faced_barbet,Woodland,woodland; plains; artificial; riparian
double_toothed_barbet,Forest,forest; shrub; artificial; riparian
bearded_barbet,Woodland,woodland; shrub; artificial
black_breasted_barbet,Woodland,woodland; shrub; artificial; riparian
cassins_honeybird,Forest,forest; artificial; riparian
green_backed_honeybird,Forest,forest; woodland; artificial; riparian
brown_backed_honeybird,Woodland,forest; woodland; shrub; grasslands; artificial; riparian
zenkers_honeyguide,Forest,forest; artificial
yellow_footed_honeyguide,Forest,forest
dwarf_honeyguide,Forest,forest
willcockss_honeyguide,Forest,forest; woodland; shrub; grasslands; artificial; riparian
pallid_honeyguide,Woodland,forest; woodland; riparian
least_honeyguide,Forest,forest; shrub; grasslands; artificial; riparian
lesser_honeyguide,Woodland,forest; woodland; shrub; savannah; artificial; riparian
spotted_honeyguide,Forest,forest; artificial; riparian
scaly_throated_honeyguide,Woodland,forest; bamboo; woodland; shrub; artificial; riparian
yellow_rumped_honeyguide,Riparian,forest; rocky_areas; riparian
malaysian_honeyguide,Forest,forest; artificial
greater_honeyguide,Woodland,woodland; shrub; artificial; riparian
lyre_tailed_honeyguide,Forest,forest; artificial
eurasian_wryneck,Woodland,forest; woodland; shrub; grasslands; plains; desert; artificial; riparian; wetlands_lakes_marsh
rufous_necked_wryneck,Savanna,forest; woodland; shrub; savannah; artificial; riparian
speckled_piculet,Forest,forest; bamboo; woodland
bar_breasted_piculet,Forest,forest
lafresnayes_piculet,Forest,forest
orinoco_piculet,Forest,forest; shrub; riparian
golden_spangled_piculet,Forest,forest; bamboo; woodland; savannah; riparian; coastal
ecuadorian_piculet,Woodland,forest; woodland; shrub
scaled_piculet,Forest,forest; woodland; grasslands; artificial
black_spotted_piculet,Forest,forest; shrub; coastal
white_bellied_piculet,Forest,forest; woodland; shrub; riparian; coastal
arrowhead_piculet,Forest,forest; artificial; riparian; coastal; wetlands_lakes_marsh
spotted_piculet,Woodland,woodland; shrub
speckle_chested_piculet,Forest,forest; bamboo
varzea_piculet,Forest,forest
white_barred_piculet,Shrub,forest; woodland; shrub; artificial; riparian
ocellated_piculet,Forest,forest
ochre_collared_piculet,Shrub,forest; shrub
white_wedged_piculet,Woodland,forest; woodland; riparian
rusty_necked_piculet,Forest,forest; riparian
rufous_breasted_piculet,Forest,forest; bamboo; shrub; riparian
ochraceous_piculet,Forest,forest; woodland; shrub; artificial
mottled_piculet,Forest,forest; bamboo; woodland; artificial; riparian
plain_breasted_piculet,Riparian,forest; riparian
fine_barred_piculet,Forest,forest
olivaceous_piculet,Forest,forest; woodland; shrub; artificial
greyish_piculet,Forest,forest; woodland; shrub
chestnut_piculet,Forest,forest; woodland; shrub; plains; artificial; coastal
african_piculet,Forest,forest; riparian
rufous_piculet,Forest,forest; bamboo; shrub; riparian
white_browed_piculet,Forest,forest; bamboo; shrub; riparian
antillean_piculet,Forest,forest; woodland; shrub; artificial; coastal
red_crested_woodpecker,Forest,forest; bamboo; artificial
grey_and_buff_woodpecker,Forest,forest; artificial
heart_spotted_woodpecker,Forest,forest; bamboo; woodland; artificial
white_woodpecker,Woodland,woodland; shrub; savannah; artificial
lewiss_woodpecker,Woodland,forest; woodland; artificial; riparian
guadeloupe_woodpecker,Forest,forest; artificial; coastal; wetlands_lakes_marsh
puerto_rican_woodpecker,Forest,forest; artificial; coastal
red_headed_woodpecker,Forest,forest; woodland; shrub; savannah; grasslands; artificial; riparian; wetlands_lakes_marsh
acorn_woodpecker,Woodland,forest; woodland; grasslands; desert
yellow_tufted_woodpecker,Forest,forest; shrub; artificial; riparian
yellow_fronted_woodpecker,Forest,forest; woodland; artificial; coastal
golden_naped_woodpecker,Forest,forest; artificial
beautiful_woodpecker,Forest,forest; woodland; artificial
black_cheeked_woodpecker,Forest,forest; artificial
white_fronted_woodpecker,Woodland,woodland; shrub; savannah; riparian
hispaniolan_woodpecker,Forest,forest; woodland; shrub; plains; artificial; coastal; wetlands_lakes_marsh
jamaican_woodpecker,Woodland,forest; woodland; shrub; artificial; coastal
golden_cheeked_woodpecker,Forest,forest; artificial
grey_breasted_woodpecker,Shrub,shrub; desert; artificial; riparian
yucatan_woodpecker,Woodland,forest; woodland; shrub
red_crowned_woodpecker,Woodland,forest; woodland; shrub; artificial; coastal
gila_woodpecker,Desert,forest; plains; desert; artificial; riparian
hoffmanns_woodpecker,Woodland,forest; woodland; grasslands; artificial
golden_fronted_woodpecker,Woodland,forest; woodland; shrub; plains; artificial; riparian
red_bellied_woodpecker,Woodland,woodland; artificial; riparian; wetlands_lakes_marsh
west_indian_woodpecker,Forest,forest; woodland; shrub; artificial; coastal; wetlands_lakes_marsh
williamsons_sapsucker,Forest,forest; woodland
yellow_bellied_sapsucker,Woodland,forest; woodland; grasslands; artificial
red_naped_sapsucker,Woodland,forest; woodland
red_breasted_sapsucker,Woodland,forest; woodland
cuban_green_woodpecker,Forest,forest; woodland; artificial; coastal
buff_spotted_woodpecker,Forest,forest; woodland; shrub; grasslands; artificial; coastal; wetlands_lakes_marsh
brown_eared_woodpecker,Forest,forest; shrub; grasslands; artificial; riparian
ground_woodpecker,Rocky,shrub; grasslands; rocky_areas; wetlands_lakes_marsh
fine_spotted_woodpecker,Woodland,woodland; savannah; grasslands
bennetts_woodpecker,Woodland,woodland; shrub
reichenows_woodpecker,Woodland,woodland; shrub; savannah
nubian_woodpecker,Shrub,woodland; shrub; savannah; grasslands; riparian
golden_tailed_woodpecker,Woodland,forest; woodland; shrub; artificial; riparian
mombasa_woodpecker,Forest,forest; woodland
knysna_woodpecker,Forest,forest; shrub; artificial; riparian
little_green_woodpecker,Forest,forest; woodland; shrub; artificial; riparian; coastal
little_spotted_woodpecker,Forest,forest; woodland; shrub; savannah; artificial; riparian
tullbergs_woodpecker,Forest,forest
fine_banded_woodpecker,Forest,forest
sulawesi_pygmy_woodpecker,Forest,forest; artificial; riparian
indian_pygmy_woodpecker,Forest,forest; shrub; artificial
grey_capped_woodpecker,Forest,forest; woodland; shrub; artificial; coastal
philippine_pygmy_woodpecker,Forest,forest; woodland; artificial; riparian; coastal
sulu_pygmy_woodpecker,Forest,forest; artificial; coastal
sunda_pygmy_woodpecker,Forest,forest; bamboo; shrub; artificial; coastal
japanese_pygmy_woodpecker,Forest,forest; woodland; artificial; riparian
three_toed_woodpecker,Forest,forest; shrub
dark_bodied_woodpecker,Forest,forest
american_three_toed_woodpecker,Forest,forest
black_backed_woodpecker,Forest,forest
arabian_woodpecker,Riparian,forest; woodland; riparian
brown_fronted_woodpecker,Forest,forest; woodland; artificial
middle_spotted_woodpecker,Woodland,woodland; artificial
yellow_crowned_woodpecker,Woodland,forest; woodland; shrub; artificial; riparian
bearded_woodpecker,Woodland,woodland; shrub; riparian
yellow_crested_woodpecker,Forest,forest; artificial
fire_bellied_woodpecker,Forest,forest; grasslands; artificial; riparian
sahelian_woodpecker,Grassland,savannah; grasslands; desert; riparian
speckle_breasted_woodpecker,Forest,forest; savannah; artificial; riparian
abyssinian_woodpecker,Woodland,woodland; savannah; grasslands
cardinal_woodpecker,Woodland,forest; woodland; shrub; savannah; artificial; riparian; coastal
gabon_woodpecker,Forest,forest; artificial
melancholy_woodpecker,Forest,forest; woodland; artificial; riparian
stierlings_woodpecker,Woodland,woodland; savannah
elliots_woodpecker,Forest,forest
johnstons_woodpecker,Forest,forest
grey_woodpecker,Woodland,woodland; shrub; savannah; grasslands; artificial; riparian; coastal
grey_headed_woodpecker,Forest,forest; riparian
olive_woodpecker,Forest,forest; woodland; shrub; riparian
brown_backed_woodpecker,Shrub,forest; woodland; shrub; savannah; artificial
nuttalls_woodpecker,Woodland,forest; woodland; shrub; artificial; riparian
ladder_backed_woodpecker,Desert,forest; woodland; shrub; desert; riparian; coastal
downy_woodpecker,Forest,forest; woodland; artificial; riparian
scarlet_breasted_woodpecker,Forest,forest; woodland
crimson_breasted_woodpecker,Forest,forest
lesser_spotted_woodpecker,Forest,forest; woodland; artificial; riparian
little_woodpecker,Forest,forest; bamboo; woodland; shrub; artificial; riparian; coastal
dot_fronted_woodpecker,Woodland,forest; woodland
white_spotted_woodpecker,Forest,forest; woodland; riparian
checkered_woodpecker,Woodland,woodland; shrub; riparian
striped_woodpecker,Forest,forest; woodland; grasslands; artificial; riparian
scarlet_backed_woodpecker,Shrub,forest; woodland; shrub; riparian
yellow_vented_woodpecker,Forest,forest; artificial
bar_bellied_woodpecker,Forest,forest; bamboo; woodland
blood_colored_woodpecker,Coastal,forest; artificial; coastal
red_rumped_woodpecker,Forest,forest; woodland; savannah; artificial; coastal
red_stained_woodpecker,Forest,forest; woodland; shrub; riparian
choco_woodpecker,Forest,forest
golden_collared_woodpecker,Forest,forest; shrub
yellow_eared_woodpecker,Forest,forest; artificial
red_cockaded_woodpecker,Forest,forest
smoky_brown_woodpecker,Forest,forest; woodland; shrub; artificial; riparian
arizona_woodpecker,Forest,forest; woodland; artificial; riparian
stricklands_woodpecker,Woodland,forest; woodland; riparian
hairy_woodpecker,Forest,forest; woodland; artificial; riparian
white_headed_woodpecker,Forest,forest
rufous_bellied_woodpecker,Forest,forest; woodland
fulvous_breasted_woodpecker,Forest,forest; bamboo; woodland; shrub; artificial; riparian
freckle_breasted_woodpecker,Forest,forest; artificial; coastal
stripe_breasted_woodpecker,Woodland,forest; woodland; artificial
darjeeling_woodpecker,Forest,forest; woodland
himalayan_woodpecker,Forest,forest; shrub
sind_woodpecker,Riparian,woodland; shrub; artificial; riparian
syrian_woodpecker,Woodland,forest; woodland; artificial
white_winged_woodpecker,Woodland,forest; woodland; shrub; desert; artificial; riparian
great_spotted_woodpecker,Woodland,forest; woodland; shrub; artificial
okinawa_woodpecker,Forest,forest
white_backed_woodpecker,Forest,forest; woodland; wetlands_lakes_marsh
amami_woodpecker,Forest,forest
rufous_winged_woodpecker,Forest,forest
stripe_cheeked_woodpecker,Forest,forest; woodland; shrub
white_throated_woodpecker,Forest,forest; riparian
lita_woodpecker,Forest,forest; woodland; shrub
yellow_throated_woodpecker,Forest,forest; shrub; riparian
golden_green_woodpecker,Forest,forest; woodland; shrub; savannah; grasslands
yellow_browed_woodpecker,Forest,forest; woodland; riparian
golden_olive_woodpecker,Forest,forest; woodland; shrub; artificial; riparian; coastal
bronze_winged_woodpecker,Shrub,shrub
grey_crowned_woodpecker,Forest,forest; woodland
crimson_mantled_woodpecker,Forest,forest; grasslands
black_crowned_woodpecker,Forest,forest
black_necked_woodpecker,Forest,forest; woodland; shrub; desert; artificial; riparian
spot_breasted_woodpecker,Forest,forest; woodland; shrub; artificial; riparian; coastal
green_barred_woodpecker,Forest,forest; shrub; savannah; artificial
golden_breasted_woodpecker,Woodland,woodland; shrub; savannah; plains
yellow_shafted_flicker,Woodland,forest; woodland; grasslands; artificial; riparian; coastal
red_shafted_flicker,Plains,forest; plains; artificial; riparian
guatemalan_flicker,Forest,forest; shrub; artificial
gilded_flicker,Shrub,woodland; shrub; desert; riparian
bermuda_flicker,Forest,forest
fernandinas_flicker,Woodland,woodland; savannah; grasslands
chilean_flicker,Woodland,forest; woodland; shrub; artificial; riparian
southern_andean_flicker,Plains,woodland; shrub; grasslands; plains
northern_andean_flicker,Woodland,woodland; shrub; rocky_areas
campo_flicker,Shrub,shrub; savannah; grasslands; artificial
pampas_flicker,Plains,forest; plains; artificial
cinnamon_woodpecker,Forest,forest
waved_woodpecker,Forest,forest; shrub; riparian
chestnut_colored_woodpecker,Forest,forest; coastal
chestnut_woodpecker,Forest,forest; artificial; riparian
pale_crested_woodpecker,Forest,forest; woodland; shrub
blond_crested_woodpecker,Forest,forest; shrub; savannah; artificial; riparian
ochre_backed_woodpecker,Forest,forest; shrub; artificial
cream_colored_woodpecker,Forest,forest; woodland; shrub; artificial; riparian; coastal
rufous_headed_woodpecker,Forest,forest; woodland; shrub; riparian
kaempfers_woodpecker,Shrub,bamboo; woodland; shrub; riparian
ringed_woodpecker,Forest,forest; shrub; riparian
amazonian_black_breasted_woodpecker,Forest,forest
atlantic_black_breasted_woodpecker,Forest,forest
helmeted_woodpecker,Forest,forest; woodland; artificial; riparian
black_bodied_woodpecker,Woodland,forest; woodland; savannah
lineated_woodpecker,Woodland,forest; woodland; shrub; artificial; riparian
dusky_winged_woodpecker,Forest,forest
pileated_woodpecker,Forest,forest; woodland; artificial; riparian
white_bellied_woodpecker,Forest,forest; bamboo; woodland; artificial; coastal
andaman_woodpecker,Forest,forest
black_woodpecker,Forest,forest; woodland; artificial; riparian
powerful_woodpecker,Forest,forest
splendid_woodpecker,Forest,forest
crimson_bellied_woodpecker,Forest,forest
red_necked_woodpecker,Forest,forest; woodland; shrub; riparian
robust_woodpecker,Forest,forest
crimson_crested_woodpecker,Forest,forest; woodland; shrub; artificial; riparian
pale_billed_woodpecker,Forest,forest; woodland; artificial; coastal
guayaquil_woodpecker,Forest,forest
cream_backed_woodpecker,Woodland,woodland; shrub; savannah
magellanic_woodpecker,Forest,forest; woodland
ivory_billed_woodpecker,Forest,forest
imperial_woodpecker,Forest,forest
banded_woodpecker,Forest,forest; woodland; artificial; coastal
javan_yellownape,Forest,forest; artificial; coastal
chequer_throated_yellownape,Forest,forest; shrub; coastal
greater_yellownape,Forest,forest; woodland
lesser_yellownape,Forest,forest; bamboo; woodland; shrub; artificial
crimson_winged_woodpecker,Forest,forest; shrub; artificial
streak_breasted_woodpecker,Forest,forest; shrub; coastal
laced_woodpecker,Forest,forest; bamboo; woodland; shrub; artificial; coastal
streak_throated_woodpecker,Woodland,forest; bamboo; woodland; savannah; artificial
scaly_bellied_woodpecker,Forest,forest; woodland; shrub; artificial; riparian
japanese_woodpecker,Forest,forest; artificial
eurasian_green_woodpecker,Forest,forest; woodland; shrub; artificial
iberian_green_woodpecker,Forest,forest; shrub; artificial
maghreb_green_woodpecker,Woodland,forest; woodland; artificial
red_collared_woodpecker,Forest,forest; bamboo; woodland
black_headed_woodpecker,Forest,forest; woodland
grey_faced_woodpecker,Forest,forest; bamboo; woodland; artificial; riparian
black_naped_woodpecker,Forest,forest; bamboo
sumatran_woodpecker,Forest,forest; bamboo
himalayan_flameback,Forest,forest; woodland
common_flameback,Woodland,forest; woodland; shrub; artificial; coastal
spot_throated_flameback,Forest,forest; woodland; artificial
black_rumped_flameback,Woodland,forest; woodland; savannah; artificial; coastal
lesser_sri_lanka_flameback,Forest,forest; artificial
orange_backed_woodpecker,Forest,forest; artificial; coastal
buff_spotted_flameback,Woodland,forest; woodland; artificial; riparian; coastal
luzon_flameback,Forest,forest; artificial
yellow_faced_flameback,Forest,forest; artificial
red_headed_flameback,Forest,forest; plains; artificial
javan_flameback,Forest,forest; woodland; artificial; coastal
greater_flameback,Forest,forest; artificial; riparian; coastal
malabar_flameback,Forest,forest
greater_sri_lanka_flameback,Forest,forest; artificial
white_naped_woodpecker,Woodland,woodland; shrub; artificial
pale_headed_woodpecker,Forest,forest; bamboo; shrub
bamboo_woodpecker,Forest,forest; bamboo
olive_backed_woodpecker,Forest,forest; coastal
maroon_woodpecker,Forest,forest; bamboo; artificial; riparian
bay_woodpecker,Forest,forest; bamboo; riparian
rufous_woodpecker,Forest,forest; bamboo; artificial; coastal
buff_rumped_woodpecker,Forest,forest; artificial; coastal
white_rumped_woodpecker,Forest,forest; woodland; shrub; coastal
black_and_buff_woodpecker,Forest,forest; bamboo
buff_necked_woodpecker,Forest,forest; riparian
ashy_woodpecker,Forest,forest; savannah
northern_sooty_woodpecker,Forest,forest
southern_sooty_woodpecker,Forest,forest; artificial
great_slaty_woodpecker,Forest,forest; woodland; coastal
red_legged_seriema,Woodland,woodland; shrub; savannah; grasslands; artificial
black_legged_seriema,Woodland,forest; woodland; savannah
spot_winged_falconet,Savanna,forest; woodland; shrub; savannah; desert
guadalupe_caracara,Shrub,shrub
crested_caracara,Shrub,shrub; savannah; grasslands; artificial
red_throated_caracara,Forest,forest
black_caracara,Forest,forest; woodland; riparian; coastal
yellow_headed_caracara,Grassland,woodland; shrub; savannah; grasslands; artificial; riparian
chimango_caracara,Grassland,woodland; shrub; grasslands; artificial; riparian; coastal; wetlands_lakes_marsh
striated_caracara,Coastal,grasslands; rocky_areas; coastal
carunculated_caracara,Grassland,shrub; grasslands; artificial
mountain_caracara,Grassland,woodland; grasslands; rocky_areas; desert; artificial; coastal
white_throated_caracara,Grassland,forest; woodland; grasslands; rocky_areas
laughing_falcon,Forest,forest; woodland; shrub; riparian
barred_forest_falcon,Forest,forest; riparian; wetlands_lakes_marsh
plumbeous_forest_falcon,Forest,forest
lined_forest_falcon,Forest,forest
cryptic_forest_falcon,Forest,forest
slaty_backed_forest_falcon,Forest,forest; shrub; riparian
collared_forest_falcon,Forest,forest; coastal
buckleys_forest_falcon,Forest,forest
african_pygmy_falcon,Grassland,grasslands
collared_falconet,Forest,forest; riparian
black_thighed_falconet,Forest,forest; artificial
white_fronted_falconet,Forest,forest; shrub
philippine_falconet,Forest,forest
pied_falconet,Forest,forest; artificial
white_rumped_pygmy_falcon,Woodland,woodland; savannah
lesser_kestrel,Plains,savannah; grasslands; plains; artificial
common_kestrel,Shrub,woodland; shrub; grasslands; rocky_areas; artificial; coastal; wetlands_lakes_marsh
rock_kestrel,Shrub,shrub; grasslands; artificial; coastal; wetlands_lakes_marsh
malagasy_kestrel,Grassland,grasslands; artificial
mauritius_kestrel,Forest,forest; shrub
reunion_kestrel,Shrub,shrub
seychelles_kestrel,Forest,forest; artificial
spotted_kestrel,Grassland,woodland; shrub; grasslands; artificial
nankeen_kestrel,Woodland,woodland; savannah; grasslands; rocky_areas; artificial; coastal
american_kestrel,Woodland,forest; woodland; shrub; grasslands; artificial
greater_kestrel,Desert,shrub; grasslands; plains; desert
fox_kestrel,Rocky,savannah; rocky_areas; desert
grey_kestrel,Woodland,woodland; savannah
dickinsons_kestrel,Savanna,shrub; savannah; grasslands; wetlands_lakes_marsh
banded_kestrel,Forest,forest; woodland
red_headed_falcon,Savanna,woodland; savannah; artificial; riparian
red_necked_falcon,Woodland,woodland; savannah
red_footed_falcon,Plains,shrub; grasslands; plains; artificial; riparian; wetlands_lakes_marsh
amur_falcon,Woodland,woodland; savannah; grasslands; wetlands_lakes_marsh
eleonoras_falcon,Coastal,forest; woodland; artificial; coastal; wetlands_lakes_marsh
sooty_falcon,Desert,woodland; savannah; plains; rocky_areas; desert; artificial; wetlands_lakes_marsh
aplomado_falcon,Grassland,shrub; savannah; grasslands; artificial
merlin,Woodland,woodland; shrub; plains; artificial; riparian; coastal; wetlands_lakes_marsh
bat_falcon,Forest,forest
orange_breasted_falcon,Forest,forest; savannah; rocky_areas; riparian
eurasian_hobby,Plains,forest; woodland; shrub; savannah; grasslands; plains; artificial; wetlands_lakes_marsh
african_hobby,Woodland,forest; woodland; savannah
oriental_hobby,Forest,forest; shrub; coastal
australian_hobby,Forest,forest; woodland; savannah; artificial
new_zealand_falcon,Forest,forest; grasslands; rocky_areas; artificial
brown_falcon,Woodland,woodland; savannah; grasslands; desert; artificial
grey_falcon,Woodland,forest; woodland; shrub; savannah
black_falcon,Woodland,woodland; savannah; grasslands; artificial
lanner_falcon,Savanna,forest; woodland; shrub; savannah; grasslands; plains; rocky_areas; desert; riparian
laggar_falcon,Savanna,savannah; artificial
saker_falcon,Grassland,woodland; grasslands; rocky_areas; coastal; wetlands_lakes_marsh
gyrfalcon,Plains,shrub; grasslands; plains; rocky_areas; artificial; riparian; coastal
prairie_falcon,Plains,shrub; grasslands; plains; rocky_areas; desert; artificial
peregrine_falcon,Plains,grasslands; plains; rocky_areas; desert; artificial; riparian; coastal; wetlands_lakes_marsh
taita_falcon,Rocky,shrub; savannah; rocky_areas
kakapo,Forest,forest; shrub; grasslands; rocky_areas; riparian
kea,Woodland,forest; woodland; shrub; grasslands; artificial
new_zealand_kaka,Forest,forest
norfolk_island_kaka,Forest,forest; rocky_areas
yellow_tailed_black_cockatoo,Forest,forest; woodland; artificial
baudins_black_cockatoo,Forest,forest; woodland; artificial
carnabys_black_cockatoo,Savanna,woodland; shrub; savannah
red_tailed_black_cockatoo,Forest,forest
glossy_black_cockatoo,Woodland,woodland; savannah
cockatiel,Woodland,forest; woodland; artificial
palm_cockatoo,Forest,forest; woodland; savannah
gang_gang_cockatoo,Woodland,woodland; coastal
galah,Woodland,woodland; savannah; artificial
pink_cockatoo,Shrub,woodland; shrub
philippine_cockatoo,Forest,forest; coastal
tanimbar_corella,Forest,forest; artificial; coastal
solomons_corella,Forest,forest
western_corella,Woodland,woodland; savannah; riparian
little_corella,Savanna,shrub; savannah
long_billed_corella,Savanna,savannah; grasslands
white_cockatoo,Forest,forest
blue_eyed_cockatoo,Forest,forest
salmon_crested_cockatoo,Forest,forest; shrub; artificial; riparian
yellow_crested_cockatoo,Woodland,woodland; artificial
citron_crested_cockatoo,Woodland,woodland; artificial
sulphur_crested_cockatoo,Forest,forest; woodland; artificial
grey_parrot,Forest,forest; woodland; savannah; artificial; riparian; coastal
timneh_parrot,Forest,forest; savannah; artificial; riparian; coastal
red_fronted_parrot,Forest,forest; woodland; artificial; riparian
yellow_fronted_parrot,Forest,forest; artificial; riparian
brown_necked_parrot,Forest,forest; woodland; savannah; riparian
cape_parrot,Forest,forest
brown_parrot,Woodland,forest; woodland; savannah
rüppells_parrot,Woodland,forest; woodland; riparian
brown_headed_parrot,Shrub,forest; shrub; savannah; artificial; riparian; coastal
niam_niam_parrot,Forest,forest; woodland; savannah; riparian
senegal_parrot,Savanna,woodland; savannah; artificial
red_bellied_parrot,Shrub,forest; shrub; savannah; riparian
lilac_tailed_parrotlet,Forest,forest; artificial
scarlet_shouldered_parrotlet,Forest,forest
red_fronted_parrotlet,Forest,forest
blue_fronted_parrotlet,Forest,forest
sapphire_rumped_parrotlet,Forest,forest; woodland
brown_backed_parrotlet,Forest,forest
golden_tailed_parrotlet,Forest,forest
spot_winged_parrotlet,Forest,forest
grey_hooded_parakeet,Shrub,shrub; artificial
mountain_parakeet,Shrub,woodland; shrub; grasslands; artificial; riparian; coastal
barred_parakeet,Forest,forest; shrub
rufous_fronted_parakeet,Grassland,forest; shrub; grasslands; artificial
andean_parakeet,Forest,forest; woodland
tepui_parrotlet,Forest,forest
amazonian_parrotlet,Forest,forest; riparian
monk_parakeet,Woodland,woodland; artificial; riparian
cliff_parakeet,Rocky,rocky_areas; artificial
tui_parakeet,Shrub,forest; shrub; savannah; riparian
plain_parakeet,Forest,forest; artificial
white_winged_parakeet,Forest,forest; shrub; artificial; riparian
yellow_chevroned_parakeet,Woodland,forest; woodland; shrub; riparian
grey_cheeked_parakeet,Forest,forest; woodland; artificial
orange_chinned_parakeet,Woodland,forest; woodland; artificial
cobalt_winged_parakeet,Forest,forest; shrub; riparian
golden_winged_parakeet,Forest,forest; shrub; savannah; artificial; coastal
pileated_parrot,Forest,forest
blue_bellied_parrot,Forest,forest; woodland
brown_hooded_parrot,Forest,forest
saffron_headed_parrot,Forest,forest
rose_faced_parrot,Forest,forest; shrub; artificial
orange_cheeked_parrot,Forest,forest; woodland
caica_parrot,Forest,forest; shrub
bald_parrot,Forest,forest; riparian
vulturine_parrot,Forest,forest
rusty_faced_parrot,Forest,forest; shrub
indigo_winged_parrot,Forest,forest
red_faced_parrot,Forest,forest; shrub
black_winged_parrot,Forest,forest; artificial
dusky_parrot,Forest,forest; woodland; riparian
red_billed_parrot,Forest,forest; artificial; riparian
scaly_headed_parrot,Forest,forest; woodland; riparian
plum_crowned_parrot,Forest,forest; woodland; shrub; grasslands
white_capped_parrot,Forest,forest; riparian
blue_headed_parrot,Woodland,forest; woodland; shrub; artificial; riparian
blue_breasted_parrot,Forest,forest; riparian
white_crowned_parrot,Forest,forest; woodland; savannah; artificial; riparian
bronze_winged_parrot,Forest,forest
short_tailed_parrot,Forest,forest; shrub; riparian; coastal
yellow_faced_parrot,Woodland,woodland; shrub; riparian
southern_festive_amazon,Forest,forest; artificial; riparian
northern_festive_amazon,Forest,forest; riparian
vinaceous_breasted_amazon,Forest,forest; woodland
tucuman_amazon,Forest,forest; woodland
red_spectacled_amazon,Forest,forest; woodland; savannah
black_billed_amazon,Forest,forest; woodland; artificial
white_fronted_amazon,Forest,forest; woodland; shrub; savannah; artificial; coastal
yellow_billed_amazon,Forest,forest; artificial
cuban_amazon,Forest,forest; woodland; savannah; artificial; coastal
hispaniolan_amazon,Savanna,forest; savannah; artificial
puerto_rican_amazon,Forest,forest
lilac_crowned_amazon,Woodland,forest; woodland; coastal
red_lored_amazon,Forest,forest; woodland; shrub; riparian; coastal
lilacine_amazon,Forest,forest; artificial; coastal
diademed_amazon,Forest,forest
red_crowned_amazon,Forest,forest; shrub; riparian
yellow_lored_amazon,Forest,forest; woodland; shrub
blue_cheeked_amazon,Forest,forest; coastal
red_browed_amazon,Forest,forest
red_necked_amazon,Forest,forest
saint_lucia_amazon,Forest,forest
yellow_headed_amazon,Forest,forest; woodland; savannah
yellow_naped_amazon,Woodland,forest; woodland; savannah; artificial; riparian; coastal
martinique_amazon,Forest,forest
guadeloupe_amazon,Forest,forest
yellow_crowned_amazon,Forest,forest; woodland; savannah; artificial; riparian; coastal
yellow_shouldered_amazon,Shrub,forest; shrub
turquoise_fronted_amazon,Shrub,forest; woodland; shrub; riparian
scaly_naped_amazon,Forest,forest
southern_mealy_amazon,Forest,forest; woodland; riparian
northern_mealy_amazon,Forest,forest
white_faced_amazon,Forest,forest; riparian
imperial_amazon,Forest,forest
red_tailed_amazon,Forest,forest; coastal
orange_winged_amazon,Forest,forest; bamboo; woodland; savannah; artificial; riparian; coastal
saint_vincent_amazon,Forest,forest; artificial
dusky_billed_parrotlet,Forest,forest; riparian
mexican_parrotlet,Forest,forest; woodland; shrub; artificial; riparian
riparian_parrotlet,Forest,forest; shrub
turquoise_winged_parrotlet,Shrub,shrub
blue_winged_parrotlet,Forest,forest; shrub; savannah; grasslands; artificial; riparian
green_rumped_parrotlet,Woodland,woodland; shrub; artificial; coastal
spectacled_parrotlet,Forest,forest; woodland; grasslands
pacific_parrotlet,Shrub,forest; woodland; shrub; artificial; riparian
yellow_faced_parrotlet,Shrub,shrub; desert; riparian
black_headed_parrot,Forest,forest; shrub
green_thighed_parrot,Forest,forest; riparian
black_legged_parrot,Forest,forest; riparian
yellow_tailed_parrot,Forest,forest; riparian
red_fan_parrot,Forest,forest; woodland; riparian; coastal
ochre_marked_parakeet,Forest,forest
blaze_winged_parakeet,Woodland,woodland; shrub; riparian
maroon_bellied_parakeet,Forest,forest; woodland; artificial; riparian
pearly_parakeet,Forest,forest
crimson_bellied_parakeet,Forest,forest; woodland; shrub
green_cheeked_parakeet,Woodland,woodland; shrub; riparian
goias_parakeet,Shrub,woodland; shrub
grey_breasted_parakeet,Forest,forest; woodland; shrub
white_eared_parakeet,Forest,forest
painted_parakeet,Forest,forest; woodland; coastal
azuero_parakeet,Forest,forest
sinu_parakeet,Forest,forest
perija_parakeet,Forest,forest
venezuelan_parakeet,Forest,forest
santarem_parakeet,Forest,forest; woodland
madeira_parakeet,Forest,forest; savannah
bonapartes_parakeet,Forest,forest
rose_fronted_parakeet,Forest,forest
wavy_breasted_parakeet,Forest,forest
garlepps_parakeet,Forest,forest
santa_marta_parakeet,Forest,forest; shrub
fiery_shouldered_parakeet,Forest,forest
maroon_tailed_parakeet,Forest,forest
choco_parakeet,Forest,forest
upper_magdalena_parakeet,Forest,forest
el_oro_parakeet,Forest,forest
white_necked_parakeet,Forest,forest
black_capped_parakeet,Forest,forest
brown_breasted_parakeet,Forest,forest; woodland; grasslands
red_eared_parakeet,Forest,forest; woodland; savannah
rose_headed_parakeet,Forest,forest; woodland
sulphur_winged_parakeet,Forest,forest; shrub; grasslands
austral_parakeet,Forest,forest; woodland; artificial
slender_billed_parakeet,Forest,forest; grasslands; artificial
burrowing_parrot,Shrub,woodland; shrub; savannah; plains; artificial
hyacinth_macaw,Forest,forest; woodland; grasslands; riparian
lears_macaw,Shrub,shrub; rocky_areas
glaucous_macaw,Forest,forest; savannah
thick_billed_parrot,Forest,forest
maroon_fronted_parrot,Forest,forest
jamaican_parakeet,Woodland,forest; woodland; shrub; artificial; riparian
aztec_parakeet,Woodland,forest; woodland; shrub; artificial; riparian; coastal
orange_fronted_parakeet,Forest,forest; woodland; shrub; savannah; artificial; wetlands_lakes_marsh
peach_fronted_parakeet,Shrub,woodland; shrub; artificial; riparian
brown_throated_parakeet,Savanna,woodland; shrub; savannah; artificial; riparian; coastal
cactus_parakeet,Shrub,woodland; shrub; artificial
carolina_parakeet,Riparian,forest; riparian; wetlands_lakes_marsh
dusky_headed_parakeet,Forest,forest; shrub; artificial; riparian
nanday_parakeet,Savanna,woodland; shrub; savannah; artificial; wetlands_lakes_marsh
sun_parakeet,Savanna,forest; woodland; shrub; savannah
sulphur_breasted_parakeet,Savanna,savannah; artificial; riparian
jandaya_parakeet,Woodland,forest; woodland; shrub; artificial
golden_capped_parakeet,Forest,forest
spixs_macaw,Woodland,woodland; shrub; riparian
red_bellied_macaw,Woodland,woodland; artificial; riparian; coastal
blue_headed_macaw,Forest,forest; artificial; riparian
yellow_collared_macaw,Woodland,forest; woodland; artificial; riparian
blue_winged_macaw,Forest,forest; woodland; riparian
blue_and_yellow_macaw,Forest,forest; woodland; shrub; riparian
blue_throated_macaw,Forest,forest; savannah
chestnut_fronted_macaw,Forest,forest; shrub; riparian; wetlands_lakes_marsh
red_fronted_macaw,Forest,forest; woodland; artificial
cuban_macaw,Forest,forest
military_macaw,Forest,forest
great_green_macaw,Forest,forest
scarlet_macaw,Forest,forest; savannah; riparian; coastal
red_and_green_macaw,Forest,forest; woodland; shrub; riparian
golden_plumed_parakeet,Forest,forest; woodland
yellow_eared_parrot,Forest,forest
golden_parakeet,Forest,forest; artificial
northern_red_shouldered_macaw,Savanna,woodland; shrub; savannah; artificial; riparian
southern_red_shouldered_macaw,Savanna,woodland; savannah
blue_crowned_parakeet,Shrub,woodland; shrub; riparian
green_parakeet,Woodland,forest; woodland; riparian; wetlands_lakes_marsh
red_throated_parakeet,Woodland,forest; woodland
socorro_parakeet,Forest,forest
pacific_parakeet,Woodland,forest; woodland; shrub; plains
scarlet_fronted_parakeet,Forest,forest; woodland; rocky_areas; artificial; riparian
cordilleran_parakeet,Forest,forest; rocky_areas; artificial
mitred_parakeet,Woodland,forest; woodland
red_masked_parakeet,Forest,forest; shrub; artificial; riparian
crimson_fronted_parakeet,Woodland,woodland; artificial
white_eyed_parakeet,Forest,forest; woodland; shrub; artificial; riparian; coastal
cuban_parakeet,Savanna,forest; woodland; savannah
hispaniolan_parakeet,Forest,forest; woodland; shrub; artificial
puerto_rican_parakeet,Forest,forest; savannah; plains
guadeloupe_parakeet,Forest,forest
pesquets_parrot,Forest,forest
mascarene_parrot,Forest,forest
vasa_parrot,Forest,forest; woodland; shrub; savannah; desert; artificial; coastal
seychelles_parrot,Forest,forest; artificial; riparian; coastal
comoro_parrot,Forest,forest; artificial
black_parrot,Forest,forest; woodland; savannah; coastal
yellow_capped_pygmy_parrot,Forest,forest; artificial; coastal
geelvink_pygmy_parrot,Forest,forest; woodland
buff_faced_pygmy_parrot,Forest,forest; woodland; savannah; artificial; riparian
yellow_breasted_pygmy_parrot,Forest,forest; shrub
green_pygmy_parrot,Forest,forest
red_breasted_pygmy_parrot,Forest,forest; artificial
superb_parrot,Riparian,woodland; riparian
regent_parrot,Woodland,forest; woodland; shrub; artificial
princess_parrot,Desert,woodland; shrub; grasslands; desert; riparian
moluccan_king_parrot,Forest,forest; artificial
papuan_king_parrot,Forest,forest
australian_king_parrot,Forest,forest; woodland; savannah; artificial
jonquil_parrot,Forest,forest; woodland; shrub; artificial
red_winged_parrot,Forest,forest; woodland; rocky_areas; riparian; coastal
buru_racquet_tail,Forest,forest; artificial
golden_mantled_racquet_tail,Forest,forest
mindanao_racquet_tail,Forest,forest
montane_racquet_tail,Forest,forest
blue_headed_racquet_tail,Forest,forest; artificial
mindoro_racquet_tail,Forest,forest
sulu_racquet_tail,Forest,forest; coastal
yellowish_breasted_racquet_tail,Forest,forest
green_racquet_tail,Forest,forest; artificial
blue_crowned_racquet_tail,Forest,forest; artificial; coastal
moluccan_eclectus,Forest,forest; woodland; artificial; coastal; wetlands_lakes_marsh
sumba_eclectus,Forest,forest; woodland; shrub; artificial; coastal
tanimbar_eclectus,Forest,forest; woodland; shrub; artificial; coastal
papuan_eclectus,Forest,forest; shrub; savannah; artificial
oceanic_eclectus,Forest,forest
red_cheeked_parrot,Forest,forest; woodland; artificial; coastal; wetlands_lakes_marsh
blue_collared_parrot,Forest,forest
song_parrot,Forest,forest; shrub; artificial
rennell_parrot,Forest,forest; artificial
blue_rumped_parrot,Forest,forest; woodland; artificial; coastal
simeulue_parrot,Forest,forest; artificial; coastal
great_billed_parrot,Forest,forest; artificial; coastal
blue_naped_parrot,Forest,forest; artificial; coastal
blue_backed_parrot,Forest,forest; savannah; artificial
azure_rumped_parrot,Forest,forest; savannah; wetlands_lakes_marsh
black_lored_parrot,Forest,forest
grey_headed_parakeet,Forest,forest; artificial
slaty_headed_parakeet,Woodland,forest; woodland; artificial
blossom_headed_parakeet,Forest,forest; woodland; artificial
plum_headed_parakeet,Forest,forest; woodland; artificial
red_breasted_parakeet,Forest,forest; woodland; artificial; coastal
lord_derbys_parakeet,Forest,forest; shrub; artificial
long_tailed_parakeet,Coastal,forest; artificial; coastal
malabar_parakeet,Forest,forest; artificial
emerald_collared_parakeet,Forest,forest
alexandrine_parakeet,Woodland,woodland; desert; artificial; coastal
seychelles_parakeet,Forest,forest
rose_ringed_parakeet,Plains,forest; woodland; shrub; savannah; plains; artificial; riparian
echo_parakeet,Forest,forest; woodland; shrub
rodrigues_parakeet,Forest,forest
nicobar_parakeet,Forest,forest
mauritius_grey_parrot,Forest,forest
brehms_tiger_parrot,Forest,forest; shrub
painted_tiger_parrot,Forest,forest; shrub; grasslands
snow_mountain_tiger_parrot,Shrub,forest; shrub; grasslands
modest_tiger_parrot,Shrub,shrub; grasslands
madaraszs_tiger_parrot,Forest,forest; shrub
red_rumped_parrot,Woodland,woodland; shrub; savannah; artificial; riparian; coastal
bluebonnet,Woodland,woodland; shrub; artificial
naretha_bluebonnet,Woodland,woodland; shrub; grasslands; artificial; riparian
mulga_parrot,Grassland,woodland; shrub; grasslands
hooded_parrot,Woodland,woodland; savannah; grasslands
golden_shouldered_parrot,Forest,forest; woodland; coastal
paradise_parrot,Forest,forest; savannah; riparian
red_capped_parrot,Forest,forest; artificial
green_rosella,Woodland,forest; woodland; artificial
crimson_rosella,Forest,forest; woodland; artificial; coastal
northern_rosella,Woodland,woodland; artificial; coastal
pale_headed_rosella,Woodland,forest; woodland; shrub; artificial; riparian; wetlands_lakes_marsh
eastern_rosella,Woodland,forest; woodland; shrub; artificial; riparian
western_rosella,Forest,forest; shrub; artificial; riparian
australian_ringneck,Forest,forest; woodland; shrub; savannah; artificial; wetlands_lakes_marsh
swift_parrot,Forest,forest; shrub; artificial
crimson_shining_parrot,Forest,forest
masked_shining_parrot,Forest,forest
maroon_shining_parrot,Forest,forest; shrub; artificial; coastal
horned_parakeet,Forest,forest
ouvea_parakeet,Forest,forest
new_caledonian_parakeet,Forest,forest; woodland; savannah
norfolk_parakeet,Forest,forest
lord_howe_parakeet,Forest,forest
chatham_islands_parakeet,Forest,forest; shrub
antipodes_parakeet,Grassland,grasslands
malherbes_parakeet,Forest,forest; shrub
reischeks_parakeet,Forest,forest; shrub; coastal
yellow_fronted_parakeet,Forest,forest; shrub
red_fronted_parakeet,Forest,forest; shrub; grasslands; coastal
black_fronted_parakeet,Forest,forest
raiatea_parakeet,Forest,forest
ground_parrot,Shrub,shrub; grasslands; artificial; coastal; wetlands_lakes_marsh
night_parrot,Shrub,shrub; grasslands
bourkes_parrot,Shrub,shrub
blue_winged_parrot,Woodland,woodland; shrub; grasslands; coastal; wetlands_lakes_marsh
elegant_parrot,Woodland,woodland; shrub; coastal
rock_parrot,Coastal,woodland; shrub; rocky_areas; coastal
orange_bellied_parrot,Woodland,woodland; artificial; coastal; wetlands_lakes_marsh
turquoise_parrot,Forest,forest; woodland; grasslands; rocky_areas; artificial
scarlet_chested_parrot,Shrub,woodland; shrub; grasslands
plum_faced_lorikeet,Forest,forest
pygmy_lorikeet,Forest,forest; woodland
red_fronted_lorikeet,Forest,forest; artificial; coastal
red_flanked_lorikeet,Forest,forest; woodland; artificial; coastal
blue_fronted_lorikeet,Forest,forest
fairy_lorikeet,Forest,forest
striated_lorikeet,Forest,forest
josephines_lorikeet,Forest,forest; artificial
papuan_lorikeet,Forest,forest
stellas_lorikeet,Forest,forest
duchess_lorikeet,Forest,forest; artificial
meeks_lorikeet,Forest,forest; coastal
red_chinned_lorikeet,Forest,forest
palm_lorikeet,Forest,forest
red_throated_lorikeet,Forest,forest
new_caledonian_lorikeet,Forest,forest; woodland; shrub
collared_lory,Forest,forest; artificial
blue_crowned_lorikeet,Forest,forest; shrub; artificial
ultramarine_lorikeet,Forest,forest; artificial
henderson_lorikeet,Forest,forest
rimatara_lorikeet,Forest,forest; artificial
blue_lorikeet,Woodland,woodland
yellow_billed_lorikeet,Forest,forest; artificial
orange_billed_lorikeet,Forest,forest
white_naped_lory,Forest,forest
yellow_bibbed_lory,Forest,forest; artificial
purple_naped_lory,Forest,forest
chattering_lory,Forest,forest; woodland; artificial
purple_bellied_lory,Forest,forest; coastal
black_capped_lory,Forest,forest; wetlands_lakes_marsh
varied_lorikeet,Woodland,woodland; wetlands_lakes_marsh
purple_crowned_lorikeet,Woodland,forest; woodland; savannah; coastal
little_lorikeet,Woodland,forest; woodland
dusky_lory,Forest,forest; savannah; artificial
cardinal_lory,Forest,forest; artificial; coastal
brown_lory,Forest,forest
black_lory,Savanna,forest; woodland; savannah; grasslands; artificial; coastal; wetlands_lakes_marsh
yellow_streaked_lory,Savanna,forest; savannah; artificial; coastal; wetlands_lakes_marsh
goldies_lorikeet,Forest,forest
musk_lorikeet,Woodland,woodland; artificial
mindanao_lorikeet,Forest,forest
iris_lorikeet,Forest,forest; woodland; artificial
yellow_and_green_lorikeet,Forest,forest
mustard_capped_lorikeet,Forest,forest; savannah
ornate_lorikeet,Forest,forest; woodland; artificial; wetlands_lakes_marsh
blue_streaked_lory,Forest,forest; artificial; coastal
blue_eared_lory,Forest,forest
red_lory,Forest,forest; artificial; coastal
black_winged_lory,Forest,forest
red_and_blue_lory,Forest,forest
violet_necked_lory,Forest,forest; shrub; artificial; coastal
pohnpei_lorikeet,Forest,forest; artificial
scaly_breasted_lorikeet,Woodland,woodland; artificial; wetlands_lakes_marsh
coconut_lorikeet,Woodland,forest; woodland; shrub; savannah; artificial; coastal; wetlands_lakes_marsh
biak_lorikeet,Forest,forest; artificial
rainbow_lorikeet,Forest,forest; woodland; savannah; artificial
red_collared_lorikeet,Forest,forest; woodland; shrub; artificial
olive_headed_lorikeet,Forest,forest; woodland; savannah; artificial
marigold_lorikeet,Forest,forest; woodland
flores_lorikeet,Forest,forest
scarlet_breasted_lorikeet,Woodland,woodland
budgerigar,Savanna,woodland; shrub; savannah; grasslands; plains; desert; artificial; riparian
large_fig_parrot,Forest,forest; shrub; savannah
yellow_naped_fig_parrot,Forest,forest; savannah
red_faced_fig_parrot,Forest,forest; savannah
edwardss_fig_parrot,Forest,forest
salvadoris_fig_parrot,Forest,forest
blue_fronted_fig_parrot,Forest,forest; woodland; riparian
black_fronted_fig_parrot,Forest,forest; woodland; riparian
creamy_breasted_fig_parrot,Forest,forest; woodland; riparian
dusky_cheeked_fig_parrot,Forest,forest; woodland; riparian
double_eyed_fig_parrot,Forest,forest; shrub; artificial; riparian; coastal
coxens_fig_parrot,Forest,forest
guaiabero,Forest,forest; artificial; coastal
vernal_hanging_parrot,Forest,forest; bamboo; woodland; shrub; artificial
sri_lanka_hanging_parrot,Forest,forest; woodland; artificial
philippine_hanging_parrot,Forest,forest; bamboo; shrub; artificial
camiguin_hanging_parrot,Forest,forest; bamboo; artificial
black_billed_hanging_parrot,Forest,forest
blue_crowned_hanging_parrot,Forest,forest; bamboo; woodland; artificial; riparian; coastal
sulawesi_hanging_parrot,Forest,forest; woodland; shrub; artificial; coastal
moluccan_hanging_parrot,Forest,forest; artificial; coastal
sula_hanging_parrot,Forest,forest; shrub; artificial
sangihe_hanging_parrot,Forest,forest; artificial
orange_fronted_hanging_parrot,Forest,forest
bismarck_hanging_parrot,Forest,forest; coastal
pygmy_hanging_parrot,Forest,forest; coastal
yellow_throated_hanging_parrot,Forest,forest; wetlands_lakes_marsh
flores_hanging_parrot,Forest,forest
grey_headed_lovebird,Forest,forest; woodland; shrub; savannah; artificial
red_headed_lovebird,Woodland,forest; woodland; savannah; rocky_areas; artificial; riparian
black_winged_lovebird,Forest,forest; savannah
black_collared_lovebird,Forest,forest
rosy_faced_lovebird,Woodland,woodland; shrub; rocky_areas; coastal
fischers_lovebird,Forest,forest; woodland; savannah; artificial
yellow_collared_lovebird,Shrub,shrub
nyasa_lovebird,Woodland,forest; woodland
black_cheeked_lovebird,Forest,forest; woodland; artificial
broad_billed_parrot,Forest,forest
rodrigues_parrot,Forest,forest
rifleman,Forest,forest; shrub; artificial; riparian; coastal
bushwren,Forest,forest
new_zealand_rockwren,Shrub,shrub; rocky_areas
stephens_island_rockwren,Shrub,shrub; rocky_areas
sapayoa,Forest,forest; riparian
schlegels_asity,Forest,forest
velvet_asity,Forest,forest; shrub
common_sunbird_asity,Forest,forest
yellow_bellied_sunbird_asity,Forest,forest; shrub
grauers_broadbill,Forest,forest; bamboo; artificial
long_tailed_broadbill,Forest,forest; bamboo; artificial; riparian
dusky_broadbill,Forest,forest; riparian
visayan_wattled_broadbill,Forest,forest
mindanao_wattled_broadbill,Forest,forest; shrub; riparian; coastal
grey_browed_broadbill,Forest,forest; bamboo
silver_breasted_broadbill,Forest,forest; bamboo; woodland; artificial
black_and_red_broadbill,Forest,forest; shrub; artificial; riparian; coastal
irrawaddy_broadbill,Forest,forest; artificial
javan_broadbill,Forest,forest
banded_broadbill,Forest,forest; shrub; artificial; riparian
black_and_yellow_broadbill,Forest,forest; artificial; coastal
grey_headed_broadbill,Forest,forest
rufous_sided_broadbill,Forest,forest; riparian
african_broadbill,Forest,forest; bamboo; woodland; shrub; artificial; riparian; coastal
green_broadbill,Forest,forest; artificial; riparian; coastal
hoses_broadbill,Forest,forest
whiteheads_broadbill,Forest,forest
eared_pitta,Forest,forest; bamboo; shrub
giant_pitta,Forest,forest; shrub
rusty_naped_pitta,Forest,forest; rocky_areas; riparian
schneiders_pitta,Forest,forest
blue_naped_pitta,Forest,forest; bamboo; shrub; riparian
blue_rumped_pitta,Forest,forest; bamboo; riparian
malay_banded_pitta,Forest,forest; artificial
javan_banded_pitta,Forest,forest; artificial
bornean_banded_pitta,Forest,forest; artificial
blue_headed_pitta,Forest,forest; riparian
blue_pitta,Forest,forest; bamboo; riparian
gurneys_pitta,Forest,forest; bamboo; artificial; riparian
bar_bellied_pitta,Forest,forest; bamboo; riparian
whiskered_pitta,Forest,forest; bamboo
philippine_pitta,Forest,forest; bamboo; shrub; artificial; riparian
talaud_pitta,Forest,forest
sula_pitta,Forest,forest; artificial
sulawesi_pitta,Forest,forest
siau_pitta,Forest,forest
sangihe_pitta,Forest,forest; artificial; riparian
north_moluccan_pitta,Forest,forest; shrub
south_moluccan_pitta,Forest,forest; bamboo
papuan_pitta,Forest,forest; bamboo; shrub; artificial; riparian
new_ireland_pitta,Forest,forest
tabar_pitta,Forest,forest
new_britain_pitta,Forest,forest
louisiade_pitta,Forest,forest
graceful_pitta,Forest,forest; riparian
garnet_pitta,Forest,forest
black_crowned_pitta,Forest,forest
blue_banded_pitta,Forest,forest; bamboo
african_pitta,Forest,forest; shrub; wetlands_lakes_marsh
green_breasted_pitta,Forest,forest; shrub
indian_pitta,Forest,forest; bamboo; woodland; shrub; artificial; riparian
blue_winged_pitta,Forest,forest; bamboo; woodland; shrub; artificial; coastal
mangrove_pitta,Coastal,riparian; coastal
western_hooded_pitta,Forest,forest; shrub; artificial; coastal; wetlands_lakes_marsh
nicobar_hooded_pitta,Forest,forest; shrub
minahasa_hooded_pitta,Forest,forest; shrub
eastern_hooded_pitta,Forest,forest
biak_hooded_pitta,Forest,forest; shrub; riparian
fairy_pitta,Forest,forest; bamboo; shrub; artificial; riparian
noisy_pitta,Forest,forest; woodland; artificial; riparian; coastal
ivory_breasted_pitta,Forest,forest; shrub; rocky_areas
morotai_pitta,Forest,forest
ornate_pitta,Forest,forest; savannah; artificial
elegant_pitta,Forest,forest; woodland; shrub
banda_sea_pitta,Woodland,forest; woodland; shrub; artificial
black_faced_pitta,Forest,forest; shrub; artificial
azure_breasted_pitta,Forest,forest; rocky_areas; artificial
superb_pitta,Forest,forest; bamboo; shrub
rainbow_pitta,Forest,forest; bamboo; shrub; artificial; riparian; coastal
middle_american_leaftosser,Woodland,forest; woodland
dusky_leaftosser,Forest,forest
short_billed_leaftosser,Forest,forest
scaly_throated_leaftosser,Woodland,forest; woodland
black_tailed_leaftosser,Forest,forest
grey_throated_leaftosser,Forest,forest
rufous_breasted_leaftosser,Forest,forest; woodland
ceara_leaftosser,Forest,forest
coastal_miner,Coastal,plains; desert; coastal
slender_billed_miner,Grassland,shrub; grasslands; artificial; riparian
common_miner,Grassland,shrub; grasslands; plains; coastal
puna_miner,Grassland,grasslands; riparian; wetlands_lakes_marsh
campo_miner,Grassland,shrub; grasslands
thick_billed_miner,Shrub,shrub; rocky_areas; desert
rufous_banded_miner,Grassland,shrub; grasslands; rocky_areas; riparian
greyish_miner,Desert,grasslands; plains; rocky_areas; desert
short_billed_miner,Grassland,shrub; grasslands; plains; artificial; coastal
dark_winged_miner,Grassland,grasslands; rocky_areas
creamy_rumped_miner,Grassland,grasslands; rocky_areas
spot_throated_woodcreeper,Forest,forest; shrub
eastern_olivaceous_woodcreeper,Forest,forest; woodland; shrub; artificial; riparian
western_olivaceous_woodcreeper,Forest,forest; woodland; shrub; riparian
little_long_tailed_woodcreeper,Forest,forest
northern_long_tailed_woodcreeper,Forest,forest
southern_long_tailed_woodcreeper,Forest,forest
tyrannine_woodcreeper,Forest,forest
white_chinned_woodcreeper,Forest,forest; bamboo; riparian
ruddy_woodcreeper,Forest,forest; woodland; riparian
tawny_winged_woodcreeper,Forest,forest; coastal
plain_brown_woodcreeper,Forest,forest; bamboo; woodland; artificial; riparian; coastal
plain_winged_woodcreeper,Forest,forest; shrub; riparian
wedge_billed_woodcreeper,Forest,forest; bamboo; woodland; artificial; riparian
cinnamon_throated_woodcreeper,Forest,forest; woodland; shrub; riparian
long_billed_woodcreeper,Forest,forest; shrub; artificial; riparian
western_barred_woodcreeper,Forest,forest; woodland; artificial; riparian; coastal
eastern_barred_woodcreeper,Forest,forest; coastal
amazonian_barred_woodcreeper,Forest,forest; woodland; riparian; coastal
black_banded_woodcreeper,Forest,forest; woodland; shrub
hoffmannss_woodcreeper,Forest,forest
planalto_woodcreeper,Forest,forest; woodland; shrub; artificial; riparian
bar_bellied_woodcreeper,Forest,forest
red_billed_woodcreeper,Forest,forest; woodland; riparian
uniform_woodcreeper,Forest,forest; riparian
strong_billed_woodcreeper,Forest,forest; woodland
moustached_woodcreeper,Woodland,woodland; shrub; riparian
white_throated_woodcreeper,Forest,forest; woodland; shrub; riparian
great_rufous_woodcreeper,Woodland,woodland; shrub; savannah; riparian
striped_woodcreeper,Forest,forest; woodland; riparian
lesser_woodcreeper,Forest,forest; woodland; riparian
atlantic_woodcreeper,Forest,forest; wetlands_lakes_marsh
chestnut_rumped_woodcreeper,Forest,forest; woodland; shrub; artificial
ocellated_woodcreeper,Forest,forest; shrub; riparian
line_crowned_woodcreeper,Forest,forest; riparian
tschudis_woodcreeper,Forest,forest; bamboo
elegant_woodcreeper,Forest,forest; bamboo; woodland; riparian
spixs_woodcreeper,Forest,forest
buff_throated_woodcreeper,Forest,forest; woodland; shrub; riparian; coastal
lafresnayes_woodcreeper,Forest,forest; riparian
cocoa_woodcreeper,Forest,forest; woodland; shrub; artificial; riparian; coastal
ivory_billed_woodcreeper,Woodland,forest; woodland; shrub; artificial; riparian; coastal; wetlands_lakes_marsh
black_striped_woodcreeper,Forest,forest; artificial; coastal
northern_spotted_woodcreeper,Forest,forest; woodland; artificial
southern_spotted_woodcreeper,Forest,forest; woodland
olive_backed_woodcreeper,Forest,forest
straight_billed_woodcreeper,Woodland,woodland; shrub; savannah; artificial; riparian; coastal
zimmers_woodcreeper,Forest,forest; riparian
red_billed_scythebill,Forest,forest; bamboo; woodland; shrub; riparian
black_billed_scythebill,Forest,forest; bamboo; woodland; shrub
curve_billed_scythebill,Forest,forest; bamboo; woodland; riparian
tapajos_scythebill,Forest,forest; bamboo
xingu_scythebill,Forest,forest; bamboo
brown_billed_scythebill,Forest,forest
greater_scythebill,Forest,forest
scimitar_billed_woodcreeper,Woodland,woodland; shrub; savannah; artificial
white_striped_woodcreeper,Forest,forest; woodland
streak_headed_woodcreeper,Woodland,forest; woodland; shrub; riparian
narrow_billed_woodcreeper,Woodland,woodland; shrub; savannah; artificial; riparian
northern_spot_crowned_woodcreeper,Forest,forest; woodland; artificial
southern_spot_crowned_woodcreeper,Forest,forest; woodland
montane_woodcreeper,Forest,forest; woodland; grasslands
scaled_woodcreeper,Forest,forest; woodland; shrub; riparian
scalloped_woodcreeper,Forest,forest
lineated_woodcreeper,Forest,forest; woodland; shrub; riparian
duida_woodcreeper,Forest,forest; shrub
inambari_woodcreeper,Forest,forest; shrub; artificial
dusky_capped_woodcreeper,Forest,forest; shrub
slender_billed_xenops,Forest,forest
northern_plain_xenops,Forest,forest
amazonian_plain_xenops,Forest,forest
white_throated_xenops,Forest,forest; shrub
streaked_xenops,Forest,forest; woodland
palmcreeper,Forest,forest
rufous_tailed_xenops,Forest,forest
white_throated_treerunner,Forest,forest
straight_billed_earthcreeper,Shrub,shrub; rocky_areas; riparian
rock_earthcreeper,Shrub,shrub; grasslands; rocky_areas; riparian
band_tailed_earthcreeper,Shrub,shrub; grasslands; plains
crag_earthcreeper,Shrub,shrub; grasslands; rocky_areas
buffy_tuftedcheek,Forest,forest
pacific_tuftedcheek,Forest,forest
streaked_tuftedcheek,Forest,forest
rusty_winged_barbtail,Forest,forest
bolivian_earthcreeper,Shrub,woodland; shrub
chaco_earthcreeper,Woodland,woodland; shrub
wing_banded_hornero,Riparian,woodland; shrub; artificial; riparian; wetlands_lakes_marsh
pacific_hornero,Shrub,woodland; shrub; plains; artificial; riparian
caribbean_hornero,Shrub,woodland; shrub; plains; artificial; riparian
pale_legged_hornero,Shrub,forest; woodland; shrub; artificial; riparian
pale_billed_hornero,Riparian,forest; woodland; riparian
lesser_hornero,Riparian,woodland; shrub; riparian
rufous_hornero,Shrub,shrub; grasslands; artificial
crested_hornero,Shrub,woodland; shrub; artificial
streamcreeper,Riparian,forest; riparian
wren_like_rushbird,Wetland,wetlands_lakes_marsh
curve_billed_reedhaunter,Wetland,coastal; wetlands_lakes_marsh
striated_earthcreeper,Woodland,woodland; shrub; rocky_areas
scale_throated_earthcreeper,Shrub,shrub; grasslands; plains
forest_earthcreeper,Forest,forest
white_throated_earthcreeper,Shrub,shrub; rocky_areas; desert; artificial
buff_breasted_earthcreeper,Grassland,shrub; grasslands; riparian
long_tailed_cinclodes,Grassland,grasslands; rocky_areas; artificial
blackish_cinclodes,Coastal,grasslands; artificial; coastal
black_cinclodes,Coastal,coastal
buff_winged_cinclodes,Grassland,shrub; grasslands; plains; riparian; coastal; wetlands_lakes_marsh
cordoba_cinclodes,Grassland,grasslands; rocky_areas
chestnut_winged_cinclodes,Grassland,shrub; grasslands; riparian
cream_winged_cinclodes,Grassland,shrub; grasslands; riparian
olrogs_cinclodes,Plains,plains; rocky_areas; riparian; wetlands_lakes_marsh
grey_flanked_cinclodes,Grassland,grasslands; rocky_areas; riparian
stout_billed_cinclodes,Grassland,woodland; shrub; grasslands; wetlands_lakes_marsh
royal_cinclodes,Woodland,woodland; rocky_areas; wetlands_lakes_marsh
white_bellied_cinclodes,Wetland,grasslands; rocky_areas; wetlands_lakes_marsh
white_winged_cinclodes,Grassland,shrub; grasslands; rocky_areas; riparian
dark_bellied_cinclodes,Coastal,artificial; riparian; coastal; wetlands_lakes_marsh
surf_cinclodes,Coastal,coastal
seaside_cinclodes,Coastal,rocky_areas; coastal
dusky_cheeked_foliage_gleaner,Forest,forest; bamboo; shrub; riparian
white_collared_foliage_gleaner,Forest,forest; bamboo
great_xenops,Shrub,forest; woodland; shrub
large_pale_browed_treehunter,Forest,forest
small_pale_browed_treehunter,Forest,forest
cryptic_treehunter,Forest,forest
sharp_billed_treehunter,Forest,forest
slaty_winged_foliage_gleaner,Forest,forest
rufous_rumped_foliage_gleaner,Forest,forest
alagoas_foliage_gleaner,Woodland,forest; woodland
black_capped_foliage_gleaner,Forest,forest
cinnamon_rumped_foliage_gleaner,Forest,forest; woodland; riparian
montane_foliage_gleaner,Forest,forest
scaly_throated_foliage_gleaner,Forest,forest; woodland
rufous_tailed_foliage_gleaner,Forest,forest
white_browed_foliage_gleaner,Forest,forest
ochre_breasted_foliage_gleaner,Forest,forest
buff_browed_foliage_gleaner,Forest,forest; bamboo; woodland; riparian
russet_mantled_foliage_gleaner,Riparian,forest; riparian
white_throated_foliage_gleaner,Forest,forest; woodland
lineated_foliage_gleaner,Forest,forest; riparian
rufous_necked_foliage_gleaner,Forest,forest; bamboo; woodland; riparian
guttulate_foliage_gleaner,Forest,forest
peruvian_recurvebill,Forest,forest; bamboo; riparian
bolivian_recurvebill,Shrub,forest; shrub
chestnut_winged_hookbill,Forest,forest
buff_fronted_foliage_gleaner,Forest,forest; riparian
chestnut_winged_foliage_gleaner,Forest,forest
canebrake_groundcreeper,Forest,forest; bamboo; riparian
chestnut_capped_foliage_gleaner,Riparian,woodland; riparian
henna_hooded_foliage_gleaner,Woodland,woodland; shrub; riparian
ruddy_foliage_gleaner,Forest,forest; woodland; riparian
santa_marta_foliage_gleaner,Forest,forest; artificial
uniform_treehunter,Forest,forest; woodland
flammulated_treehunter,Forest,forest; bamboo
rufous_backed_treehunter,Forest,forest; bamboo
streak_breasted_treehunter,Forest,forest; riparian
black_billed_treehunter,Forest,forest
striped_treehunter,Forest,forest; bamboo
streak_capped_treehunter,Forest,forest
chestnut_crowned_foliage_gleaner,Riparian,forest; bamboo; riparian
brown_rumped_foliage_gleaner,Forest,forest; bamboo
fawn_throated_foliage_gleaner,Forest,forest; artificial
ochre_throated_foliage_gleaner,Forest,forest; shrub; riparian; wetlands_lakes_marsh
chiriqui_foliage_gleaner,Forest,forest; artificial
western_woodhaunter,Forest,forest
amazonian_woodhaunter,Forest,forest; shrub; riparian
olive_backed_foliage_gleaner,Forest,forest
para_foliage_gleaner,Forest,forest
pernambuco_foliage_gleaner,Forest,forest; woodland
white_eyed_foliage_gleaner,Forest,forest; woodland
spotted_barbtail,Forest,forest
white_throated_barbtail,Forest,forest; woodland
paria_barbtail,Forest,forest
beautiful_treerunner,Forest,forest
ruddy_treerunner,Forest,forest
fulvous_dotted_treerunner,Forest,forest
pearled_treerunner,Forest,forest; woodland
thorn_tailed_rayadito,Forest,forest; shrub; grasslands
masafuera_rayadito,Shrub,forest; shrub; riparian
des_murss_wiretail,Forest,forest; bamboo; woodland
tawny_tit_spinetail,Woodland,woodland; shrub; rocky_areas; riparian
brown_capped_tit_spinetail,Shrub,woodland; shrub; riparian
tufted_tit_spinetail,Riparian,woodland; shrub; desert; riparian
plain_mantled_tit_spinetail,Shrub,forest; shrub; rocky_areas; artificial
buffy_tit_spinetail,Grassland,shrub; grasslands
pallid_tit_spinetail,Shrub,woodland; shrub; plains
striolated_tit_spinetail,Woodland,forest; woodland; riparian
rusty_crowned_tit_spinetail,Shrub,woodland; shrub; riparian
white_browed_tit_spinetail,Woodland,woodland; shrub
streaked_tit_spinetail,Shrub,woodland; shrub
andean_tit_spinetail,Shrub,woodland; shrub; grasslands
araucaria_tit_spinetail,Forest,forest; woodland; shrub; artificial
rufous_fronted_thornbird,Shrub,forest; woodland; shrub; savannah; artificial; riparian
plain_thornbird,Shrub,forest; woodland; shrub; savannah; riparian
streak_fronted_thornbird,Shrub,woodland; shrub; artificial
little_thornbird,Woodland,woodland; shrub
chestnut_backed_thornbird,Shrub,woodland; shrub
spot_breasted_thornbird,Woodland,woodland
freckle_breasted_thornbird,Riparian,shrub; riparian; wetlands_lakes_marsh
greater_thornbird,Riparian,shrub; riparian
orange_eyed_thornbird,Forest,forest; riparian; wetlands_lakes_marsh
orange_breasted_thornbird,Forest,forest; riparian; wetlands_lakes_marsh
white_browed_spinetail,Forest,forest; bamboo; shrub
firewood_gatherer,Grassland,woodland; shrub; grasslands; artificial
lark_like_brushrunner,Shrub,woodland; shrub; artificial
huancavelica_canastero,Shrub,woodland; shrub; riparian
white_tailed_canastero,Shrub,woodland; shrub
arequipa_canastero,Shrub,forest; shrub
creamy_breasted_canastero,Shrub,woodland; shrub
berlepschs_canastero,Shrub,woodland; shrub; artificial
short_billed_canastero,Shrub,woodland; shrub
cipo_canastero,Grassland,grasslands; rocky_areas
hudsons_canastero,Grassland,grasslands; wetlands_lakes_marsh
austral_canastero,Grassland,shrub; savannah; grasslands
line_fronted_canastero,Grassland,woodland; shrub; savannah; grasslands
many_striped_canastero,Grassland,woodland; shrub; grasslands; rocky_areas
junin_canastero,Grassland,woodland; shrub; savannah; grasslands
scribble_tailed_canastero,Grassland,shrub; savannah; grasslands
streak_backed_canastero,Grassland,shrub; grasslands; rocky_areas
streak_throated_canastero,Grassland,shrub; grasslands; rocky_areas
cordilleran_canastero,Grassland,woodland; shrub; grasslands; rocky_areas
itatiaia_spinetail,Shrub,bamboo; shrub; grasslands
sharp_billed_canastero,Shrub,shrub; grasslands; rocky_areas; desert; wetlands_lakes_marsh
black_throated_thistletail,Grassland,forest; shrub; grasslands
puna_thistletail,Grassland,forest; shrub; grasslands
vilcabamba_thistletail,Grassland,forest; woodland; grasslands
ayacucho_thistletail,Forest,forest; bamboo; woodland; grasslands
canyon_canastero,Shrub,woodland; shrub; rocky_areas; riparian
rusty_fronted_canastero,Shrub,woodland; shrub
maquis_canastero,Shrub,woodland; shrub; grasslands; artificial
eye_ringed_thistletail,Grassland,forest; shrub; grasslands
ochre_browed_thistletail,Grassland,forest; woodland; shrub; grasslands
perija_thistletail,Grassland,forest; shrub; grasslands
white_chinned_thistletail,Grassland,forest; woodland; grasslands
mouse_colored_thistletail,Grassland,forest; woodland; grasslands
pink_legged_graveteiro,Forest,forest
orange_fronted_plushcrown,Riparian,forest; shrub; riparian
double_banded_greytail,Forest,forest
equatorial_greytail,Forest,forest
spectacled_prickletail,Forest,forest
roraiman_barbtail,Forest,forest
speckled_spinetail,Forest,forest
striated_softtail,Forest,forest
orinoco_softtail,Riparian,forest; riparian
delta_amacuro_softtail,Forest,forest; savannah; riparian
plain_softtail,Forest,forest; woodland; shrub; riparian
straight_billed_reedhaunter,Wetland,grasslands; riparian; wetlands_lakes_marsh
sulphur_throated_spinetail,Wetland,shrub; wetlands_lakes_marsh
russet_mantled_softtail,Forest,forest; bamboo; rocky_areas
vilcabamba_spinetail,Forest,forest; bamboo
marcapata_spinetail,Forest,forest; bamboo
light_crowned_spinetail,Forest,forest; bamboo
rusty_backed_spinetail,Riparian,forest; woodland; shrub; riparian
coiba_spinetail,Forest,forest
parkers_spinetail,Riparian,forest; riparian
crested_spinetail,Forest,forest; woodland; artificial
stripe_crowned_spinetail,Woodland,forest; woodland; shrub; riparian
bolivian_spinetail,Woodland,woodland; shrub
olive_spinetail,Forest,forest; woodland
pallid_spinetail,Forest,forest; woodland
grey_headed_spinetail,Woodland,forest; woodland
creamy_crested_spinetail,Woodland,woodland; artificial; riparian
red_faced_spinetail,Forest,forest; woodland
tepui_spinetail,Forest,forest; riparian
streak_capped_spinetail,Forest,forest
ash_browed_spinetail,Forest,forest
line_cheeked_spinetail,Forest,forest; woodland; shrub
scaled_spinetail,Forest,forest
dusky_tailed_canastero,Shrub,forest; woodland; shrub; desert
patagonian_canastero,Shrub,shrub; grasslands; riparian
steinbachs_canastero,Shrub,woodland; shrub; riparian
cactus_canastero,Shrub,shrub; desert
bay_capped_wren_spinetail,Wetland,wetlands_lakes_marsh
caatinga_cacholote,Woodland,woodland; shrub; artificial; riparian; wetlands_lakes_marsh
grey_crested_cacholote,Forest,forest; savannah; artificial; wetlands_lakes_marsh
brown_cacholote,Woodland,woodland; shrub; artificial; riparian
white_throated_cacholote,Shrub,woodland; shrub
yellow_chinned_spinetail,Wetland,shrub; grasslands; coastal; wetlands_lakes_marsh
red_and_white_spinetail,Riparian,shrub; grasslands; riparian; wetlands_lakes_marsh
white_bellied_spinetail,Riparian,shrub; riparian
chotoy_spinetail,Grassland,woodland; shrub; savannah; grasslands; artificial
ochre_cheeked_spinetail,Woodland,woodland; shrub
grey_bellied_spinetail,Forest,forest; woodland
plain_crowned_spinetail,Riparian,forest; woodland; shrub; artificial; riparian
araguaia_spinetail,Forest,forest; woodland; shrub; riparian
white_lored_spinetail,Riparian,woodland; shrub; riparian
marañon_spinetail,Riparian,forest; woodland; shrub; riparian
great_spinetail,Shrub,woodland; shrub
chinchipe_spinetail,Shrub,woodland; shrub
necklaced_spinetail,Shrub,woodland; shrub
russet_bellied_spinetail,Shrub,woodland; shrub
slaty_spinetail,Shrub,forest; woodland; shrub; artificial; riparian; wetlands_lakes_marsh
silvery_throated_spinetail,Forest,forest; woodland; shrub
red_shouldered_spinetail,Woodland,woodland; shrub
rufous_capped_spinetail,Forest,forest; bamboo; woodland
bahia_spinetail,Forest,forest; bamboo; shrub
pintos_spinetail,Forest,forest; woodland; shrub
dusky_spinetail,Riparian,forest; bamboo; woodland; shrub; riparian
mc_connells_spinetail,Forest,forest; shrub; riparian
cabaniss_spinetail,Forest,forest; bamboo; shrub; riparian
cinereous_breasted_spinetail,Grassland,shrub; grasslands; wetlands_lakes_marsh
spixs_spinetail,Shrub,woodland; shrub; grasslands; riparian
dark_breasted_spinetail,Shrub,shrub; grasslands; artificial; riparian
orinoco_spinetail,Shrub,shrub; riparian
pale_breasted_spinetail,Woodland,woodland; shrub; grasslands; artificial; wetlands_lakes_marsh
sooty_fronted_spinetail,Woodland,woodland; shrub; artificial; riparian
azaras_spinetail,Forest,forest; bamboo; shrub; riparian
apurimac_spinetail,Forest,forest; bamboo; shrub
white_whiskered_spinetail,Forest,forest; shrub; artificial; coastal
rufous_breasted_spinetail,Forest,forest; woodland; shrub
hoary_throated_spinetail,Riparian,shrub; savannah; riparian
blackish_headed_spinetail,Woodland,forest; woodland; shrub
rusty_headed_spinetail,Forest,forest; shrub
rufous_spinetail,Forest,forest; bamboo; shrub
black_throated_spinetail,Forest,forest; bamboo; shrub; artificial
stripe_breasted_spinetail,Woodland,woodland; shrub; artificial; riparian
ruddy_spinetail,Forest,forest
chestnut_throated_spinetail,Forest,forest; bamboo; shrub
rufous_rumped_antwren,Forest,forest
chestnut_shouldered_antwren,Forest,forest
yellow_rumped_antwren,Forest,forest
ash_winged_antwren,Forest,forest
southern_wing_banded_antbird,Forest,forest
northern_wing_banded_antbird,Forest,forest
spot_winged_antshrike,Forest,forest
western_russet_antshrike,Forest,forest
eastern_russet_antshrike,Forest,forest
rufescent_antshrike,Forest,forest; artificial
dot_winged_antwren,Forest,forest; bamboo; woodland; shrub; artificial
black_bushbird,Forest,forest; shrub
recurve_billed_bushbird,Forest,forest; shrub
rondonia_bushbird,Forest,forest; shrub
checker_throated_stipplethroat,Forest,forest; woodland; shrub
western_ornate_stipplethroat,Forest,forest; bamboo; shrub; riparian
eastern_ornate_stipplethroat,Forest,forest; bamboo
rufous_tailed_stipplethroat,Forest,forest
white_eyed_stipplethroat,Forest,forest; bamboo; woodland; shrub
brown_bellied_stipplethroat,Forest,forest
rufous_backed_stipplethroat,Forest,forest
foothill_stipplethroat,Forest,forest; shrub
rio_madeira_stipplethroat,Forest,forest
stripe_backed_antbird,Woodland,woodland; shrub
yapacana_antbird,Forest,forest; shrub
grey_bellied_antbird,Forest,forest; shrub
black_throated_antbird,Forest,forest; woodland; riparian
moustached_antwren,Forest,forest; woodland
pygmy_antwren,Forest,forest; woodland
guianan_streaked_antwren,Forest,forest; shrub; riparian; coastal
amazonian_streaked_antwren,Forest,forest; shrub
pacific_antwren,Shrub,forest; shrub; artificial; riparian
cherries_antwren,Woodland,forest; woodland; shrub; riparian; coastal
klagess_antwren,Forest,forest; riparian
stripe_chested_antwren,Shrub,forest; woodland; shrub; riparian; wetlands_lakes_marsh
yellow_throated_antwren,Forest,forest; shrub
sclaters_antwren,Forest,forest
white_flanked_antwren,Forest,forest; woodland; riparian
silvery_flanked_antwren,Forest,forest
slaty_antwren,Forest,forest; woodland; shrub
rio_suno_antwren,Shrub,forest; shrub
salvadoris_antwren,Forest,forest; woodland
long_winged_antwren,Forest,forest
band_tailed_antwren,Forest,forest
iherings_antwren,Forest,forest; bamboo; shrub
rio_de_janeiro_antwren,Forest,forest
ashy_antwren,Forest,forest; woodland
unicolored_antwren,Forest,forest; woodland; coastal
alagoas_antwren,Forest,forest
plain_winged_antwren,Forest,forest
grey_antwren,Forest,forest
leaden_antwren,Riparian,forest; riparian
streak_capped_antwren,Forest,forest; woodland
orange_bellied_antwren,Forest,forest; woodland
black_and_white_antbird,Riparian,woodland; shrub; riparian
narrow_billed_antwren,Forest,forest; woodland
black_hooded_antwren,Shrub,forest; woodland; shrub; artificial; coastal
northern_white_fringed_antwren,Shrub,woodland; shrub; riparian; coastal
southern_white_fringed_antwren,Woodland,woodland; shrub; savannah; riparian; coastal
serra_antwren,Forest,forest; bamboo; woodland; shrub; artificial
black_bellied_antwren,Woodland,woodland; shrub
rusty_backed_antwren,Shrub,shrub
sincora_antwren,Shrub,shrub; grasslands
parana_antwren,Wetland,shrub; coastal; wetlands_lakes_marsh
marsh_antwren,Wetland,wetlands_lakes_marsh
banded_antbird,Forest,forest
star_throated_antwren,Forest,forest; riparian
plain_throated_antwren,Forest,forest; riparian; wetlands_lakes_marsh
rufous_bellied_antwren,Forest,forest; riparian
dusky_throated_antshrike,Forest,forest
saturnine_antshrike,Forest,forest
cinereous_antshrike,Forest,forest
bluish_slate_antshrike,Forest,forest; bamboo; shrub
pearly_antshrike,Forest,forest; woodland; shrub
silvery_cheeked_antshrike,Woodland,forest; woodland; shrub
bahia_antwren,Forest,forest; coastal
black_capped_antwren,Woodland,forest; woodland; riparian
aripuana_antwren,Forest,forest
predicted_antwren,Forest,forest
creamy_bellied_antwren,Forest,forest
ash_throated_antwren,Forest,forest; savannah
spot_tailed_antwren,Forest,forest; shrub; riparian
dugands_antwren,Forest,forest
todds_antwren,Forest,forest
spot_backed_antwren,Forest,forest
roraiman_antwren,Forest,forest; woodland
pectoral_antwren,Woodland,forest; woodland; shrub; riparian
large_billed_antwren,Woodland,forest; woodland; riparian
ancient_antwren,Forest,forest
yellow_breasted_antwren,Forest,forest
northern_rufous_winged_antwren,Forest,forest; woodland; shrub; rocky_areas; riparian
southern_rufous_winged_antwren,Forest,forest; shrub
spot_breasted_antvireo,Forest,forest; bamboo; shrub
plain_antvireo,Forest,forest; woodland; shrub; riparian
streak_crowned_antvireo,Forest,forest
spot_crowned_antvireo,Shrub,forest; shrub
rufous_backed_antvireo,Forest,forest; bamboo; shrub
bicolored_antvireo,Forest,forest; bamboo; shrub
plumbeous_antvireo,Forest,forest; shrub
white_streaked_antvireo,Shrub,forest; shrub
collared_antshrike,Woodland,woodland; shrub; riparian; coastal
maranon_antshrike,Woodland,woodland; shrub; riparian
black_backed_antshrike,Woodland,woodland; shrub; riparian
band_tailed_antshrike,Forest,forest; shrub; riparian
barred_antshrike,Woodland,forest; woodland; shrub; artificial; riparian
chapmans_antshrike,Woodland,woodland; shrub
bar_crested_antshrike,Woodland,forest; woodland; shrub; artificial
lined_antshrike,Forest,forest; shrub; artificial
chestnut_backed_antshrike,Forest,forest; woodland; shrub; artificial
black_hooded_antshrike,Forest,forest; woodland; shrub; riparian; coastal
black_antshrike,Shrub,forest; woodland; shrub
cocha_antshrike,Forest,forest; shrub; riparian
blackish_grey_antshrike,Forest,forest; woodland; shrub; riparian; coastal
castelnaus_antshrike,Riparian,forest; riparian
white_shouldered_antshrike,Forest,forest; bamboo; riparian
uniform_antshrike,Forest,forest
plain_winged_antshrike,Forest,forest
mouse_colored_antshrike,Forest,forest
upland_antshrike,Forest,forest; bamboo; shrub
black_crowned_antshrike,Forest,forest; woodland
northern_slaty_antshrike,Forest,forest; woodland; riparian
natterers_slaty_antshrike,Forest,forest; woodland
bolivian_slaty_antshrike,Forest,forest; shrub; riparian
planalto_slaty_antshrike,Woodland,forest; woodland; riparian
sooretama_slaty_antshrike,Forest,forest; woodland
amazonian_antshrike,Forest,forest; bamboo; woodland; shrub; riparian
acre_antshrike,Forest,forest; shrub; riparian
streak_backed_antshrike,Forest,forest; bamboo; shrub
variable_antshrike,Forest,forest; bamboo; woodland; shrub; riparian; coastal
rufous_winged_antshrike,Woodland,woodland; shrub; artificial; riparian
southern_rufous_capped_antshrike,Forest,forest; woodland; shrub; grasslands
northern_rufous_capped_antshrike,Forest,forest; woodland; shrub
black_crested_antshrike,Woodland,forest; woodland; shrub; riparian; coastal
streak_fronted_antshrike,Woodland,forest; woodland; shrub; savannah
glossy_antshrike,Forest,forest; shrub; riparian
caatinga_antwren,Woodland,woodland; shrub
white_bearded_antshrike,Forest,forest; bamboo
fasciated_antshrike,Forest,forest; shrub
bamboo_antshrike,Bamboo,forest; bamboo; shrub
great_antshrike,Woodland,forest; woodland; shrub; riparian
large_tailed_antshrike,Forest,forest; bamboo; woodland; shrub
tufted_antshrike,Forest,forest; bamboo; shrub; artificial
black_throated_antshrike,Forest,forest
undulated_antshrike,Forest,forest; shrub; riparian
fulvous_antshrike,Forest,forest; riparian
spot_backed_antshrike,Forest,forest; shrub
giant_antshrike,Forest,forest; bamboo; shrub; riparian
spiny_faced_antshrike,Forest,forest; shrub; rocky_areas; riparian
white_plumed_antbird,Forest,forest; woodland
white_masked_antbird,Forest,forest
ocellated_antbird,Forest,forest; shrub
bicolored_antbird,Forest,forest; woodland
white_cheeked_antbird,Forest,forest; woodland
rufous_throated_antbird,Forest,forest
white_throated_antbird,Forest,forest
lunulated_antbird,Forest,forest; shrub
bare_eyed_antbird,Forest,forest
harlequin_antbird,Forest,forest
white_breasted_antbird,Forest,forest
chestnut_crested_antbird,Forest,forest
hairy_crested_antbird,Forest,forest
black_spotted_bare_eye,Forest,forest; woodland; shrub
reddish_winged_bare_eye,Forest,forest; woodland; shrub
pale_faced_bare_eye,Forest,forest
common_scale_backed_antbird,Forest,forest
xingu_scale_backed_antbird,Forest,forest
tapajos_scale_backed_antbird,Forest,forest
ferruginous_antbird,Forest,forest; bamboo; woodland
bertonis_antbird,Forest,forest; bamboo
rufous_tailed_antbird,Forest,forest; bamboo; shrub
ochre_rumped_antbird,Forest,forest; bamboo; shrub
dusky_tailed_antbird,Forest,forest; woodland
scaled_antbird,Forest,forest; bamboo; woodland
striated_antbird,Forest,forest; bamboo
santa_marta_antbird,Forest,forest; shrub
klagess_antbird,Forest,forest; bamboo; shrub; artificial
east_andean_antbird,Forest,forest; bamboo
streak_headed_antbird,Forest,forest; bamboo; shrub; artificial
guianan_antwarbler,Forest,forest; woodland; riparian
imeri_antwarbler,Forest,forest; woodland; riparian
peruvian_antwarbler,Forest,forest; bamboo; shrub; riparian
yellow_breasted_antwarbler,Forest,forest; bamboo; woodland; riparian
rondonia_antwarbler,Forest,forest; woodland
spixs_antwarbler,Forest,forest; shrub; riparian
manicore_antwarbler,Forest,forest
yellow_browed_antwarbler,Forest,forest; shrub
southern_chestnut_tailed_antbird,Forest,forest; shrub
northern_chestnut_tailed_antbird,Forest,forest
williss_antbird,Forest,forest; woodland; shrub; riparian
parkers_antbird,Forest,forest
blackish_antbird,Forest,forest; woodland; shrub
riparian_antbird,Forest,forest; bamboo; shrub; riparian
dusky_antbird,Forest,forest; woodland; shrub; riparian
black_antbird,Forest,forest; bamboo; shrub
manu_antbird,Forest,forest; bamboo; riparian
rio_de_janeiro_antbird,Forest,forest; bamboo; shrub
grey_antbird,Forest,forest; shrub
mato_grosso_antbird,Shrub,woodland; shrub; riparian
bananal_antbird,Shrub,shrub; riparian
jet_antbird,Shrub,forest; woodland; shrub
rio_branco_antbird,Riparian,shrub; riparian
ferruginous_backed_antbird,Forest,forest; woodland
cordillera_azul_antbird,Forest,forest
scalloped_antbird,Forest,forest; woodland
white_bibbed_antbird,Forest,forest; woodland
squamate_antbird,Forest,forest; woodland
black_chinned_antbird,Forest,forest; woodland; shrub; riparian
band_tailed_antbird,Forest,forest; riparian
spotted_antbird,Forest,forest; woodland
spot_backed_antbird,Forest,forest; shrub
dot_backed_antbird,Forest,forest; shrub; riparian
silvered_antbird,Forest,forest; shrub; riparian; coastal
plumbeous_antbird,Forest,forest
slate_colored_antbird,Forest,forest; riparian
spot_winged_antbird,Forest,forest; riparian
humaita_antbird,Forest,forest; riparian
brownish_headed_antbird,Forest,forest; riparian
rufous_faced_antbird,Forest,forest; riparian
roraiman_antbird,Forest,forest
caura_antbird,Forest,forest
chestnut_backed_antbird,Forest,forest; woodland; shrub
short_tailed_antbird,Forest,forest; woodland
grey_headed_antbird,Forest,forest; bamboo; woodland; shrub
stub_tailed_antbird,Forest,forest; woodland; shrub
esmeraldas_antbird,Forest,forest; woodland
magdalena_antbird,Forest,forest
dull_mantled_antbird,Forest,forest; shrub
white_bellied_antbird,Forest,forest; woodland; shrub
black_tailed_antbird,Forest,forest
white_lined_antbird,Forest,forest; bamboo; riparian
black_faced_antbird,Forest,forest; woodland
white_browed_antbird,Forest,forest; bamboo; woodland; shrub
ash_breasted_antbird,Riparian,forest; riparian
bare_crowned_antbird,Forest,forest; woodland; shrub
western_fire_eye,Forest,forest
tapajos_fire_eye,Forest,forest
white_backed_fire_eye,Forest,forest; shrub
fringe_backed_fire_eye,Forest,forest
white_shouldered_fire_eye,Forest,forest; bamboo; woodland; shrub; artificial
slender_antbird,Woodland,forest; woodland; shrub
black_headed_antbird,Forest,forest; woodland
allpahuayo_antbird,Forest,forest
white_shouldered_antbird,Forest,forest; woodland; shrub; riparian
goeldis_antbird,Forest,forest; bamboo; shrub; riparian
sooty_antbird,Forest,forest; woodland
blue_lored_antbird,Forest,forest; woodland
zeledons_antbird,Forest,forest; riparian
rufous_capped_antthrush,Forest,forest; woodland; riparian
black_faced_antthrush,Forest,forest; woodland
mayan_antthrush,Forest,forest
rufous_fronted_antthrush,Forest,forest; bamboo; riparian
black_headed_antthrush,Forest,forest; woodland
rufous_breasted_antthrush,Forest,forest; woodland
short_tailed_antthrush,Forest,forest; woodland
striated_antthrush,Forest,forest
cryptic_antthrush,Forest,forest
rufous_tailed_antthrush,Forest,forest; woodland
scalloped_antthrush,Forest,forest
barred_antthrush,Forest,forest
undulated_antpitta,Forest,forest; bamboo; woodland; shrub
giant_antpitta,Forest,forest
great_antpitta,Forest,forest
variegated_antpitta,Forest,forest; woodland
moustached_antpitta,Forest,forest
scaled_antpitta,Forest,forest; shrub
tachira_antpitta,Forest,forest
plain_backed_antpitta,Forest,forest
ochre_striped_antpitta,Forest,forest; riparian
elusive_antpitta,Forest,forest; shrub
chestnut_crowned_antpitta,Forest,forest; bamboo; artificial
watkinss_antpitta,Woodland,forest; woodland; shrub
santa_marta_antpitta,Forest,forest; woodland; shrub
cundinamarca_antpitta,Forest,forest; woodland; shrub
stripe_headed_antpitta,Woodland,woodland
grey_naped_antpitta,Forest,forest
jocotoco_antpitta,Forest,forest
chestnut_naped_antpitta,Forest,forest; bamboo
pale_billed_antpitta,Forest,forest; bamboo
white_throated_antpitta,Forest,forest; bamboo; woodland; shrub
yellow_breasted_antpitta,Forest,forest; riparian
white_bellied_antpitta,Forest,forest; shrub
rusty_tinged_antpitta,Forest,forest; bamboo
bay_antpitta,Forest,forest; bamboo; shrub
red_and_white_antpitta,Forest,forest; bamboo
sierra_nevada_antpitta,Forest,forest
perija_antpitta,Forest,forest
muisca_antpitta,Forest,forest; bamboo; woodland; grasslands
bicolored_antpitta,Forest,forest; shrub
chami_antpitta,Forest,forest; bamboo
equatorial_antpitta,Forest,forest; grasslands; riparian
cajamarca_antpitta,Forest,forest
chestnut_antpitta,Forest,forest; bamboo; woodland
chachapoyas_antpitta,Forest,forest; bamboo; shrub
panao_antpitta,Forest,forest; bamboo; shrub
junin_antpitta,Forest,forest; bamboo; shrub
oxapampa_antpitta,Forest,forest; woodland
ayacucho_antpitta,Forest,forest; bamboo; shrub
urubamba_antpitta,Forest,forest; bamboo
puno_antpitta,Forest,forest; bamboo; riparian
bolivian_antpitta,Forest,forest; bamboo; riparian
tawny_antpitta,Shrub,forest; shrub; grasslands; wetlands_lakes_marsh
boyaca_antpitta,Forest,forest; shrub; grasslands; artificial; wetlands_lakes_marsh
atuen_antpitta,Forest,forest; woodland; shrub; grasslands; rocky_areas; artificial; wetlands_lakes_marsh
brown_banded_antpitta,Forest,forest; bamboo; shrub
urrao_antpitta,Forest,forest
rufous_faced_antpitta,Shrub,bamboo; shrub; artificial
speckle_breasted_antpitta,Forest,forest; woodland; shrub
streak_chested_antpitta,Forest,forest; shrub
spotted_antpitta,Forest,forest; riparian
snethlages_antpitta,Forest,forest; riparian
alta_floresta_antpitta,Forest,forest; riparian
masked_antpitta,Forest,forest
white_browed_antpitta,Woodland,woodland; shrub
white_lored_antpitta,Forest,forest; shrub; riparian
amazonian_antpitta,Forest,forest
thicket_antpitta,Forest,forest; shrub
tepui_antpitta,Forest,forest; woodland; shrub
thrush_like_antpitta,Forest,forest; shrub; riparian
tapajos_antpitta,Forest,forest; shrub; riparian
ochre_breasted_antpitta,Forest,forest; shrub
scallop_breasted_antpitta,Forest,forest
hooded_antpitta,Forest,forest
peruvian_antpitta,Forest,forest
ochre_fronted_antpitta,Forest,forest
rusty_breasted_antpitta,Forest,forest
rufous_breasted_antpitta,Forest,forest; bamboo
slate_crowned_antpitta,Bamboo,forest; bamboo
sucre_antpitta,Forest,forest; bamboo
crescent_faced_antpitta,Forest,forest
rufous_gnateater,Forest,forest; bamboo; woodland; riparian
chestnut_belted_gnateater,Forest,forest
black_breasted_gnateater,Forest,forest
hooded_gnateater,Forest,forest; woodland
ash_throated_gnateater,Forest,forest; shrub
ceara_gnateater,Forest,forest; coastal
slaty_gnateater,Forest,forest
chestnut_crowned_gnateater,Forest,forest; shrub
black_cheeked_gnateater,Forest,forest; woodland
black_bellied_gnateater,Forest,forest
black_crowned_pittasoma,Forest,forest
rufous_crowned_pittasoma,Forest,forest
ocellated_tapaculo,Forest,forest; bamboo; woodland
chestnut_throated_huet_huet,Forest,forest; bamboo; artificial
black_throated_huet_huet,Forest,forest; bamboo; woodland; shrub
moustached_turca,Shrub,shrub; plains; rocky_areas
white_throated_tapaculo,Shrub,shrub; rocky_areas; coastal
chucao_tapaculo,Forest,forest; bamboo; woodland; shrub
crested_gallito,Shrub,woodland; shrub
sandy_gallito,Shrub,shrub
rusty_belted_tapaculo,Forest,forest
spotted_bamboowren,Forest,forest; bamboo; shrub
slaty_bristlefront,Forest,forest; woodland; riparian
stresemanns_bristlefront,Forest,forest
ochre_flanked_tapaculo,Forest,forest; bamboo; woodland; shrub
ash_colored_tapaculo,Forest,forest; bamboo
white_breasted_tapaculo,Forest,forest; woodland; riparian
bahia_tapaculo,Forest,forest; riparian
marsh_tapaculo,Grassland,grasslands; wetlands_lakes_marsh
diamantina_tapaculo,Forest,forest; shrub
brasilia_tapaculo,Riparian,forest; shrub; riparian
rock_tapaculo,Rocky,forest; woodland; shrub; rocky_areas; wetlands_lakes_marsh
planalto_tapaculo,Forest,forest; riparian
boa_nova_tapaculo,Forest,forest; bamboo
mouse_colored_tapaculo,Forest,forest; bamboo
dusky_tapaculo,Woodland,woodland
magellanic_tapaculo,Forest,forest; grasslands; artificial; riparian; wetlands_lakes_marsh
ancash_tapaculo,Grassland,grasslands; rocky_areas
white_winged_tapaculo,Forest,forest; shrub
loja_tapaculo,Shrub,bamboo; shrub
paramo_tapaculo,Shrub,forest; shrub
paramillo_tapaculo,Forest,forest; shrub
white_browed_tapaculo,Forest,forest; shrub
zimmers_tapaculo,Rocky,woodland; shrub; rocky_areas; riparian
puna_tapaculo,Forest,forest; woodland; shrub; rocky_areas
diademed_tapaculo,Forest,forest
vilcabamba_tapaculo,Forest,forest
ampay_tapaculo,Forest,forest; woodland; shrub; rocky_areas
jalca_tapaculo,Shrub,forest; shrub; artificial; riparian
neblina_tapaculo,Forest,forest
trilling_tapaculo,Forest,forest; rocky_areas
bolivian_tapaculo,Forest,forest; woodland
white_crowned_tapaculo,Forest,forest; woodland
santa_marta_tapaculo,Forest,forest
long_tailed_tapaculo,Shrub,shrub; riparian
rufous_vented_tapaculo,Forest,forest; woodland
utcubamba_tapaculo,Forest,forest
large_footed_tapaculo,Forest,forest; woodland; rocky_areas; riparian
junin_tapaculo,Forest,forest; bamboo; shrub
unicolored_tapaculo,Forest,forest; shrub
tschudis_tapaculo,Woodland,woodland; shrub
blackish_tapaculo,Forest,forest; bamboo; shrub; riparian
silvery_fronted_tapaculo,Forest,forest; bamboo; shrub; riparian
nariño_tapaculo,Forest,forest
tacarcuna_tapaculo,Forest,forest
choco_tapaculo,Forest,forest
magdalena_tapaculo,Forest,forest
stiless_tapaculo,Forest,forest
tatamá_tapaculo,Forest,forest
ecuadorian_tapaculo,Forest,forest
caracas_tapaculo,Forest,forest; bamboo; woodland
pale_bellied_tapaculo,Woodland,woodland; shrub
brown_rumped_tapaculo,Forest,forest
perija_tapaculo,Forest,forest; shrub
merida_tapaculo,Forest,forest; shrub
chusquea_tapaculo,Forest,forest; bamboo
spillmanns_tapaculo,Forest,forest; bamboo
collared_crescentchest,Shrub,shrub
olive_crowned_crescentchest,Shrub,shrub; grasslands
marañon_crescentchest,Forest,forest; woodland; shrub
elegant_crescentchest,Woodland,woodland; shrub
grey_headed_piprites,Forest,forest; shrub
wing_barred_piprites,Forest,forest; woodland
black_capped_piprites,Forest,forest
greenish_tyrannulet,Forest,forest
reisers_tyrannulet,Woodland,woodland; riparian
urichs_tyrannulet,Forest,forest
sclaters_tyrannulet,Forest,forest; woodland
yungas_tyrannulet,Forest,forest; artificial
planalto_tyrannulet,Forest,forest; woodland; riparian
sooty_headed_tyrannulet,Forest,forest
plumbeous_crowned_tyrannulet,Forest,forest
grey_capped_tyrannulet,Forest,forest; shrub
rough_legged_tyrannulet,Forest,forest; woodland
white_fronted_tyrannulet,Forest,forest
black_capped_tyrannulet,Forest,forest; woodland
ashy_headed_tyrannulet,Forest,forest
tawny_rumped_tyrannulet,Forest,forest; woodland; shrub
yellow_crowned_tyrannulet,Forest,forest; woodland; shrub; artificial
forest_elaenia,Forest,forest; woodland; riparian
choco_grey_elaenia,Forest,forest
amazonian_grey_elaenia,Forest,forest
atlantic_grey_elaenia,Forest,forest; woodland; shrub; riparian
foothill_elaenia,Forest,forest
pacific_elaenia,Woodland,woodland; shrub
yellow_crowned_elaenia,Forest,forest
greenish_elaenia,Forest,forest; woodland; shrub; riparian
small_jamaican_elaenia,Forest,forest; woodland; shrub; artificial
yellow_bellied_elaenia,Woodland,forest; woodland; shrub; artificial; riparian
caribbean_elaenia,Forest,forest; woodland; shrub; artificial; coastal
large_elaenia,Shrub,forest; shrub; riparian
noronha_elaenia,Woodland,forest; woodland; shrub; artificial
white_crested_elaenia,Forest,forest; woodland; shrub; artificial
chilean_elaenia,Forest,forest; woodland; shrub
small_billed_elaenia,Woodland,woodland; shrub; artificial
olivaceous_elaenia,Forest,forest; woodland; riparian
slaty_elaenia,Forest,forest; woodland; shrub
mottle_backed_elaenia,Shrub,shrub; artificial; riparian
brownish_elaenia,Riparian,shrub; riparian
plain_crested_elaenia,Shrub,woodland; shrub
lesser_elaenia,Shrub,forest; woodland; shrub; artificial
coopmanss_elaenia,Woodland,woodland
rufous_crowned_elaenia,Shrub,woodland; shrub; riparian
mountain_elaenia,Forest,forest; woodland; shrub; artificial
highland_elaenia,Forest,forest; woodland; riparian
brazilian_elaenia,Forest,forest; woodland; shrub
great_elaenia,Forest,forest; woodland; shrub
sierran_elaenia,Forest,forest; woodland; shrub
tepui_elaenia,Forest,forest; shrub; rocky_areas
large_jamaican_elaenia,Forest,forest; woodland; shrub
hispaniolan_elaenia,Forest,forest; woodland
yellow_bellied_tyrannulet,Forest,forest; woodland; shrub
brown_capped_tyrannulet,Forest,forest; woodland; artificial
white_lored_tyrannulet,Forest,forest
northern_beardless_tyrannulet,Forest,forest; shrub; savannah; riparian
southern_beardless_tyrannulet,Shrub,forest; woodland; shrub; artificial; riparian
suiriri_flycatcher,Woodland,woodland; shrub
white_throated_tyrannulet,Forest,forest; woodland; shrub; grasslands
white_tailed_tyrannulet,Forest,forest
buff_banded_tyrannulet,Forest,forest
rufous_winged_tyrannulet,Forest,forest; artificial
sulphur_bellied_tyrannulet,Forest,forest; shrub
white_banded_tyrannulet,Forest,forest; woodland; shrub
black_crested_tit_tyrant,Woodland,woodland; shrub
pied_crested_tit_tyrant,Shrub,shrub; artificial
ash_breasted_tit_tyrant,Woodland,woodland
yellow_billed_tit_tyrant,Shrub,shrub; artificial
tufted_tit_tyrant,Shrub,forest; woodland; shrub
juan_fernandez_tit_tyrant,Forest,forest; woodland; shrub; artificial
agile_tit_tyrant,Forest,forest; bamboo; shrub
unstreaked_tit_tyrant,Forest,forest; bamboo
torrent_tyrannulet,Riparian,rocky_areas; riparian
river_tyrannulet,Riparian,shrub; riparian
sooty_tyrannulet,Wetland,woodland; shrub; rocky_areas; artificial; riparian; wetlands_lakes_marsh
white_crested_tyrannulet,Forest,forest; woodland; shrub; artificial; riparian
stranecks_tyrannulet,Desert,shrub; savannah; desert
cocos_tyrannulet,Forest,forest; shrub
mouse_colored_tyrannulet,Shrub,woodland; shrub; artificial; riparian; coastal
tumbes_tyrannulet,Desert,forest; woodland; shrub; desert; artificial
marañon_tyrannulet,Woodland,woodland; shrub
yellow_tyrannulet,Woodland,forest; bamboo; woodland; shrub; artificial; riparian; coastal
bearded_tachuri,Grassland,shrub; savannah; grasslands
grey_backed_tachuri,Grassland,shrub; savannah; grasslands; rocky_areas
dinellis_doradito,Wetland,shrub; grasslands; wetlands_lakes_marsh
crested_doradito,Wetland,wetlands_lakes_marsh
subtropical_doradito,Wetland,shrub; grasslands; wetlands_lakes_marsh
warbling_doradito,Wetland,shrub; wetlands_lakes_marsh
ticking_doradito,Artificial,artificial; wetlands_lakes_marsh
bronze_olive_pygmy_tyrant,Forest,forest
hazel_fronted_pygmy_tyrant,Forest,forest
rufous_headed_pygmy_tyrant,Forest,forest; shrub
ringed_antpipit,Forest,forest; riparian
southern_antpipit,Forest,forest; woodland
tawny_crowned_pygmy_tyrant,Shrub,woodland; shrub
tawny_fronted_pygmy_tyrant,Shrub,woodland; shrub
rufous_sided_pygmy_tyrant,Shrub,shrub; grasslands
grey_and_white_tyrannulet,Shrub,shrub; desert; riparian
lesser_wagtail_tyrant,Shrub,shrub; riparian
bahia_wagtail_tyrant,Shrub,shrub
greater_wagtail_tyrant,Shrub,woodland; shrub; riparian
paltry_tyrannulet,Forest,forest; woodland
mistletoe_tyrannulet,Forest,forest; shrub; artificial
mountain_tyrannulet,Forest,forest; woodland
venezuelan_tyrannulet,Forest,forest; shrub
bolivian_tyrannulet,Forest,forest; woodland
red_billed_tyrannulet,Forest,forest
mishana_tyrannulet,Forest,forest
chicos_tyrannulet,Woodland,woodland; shrub
slender_footed_tyrannulet,Forest,forest
guianan_tyrannulet,Forest,forest
golden_faced_tyrannulet,Forest,forest; woodland; artificial
coopmanss_tyrannulet,Forest,forest; woodland; artificial
choco_tyrannulet,Forest,forest; artificial
loja_tyrannulet,Forest,forest
peruvian_tyrannulet,Forest,forest
variegated_bristle_tyrant,Forest,forest
chapmans_bristle_tyrant,Forest,forest
marble_faced_bristle_tyrant,Forest,forest
spectacled_bristle_tyrant,Forest,forest
venezuelan_bristle_tyrant,Forest,forest
antioquia_bristle_tyrant,Forest,forest; shrub
southern_bristle_tyrant,Forest,forest; riparian
sao_paulo_tyrannulet,Forest,forest
serra_do_mar_tyrannulet,Forest,forest
mottle_cheeked_tyrannulet,Forest,forest; woodland; riparian
alagoas_tyrannulet,Forest,forest
restinga_tyrannulet,Forest,forest; coastal
bahia_tyrannulet,Forest,forest
yellow_green_tyrannulet,Forest,forest
olive_green_tyrannulet,Forest,forest
ecuadorian_tyrannulet,Forest,forest
black_fronted_tyrannulet,Forest,forest
rufous_browed_tyrannulet,Forest,forest
rufous_lored_tyrannulet,Forest,forest
cinnamon_faced_tyrannulet,Forest,forest
minas_gerais_tyrannulet,Woodland,woodland; riparian
oustalets_tyrannulet,Forest,forest
bay_ringed_tyrannulet,Forest,forest
streak_necked_flycatcher,Forest,forest; woodland
olive_streaked_flycatcher,Forest,forest; woodland; artificial
olive_striped_flycatcher,Forest,forest; woodland; artificial; riparian
ochre_bellied_flycatcher,Forest,forest
mc_connells_flycatcher,Forest,forest; woodland
sierra_de_lema_flycatcher,Forest,forest; rocky_areas
grey_hooded_flycatcher,Forest,forest; woodland
sepia_capped_flycatcher,Woodland,forest; woodland; riparian
slaty_capped_flycatcher,Forest,forest
white_bellied_flycatcher,Forest,forest
rufous_breasted_flycatcher,Forest,forest; woodland
inca_flycatcher,Forest,forest
chapada_flycatcher,Shrub,woodland; shrub; savannah
northern_scrub_flycatcher,Coastal,woodland; shrub; desert; coastal
amazonian_scrub_flycatcher,Shrub,forest; shrub; riparian
southern_scrub_flycatcher,Shrub,woodland; shrub
slender_billed_tyrannulet,Woodland,forest; woodland; shrub; riparian
plain_tyrannulet,Woodland,forest; woodland; shrub; riparian
amazonian_tyrannulet,Shrub,forest; shrub; riparian
pale_tipped_tyrannulet,Woodland,forest; woodland; shrub; savannah; coastal
flavescent_flycatcher,Forest,forest
orange_crested_flycatcher,Forest,forest
unadorned_flycatcher,Forest,forest; shrub; riparian
roraiman_flycatcher,Forest,forest
olive_chested_flycatcher,Forest,forest; woodland; shrub
bran_colored_flycatcher,Woodland,bamboo; woodland; shrub; grasslands; riparian
mouse_grey_flycatcher,Shrub,woodland; shrub; artificial
rufescent_flycatcher,Forest,forest; shrub; artificial
handsome_flycatcher,Forest,forest
orange_banded_flycatcher,Forest,forest; woodland
ochraceous_breasted_flycatcher,Forest,forest; woodland
western_ornate_flycatcher,Forest,forest; woodland; riparian
eastern_ornate_flycatcher,Forest,forest; woodland; riparian
many_colored_rush_tyrant,Wetland,wetlands_lakes_marsh
sharp_tailed_tyrant,Grassland,shrub; savannah; grasslands
drab_breasted_bamboo_tyrant,Forest,forest; bamboo; shrub
brown_breasted_bamboo_tyrant,Forest,forest; bamboo; shrub
flammulated_bamboo_tyrant,Forest,forest; bamboo; shrub
snethlages_tody_tyrant,Forest,forest; shrub
yungas_tody_tyrant,Forest,forest; shrub
acre_tody_tyrant,Forest,forest; bamboo
boat_billed_tody_tyrant,Forest,forest; shrub
white_eyed_tody_tyrant,Forest,forest
white_bellied_tody_tyrant,Forest,forest
zimmers_tody_tyrant,Forest,forest; shrub
eye_ringed_tody_tyrant,Forest,forest
joaos_tody_tyrant,Woodland,woodland; shrub; riparian
stripe_necked_tody_tyrant,Woodland,bamboo; woodland; shrub; riparian
hangnest_tody_tyrant,Forest,forest; woodland; shrub
pearly_vented_tody_tyrant,Shrub,woodland; shrub; riparian
pelzelns_tody_tyrant,Forest,forest; shrub
black_throated_tody_tyrant,Forest,forest; woodland
buff_breasted_tody_tyrant,Forest,forest; shrub
cinnamon_breasted_tody_tyrant,Forest,forest
kaempfers_tody_tyrant,Forest,forest; shrub
buff_throated_tody_tyrant,Forest,forest
fork_tailed_tody_tyrant,Forest,forest; bamboo; shrub
eared_pygmy_tyrant,Forest,forest; woodland; shrub
white_bellied_pygmy_tyrant,Forest,forest
black_capped_pygmy_tyrant,Forest,forest; shrub
short_tailed_pygmy_tyrant,Forest,forest
northern_bentbill,Woodland,forest; woodland; shrub
southern_bentbill,Woodland,forest; woodland; shrub
scale_crested_pygmy_tyrant,Forest,forest; woodland
long_crested_pygmy_tyrant,Forest,forest; bamboo; shrub; riparian
double_banded_pygmy_tyrant,Forest,forest
helmeted_pygmy_tyrant,Forest,forest; woodland; shrub
pale_eyed_pygmy_tyrant,Woodland,woodland; shrub
rufous_crowned_tody_flycatcher,Shrub,forest; shrub
lulus_tody_flycatcher,Forest,forest; bamboo; shrub
white_cheeked_tody_flycatcher,Forest,forest; bamboo
black_and_white_tody_flycatcher,Forest,forest; bamboo; shrub; riparian
buff_cheeked_tody_flycatcher,Forest,forest
ruddy_tody_flycatcher,Shrub,forest; woodland; shrub; riparian
ochre_faced_tody_flycatcher,Forest,forest; bamboo; shrub
smoky_fronted_tody_flycatcher,Shrub,woodland; shrub
rusty_fronted_tody_flycatcher,Riparian,shrub; riparian
slate_headed_tody_flycatcher,Shrub,woodland; shrub; riparian
golden_winged_tody_flycatcher,Forest,forest; woodland; shrub
black_backed_tody_flycatcher,Forest,forest; shrub
black_chested_tyrant,Forest,forest; bamboo; shrub; riparian; coastal
spotted_tody_flycatcher,Riparian,woodland; shrub; artificial; riparian; coastal; wetlands_lakes_marsh
yellow_lored_tody_flycatcher,Forest,forest; woodland; shrub; artificial; riparian
common_tody_flycatcher,Shrub,woodland; shrub; artificial; riparian
maracaibo_tody_flycatcher,Shrub,forest; woodland; shrub; riparian
painted_tody_flycatcher,Forest,forest; woodland; shrub
yellow_browed_tody_flycatcher,Forest,forest; shrub
black_headed_tody_flycatcher,Woodland,forest; woodland; shrub; artificial
brownish_twistwing,Forest,forest; bamboo; woodland; shrub; riparian
rufous_twistwing,Forest,forest; bamboo
pacific_flatbill,Forest,forest; woodland
eye_ringed_flatbill,Forest,forest; shrub; riparian
fulvous_breasted_flatbill,Forest,forest; rocky_areas
western_olivaceous_flatbill,Forest,forest; bamboo
eastern_olivaceous_flatbill,Forest,forest; bamboo
yellow_olive_flatbill,Woodland,forest; woodland; shrub; artificial; riparian
orange_eyed_flatbill,Forest,forest
yellow_winged_flatbill,Forest,forest; shrub; artificial
yellow_margined_flatbill,Forest,forest; shrub
grey_crowned_flatbill,Forest,forest
ochre_lored_flatbill,Woodland,forest; woodland; shrub; artificial; riparian; coastal
olive_faced_flatbill,Riparian,forest; shrub; riparian
kinglet_calyptura,Forest,forest; woodland
cinnamon_crested_spadebill,Forest,forest
stub_tailed_spadebill,Forest,forest; riparian
eastern_white_throated_spadebill,Forest,forest; bamboo; woodland; shrub; riparian
western_white_throated_spadebill,Forest,forest; bamboo; woodland; shrub; riparian
golden_crowned_spadebill,Forest,forest; shrub
yellow_throated_spadebill,Forest,forest
white_crested_spadebill,Forest,forest
russet_winged_spadebill,Forest,forest
cinnamon_manakin_tyrant,Forest,forest
cinnamon_flycatcher,Forest,forest; woodland; shrub
cliff_flycatcher,Rocky,rocky_areas; artificial
swallow_flycatcher,Woodland,woodland; rocky_areas; artificial
eulers_flycatcher,Forest,forest; bamboo; shrub
grey_breasted_flycatcher,Forest,forest; woodland
tawny_chested_flycatcher,Forest,forest; shrub; riparian
black_billed_flycatcher,Forest,forest; woodland; riparian; wetlands_lakes_marsh
fuscous_flycatcher,Woodland,forest; woodland; shrub; riparian
belted_flycatcher,Woodland,woodland; shrub
pileated_flycatcher,Shrub,shrub; savannah
eastern_phoebe,Woodland,woodland; artificial
black_phoebe,Riparian,artificial; riparian; wetlands_lakes_marsh
says_phoebe,Savanna,savannah; grasslands; artificial
tufted_flycatcher,Forest,forest; shrub
olive_flycatcher,Forest,forest
olive_sided_flycatcher,Forest,forest; shrub
greater_pewee,Forest,forest; woodland
dark_pewee,Forest,forest; woodland; shrub
smoke_colored_pewee,Forest,forest
ochraceous_pewee,Forest,forest; shrub; riparian
western_wood_pewee,Forest,forest; woodland; shrub
eastern_wood_pewee,Forest,forest; woodland; shrub
northern_tropical_pewee,Forest,forest; woodland; shrub; artificial; riparian; coastal
western_tropical_pewee,Woodland,woodland; coastal
southern_tropical_pewee,Forest,forest; woodland
white_throated_pewee,Forest,forest
blackish_pewee,Forest,forest
cuban_pewee,Forest,forest; woodland; shrub; artificial; coastal; wetlands_lakes_marsh
hispaniolan_pewee,Forest,forest; artificial
jamaican_pewee,Forest,forest
lesser_antillean_pewee,Forest,forest; woodland; shrub; artificial; coastal
yellow_bellied_flycatcher,Forest,forest; woodland; shrub; riparian; wetlands_lakes_marsh
acadian_flycatcher,Forest,forest; woodland; artificial
willow_flycatcher,Shrub,woodland; shrub; grasslands
alder_flycatcher,Shrub,woodland; shrub; grasslands
white_throated_flycatcher,Wetland,shrub; grasslands; wetlands_lakes_marsh
least_flycatcher,Woodland,forest; woodland; shrub
hammonds_flycatcher,Forest,forest; woodland
american_dusky_flycatcher,Forest,forest; woodland; shrub
american_grey_flycatcher,Shrub,shrub; desert
pine_flycatcher,Woodland,woodland; shrub
pacific_slope_flycatcher,Forest,forest; woodland; riparian
cordilleran_flycatcher,Forest,forest; woodland; rocky_areas
yellowish_flycatcher,Forest,forest; shrub; grasslands
buff_breasted_flycatcher,Woodland,woodland; shrub
black_capped_flycatcher,Forest,forest; shrub; grasslands
common_vermilion_flycatcher,Shrub,woodland; shrub; savannah; desert; artificial; riparian
vermilion_flycatcher,Shrub,woodland; shrub; savannah; desert; artificial; riparian
little_vermilion_flycatcher,Forest,forest; coastal
least_vermilion_flycatcher,Forest,forest
drab_water_tyrant,Riparian,riparian
yellow_browed_tyrant,Shrub,shrub; coastal; wetlands_lakes_marsh
little_ground_tyrant,Riparian,grasslands; riparian
spot_billed_ground_tyrant,Plains,shrub; grasslands; plains; wetlands_lakes_marsh
white_fronted_ground_tyrant,Grassland,grasslands; rocky_areas
ochre_naped_ground_tyrant,Rocky,grasslands; rocky_areas; wetlands_lakes_marsh
plain_capped_ground_tyrant,Grassland,grasslands; rocky_areas
taczanowskis_ground_tyrant,Grassland,grasslands; plains
cinereous_ground_tyrant,Grassland,grasslands; rocky_areas
rufous_naped_ground_tyrant,Grassland,grasslands; rocky_areas
chestnut_naped_ground_tyrant,Grassland,grasslands; plains; rocky_areas
dark_faced_ground_tyrant,Grassland,forest; woodland; grasslands
white_browed_ground_tyrant,Grassland,grasslands; rocky_areas
cinnamon_bellied_ground_tyrant,Grassland,grasslands; rocky_areas
puna_ground_tyrant,Grassland,grasslands; rocky_areas; wetlands_lakes_marsh
black_fronted_ground_tyrant,Grassland,grasslands; rocky_areas
andean_negrito,Grassland,grasslands
austral_negrito,Grassland,grasslands; artificial; coastal; wetlands_lakes_marsh
spectacled_tyrant,Wetland,shrub; grasslands; wetlands_lakes_marsh
blue_billed_black_tyrant,Forest,forest; shrub; riparian
andean_black_tyrant,Forest,forest; woodland
plumbeous_black_tyrant,Forest,forest; woodland; shrub; riparian
cinereous_black_tyrant,Woodland,forest; woodland; shrub
white_winged_black_tyrant,Shrub,forest; woodland; shrub; riparian
white_rumped_black_tyrant,Shrub,forest; shrub
hudsons_black_tyrant,Woodland,woodland; shrub; artificial
rufous_tailed_tyrant,Forest,forest; shrub; grasslands
riverside_tyrant,Riparian,shrub; riparian
sclaters_black_tyrant,Shrub,shrub
amazonian_black_tyrant,Forest,forest; shrub; riparian
crested_black_tyrant,Shrub,shrub; grasslands
velvety_black_tyrant,Grassland,shrub; grasslands; rocky_areas
caatinga_black_tyrant,Shrub,shrub
red_rumped_bush_tyrant,Shrub,shrub; grasslands
rufous_webbed_bush_tyrant,Grassland,woodland; shrub; grasslands; rocky_areas; artificial
white_rumped_monjita,Shrub,shrub; artificial
white_monjita,Savanna,savannah; artificial
fire_eyed_diucon,Forest,forest; woodland; shrub
grey_monjita,Grassland,shrub; grasslands; artificial
black_crowned_monjita,Shrub,shrub
rusty_backed_monjita,Shrub,shrub; grasslands
salinas_monjita,Shrub,shrub; wetlands_lakes_marsh
chocolate_vented_tyrant,Plains,shrub; plains; artificial
streak_throated_bush_tyrant,Shrub,woodland; shrub; artificial
rufous_bellied_bush_tyrant,Forest,forest; woodland; shrub
santa_marta_bush_tyrant,Forest,forest; woodland; shrub
smoky_bush_tyrant,Forest,forest
black_billed_shrike_tyrant,Grassland,woodland; shrub; grasslands; rocky_areas; artificial
lesser_shrike_tyrant,Plains,shrub; plains; artificial
white_tailed_shrike_tyrant,Shrub,shrub; grasslands; artificial
grey_bellied_shrike_tyrant,Shrub,shrub; grasslands; artificial
great_shrike_tyrant,Shrub,shrub; artificial
streamer_tailed_tyrant,Woodland,woodland; shrub; riparian; wetlands_lakes_marsh
shear_tailed_grey_tyrant,Forest,forest; woodland; grasslands
pied_water_tyrant,Wetland,artificial; wetlands_lakes_marsh
black_backed_water_tyrant,Wetland,shrub; riparian; wetlands_lakes_marsh
masked_water_tyrant,Wetland,shrub; artificial; wetlands_lakes_marsh
white_headed_marsh_tyrant,Wetland,riparian; wetlands_lakes_marsh
black_and_white_monjita,Grassland,grasslands; artificial; coastal; wetlands_lakes_marsh
cock_tailed_tyrant,Grassland,shrub; grasslands
strange_tailed_tyrant,Grassland,shrub; grasslands; wetlands_lakes_marsh
tumbes_tyrant,Woodland,forest; woodland; shrub; riparian
crowned_chat_tyrant,Forest,forest; woodland; shrub
kalinowskis_chat_tyrant,Forest,forest
golden_browed_chat_tyrant,Forest,forest; shrub
yellow_bellied_chat_tyrant,Forest,forest
jelskis_chat_tyrant,Forest,forest; woodland; shrub
slaty_backed_chat_tyrant,Shrub,forest; woodland; shrub; riparian
blackish_chat_tyrant,Riparian,forest; shrub; riparian
chestnut_belted_chat_tyrant,Forest,forest; riparian
rufous_breasted_chat_tyrant,Forest,forest; woodland; artificial; riparian
brown_backed_chat_tyrant,Shrub,forest; woodland; shrub; grasslands
rufous_browed_chat_tyrant,Shrub,woodland; shrub; grasslands
d_orbignys_chat_tyrant,Shrub,woodland; shrub; riparian
white_browed_chat_tyrant,Shrub,woodland; shrub
piura_chat_tyrant,Shrub,shrub
patagonian_tyrant,Forest,forest; shrub
long_tailed_tyrant,Forest,forest; woodland; riparian
short_tailed_field_tyrant,Shrub,shrub; artificial
cattle_tyrant,Shrub,shrub; savannah; grasslands; artificial; coastal
piratic_flycatcher,Forest,forest; woodland; artificial; riparian
white_bearded_flycatcher,Woodland,woodland; savannah; artificial; riparian
rusty_margined_flycatcher,Shrub,shrub; artificial; riparian
social_flycatcher,Shrub,woodland; shrub; grasslands; artificial; riparian
grey_capped_flycatcher,Forest,forest; shrub; artificial; riparian
dusky_chested_flycatcher,Forest,forest; shrub
great_kiskadee,Woodland,forest; woodland; shrub; artificial; riparian; coastal; wetlands_lakes_marsh
lesser_kiskadee,Shrub,shrub; riparian; coastal
white_ringed_flycatcher,Forest,forest
yellow_throated_flycatcher,Forest,forest
three_striped_flycatcher,Forest,forest
lemon_browed_flycatcher,Forest,forest
golden_bellied_flycatcher,Forest,forest; riparian; wetlands_lakes_marsh
golden_crowned_flycatcher,Forest,forest
bairds_flycatcher,Woodland,forest; woodland; shrub; artificial; riparian
sulphur_bellied_flycatcher,Woodland,forest; woodland
northern_streaked_flycatcher,Woodland,forest; woodland; shrub; riparian; coastal
southern_streaked_flycatcher,Forest,forest; woodland; artificial; riparian
boat_billed_flycatcher,Woodland,forest; woodland; shrub; riparian
sulphury_flycatcher,Forest,forest; woodland; riparian
variegated_flycatcher,Woodland,forest; woodland; shrub; riparian
crowned_slaty_flycatcher,Woodland,forest; woodland; shrub
snowy_throated_kingbird,Shrub,woodland; shrub; desert; artificial
white_throated_kingbird,Shrub,shrub; artificial; riparian
tropical_kingbird,Shrub,shrub; artificial; riparian; coastal
couchs_kingbird,Woodland,woodland; shrub; artificial
cassins_kingbird,Savanna,forest; woodland; shrub; savannah; grasslands; riparian
thick_billed_kingbird,Woodland,woodland; shrub; savannah; artificial
western_kingbird,Shrub,shrub
scissor_tailed_flycatcher,Savanna,shrub; savannah; coastal; wetlands_lakes_marsh
fork_tailed_flycatcher,Savanna,woodland; shrub; savannah; grasslands; coastal
eastern_kingbird,Shrub,forest; woodland; shrub; rocky_areas; artificial
grey_kingbird,Coastal,forest; woodland; shrub; grasslands; artificial; coastal; wetlands_lakes_marsh
giant_kingbird,Forest,forest; woodland; savannah; riparian; wetlands_lakes_marsh
loggerhead_kingbird,Forest,forest; shrub; artificial; coastal; wetlands_lakes_marsh
greyish_mourner,Forest,forest
pale_bellied_mourner,Woodland,woodland; shrub
rufous_mourner,Forest,forest; woodland; artificial
sibilant_sirystes,Forest,forest; woodland; riparian
white_rumped_sirystes,Forest,forest; woodland
todds_sirystes,Forest,forest
choco_sirystes,Forest,forest; shrub
rufous_casiornis,Woodland,woodland; shrub; riparian
ash_throated_casiornis,Woodland,woodland; shrub
rufous_flycatcher,Woodland,woodland; shrub; artificial
yucatan_flycatcher,Woodland,forest; woodland
sad_flycatcher,Forest,forest; woodland; plains; coastal
dusky_capped_flycatcher,Forest,forest; woodland; artificial; riparian
swainsons_flycatcher,Woodland,forest; woodland; shrub; riparian; coastal
venezuelan_flycatcher,Woodland,woodland; artificial
panama_flycatcher,Woodland,woodland; shrub; coastal; wetlands_lakes_marsh
short_crested_flycatcher,Forest,forest; woodland; shrub; artificial; riparian
apical_flycatcher,Shrub,forest; woodland; shrub; artificial; riparian
pale_edged_flycatcher,Forest,forest; woodland
sooty_crowned_flycatcher,Woodland,forest; woodland; shrub; riparian; coastal
ash_throated_flycatcher,Woodland,forest; woodland; shrub; riparian
nuttings_flycatcher,Woodland,forest; woodland; shrub
great_crested_flycatcher,Woodland,forest; woodland; shrub; artificial; riparian; wetlands_lakes_marsh
brown_crested_flycatcher,Woodland,woodland; shrub; riparian; coastal
galapagos_flycatcher,Shrub,forest; woodland; shrub; grasslands; rocky_areas; coastal
grenada_flycatcher,Forest,forest; woodland; shrub; artificial; coastal; wetlands_lakes_marsh
rufous_tailed_flycatcher,Forest,forest; woodland; shrub
la_sagras_flycatcher,Woodland,forest; woodland; shrub; coastal
stolid_flycatcher,Forest,forest; woodland; shrub; coastal
puerto_rican_flycatcher,Forest,forest; woodland; shrub; artificial; coastal
lesser_antillean_flycatcher,Woodland,forest; woodland; shrub; artificial
large_headed_flatbill,Forest,forest; bamboo
flammulated_flycatcher,Woodland,woodland; shrub
rufous_tailed_flatbill,Forest,forest
dusky_tailed_flatbill,Forest,forest; bamboo; shrub
rufous_tailed_attila,Forest,forest; woodland
cinnamon_attila,Forest,forest; woodland; riparian; coastal; wetlands_lakes_marsh
ochraceous_attila,Forest,forest; woodland; artificial
citron_bellied_attila,Forest,forest
white_eyed_attila,Forest,forest; riparian
grey_hooded_attila,Forest,forest; shrub
bright_rumped_attila,Forest,forest; woodland; shrub; artificial; riparian
scaled_fruiteater,Forest,forest
fiery_throated_fruiteater,Forest,forest
scarlet_breasted_fruiteater,Forest,forest
scaly_breasted_fruiteater,Forest,forest
handsome_fruiteater,Forest,forest
red_banded_fruiteater,Forest,forest
black_chested_fruiteater,Forest,forest
orange_breasted_fruiteater,Forest,forest; shrub
masked_fruiteater,Forest,forest; woodland
golden_breasted_fruiteater,Forest,forest
barred_fruiteater,Forest,forest
band_tailed_fruiteater,Forest,forest
green_and_black_fruiteater,Forest,forest; woodland
grey_tailed_piha,Forest,forest
olivaceous_piha,Forest,forest
hooded_berryeater,Forest,forest; woodland
black_headed_berryeater,Forest,forest; woodland; coastal
andean_cock_of_the_rock,Forest,forest; riparian
guianan_cock_of_the_rock,Forest,forest; rocky_areas
guianan_red_cotinga,Forest,forest
black_necked_red_cotinga,Forest,forest
white_cheeked_cotinga,Woodland,woodland; shrub
rufous_tailed_plantcutter,Artificial,forest; woodland; shrub; artificial
peruvian_plantcutter,Shrub,woodland; shrub; rocky_areas
white_tipped_plantcutter,Shrub,shrub; grasslands; artificial
swallow_tailed_cotinga,Forest,forest; woodland; grasslands; artificial
apolo_cotinga,Forest,forest; savannah; artificial
bay_vented_cotinga,Forest,forest; woodland
chestnut_bellied_cotinga,Forest,forest; woodland; grasslands
red_crested_cotinga,Forest,forest; woodland; artificial
chestnut_crested_cotinga,Forest,forest
crimson_fruitcrow,Forest,forest
purple_throated_fruitcrow,Forest,forest
red_ruffed_fruitcrow,Forest,forest; woodland
bare_necked_umbrellabird,Forest,forest; shrub
long_wattled_umbrellabird,Forest,forest; shrub
amazonian_umbrellabird,Riparian,forest; riparian
capuchinbird,Forest,forest
rufous_piha,Forest,forest
rose_collared_piha,Forest,forest
screaming_piha,Forest,forest; wetlands_lakes_marsh
cinnamon_vented_piha,Forest,forest
black_and_gold_cotinga,Forest,forest
grey_winged_cotinga,Forest,forest
chestnut_capped_piha,Forest,forest
dusky_piha,Forest,forest
scimitar_winged_piha,Forest,forest
white_bellbird,Forest,forest
three_wattled_bellbird,Forest,forest
bare_throated_bellbird,Forest,forest
bearded_bellbird,Forest,forest; woodland; shrub
plum_throated_cotinga,Forest,forest; riparian
spangled_cotinga,Forest,forest; woodland; riparian
lovely_cotinga,Forest,forest; artificial
blue_cotinga,Forest,forest; woodland
turquoise_cotinga,Forest,forest; shrub
banded_cotinga,Forest,forest; woodland
purple_breasted_cotinga,Forest,forest; woodland
purple_throated_cotinga,Forest,forest
black_faced_cotinga,Forest,forest; riparian; wetlands_lakes_marsh
bare_necked_fruitcrow,Riparian,forest; riparian
pompadour_cotinga,Forest,forest; woodland
white_tailed_cotinga,Forest,forest
white_winged_cotinga,Forest,forest; woodland; shrub
black_tipped_cotinga,Forest,forest; shrub
yellow_billed_cotinga,Coastal,forest; woodland; coastal
snowy_cotinga,Forest,forest; shrub
dwarf_tyrant_manakin,Forest,forest
tiny_tyrant_manakin,Forest,forest
saffron_crested_tyrant_manakin,Woodland,woodland; shrub
sulphur_bellied_tyrant_manakin,Forest,forest; bamboo; riparian
pale_bellied_tyrant_manakin,Woodland,woodland; riparian
wieds_tyrant_manakin,Forest,forest; shrub
serra_do_mar_tyrant_manakin,Forest,forest; bamboo; shrub
yellow_headed_manakin,Forest,forest; woodland; shrub
jet_manakin,Forest,forest
yungas_manakin,Forest,forest; shrub
blue_backed_manakin,Forest,forest; woodland
long_tailed_manakin,Forest,forest; shrub; coastal; wetlands_lakes_marsh
lance_tailed_manakin,Forest,forest; woodland; shrub; artificial
blue_manakin,Forest,forest; woodland
araripe_manakin,Forest,forest
helmeted_manakin,Riparian,woodland; shrub; riparian
pin_tailed_manakin,Forest,forest; woodland
golden_winged_manakin,Forest,forest; woodland
white_throated_manakin,Forest,forest
white_ruffed_manakin,Forest,forest
white_bibbed_manakin,Forest,forest; shrub
olive_manakin,Forest,forest; woodland
black_manakin,Woodland,forest; woodland; riparian
choco_manakin,Forest,forest
green_manakin,Forest,forest
velvety_manakin,Forest,forest
blue_crowned_manakin,Forest,forest; shrub
snow_capped_manakin,Forest,forest
golden_crowned_manakin,Forest,forest
opal_crowned_manakin,Forest,forest; woodland
orange_bellied_manakin,Forest,forest
white_fronted_manakin,Forest,forest
blue_rumped_manakin,Forest,forest
cerulean_capped_manakin,Forest,forest
orange_crested_manakin,Forest,forest; woodland
yellow_crested_manakin,Forest,forest; woodland; shrub; riparian
flame_crested_manakin,Forest,forest; woodland; riparian
white_bearded_manakin,Woodland,forest; woodland; shrub
white_collared_manakin,Forest,forest; woodland; shrub; artificial; riparian
golden_collared_manakin,Woodland,forest; woodland
orange_collared_manakin,Forest,forest; shrub; artificial
crimson_hooded_manakin,Forest,forest; woodland; shrub; coastal
wire_tailed_manakin,Forest,forest; woodland; shrub; riparian
band_tailed_manakin,Forest,forest; woodland; riparian
club_winged_manakin,Forest,forest; woodland
kinglet_manakin,Forest,forest; coastal
striolated_manakin,Forest,forest; woodland
painted_manakin,Forest,forest
fiery_capped_manakin,Forest,forest; woodland
white_crowned_manakin,Forest,forest
scarlet_horned_manakin,Forest,forest; woodland; shrub
red_capped_manakin,Forest,forest; woodland
round_tailed_manakin,Forest,forest
golden_headed_manakin,Forest,forest
red_headed_manakin,Forest,forest; woodland
black_crowned_tityra,Forest,forest; woodland
western_black_tailed_tityra,Forest,forest; woodland; shrub; artificial; riparian
eastern_black_tailed_tityra,Forest,forest
masked_tityra,Forest,forest; woodland; shrub; artificial
white_tailed_tityra,Forest,forest
varzea_schiffornis,Forest,forest; riparian
olivaceous_mourner,Forest,forest
northern_mourner,Forest,forest
foothill_mourner,Forest,forest
russet_winged_mourner,Forest,forest
brown_winged_mourner,Forest,forest; woodland
greenish_schiffornis,Forest,forest; woodland; riparian
speckled_mourner,Forest,forest; woodland
cinereous_mourner,Forest,forest; woodland; riparian
buff_throated_purpletuft,Forest,forest; woodland; artificial
dusky_purpletuft,Forest,forest
white_browed_purpletuft,Forest,forest; woodland
andean_mourner,Forest,forest; riparian
elegant_mourner,Forest,forest; woodland
white_naped_xenopsaris,Shrub,woodland; shrub; riparian
green_backed_becard,Woodland,forest; woodland; shrub; riparian
green_cheeked_becard,Forest,forest; woodland; shrub; riparian
yellow_cheeked_becard,Forest,forest; woodland
barred_becard,Forest,forest; woodland
slaty_becard,Forest,forest; bamboo; shrub; artificial
cinereous_becard,Woodland,woodland; shrub; riparian; coastal
chestnut_crowned_becard,Forest,forest; woodland; artificial; riparian
cinnamon_becard,Forest,forest; woodland; artificial; riparian; coastal
cryptic_becard,Forest,forest; woodland; shrub; artificial
white_winged_becard,Woodland,forest; woodland; artificial; riparian; coastal
black_capped_becard,Forest,forest; woodland
black_and_white_becard,Forest,forest
eastern_grey_collared_becard,Woodland,forest; woodland; artificial
western_grey_collared_becard,Forest,forest
glossy_backed_becard,Forest,forest; woodland
one_colored_becard,Forest,forest; woodland; shrub
pink_throated_becard,Forest,forest; woodland
crested_becard,Woodland,forest; woodland; riparian
rose_throated_becard,Woodland,woodland; shrub; riparian
jamaican_becard,Forest,forest; woodland; grasslands; artificial
sharpbill,Forest,forest
atlantic_royal_flycatcher,Forest,forest
amazonian_royal_flycatcher,Forest,forest; woodland; artificial; riparian
northern_royal_flycatcher,Forest,forest; riparian
pacific_royal_flycatcher,Forest,forest; riparian
tawny_breasted_flycatcher,Forest,forest; riparian
sulphur_rumped_flycatcher,Forest,forest; riparian
whiskered_flycatcher,Forest,forest; woodland; riparian
black_tailed_flycatcher,Woodland,forest; woodland; riparian; coastal
ruddy_tailed_flycatcher,Forest,forest; woodland
alberts_lyrebird,Forest,forest
superb_lyrebird,Forest,forest; shrub; riparian; coastal
rufous_scrub_bird,Forest,forest; riparian
noisy_scrub_bird,Shrub,forest; shrub; rocky_areas; riparian; wetlands_lakes_marsh
ochre_breasted_catbird,Forest,forest
white_eared_catbird,Forest,forest
tan_capped_catbird,Forest,forest
green_catbird,Forest,forest
spotted_catbird,Forest,forest; artificial
huon_catbird,Forest,forest
black_capped_catbird,Forest,forest
northern_catbird,Forest,forest
arfak_catbird,Forest,forest
black_eared_catbird,Forest,forest; woodland
tooth_billed_bowerbird,Forest,forest
archbolds_bowerbird,Forest,forest; bamboo
vogelkop_bowerbird,Forest,forest
mac_gregors_bowerbird,Forest,forest
huon_bowerbird,Forest,forest
streaked_bowerbird,Forest,forest
golden_fronted_bowerbird,Forest,forest
golden_bowerbird,Forest,forest
masked_bowerbird,Forest,forest
flame_bowerbird,Forest,forest
fire_maned_bowerbird,Forest,forest; shrub
regent_bowerbird,Forest,forest; woodland
satin_bowerbird,Forest,forest; woodland; artificial
western_bowerbird,Shrub,woodland; shrub
great_bowerbird,Shrub,woodland; shrub
spotted_bowerbird,Shrub,woodland; shrub
yellow_breasted_bowerbird,Shrub,forest; shrub; grasslands; artificial
fawn_breasted_bowerbird,Shrub,woodland; shrub; savannah; artificial; coastal
white_throated_treecreeper,Forest,forest; woodland; shrub; rocky_areas; artificial; riparian; coastal
papuan_treecreeper,Forest,forest
red_browed_treecreeper,Forest,forest; woodland; shrub; rocky_areas; riparian
white_browed_treecreeper,Shrub,woodland; shrub; riparian; wetlands_lakes_marsh
rufous_treecreeper,Woodland,forest; woodland; shrub; riparian; wetlands_lakes_marsh
brown_treecreeper,Forest,forest; woodland; shrub; artificial; riparian; wetlands_lakes_marsh
black_tailed_treecreeper,Forest,forest; woodland; shrub; rocky_areas; riparian; coastal
wallaces_fairywren,Forest,forest; shrub
broad_billed_fairywren,Forest,forest
campbells_fairywren,Forest,forest
emperor_fairywren,Forest,forest; shrub; riparian; coastal
lovely_fairywren,Forest,forest; shrub; riparian; wetlands_lakes_marsh
purple_backed_fairywren,Shrub,shrub
variegated_fairywren,Shrub,forest; woodland; shrub; rocky_areas; desert; riparian
blue_breasted_fairywren,Woodland,woodland; shrub; rocky_areas; desert; riparian; wetlands_lakes_marsh
red_winged_fairywren,Forest,forest; woodland; shrub
superb_fairywren,Shrub,forest; woodland; shrub; artificial; wetlands_lakes_marsh
splendid_fairywren,Shrub,woodland; shrub; rocky_areas; desert; artificial; riparian
purple_crowned_fairywren,Riparian,shrub; riparian; wetlands_lakes_marsh
white_shouldered_fairywren,Shrub,woodland; shrub; artificial; riparian; wetlands_lakes_marsh
red_backed_fairywren,Woodland,woodland; shrub; grasslands; artificial; coastal
white_winged_fairywren,Shrub,shrub; grasslands; riparian; coastal; wetlands_lakes_marsh
orange_crowned_fairywren,Forest,forest
southern_emu_wren,Shrub,woodland; shrub; desert; riparian; wetlands_lakes_marsh
mallee_emu_wren,Grassland,woodland; shrub; grasslands
rufous_crowned_emu_wren,Desert,woodland; shrub; rocky_areas; desert
grey_grasswren,Grassland,shrub; grasslands; wetlands_lakes_marsh
black_grasswren,Rocky,grasslands; rocky_areas
white_throated_grasswren,Rocky,grasslands; rocky_areas
carpentarian_grasswren,Rocky,shrub; rocky_areas; desert
short_tailed_grasswren,Grassland,shrub; grasslands; rocky_areas
rufous_grasswren,Rocky,shrub; rocky_areas
sandhill_grasswren,Desert,shrub; grasslands; plains; desert
opalton_grasswren,Grassland,woodland; shrub; grasslands
striated_grasswren,Woodland,woodland; shrub; grasslands
eyrean_grasswren,Grassland,grasslands
western_grasswren,Shrub,woodland; shrub; savannah; coastal
thick_billed_grasswren,Shrub,shrub; grasslands
dusky_grasswren,Shrub,woodland; shrub; savannah; grasslands; rocky_areas
kalkadoon_grasswren,Grassland,grasslands; rocky_areas
dark_eared_myza,Forest,forest
white_eared_myza,Forest,forest
eastern_spinebill,Forest,forest; woodland; shrub; artificial; coastal
western_spinebill,Shrub,forest; woodland; shrub; artificial
green_backed_honeyeater,Forest,forest; shrub; riparian; wetlands_lakes_marsh
sooty_honeyeater,Forest,forest; shrub
long_bearded_honeyeater,Forest,forest; shrub
short_bearded_honeyeater,Forest,forest; shrub
leaden_honeyeater,Forest,forest; shrub
yellowish_streaked_honeyeater,Forest,forest; shrub
rufous_sided_honeyeater,Forest,forest
rufous_backed_honeyeater,Forest,forest
mayrs_honeyeater,Forest,forest
grey_streaked_honeyeater,Forest,forest; shrub
gibberbird,Desert,plains; rocky_areas; desert
crimson_chat,Shrub,shrub; grasslands; artificial
orange_chat,Shrub,shrub; savannah; grasslands
yellow_chat,Wetland,shrub; grasslands; artificial; wetlands_lakes_marsh
white_fronted_chat,Wetland,woodland; shrub; savannah; artificial; coastal; wetlands_lakes_marsh
bougainville_honeyeater,Forest,forest
rufous_banded_honeyeater,Forest,forest; woodland; shrub; artificial; riparian; coastal; wetlands_lakes_marsh
rufous_throated_honeyeater,Woodland,forest; woodland; shrub; grasslands; artificial; riparian; coastal
grey_honeyeater,Woodland,woodland; shrub; rocky_areas; artificial
bar_breasted_honeyeater,Forest,forest; shrub; artificial; coastal; wetlands_lakes_marsh
brown_backed_honeyeater,Shrub,forest; woodland; shrub; artificial; coastal
long_billed_honeyeater,Forest,forest; shrub
olive_straightbill,Forest,forest
tawny_straightbill,Forest,forest; riparian
arfak_honeyeater,Forest,forest
smoky_honeyeater,Forest,forest; shrub; artificial
foja_honeyeater,Forest,forest
spangled_honeyeater,Forest,forest; shrub
macgregors_honeyeater,Forest,forest; grasslands
barred_honeyeater,Forest,forest
vanuatu_honeyeater,Forest,forest
tawny_crowned_honeyeater,Shrub,forest; woodland; shrub; coastal
plain_honeyeater,Forest,forest; shrub
marbled_honeyeater,Forest,forest; shrub; artificial
streak_headed_honeyeater,Forest,forest; woodland; shrub; artificial; riparian
pied_honeyeater,Shrub,woodland; shrub; coastal
tui,Forest,forest; shrub; artificial; coastal
new_zealand_bellbird,Forest,forest; shrub; grasslands; artificial; coastal; wetlands_lakes_marsh
chatham_islands_bellbird,Forest,forest
scaly_crowned_honeyeater,Forest,forest; shrub; artificial
black_honeyeater,Shrub,woodland; shrub; savannah; grasslands; coastal
white_streaked_friarbird,Forest,forest; grasslands; artificial; coastal
bismarck_honeyeater,Forest,forest
drab_myzomela,Forest,forest
white_chinned_myzomela,Forest,forest
ashy_myzomela,Forest,forest; shrub; artificial
ruby_throated_myzomela,Forest,forest; shrub
moluccan_myzomela,Forest,forest
obi_myzomela,Forest,forest
red_brown_myzomela,Forest,forest
dusky_myzomela,Forest,forest; woodland; shrub; artificial; riparian; coastal
red_myzomela,Forest,forest; shrub; savannah
reddish_myzomela,Forest,forest; artificial
papuan_black_myzomela,Forest,forest; shrub; savannah
new_ireland_myzomela,Forest,forest
wetar_myzomela,Shrub,woodland; shrub; artificial
alor_myzomela,Woodland,woodland
red_headed_myzomela,Coastal,forest; shrub; artificial; riparian; coastal
sumba_myzomela,Forest,forest
rote_myzomela,Forest,forest; woodland; shrub; artificial
mountain_myzomela,Forest,forest; shrub; savannah; artificial
banda_myzomela,Forest,forest; coastal
taliabu_myzomela,Forest,forest
sulawesi_myzomela,Forest,forest; coastal
bacan_myzomela,Forest,forest
wakolo_myzomela,Forest,forest
scarlet_myzomela,Forest,forest; woodland; shrub; artificial; wetlands_lakes_marsh
new_caledonian_myzomela,Forest,forest; shrub
cardinal_myzomela,Forest,forest; shrub; artificial; coastal
samoan_myzomela,Forest,forest; artificial; coastal
rotuma_myzomela,Forest,forest; artificial
micronesian_myzomela,Forest,forest; shrub; artificial; coastal
sclaters_myzomela,Forest,forest; shrub; artificial
bismarck_black_myzomela,Forest,forest; shrub; artificial
red_capped_myzomela,Forest,forest; artificial; coastal
crimson_rumped_myzomela,Forest,forest; artificial
malaita_myzomela,Forest,forest
black_headed_myzomela,Forest,forest
sooty_myzomela,Forest,forest; shrub; artificial
sulphur_breasted_myzomela,Forest,forest; shrub; artificial
black_bellied_myzomela,Forest,forest; shrub
black_breasted_myzomela,Forest,forest; shrub
red_collared_myzomela,Forest,forest; shrub; rocky_areas; artificial; riparian; coastal
long_billed_myzomela,Forest,forest; woodland
meyers_friarbird,Forest,forest; shrub
brasss_friarbird,Riparian,forest; riparian; wetlands_lakes_marsh
little_friarbird,Forest,forest; woodland; shrub; coastal; wetlands_lakes_marsh
grey_friarbird,Shrub,forest; shrub; savannah
timor_friarbird,Forest,forest; woodland; shrub; artificial
dusky_friarbird,Forest,forest
seram_friarbird,Forest,forest; artificial; coastal
black_faced_friarbird,Forest,forest; woodland; artificial
tanimbar_friarbird,Woodland,forest; woodland; artificial; coastal
helmeted_friarbird,Forest,forest; woodland; shrub; artificial; riparian; coastal
new_britain_friarbird,Forest,forest; shrub; artificial
new_ireland_friarbird,Forest,forest
white_naped_friarbird,Forest,forest; shrub; artificial
silver_crowned_friarbird,Forest,forest; woodland; shrub; coastal; wetlands_lakes_marsh
noisy_friarbird,Forest,forest; woodland; shrub; riparian; wetlands_lakes_marsh
new_caledonian_friarbird,Forest,forest; shrub
spotted_honeyeater,Forest,forest; savannah
macleays_honeyeater,Forest,forest; artificial; riparian; wetlands_lakes_marsh
tawny_breasted_honeyeater,Forest,forest; shrub; riparian; coastal; wetlands_lakes_marsh
striped_honeyeater,Forest,forest; woodland; shrub; artificial
painted_honeyeater,Woodland,forest; woodland; artificial; riparian
white_streaked_honeyeater,Forest,forest; woodland; shrub; rocky_areas; coastal; wetlands_lakes_marsh
crescent_honeyeater,Forest,forest; shrub; artificial
new_holland_honeyeater,Shrub,forest; woodland; shrub; artificial
white_cheeked_honeyeater,Shrub,forest; woodland; shrub; artificial; wetlands_lakes_marsh
olive_honeyeater,Coastal,forest; shrub; coastal
brown_honeyeater,Woodland,forest; woodland; shrub; savannah; grasslands; artificial; coastal; wetlands_lakes_marsh
grey_eared_honeyeater,Forest,forest; shrub; artificial; coastal
silver_eared_honeyeater,Shrub,shrub; artificial; riparian; coastal; wetlands_lakes_marsh
scaly_breasted_honeyeater,Forest,forest; woodland; shrub; artificial; coastal
buru_honeyeater,Forest,forest; shrub
seram_honeyeater,Forest,forest; shrub
flame_eared_honeyeater,Forest,forest; shrub; riparian
black_necklaced_honeyeater,Forest,forest; woodland; shrub; artificial; coastal
banded_honeyeater,Grassland,forest; woodland; shrub; grasslands; rocky_areas; coastal; wetlands_lakes_marsh
guadalcanal_honeyeater,Forest,forest
makira_honeyeater,Forest,forest
yellow_billed_honeyeater,Forest,forest
giant_honeyeater,Forest,forest
mao,Forest,forest
crow_honeyeater,Forest,forest
polynesian_wattled_honeyeater,Forest,forest; shrub; artificial; coastal
fiji_wattled_honeyeater,Forest,forest
kikau,Forest,forest
kadavu_honeyeater,Forest,forest; shrub; coastal
white_eared_honeyeater,Shrub,forest; shrub; grasslands
yellow_throated_honeyeater,Forest,forest; woodland; shrub; artificial; coastal
blue_faced_honeyeater,Forest,forest; woodland; shrub; artificial; riparian; coastal
white_quilled_honeyeater,Woodland,forest; woodland; savannah; artificial; riparian
black_chinned_honeyeater,Forest,forest; woodland; shrub; artificial
golden_backed_honeyeater,Woodland,woodland; riparian
strong_billed_honeyeater,Forest,forest; shrub; grasslands; rocky_areas; artificial; coastal
brown_headed_honeyeater,Forest,forest; woodland; shrub; artificial; coastal
white_throated_honeyeater,Forest,forest; woodland; shrub; artificial; riparian; coastal
white_naped_honeyeater,Forest,forest; woodland; shrub; grasslands; artificial; coastal
gilberts_honeyeater,Forest,forest; woodland; shrub
black_headed_honeyeater,Forest,forest; woodland; shrub; grasslands; artificial
white_gaped_honeyeater,Forest,forest; woodland; shrub; artificial; riparian; coastal; wetlands_lakes_marsh
yellow_honeyeater,Forest,forest; woodland; shrub; artificial; riparian; coastal; wetlands_lakes_marsh
puff_backed_honeyeater,Forest,forest; shrub
yellow_spotted_honeyeater,Forest,forest; woodland; shrub; artificial; coastal
lewins_honeyeater,Forest,forest; woodland; shrub; artificial; riparian
white_fronted_honeyeater,Shrub,woodland; shrub; grasslands; artificial; riparian; coastal
yellow_tufted_honeyeater,Forest,forest; woodland; shrub; riparian; wetlands_lakes_marsh
purple_gaped_honeyeater,Woodland,woodland; shrub; artificial; coastal
mottle_breasted_honeyeater,Forest,forest
forest_honeyeater,Forest,forest
hill_forest_honeyeater,Forest,forest; shrub
scrub_honeyeater,Shrub,forest; shrub; artificial
mimic_honeyeater,Forest,forest; shrub; artificial; coastal
tagula_honeyeater,Forest,forest
graceful_honeyeater,Shrub,forest; woodland; shrub; riparian; coastal; wetlands_lakes_marsh
cryptic_honeyeater,Forest,forest; woodland; artificial
elegant_honeyeater,Forest,forest; woodland; shrub; artificial; riparian; coastal
yellow_gaped_honeyeater,Forest,forest; savannah
white_lined_honeyeater,Forest,forest; woodland; shrub; rocky_areas; riparian
kimberley_honeyeater,Rocky,forest; woodland; shrub; rocky_areas; riparian
streak_breasted_honeyeater,Forest,forest; shrub; artificial; coastal
varied_honeyeater,Coastal,forest; woodland; shrub; artificial; coastal
mangrove_honeyeater,Coastal,forest; shrub; artificial; coastal
singing_honeyeater,Shrub,forest; woodland; shrub; artificial; coastal
orange_cheeked_honeyeater,Forest,forest; shrub
yellow_tinted_honeyeater,Forest,forest; woodland; shrub; grasslands; artificial; riparian; coastal; wetlands_lakes_marsh
fuscous_honeyeater,Forest,forest; woodland; shrub; artificial
grey_headed_honeyeater,Woodland,woodland; grasslands; rocky_areas; desert; riparian
grey_fronted_honeyeater,Woodland,woodland; shrub; rocky_areas; riparian
yellow_plumed_honeyeater,Woodland,forest; woodland; riparian; coastal; wetlands_lakes_marsh
white_plumed_honeyeater,Forest,forest; woodland; shrub; grasslands; riparian; coastal; wetlands_lakes_marsh
yellow_faced_honeyeater,Forest,forest; woodland; shrub; artificial; riparian; coastal
black_throated_honeyeater,Forest,forest
obscure_honeyeater,Forest,forest; shrub; artificial
little_wattlebird,Shrub,forest; shrub; coastal
western_wattlebird,Forest,forest; woodland; shrub; artificial
red_wattlebird,Forest,forest; woodland; shrub
yellow_wattlebird,Forest,forest; woodland; shrub; artificial; coastal
regent_honeyeater,Forest,forest; woodland; shrub; artificial; riparian
spiny_cheeked_honeyeater,Shrub,forest; woodland; shrub; rocky_areas; desert; artificial; coastal
bridled_honeyeater,Forest,forest; shrub; artificial; coastal; wetlands_lakes_marsh
eungella_honeyeater,Forest,forest; woodland; artificial
cinnamon_browed_melidectes,Forest,forest
vogelkop_melidectes,Forest,forest
yellow_browed_melidectes,Forest,forest; shrub; artificial
huon_melidectes,Forest,forest
belfords_melidectes,Forest,forest
ornate_melidectes,Forest,forest; shrub; artificial
bell_miner,Forest,forest; woodland; shrub; riparian
noisy_miner,Woodland,forest; woodland; shrub; savannah; grasslands; artificial; riparian; wetlands_lakes_marsh
yellow_throated_miner,Woodland,forest; woodland; shrub; grasslands; artificial; riparian; wetlands_lakes_marsh
black_eared_miner,Woodland,forest; woodland
eastern_bristlebird,Forest,forest; shrub; grasslands
western_bristlebird,Shrub,shrub
rufous_bristlebird,Shrub,shrub
spotted_pardalote,Forest,forest; woodland; shrub
forty_spotted_pardalote,Forest,forest
red_browed_pardalote,Shrub,shrub; riparian
striated_pardalote,Forest,forest; woodland; riparian
goldenface,Forest,forest; shrub
fernwren,Forest,forest
pilotbird,Shrub,shrub
redthroat,Woodland,woodland; shrub
speckled_warbler,Woodland,forest; woodland; shrub; rocky_areas
shy_heathwren,Shrub,shrub
chestnut_rumped_heathwren,Shrub,forest; shrub; rocky_areas
striated_fieldwren,Shrub,shrub
rufous_fieldwren,Shrub,forest; shrub; rocky_areas
western_fieldwren,Shrub,shrub
weebill,Woodland,forest; woodland
yellow_throated_scrubwren,Forest,forest
mountain_mouse_warbler,Forest,forest
rusty_mouse_warbler,Forest,forest; shrub
rockwarbler,Rocky,rocky_areas; riparian
tasmanian_scrubwren,Forest,forest; shrub
white_browed_scrubwren,Shrub,shrub; coastal
spotted_scrubwren,Forest,forest; desert; artificial
atherton_scrubwren,Forest,forest
tropical_scrubwren,Forest,forest; riparian
large_billed_scrubwren,Forest,forest
large_scrubwren,Forest,forest; shrub
pale_billed_scrubwren,Forest,forest; riparian
bicoloured_scrubwren,Forest,forest
vogelkop_scrubwren,Forest,forest; shrub
buff_faced_scrubwren,Forest,forest; shrub
grey_green_scrubwren,Forest,forest; shrub
papuan_scrubwren,Forest,forest; shrub
scrubtit,Forest,forest; shrub
southern_whiteface,Woodland,woodland; shrub; savannah
banded_whiteface,Shrub,shrub; grasslands; desert
chestnut_breasted_whiteface,Shrub,shrub; grasslands; desert
yellow_rumped_thornbill,Woodland,woodland; shrub
grey_thornbill,Forest,forest
new_guinea_thornbill,Forest,forest
yellow_thornbill,Shrub,forest; shrub; artificial
striated_thornbill,Forest,forest; shrub
inland_thornbill,Woodland,woodland; shrub; artificial; riparian
tasmanian_thornbill,Forest,forest; shrub
mountain_thornbill,Forest,forest
brown_thornbill,Shrub,forest; woodland; shrub; artificial; coastal
slaty_backed_thornbill,Woodland,woodland; shrub
slender_billed_thornbill,Shrub,shrub
chestnut_rumped_thornbill,Woodland,woodland; shrub; grasslands
western_thornbill,Woodland,woodland; shrub
buff_rumped_thornbill,Forest,forest; woodland; shrub
yellow_bellied_gerygone,Forest,forest; shrub; riparian
brown_gerygone,Forest,forest
green_backed_gerygone,Forest,forest; shrub; coastal
fairy_gerygone,Forest,forest; woodland; shrub; coastal
large_billed_gerygone,Forest,forest; shrub; riparian; coastal; wetlands_lakes_marsh
biak_gerygone,Forest,forest; woodland
plain_gerygone,Forest,forest; shrub; coastal
rufous_sided_gerygone,Forest,forest; shrub; artificial; coastal
white_throated_gerygone,Woodland,forest; woodland; savannah
golden_bellied_gerygone,Coastal,forest; shrub; artificial; coastal; wetlands_lakes_marsh
dusky_gerygone,Coastal,coastal
fan_tailed_gerygone,Forest,forest; shrub; savannah; artificial
rennell_gerygone,Forest,forest; shrub; artificial
mangrove_gerygone,Coastal,forest; shrub; coastal
western_gerygone,Woodland,woodland; plains; riparian
brown_breasted_gerygone,Forest,forest; shrub; grasslands; artificial
lord_howe_gerygone,Forest,forest
norfolk_island_gerygone,Forest,forest; shrub
grey_gerygone,Shrub,forest; shrub; artificial
chatham_islands_gerygone,Forest,forest; shrub
papuan_babbler,Forest,forest; artificial; riparian
grey_crowned_babbler,Woodland,woodland; savannah; riparian; coastal
halls_babbler,Shrub,shrub
white_browed_babbler,Forest,forest; woodland; shrub
chestnut_crowned_babbler,Shrub,woodland; shrub
papuan_logrunner,Forest,forest
australian_logrunner,Forest,forest
chowchilla,Forest,forest
lorias_satinbird,Forest,forest; shrub
yellow_satinbird,Forest,forest; shrub
red_satinbird,Forest,forest; shrub
yellow_breasted_satinbird,Forest,forest
obscure_berrypecker,Forest,forest
mid_mountain_berrypecker,Forest,forest; shrub
black_berrypecker,Forest,forest; shrub; artificial
fan_tailed_berrypecker,Forest,forest; shrub; grasslands
streaked_berrypecker,Forest,forest
satin_berrypecker,Forest,forest
thick_billed_berrypecker,Forest,forest; shrub; artificial
spotted_berrypecker,Forest,forest; shrub; artificial
spectacled_longbill,Forest,forest; shrub
pygmy_longbill,Forest,forest; woodland; riparian
yellow_bellied_longbill,Forest,forest; shrub
slaty_headed_longbill,Forest,forest; shrub; artificial
tit_berrypecker,Forest,forest
western_crested_berrypecker,Forest,forest; shrub
eastern_crested_berrypecker,Forest,forest; shrub
north_island_kokako,Forest,forest; shrub
south_island_kokako,Forest,forest
north_island_saddleback,Forest,forest
south_island_saddleback,Forest,forest
huia,Forest,forest
stitchbird,Forest,forest; shrub
papuan_whipbird,Forest,forest
eastern_whipbird,Forest,forest; shrub
western_whipbird,Shrub,shrub
chirruping_wedgebill,Shrub,shrub; savannah; riparian
chiming_wedgebill,Shrub,shrub; savannah; riparian
spotted_jewel_babbler,Forest,forest
blue_jewel_babbler,Forest,forest
dimorphic_jewel_babbler,Forest,forest
chestnut_backed_jewel_babbler,Forest,forest
spotted_quail_thrush,Forest,forest; shrub
chestnut_quail_thrush,Woodland,woodland; shrub; savannah; grasslands
copperback_quail_thrush,Woodland,woodland; shrub
cinnamon_quail_thrush,Shrub,shrub; grasslands; rocky_areas
nullarbor_quail_thrush,Plains,plains
chestnut_breasted_quail_thrush,Shrub,shrub
western_quail_thrush,Woodland,woodland; shrub
painted_quail_thrush,Forest,forest
rwenzori_batis,Forest,forest; shrub
margarets_batis,Forest,forest; shrub; riparian
forest_batis,Forest,forest; shrub
reichenows_batis,Forest,forest
dark_batis,Forest,forest; woodland
malawi_batis,Forest,forest; artificial
cape_batis,Forest,forest; woodland; shrub; artificial; riparian
woodwards_batis,Forest,forest; woodland; shrub; savannah; riparian
chinspot_batis,Forest,forest; woodland; shrub; savannah; artificial; riparian
senegal_batis,Shrub,woodland; shrub; savannah; grasslands; artificial
grey_headed_batis,Woodland,forest; woodland; shrub; savannah; grasslands
east_coast_batis,Forest,forest; woodland; shrub
pririt_batis,Grassland,forest; woodland; shrub; savannah; grasslands; riparian
eastern_black_headed_batis,Woodland,forest; woodland; shrub; savannah; grasslands; riparian
western_black_headed_batis,Forest,forest; woodland; savannah; artificial
pygmy_batis,Shrub,forest; woodland; shrub; grasslands
angola_batis,Forest,forest; woodland; shrub; riparian
gabon_batis,Forest,forest; shrub; artificial
ituri_batis,Forest,forest; shrub; artificial
west_african_batis,Forest,forest; woodland; artificial
bioko_batis,Forest,forest; woodland; artificial
ground_batis,Savanna,forest; woodland; shrub; savannah; rocky_areas
west_african_wattle_eye,Forest,forest; shrub; artificial; riparian
chestnut_wattle_eye,Forest,forest; shrub; grasslands; artificial; wetlands_lakes_marsh
white_spotted_wattle_eye,Forest,forest; artificial; riparian
banded_wattle_eye,Forest,forest; bamboo; riparian
black_throated_wattle_eye,Forest,forest; shrub; artificial; riparian; coastal
white_fronted_wattle_eye,Forest,forest; shrub; artificial; coastal
brown_throated_wattle_eye,Forest,forest; shrub; savannah; artificial; riparian; coastal
rufous_bellied_wattle_eye,Forest,forest; shrub; artificial
yellow_bellied_wattle_eye,Forest,forest; artificial
red_cheeked_wattle_eye,Forest,forest; shrub; rocky_areas; artificial; riparian
black_necked_wattle_eye,Forest,forest; shrub; artificial
jamesons_wattle_eye,Forest,forest
fiery_breasted_bushshrike,Woodland,woodland; shrub; artificial; riparian
monteiros_bushshrike,Forest,forest; riparian
grey_headed_bushshrike,Savanna,forest; woodland; shrub; savannah; artificial
lagdens_bushshrike,Forest,forest; riparian
green_breasted_bushshrike,Forest,forest; shrub; grasslands
uluguru_bushshrike,Forest,forest
mount_kupe_bushshrike,Forest,forest; shrub
many_coloured_bushshrike,Forest,forest; grasslands; artificial; riparian
black_fronted_bushshrike,Forest,forest; shrub; rocky_areas; riparian
olive_bushshrike,Forest,forest; woodland; shrub; artificial; riparian
bocages_bushshrike,Forest,forest; woodland; savannah; artificial; riparian
orange_breasted_bushshrike,Forest,forest; woodland; shrub; grasslands; riparian
gorgeous_bushshrike,Forest,forest; woodland; shrub; savannah; artificial; riparian
dohertys_bushshrike,Shrub,forest; bamboo; shrub
bokmakierie,Shrub,shrub; artificial
rosy_patched_bushshrike,Savanna,shrub; savannah
marsh_tchagra,Wetland,shrub; grasslands; artificial; wetlands_lakes_marsh
brown_crowned_tchagra,Shrub,forest; woodland; shrub; savannah
three_streaked_tchagra,Shrub,shrub; savannah
southern_tchagra,Shrub,forest; shrub; grasslands; artificial; riparian
black_crowned_tchagra,Shrub,forest; woodland; shrub; savannah; desert; artificial
sabines_puffback,Forest,forest; shrub; artificial
pink_footed_puffback,Forest,forest; shrub; artificial
red_eyed_puffback,Shrub,forest; shrub; artificial; riparian
black_backed_puffback,Woodland,woodland; shrub; savannah; artificial; riparian; coastal
northern_puffback,Savanna,forest; bamboo; woodland; shrub; savannah; grasslands; artificial; coastal
pringles_puffback,Shrub,forest; woodland; shrub; grasslands
lowland_sooty_boubou,Forest,forest; shrub; wetlands_lakes_marsh
mountain_sooty_boubou,Forest,forest; shrub
albertine_sooty_boubou,Forest,forest; bamboo; savannah; riparian
willards_sooty_boubou,Forest,forest
fülleborns_boubou,Forest,forest; bamboo; shrub; artificial
slate_coloured_boubou,Woodland,forest; woodland; shrub; artificial
lühders_bushshrike,Forest,forest; shrub; artificial; riparian
brauns_bushshrike,Forest,forest
gabela_bushshrike,Forest,forest
red_naped_bushshrike,Shrub,forest; woodland; shrub
manda_boubou,Shrub,shrub; riparian
ethiopian_boubou,Riparian,forest; bamboo; woodland; shrub; savannah; artificial; riparian
tropical_boubou,Riparian,rocky_areas; artificial; riparian
zanzibar_boubou,Forest,forest; shrub; artificial; riparian
southern_boubou,Woodland,forest; woodland; shrub; artificial; coastal; wetlands_lakes_marsh
swamp_boubou,Shrub,forest; woodland; shrub; riparian; coastal; wetlands_lakes_marsh
turatis_boubou,Woodland,woodland; savannah
yellow_crowned_gonolek,Savanna,shrub; savannah; artificial; coastal; wetlands_lakes_marsh
papyrus_gonolek,Wetland,shrub; wetlands_lakes_marsh
black_headed_gonolek,Shrub,woodland; shrub; artificial; riparian; wetlands_lakes_marsh
crimson_breasted_gonolek,Savanna,forest; woodland; shrub; savannah
yellow_breasted_boubou,Forest,forest; bamboo; shrub
brubru,Woodland,woodland; shrub; savannah
yellow_breasted_boatbill,Forest,forest; shrub
black_breasted_boatbill,Forest,forest; shrub; artificial
red_tailed_vanga,Forest,forest
red_shouldered_vanga,Shrub,shrub
hook_billed_vanga,Forest,forest; woodland; savannah; artificial; riparian; coastal
berniers_vanga,Forest,forest
lafresnayes_vanga,Shrub,shrub
van_dams_vanga,Forest,forest
pollens_vanga,Forest,forest
sickle_billed_vanga,Forest,forest; savannah; artificial; coastal
white_headed_vanga,Forest,forest; savannah; coastal
chabert_vanga,Forest,forest; artificial; coastal
comoro_blue_vanga,Woodland,forest; woodland; shrub; artificial
madagascar_blue_vanga,Forest,forest; coastal
rufous_vanga,Forest,forest; shrub
helmet_vanga,Forest,forest
tylas_vanga,Forest,forest; coastal
nuthatch_vanga,Forest,forest
dark_newtonia,Forest,forest
common_newtonia,Forest,forest; woodland; coastal
archbolds_newtonia,Shrub,shrub
red_tailed_newtonia,Forest,forest
wards_flycatcher,Forest,forest
crossleys_vanga,Forest,forest
white_crested_helmetshrike,Savanna,woodland; shrub; savannah; artificial; riparian
grey_crested_helmetshrike,Forest,forest; woodland; shrub; grasslands; riparian
yellow_crested_helmetshrike,Woodland,woodland
red_billed_helmetshrike,Forest,forest; shrub; artificial; riparian
rufous_bellied_helmetshrike,Forest,forest
retzs_helmetshrike,Forest,forest; woodland; shrub; savannah; artificial; riparian; coastal
gabela_helmetshrike,Forest,forest; shrub; artificial
chestnut_fronted_helmetshrike,Forest,forest; woodland; riparian; coastal
bar_winged_flycatcher_shrike,Shrub,forest; woodland; shrub; artificial; coastal
black_winged_flycatcher_shrike,Forest,forest; artificial; coastal
large_woodshrike,Forest,forest; woodland; shrub; coastal
malabar_woodshrike,Forest,forest; woodland
common_woodshrike,Forest,forest; woodland; shrub; artificial
sri_lanka_woodshrike,Woodland,woodland
rufous_winged_philentoma,Forest,forest; shrub; riparian; wetlands_lakes_marsh
maroon_breasted_philentoma,Forest,forest; wetlands_lakes_marsh
african_shrike_flycatcher,Forest,forest; woodland; artificial; riparian
black_and_white_shrike_flycatcher,Forest,forest; woodland; artificial; riparian
bornean_bristlehead,Forest,forest
ashy_woodswallow,Savanna,forest; woodland; savannah; artificial
white_breasted_woodswallow,Savanna,woodland; savannah; grasslands; artificial; riparian; coastal
fiji_woodswallow,Forest,forest; woodland
ivory_backed_woodswallow,Forest,forest
great_woodswallow,Forest,forest; artificial
white_backed_woodswallow,Forest,forest; artificial
masked_woodswallow,Woodland,woodland; savannah
white_browed_woodswallow,Woodland,woodland
black_faced_woodswallow,Savanna,forest; woodland; shrub; savannah; grasslands; artificial
dusky_woodswallow,Woodland,forest; woodland
little_woodswallow,Woodland,woodland; shrub; savannah; rocky_areas
lowland_peltops,Forest,forest
mountain_peltops,Forest,forest; shrub
black_butcherbird,Forest,forest; artificial; riparian
australian_magpie,Woodland,woodland; savannah
grey_butcherbird,Woodland,woodland; artificial
silver_backed_butcherbird,Forest,forest; shrub; rocky_areas
black_backed_butcherbird,Woodland,woodland; shrub; savannah; artificial
pied_butcherbird,Woodland,woodland; savannah; artificial
hooded_butcherbird,Forest,forest; shrub; artificial; riparian
tagula_butcherbird,Forest,forest
pied_currawong,Forest,forest; savannah; artificial
black_currawong,Forest,forest; shrub; artificial; wetlands_lakes_marsh
grey_currawong,Forest,forest; woodland; shrub
mottled_berryhunter,Forest,forest; shrub
common_iora,Coastal,forest; bamboo; woodland; shrub; artificial; coastal
marshalls_iora,Shrub,woodland; shrub
green_iora,Forest,forest; coastal
great_iora,Forest,forest
white_bellied_minivet,Forest,forest; shrub; rocky_areas; desert
jerdons_minivet,Plains,shrub; plains
fiery_minivet,Forest,forest
small_minivet,Shrub,forest; woodland; shrub; artificial
grey_chinned_minivet,Forest,forest
grey_throated_minivet,Forest,forest; artificial
sunda_minivet,Forest,forest; artificial
short_billed_minivet,Woodland,forest; woodland; artificial
flores_minivet,Forest,forest
long_tailed_minivet,Forest,forest; woodland; artificial
orange_minivet,Forest,forest; artificial
scarlet_minivet,Forest,forest; woodland; artificial
ashy_minivet,Forest,forest; woodland
ryukyu_minivet,Forest,forest; shrub
brown_rumped_minivet,Forest,forest
rosy_minivet,Forest,forest; woodland; artificial
madagascar_cuckooshrike,Forest,forest; shrub; coastal
comoro_cuckooshrike,Forest,forest
grauers_cuckooshrike,Forest,forest
white_breasted_cuckooshrike,Woodland,woodland; savannah
grey_cuckooshrike,Forest,forest; shrub; riparian
stout_billed_cuckooshrike,Forest,forest; shrub
hooded_cuckooshrike,Forest,forest
cerulean_cuckooshrike,Forest,forest; artificial
pied_cuckooshrike,Forest,forest; shrub; coastal
ground_cuckooshrike,Savanna,shrub; savannah; grasslands
barred_cuckooshrike,Forest,forest; shrub
black_faced_cuckooshrike,Forest,forest; woodland; shrub; savannah; artificial; coastal
boyers_cuckooshrike,Forest,forest; shrub; coastal
buru_cuckooshrike,Forest,forest
wallacean_cuckooshrike,Forest,forest; bamboo; shrub; savannah; artificial
north_melanesian_cuckooshrike,Forest,forest; coastal
south_melanesian_cuckooshrike,Forest,forest; savannah
bar_bellied_cuckooshrike,Forest,forest; shrub; artificial; coastal
mindoro_cuckooshrike,Forest,forest
visayan_cuckooshrike,Forest,forest
mindanao_cuckooshrike,Forest,forest
sulu_cuckooshrike,Forest,forest
indian_cuckooshrike,Forest,forest; woodland; shrub; artificial
large_cuckooshrike,Woodland,forest; woodland
malaysian_cuckooshrike,Woodland,woodland
andaman_cuckooshrike,Forest,forest
slaty_cuckooshrike,Forest,forest; artificial; coastal; wetlands_lakes_marsh
white_rumped_cuckooshrike,Woodland,forest; woodland; shrub; artificial
sunda_cuckooshrike,Forest,forest
white_bellied_cuckooshrike,Woodland,forest; woodland; savannah; artificial; riparian; coastal
manus_cuckooshrike,Artificial,artificial
moluccan_cuckooshrike,Forest,forest; coastal
halmahera_cicadabird,Forest,forest
black_cuckooshrike,Woodland,forest; woodland; shrub; savannah; artificial; riparian
red_shouldered_cuckooshrike,Shrub,forest; shrub; savannah
petits_cuckooshrike,Forest,forest; shrub; savannah
purple_throated_cuckooshrike,Forest,forest; shrub; savannah; artificial; riparian
western_wattled_cuckooshrike,Forest,forest
eastern_wattled_cuckooshrike,Forest,forest; riparian
golden_cuckooshrike,Forest,forest
mc_gregors_cuckooshrike,Forest,forest
new_caledonian_cicadabird,Forest,forest
blackish_cicadabird,Forest,forest
white_winged_cicadabird,Forest,forest
black_bellied_cicadabird,Forest,forest; shrub; artificial
sumba_cicadabird,Forest,forest; woodland
kai_cicadabird,Forest,forest
timor_cicadabird,Forest,forest
pale_cicadabird,Forest,forest; shrub
pohnpei_cicadabird,Coastal,forest; coastal
black_bibbed_cicadabird,Forest,forest; shrub
grey_headed_cicadabird,Forest,forest; shrub
new_guinea_cicadabird,Forest,forest; shrub; artificial; riparian; coastal
solomon_cicadabird,Forest,forest
new_georgia_cicadabird,Forest,forest
malaita_cicadabird,Forest,forest
makira_cicadabird,Forest,forest; shrub
manus_cicadabird,Forest,forest; savannah; coastal
sangihe_cicadabird,Forest,forest
palau_cicadabird,Forest,forest; shrub; coastal
yap_cicadabird,Forest,forest; savannah
central_melanesian_cicadabird,Forest,forest
sulawesi_cicadabird,Forest,forest
geelvink_cicadabird,Forest,forest
banggai_cicdabird,Forest,forest
obi_cicadabird,Forest,forest
sula_cicadabird,Forest,forest; woodland; shrub; artificial
north_moluccan_cicadabird,Forest,forest
black_shouldered_cicadabird,Forest,forest; shrub
melanesian_cicadabird,Forest,forest
rossel_cicadabird,Forest,forest
south_moluccan_cicadabird,Forest,forest
slender_billed_cicadabird,Forest,forest; woodland; shrub; savannah; coastal
pygmy_cuckooshrike,Forest,forest
blue_cuckooshrike,Forest,forest; woodland; shrub
polynesian_triller,Shrub,forest; shrub
samoan_triller,Forest,forest; shrub
white_shouldered_triller,Shrub,shrub; artificial
long_tailed_triller,Forest,forest; shrub; savannah; coastal
white_winged_triller,Savanna,forest; woodland; shrub; savannah; artificial
rufous_bellied_triller,Forest,forest; shrub; artificial; coastal
black_browed_triller,Forest,forest; shrub; artificial; coastal
biak_triller,Forest,forest; woodland
tanimbar_triller,Forest,forest; coastal
varied_triller,Forest,forest; shrub; riparian; coastal
mussau_triller,Forest,forest
northern_black_and_white_triller,Forest,forest
southern_black_and_white_triller,Forest,forest
pied_triller,Shrub,shrub; artificial; coastal
white_rumped_triller,Woodland,forest; woodland; artificial; coastal
black_winged_cuckooshrike,Forest,forest; woodland; riparian
black_headed_cuckooshrike,Forest,forest; woodland; shrub; artificial; coastal
indochinese_cuckooshrike,Forest,forest; coastal
lesser_cuckooshrike,Forest,forest; shrub; artificial
mauritius_cuckooshrike,Forest,forest; shrub
reunion_cuckooshrike,Forest,forest
yellowhead,Forest,forest
whitehead,Forest,forest; shrub; artificial
pipipi,Forest,forest; shrub; artificial
varied_sittella,Forest,forest; shrub
papuan_sittella,Forest,forest
black_sittella,Forest,forest
wattled_ploughbill,Forest,forest; bamboo; shrub
rufous_naped_bellbird,Forest,forest; shrub
piping_bellbird,Forest,forest
crested_bellbird,Shrub,woodland; shrub; coastal
northern_shrike_tit,Woodland,woodland
western_shrike_tit,Woodland,woodland
eastern_shrike_tit,Woodland,woodland; shrub; riparian
maroon_backed_whistler,Forest,forest
sangihe_whistler,Forest,forest
black_pitohui,Forest,forest
olive_whistler,Shrub,forest; shrub
red_lored_whistler,Shrub,shrub
gilberts_whistler,Shrub,woodland; shrub; riparian
mangrove_whistler,Coastal,woodland; artificial; coastal
green_backed_whistler,Forest,forest
white_vented_whistler,Forest,forest
island_whistler,Forest,forest; shrub; coastal
biak_whistler,Forest,forest; artificial; riparian; coastal
rusty_whistler,Forest,forest
brown_backed_whistler,Forest,forest; grasslands
yellow_bellied_whistler,Forest,forest
sulphur_bellied_whistler,Forest,forest
bornean_whistler,Forest,forest
vogelkop_whistler,Forest,forest; shrub
grey_whistler,Forest,forest; riparian; coastal
brown_whistler,Forest,forest; coastal; wetlands_lakes_marsh
fawn_breasted_whistler,Forest,forest; shrub; coastal
banda_sea_whistler,Forest,forest; shrub; artificial; coastal
sclaters_whistler,Forest,forest; shrub
timor_whistler,Coastal,shrub; artificial; coastal
rusty_breasted_whistler,Forest,forest; bamboo; woodland; shrub; artificial; coastal
selayar_whistler,Forest,forest; shrub; savannah; artificial
yellow_throated_whistler,Forest,forest; shrub; artificial; coastal
baliem_whistler,Forest,forest; woodland; artificial
black_chinned_whistler,Forest,forest; shrub
golden_whistler,Forest,forest; woodland; shrub
western_whistler,Forest,forest; woodland; shrub; artificial
bismarck_whistler,Forest,forest; woodland; shrub; artificial; riparian
oriole_whistler,Forest,forest; artificial
louisiade_whistler,Forest,forest; woodland; shrub; artificial; riparian
rennell_whistler,Forest,forest
vanuatu_whistler,Forest,forest; woodland; shrub; artificial
new_caledonian_whistler,Forest,forest
white_throated_fiji_whistler,Forest,forest
yellow_throated_fiji_whistler,Forest,forest
nendo_whistler,Forest,forest
utupua_whistler,Forest,forest
temotu_whisler,Forest,forest; woodland; shrub; artificial
tongan_whistler,Forest,forest; shrub
black_tailed_whistler,Coastal,forest; bamboo; woodland; shrub; coastal
samoan_whistler,Forest,forest; artificial
guadalcanal_hooded_whistler,Forest,forest
bougainville_hooded_whistler,Forest,forest
bare_throated_whistler,Forest,forest
lorentzs_whistler,Forest,forest; shrub
regent_whistler,Forest,forest
golden_backed_whistler,Shrub,shrub; riparian; wetlands_lakes_marsh
rufous_whistler,Forest,forest; woodland
black_headed_whistler,Forest,forest; artificial
white_bellied_whistler,Forest,forest; shrub; savannah; coastal
babar_whistler,Forest,forest
wallacean_whistler,Coastal,forest; artificial; coastal
drab_whistler,Forest,forest; woodland; shrub; artificial
cinnamon_breasted_whistler,Forest,forest; woodland; shrub; artificial
white_breasted_whistler,Coastal,coastal
morningbird,Forest,forest; shrub
white_bellied_pitohui,Forest,forest
rusty_pitohui,Forest,forest; shrub; riparian
bowers_shrike_thrush,Forest,forest
sooty_shrike_thrush,Forest,forest
little_shrike_thrush,Forest,forest; shrub; coastal
variable_shrike_thrush,Forest,forest
waigeo_shrike_thrush,Forest,forest
mamberamo_shrike_thrush,Forest,forest
tagula_shrike_thrush,Forest,forest; artificial
sepik_ramu_shrike_thrush,Forest,forest; woodland
rufous_shrike_thrush,Forest,forest; artificial; riparian; coastal
grey_shrike_thrush,Forest,forest; woodland; artificial; coastal
sandstone_shrike_thrush,Rocky,rocky_areas; riparian
green_shrike_babbler,Forest,forest
black_eared_shrike_babbler,Forest,forest; riparian
black_headed_shrike_babbler,Forest,forest; shrub
white_browed_shrike_babbler,Forest,forest
pied_shrike_babbler,Forest,forest
clicking_shrike_babbler,Forest,forest
chestnut_fronted_shrike_babbler,Forest,forest; shrub
white_bellied_erpornis,Forest,forest; shrub; riparian
rufous_browed_peppershrike,Forest,forest; artificial; riparian; coastal
black_billed_peppershrike,Forest,forest
chestnut_sided_shrike_vireo,Woodland,forest; woodland
green_shrike_vireo,Forest,forest
yellow_browed_shrike_vireo,Forest,forest
slaty_capped_shrike_vireo,Forest,forest
pale_legged_shrike_vireo,Forest,forest
grey_eyed_greenlet,Woodland,woodland; shrub
rufous_crowned_greenlet,Forest,forest; woodland; shrub
olivaceous_greenlet,Forest,forest; shrub
ashy_headed_greenlet,Woodland,woodland; shrub; artificial; coastal
brown_headed_greenlet,Woodland,forest; woodland; shrub
rio_de_janeiro_greenlet,Forest,forest; woodland; shrub; artificial; riparian
lemon_chested_greenlet,Forest,forest
scrub_greenlet,Shrub,forest; bamboo; woodland; shrub; artificial; riparian
yellow_green_greenlet,Shrub,bamboo; shrub; artificial
tobago_greenlet,Shrub,forest; shrub
grey_chested_greenlet,Forest,forest; woodland; shrub
tawny_crowned_greenlet,Forest,forest
rufous_fronted_greenlet,Forest,forest
olive_crowned_greenlet,Forest,forest
red_fronted_greenlet,Forest,forest
lesser_greenlet,Forest,forest; woodland
dusky_capped_greenlet,Forest,forest
buff_cheeked_greenlet,Forest,forest
golden_fronted_greenlet,Woodland,forest; woodland; shrub; riparian; coastal
rufous_naped_greenlet,Forest,forest; woodland; shrub
golden_greenlet,Shrub,woodland; shrub; artificial
yellow_green_vireo,Woodland,forest; woodland; shrub
red_eyed_vireo,Forest,forest; artificial; riparian; wetlands_lakes_marsh
yucatan_vireo,Woodland,forest; woodland; shrub; artificial; coastal
black_whiskered_vireo,Forest,forest; woodland; shrub; coastal; wetlands_lakes_marsh
chivi_vireo,Forest,forest; woodland; shrub; coastal
noronha_vireo,Forest,forest; shrub; artificial
tepui_vireo,Forest,forest; woodland; shrub
philadelphia_vireo,Woodland,forest; woodland; shrub; artificial; riparian; wetlands_lakes_marsh
warbling_vireo,Forest,forest; woodland; shrub; artificial
brown_capped_vireo,Forest,forest; shrub; grasslands
huttons_vireo,Woodland,forest; woodland
grey_vireo,Shrub,woodland; shrub
yellow_throated_vireo,Forest,forest; woodland; artificial; riparian
yellow_winged_vireo,Forest,forest; woodland
choco_vireo,Forest,forest
blue_headed_vireo,Forest,forest
cassins_vireo,Forest,forest; woodland
plumbeous_vireo,Forest,forest; woodland
blue_mountain_vireo,Forest,forest; woodland; artificial
flat_billed_vireo,Forest,forest; shrub
mangrove_vireo,Coastal,forest; woodland; shrub; artificial; coastal
cozumel_vireo,Woodland,forest; woodland; shrub; artificial
san_andres_vireo,Forest,forest; shrub; artificial; coastal
white_eyed_vireo,Shrub,woodland; shrub
thick_billed_vireo,Woodland,forest; woodland; shrub; coastal
jamaican_vireo,Forest,forest; woodland; shrub
cuban_vireo,Forest,forest; shrub
bells_vireo,Shrub,woodland; shrub
puerto_rican_vireo,Forest,forest; woodland; shrub; grasslands; artificial; coastal
black_capped_vireo,Shrub,shrub
dwarf_vireo,Shrub,woodland; shrub
slaty_vireo,Shrub,woodland; shrub
north_island_piopio,Forest,forest
south_island_piopio,Forest,forest; shrub
timor_figbird,Forest,forest; woodland; shrub; riparian; coastal
wetar_figbird,Forest,forest; woodland; shrub
australasian_figbird,Forest,forest; shrub
northern_variable_pitohui,Forest,forest; shrub; artificial
waigeo_pitohui,Forest,forest; artificial
southern_variable_pitohui,Forest,forest; artificial
hooded_pitohui,Forest,forest; shrub; coastal
isabela_oriole,Forest,forest; bamboo; shrub; artificial
seram_oriole,Forest,forest
buru_oriole,Forest,forest; woodland; artificial; coastal
halmahera_oriole,Forest,forest; artificial
olive_backed_oriole,Woodland,forest; woodland; savannah
timor_oriole,Forest,forest; woodland; artificial; coastal
wetar_oriole,Forest,forest; artificial; coastal
tanimbar_oriole,Forest,forest; woodland; artificial; coastal
brown_oriole,Forest,forest; shrub; savannah; artificial; riparian; coastal
green_oriole,Forest,forest; woodland; artificial; riparian; coastal
javan_oriole,Forest,forest
black_and_crimson_oriole,Forest,forest
black_oriole,Forest,forest
maroon_oriole,Forest,forest
silver_oriole,Forest,forest
black_hooded_oriole,Forest,forest; woodland; shrub; artificial; wetlands_lakes_marsh
dark_throated_oriole,Forest,forest; artificial
ventriloquial_oriole,Forest,forest; shrub; artificial; wetlands_lakes_marsh
philippine_oriole,Forest,forest; shrub
white_lored_oriole,Forest,forest
green_headed_oriole,Forest,forest; woodland; shrub; riparian
western_black_headed_oriole,Forest,forest; woodland; shrub; savannah; riparian
sao_tome_oriole,Forest,forest; artificial
eastern_black_headed_oriole,Woodland,woodland; shrub; savannah; artificial; coastal
ethiopian_black_headed_oriole,Forest,forest; woodland
mountain_oriole,Forest,forest; artificial; riparian
black_winged_oriole,Forest,forest; artificial; riparian; coastal
african_golden_oriole,Woodland,forest; woodland; savannah; riparian
indian_golden_oriole,Forest,forest; woodland; shrub; savannah; artificial; riparian
eurasian_golden_oriole,Woodland,woodland; shrub; savannah; plains; desert; artificial; riparian
black_naped_oriole,Forest,forest; woodland; shrub; artificial; coastal
slender_billed_oriole,Forest,forest; shrub
bronzed_drongo,Forest,forest; shrub; artificial
lesser_racquet_tailed_drongo,Forest,forest; riparian
crow_billed_drongo,Forest,forest; woodland; shrub; artificial; coastal
greater_racquet_tailed_drongo,Forest,forest; bamboo; shrub; artificial; wetlands_lakes_marsh
sri_lanka_drongo,Forest,forest
andaman_drongo,Forest,forest
sumatran_drongo,Forest,forest
sulawesi_drongo,Forest,forest
spangled_drongo,Forest,forest; artificial; riparian; coastal
ribbon_tailed_drongo,Forest,forest; shrub
hair_crested_drongo,Forest,forest; bamboo; shrub; artificial
tablas_drongo,Forest,forest; riparian
palawan_drongo,Forest,forest; woodland; shrub
balicassiao,Forest,forest
short_tailed_drongo,Forest,forest; shrub
wallacean_drongo,Forest,forest; woodland; artificial; coastal
ashy_drongo,Forest,forest; bamboo; woodland; shrub; artificial; coastal
white_bellied_drongo,Forest,forest; woodland; artificial
mayotte_drongo,Forest,forest; artificial
crested_drongo,Woodland,woodland; shrub
aldabra_drongo,Woodland,woodland; shrub; coastal
comoro_drongo,Forest,forest; artificial
velvet_mantled_drongo,Forest,forest; savannah; artificial; riparian
fork_tailed_drongo,Woodland,woodland; savannah; grasslands; artificial; riparian
black_drongo,Shrub,shrub; artificial
square_tailed_drongo,Forest,forest; shrub; savannah; riparian
shining_drongo,Forest,forest; shrub
sharpes_drongo,Forest,forest; woodland; shrub; savannah; artificial
mindanao_blue_fantail,Forest,forest
visayan_blue_fantail,Forest,forest
blue_headed_fantail,Forest,forest
tablas_fantail,Forest,forest
visayan_fantail,Forest,forest
white_throated_fantail,Forest,forest; woodland; shrub; artificial
white_spotted_fantail,Woodland,forest; woodland; artificial
white_bellied_fantail,Forest,forest
white_browed_fantail,Forest,forest; shrub; artificial
sunda_pied_fantail,Woodland,forest; bamboo; woodland; shrub; artificial; coastal
philippine_pied_fantail,Woodland,forest; bamboo; woodland; shrub; artificial; coastal
spotted_fantail,Forest,forest
willie_wagtail,Savanna,shrub; savannah; grasslands; artificial; riparian; coastal; wetlands_lakes_marsh
brown_capped_fantail,Forest,forest; bamboo; woodland; shrub; coastal
cinnamon_tailed_fantail,Forest,forest; artificial; coastal
timor_fantail,Woodland,forest; woodland; shrub; savannah
roti_fantail,Woodland,forest; woodland; artificial; coastal
banda_fantail,Woodland,woodland; shrub; artificial
kai_fantail,Forest,forest; woodland; coastal
buru_fantail,Woodland,forest; woodland; shrub; artificial
seram_fantail,Woodland,forest; woodland; shrub; artificial
obi_fantail,Woodland,forest; woodland; shrub; artificial
northern_fantail,Forest,forest; woodland; riparian; coastal
biak_fantail,Forest,forest; coastal
white_winged_fantail,Forest,forest; coastal
white_gorgeted_fantail,Forest,forest
sooty_thicket_fantail,Forest,forest; riparian
black_thicket_fantail,Shrub,forest; shrub; riparian; coastal; wetlands_lakes_marsh
white_bellied_thicket_fantail,Shrub,forest; woodland; shrub; grasslands; artificial; riparian; wetlands_lakes_marsh
black_fantail,Forest,forest
chestnut_bellied_fantail,Forest,forest
friendly_fantail,Forest,forest; grasslands; artificial
grey_fantail,Forest,forest; woodland; shrub; artificial; riparian; coastal
new_zealand_fantail,Woodland,forest; woodland; artificial
mangrove_fantail,Coastal,coastal
bougainville_fantail,Forest,forest
guadalcanal_fantail,Forest,forest
dusky_fantail,Forest,forest
rennell_fantail,Forest,forest
new_caledonia_streaked_fantail,Forest,forest; shrub; artificial
vanuatu_streaked_fantail,Forest,forest; shrub; artificial
fiji_streaked_fantail,Forest,forest; shrub; artificial
taveuni_streaked_fantail,Forest,forest; artificial
kadavu_fantail,Forest,forest; shrub; riparian
samoan_fantail,Forest,forest; shrub; artificial
rufous_tailed_fantail,Forest,forest
black_and_cinnamon_fantail,Forest,forest
dimorphic_fantail,Forest,forest
palau_fantail,Forest,forest; shrub
streaky_breasted_fantail,Forest,forest
tawny_backed_fantail,Forest,forest; shrub
rusty_bellied_fantail,Forest,forest
peleng_fantail,Forest,forest
taliabu_fantail,Forest,forest
long_tailed_fantail,Forest,forest; coastal
rufous_backed_fantail,Forest,forest; shrub; wetlands_lakes_marsh
bismarck_fantail,Forest,forest
mussau_fantail,Forest,forest
malaita_fantail,Forest,forest
manus_fantail,Forest,forest; shrub; artificial
arafura_fantail,Coastal,forest; woodland; artificial; coastal
supertramp_fantail,Coastal,forest; woodland; artificial; coastal
gilolo_fantail,Forest,forest
rufous_fantail,Forest,forest; woodland; riparian; coastal
pohnpei_fantail,Forest,forest; shrub; savannah; coastal
louisiade_fantail,Coastal,forest; coastal
white_fronted_fantail,Forest,forest
micronesian_rufous_fantail,Forest,forest
solomons_rufous_fantail,Forest,forest
drongo_fantail,Forest,forest
cerulean_flycatcher,Forest,forest
natewa_silktail,Forest,forest; artificial
taveuni_silktail,Forest,forest
black_naped_monarch,Forest,forest; bamboo; woodland; shrub; artificial; riparian
pale_blue_monarch,Forest,forest; shrub
short_crested_monarch,Forest,forest
celestial_monarch,Forest,forest; riparian
southern_crested_flycatcher,Shrub,forest; shrub; riparian
eastern_crested_flycatcher,Shrub,forest; shrub; riparian
western_crested_flycatcher,Forest,forest; shrub; artificial; riparian
bedfords_paradise_flycatcher,Forest,forest
rufous_vented_paradise_flycatcher,Shrub,forest; shrub; artificial; riparian; coastal; wetlands_lakes_marsh
red_bellied_paradise_flycatcher,Forest,forest; shrub; savannah; grasslands; artificial; riparian; coastal
batess_paradise_flycatcher,Forest,forest; riparian
african_paradise_flycatcher,Woodland,forest; woodland; shrub; savannah; artificial; riparian
indian_paradise_flycatcher,Woodland,forest; woodland; shrub; artificial; riparian; wetlands_lakes_marsh
oriental_paradise_flycatcher,Forest,forest; bamboo; shrub; artificial; coastal
nusa_tenggara_paradise_flycatcher,Forest,forest; bamboo; artificial
chinese_paradise_flycatcher,Forest,forest; artificial; coastal
japanese_paradise_flycatcher,Forest,forest; artificial; riparian; coastal
blue_paradise_flycatcher,Forest,forest; shrub
southern_rufous_paradise_flycatcher,Forest,forest; woodland; shrub; artificial; coastal
northern_rufous_paradise_flycatcher,Forest,forest
sao_tome_paradise_flycatcher,Forest,forest; woodland; grasslands; artificial; riparian
madagascar_paradise_flycatcher,Forest,forest; woodland; savannah; artificial; coastal
seychelles_paradise_flycatcher,Forest,forest; wetlands_lakes_marsh
mascarene_paradise_flycatcher,Forest,forest
kauai_elepaio,Forest,forest
oahu_elepaio,Forest,forest
hawaii_elepaio,Forest,forest; shrub; artificial
rarotonga_monarch,Forest,forest
tahiti_monarch,Forest,forest
maupiti_monarch,Forest,forest
marquesas_monarch,Forest,forest
ua_pou_monarch,Forest,forest
nuku_hiva_monarch,Forest,forest; artificial
iphis_monarch,Forest,forest; shrub; artificial
eiao_monarch,Forest,forest; shrub
fatu_hiva_monarch,Forest,forest; shrub
vanikoro_monarch,Forest,forest; shrub
ogea_monarch,Forest,forest
slaty_monarch,Forest,forest; artificial
buff_bellied_monarch,Forest,forest; shrub; artificial
southern_shrikebill,Forest,forest
fiji_shrikebill,Forest,forest; shrub
black_throated_shrikebill,Forest,forest
nendo_shrikebill,Forest,forest
rennell_shrikebill,Forest,forest
chuuk_monarch,Forest,forest; coastal
black_monarch,Forest,forest; shrub
spot_winged_monarch,Forest,forest; shrub
black_bibbed_monarch,Forest,forest; coastal
flores_monarch,Forest,forest
black_chinned_monarch,Forest,forest
louisiade_monarch,Forest,forest; shrub
spectacled_monarch,Forest,forest; shrub; artificial; coastal
moluccan_monarch,Forest,forest; shrub
white_tailed_monarch,Forest,forest; woodland; coastal
white_tipped_monarch,Forest,forest; shrub
black_tipped_monarch,Forest,forest; shrub; artificial
kofiau_monarch,Forest,forest
biak_monarch,Forest,forest
hooded_monarch,Forest,forest
manus_monarch,Forest,forest; shrub; coastal
white_breasted_monarch,Forest,forest
black_tailed_monarch,Forest,forest
djaul_monarch,Forest,forest; shrub
solomons_pied_monarch,Forest,forest; shrub; artificial
malaita_monarch,Forest,forest
white_collared_monarch,Forest,forest; shrub
vella_lavella_monarch,Forest,forest; artificial
kolombangara_monarch,Forest,forest; artificial
rufous_monarch,Forest,forest
island_monarch,Forest,forest; shrub; artificial
black_faced_monarch,Forest,forest; shrub; riparian; coastal; wetlands_lakes_marsh
black_winged_monarch,Forest,forest
chestnut_bellied_monarch,Forest,forest; shrub; coastal
makira_monarch,Forest,forest
ugi_monarch,Forest,forest; shrub; coastal
white_capped_monarch,Forest,forest
yap_monarch,Forest,forest; coastal
tinian_monarch,Forest,forest; shrub
white_eared_monarch,Shrub,forest; shrub; riparian; coastal
white_naped_monarch,Forest,forest; coastal
tanimbar_monarch,Forest,forest; coastal
golden_monarch,Forest,forest; riparian
ochre_collared_monarch,Forest,forest
frilled_monarch,Forest,forest; riparian
frill_necked_monarch,Forest,forest; riparian
pied_monarch,Forest,forest
magpie_lark,Savanna,woodland; shrub; savannah; grasslands; artificial
torrent_lark,Forest,forest; riparian
chuuk_flycatcher,Forest,forest; shrub; artificial; coastal
palau_flycatcher,Forest,forest; coastal
guam_flycatcher,Forest,forest; shrub
pohnpei_flycatcher,Forest,forest; shrub; savannah; coastal
moluccan_flycatcher,Forest,forest; shrub; artificial; coastal
biak_flycatcher,Forest,forest
leaden_flycatcher,Forest,forest; woodland; savannah; artificial; coastal; wetlands_lakes_marsh
steel_blue_flycatcher,Forest,forest; shrub; coastal
makira_flycatcher,Forest,forest; artificial
melanesian_flycatcher,Woodland,forest; woodland; shrub; artificial; coastal
vanikoro_flycatcher,Forest,forest; shrub; artificial; coastal
samoan_flycatcher,Forest,forest; shrub
azure_crested_flycatcher,Forest,forest
chestnut_throated_flycatcher,Forest,forest
broad_billed_flycatcher,Coastal,bamboo; woodland; shrub; riparian; coastal
satin_flycatcher,Shrub,forest; shrub; coastal
shining_flycatcher,Riparian,forest; shrub; riparian; coastal; wetlands_lakes_marsh
mussau_flycatcher,Forest,forest; shrub
velvet_flycatcher,Forest,forest; shrub; coastal
djaul_flycatcher,Forest,forest; shrub; artificial
paperbark_flycatcher,Riparian,woodland; shrub; savannah; riparian
restless_flycatcher,Woodland,woodland
crested_jayshrike,Forest,forest
northern_white_crowned_shrike,Woodland,forest; woodland; shrub; desert
southern_white_crowned_shrike,Woodland,forest; woodland; savannah; desert
yellow_billed_shrike,Savanna,forest; woodland; savannah; grasslands; artificial
magpie_shrike,Woodland,forest; woodland; shrub; savannah
long_tailed_fiscal,Savanna,forest; shrub; savannah; grasslands; artificial
grey_backed_fiscal,Woodland,forest; woodland; shrub; savannah; grasslands; artificial
taita_fiscal,Shrub,woodland; shrub; grasslands
great_grey_shrike,Shrub,forest; shrub; grasslands; artificial
somali_fiscal,Grassland,shrub; savannah; grasslands; desert
loggerhead_shrike,Grassland,woodland; shrub; savannah; grasslands; artificial
giant_grey_shrike,Shrub,shrub
chinese_grey_shrike,Grassland,shrub; grasslands; artificial
iberian_grey_shrike,Savanna,shrub; savannah; plains; desert; artificial
northern_grey_shrike,Forest,forest; plains; riparian
masked_shrike,Woodland,forest; woodland; shrub; artificial; wetlands_lakes_marsh
newtons_fiscal,Forest,forest
northern_fiscal,Woodland,woodland; shrub; savannah; grasslands; desert; artificial; wetlands_lakes_marsh
emins_shrike,Savanna,forest; woodland; shrub; savannah; artificial
mackinnons_shrike,Savanna,forest; woodland; shrub; savannah; artificial
souzas_shrike,Woodland,woodland; savannah
common_fiscal,Grassland,forest; shrub; savannah; grasslands; desert; artificial
lesser_grey_shrike,Grassland,shrub; grasslands; artificial
woodchat_shrike,Woodland,woodland; shrub; plains; artificial
burmese_shrike,Forest,forest; woodland; shrub; artificial
tiger_shrike,Woodland,forest; woodland; shrub; artificial
bay_backed_shrike,Shrub,shrub; plains; rocky_areas; artificial
isabelline_shrike,Shrub,forest; woodland; shrub; savannah; plains; artificial; wetlands_lakes_marsh
red_backed_shrike,Shrub,shrub; savannah; grasslands; artificial
red_tailed_shrike,Shrub,shrub; plains; riparian
mountain_shrike,Forest,forest; shrub
brown_shrike,Shrub,forest; woodland; shrub; grasslands; artificial
bull_headed_shrike,Shrub,forest; shrub; artificial
long_tailed_shrike,Shrub,forest; shrub; grasslands; plains; artificial; riparian; wetlands_lakes_marsh
grey_backed_shrike,Grassland,forest; shrub; grasslands; artificial
malay_black_magpie,Forest,forest; woodland; artificial; coastal
bornean_black_magpie,Forest,forest; artificial; coastal
siberian_jay,Forest,forest
sichuan_jay,Forest,forest
canada_jay,Forest,forest
black_collared_jay,Forest,forest
quindio_jay,Forest,forest; bamboo
white_collared_jay,Forest,forest; bamboo; shrub
turquoise_jay,Forest,forest
beautiful_jay,Forest,forest
azure_hooded_jay,Forest,forest; woodland
black_throated_jay,Forest,forest; rocky_areas
dwarf_jay,Forest,forest
white_throated_jay,Forest,forest
silvery_throated_jay,Forest,forest
black_throated_magpie_jay,Woodland,forest; woodland
white_throated_magpie_jay,Woodland,forest; woodland; artificial; riparian; coastal
brown_jay,Woodland,forest; woodland; artificial; riparian
azure_jay,Forest,forest
violaceous_jay,Forest,forest; woodland; riparian; coastal
purplish_jay,Woodland,woodland; shrub; artificial
curl_crested_jay,Shrub,shrub
green_jay,Woodland,forest; woodland; shrub; artificial
inca_jay,Woodland,forest; woodland; shrub; artificial
white_tailed_jay,Woodland,forest; woodland; shrub; artificial; riparian
bushy_crested_jay,Forest,forest; woodland; shrub; artificial
yucatan_jay,Forest,forest; woodland; shrub
purplish_backed_jay,Forest,forest; shrub; coastal
san_blas_jay,Forest,forest; woodland; shrub; artificial; coastal
tufted_jay,Forest,forest; woodland; riparian
black_chested_jay,Forest,forest; woodland; artificial; riparian
azure_naped_jay,Forest,forest; woodland; shrub
campina_jay,Savanna,forest; savannah
cayenne_jay,Woodland,woodland; shrub
plush_crested_jay,Forest,forest; woodland; shrub; artificial
white_naped_jay,Shrub,woodland; shrub; riparian
blue_jay,Woodland,forest; woodland; artificial
stellers_jay,Forest,forest; woodland; artificial
mexican_jay,Forest,forest
transvolcanic_jay,Forest,forest; woodland
unicolored_jay,Forest,forest
california_scrub_jay,Shrub,forest; shrub; artificial; coastal
woodhouses_scrub_jay,Woodland,woodland; shrub; grasslands; artificial; riparian
island_scrub_jay,Shrub,forest; shrub; artificial; coastal
florida_scrub_jay,Shrub,shrub
pinyon_jay,Forest,forest; shrub; grasslands; artificial
eurasian_jay,Woodland,forest; woodland; shrub; artificial
plain_crowned_jay,Woodland,forest; woodland
white_faced_jay,Forest,forest
black_headed_jay,Forest,forest; shrub; artificial
amami_jay,Forest,forest; woodland; artificial
asian_azure_winged_magpie,Woodland,forest; woodland; artificial
iberian_azure_winged_magpie,Woodland,woodland; rocky_areas; artificial
sri_lanka_blue_magpie,Forest,forest
taiwan_blue_magpie,Forest,forest
yellow_billed_blue_magpie,Forest,forest; shrub; artificial
red_billed_blue_magpie,Forest,forest; shrub; artificial
hainan_magpie,Forest,forest; shrub; artificial; riparian
white_winged_magpie,Forest,forest
common_green_magpie,Forest,forest; bamboo; artificial; riparian
indochinese_green_magpie,Forest,forest
javan_green_magpie,Forest,forest
bornean_green_magpie,Forest,forest
rufous_treepie,Woodland,woodland; shrub
sumatran_treepie,Forest,forest; bamboo; woodland; artificial; riparian
bornean_treepie,Forest,forest; bamboo; shrub; artificial
grey_treepie,Forest,forest; shrub; artificial
white_bellied_treepie,Forest,forest; artificial
collared_treepie,Forest,forest; bamboo
andaman_treepie,Forest,forest
racquet_tailed_treepie,Forest,forest; shrub; coastal
hooded_treepie,Woodland,bamboo; woodland; shrub
ratchet_tailed_treepie,Forest,forest; bamboo; shrub
eurasian_magpie,Shrub,shrub; artificial
maghreb_magpie,Plains,woodland; plains; artificial
asir_magpie,Forest,forest; riparian
black_rumped_magpie,Shrub,shrub; artificial
orential_magpie,Shrub,shrub; artificial
black_billed_magpie,Shrub,forest; shrub; grasslands; plains; artificial; riparian
yellow_billed_magpie,Shrub,woodland; shrub; savannah; artificial
ethiopian_bushcrow,Grassland,shrub; savannah; grasslands
mongolian_ground_jay,Desert,shrub; plains; desert
xinjiang_ground_jay,Desert,shrub; desert
turkestan_ground_jay,Desert,shrub; plains; desert
iranian_ground_jay,Desert,shrub; desert
clarks_nutcracker,Forest,forest; desert; artificial
northern_nutcracker,Forest,forest; woodland
southern_nutcracker,Forest,forest; artificial
large_spotted_nutcracker,Forest,forest; artificial
red_billed_chough,Coastal,grasslands; rocky_areas; coastal
yellow_billed_chough,Rocky,plains; rocky_areas; artificial
piapiac,Savanna,woodland; shrub; savannah; grasslands; artificial
eurasian_jackdaw,Artificial,woodland; grasslands; rocky_areas; artificial; coastal
daurian_jackdaw,Grassland,shrub; grasslands; rocky_areas; artificial
house_crow,Artificial,shrub; grasslands; artificial; coastal
new_caledonian_crow,Woodland,forest; woodland; savannah; grasslands; artificial
piping_crow,Forest,forest; woodland
banggai_crow,Forest,forest
slender_billed_crow,Forest,forest; shrub; artificial; riparian; coastal
sulawesi_crow,Forest,forest; artificial; riparian
small_crow,Forest,forest; artificial; riparian
sierra_madre_crow,Forest,forest; artificial; riparian
palawan_crow,Forest,forest
violet_crow,Forest,forest; artificial
flores_crow,Forest,forest
mariana_crow,Forest,forest
long_billed_crow,Forest,forest
white_billed_crow,Forest,forest; artificial
bougainville_crow,Forest,forest; artificial
brown_headed_crow,Forest,forest; coastal
grey_crow,Forest,forest; shrub; artificial
cape_crow,Grassland,savannah; grasslands; rocky_areas; desert; artificial
rook,Artificial,woodland; grasslands; artificial; riparian
american_crow,Savanna,forest; woodland; shrub; savannah; artificial; riparian; coastal; wetlands_lakes_marsh
northwestern_crow,Coastal,woodland; rocky_areas; artificial; riparian; coastal
tamaulipas_crow,Shrub,forest; woodland; shrub; artificial
sinaloa_crow,Forest,forest; artificial; coastal
fish_crow,Coastal,woodland; rocky_areas; artificial; riparian; coastal; wetlands_lakes_marsh
hispaniolan_palm_crow,Forest,forest; woodland; shrub; artificial; wetlands_lakes_marsh
cuban_palm_crow,Artificial,forest; artificial
jamaican_crow,Forest,forest; woodland; grasslands; artificial
cuban_crow,Forest,forest; woodland; artificial
white_necked_crow,Forest,forest; woodland; coastal
hawaiian_crow,Forest,forest; woodland; shrub
carrion_crow,Artificial,forest; woodland; grasslands; artificial; riparian; coastal; wetlands_lakes_marsh
hooded_crow,Artificial,woodland; artificial; coastal; wetlands_lakes_marsh
collared_crow,Shrub,shrub; artificial; riparian
large_billed_crow,Forest,forest; woodland; plains; artificial; riparian; coastal
jungle_crow,Woodland,forest; woodland; artificial
indian_jungle_crow,Woodland,forest; woodland; artificial
philippine_jungle_crow,Forest,forest; woodland; artificial
torresian_crow,Forest,forest; woodland; shrub; artificial; riparian; coastal
bismarck_crow,Forest,forest; artificial
little_crow,Shrub,forest; woodland; shrub; grasslands; desert; artificial; riparian
forest_raven,Woodland,forest; woodland; rocky_areas; artificial
little_raven,Shrub,woodland; shrub; artificial; coastal
australian_raven,Shrub,woodland; shrub; artificial; riparian; coastal
pied_crow,Woodland,forest; woodland; savannah; grasslands; desert; artificial; riparian; wetlands_lakes_marsh
brown_necked_raven,Desert,shrub; savannah; plains; rocky_areas; desert; artificial
somali_crow,Desert,savannah; desert; artificial
common_raven,Forest,forest; woodland; shrub; plains; rocky_areas; desert; artificial; coastal
chihuahuan_raven,Shrub,shrub; grasslands; desert; artificial
fan_tailed_raven,Grassland,savannah; grasslands; rocky_areas; desert; artificial
white_necked_raven,Rocky,forest; grasslands; rocky_areas; artificial
thick_billed_raven,Rocky,forest; shrub; savannah; grasslands; rocky_areas; artificial
white_winged_chough,Woodland,woodland; artificial
apostlebird,Shrub,woodland; shrub
lesser_melampitta,Forest,forest
greater_melampitta,Forest,forest
blue_capped_ifrit,Forest,forest
halmahera_paradise_crow,Forest,forest; shrub; artificial; coastal
obi_paradise_crow,Forest,forest; shrub; artificial
glossy_mantled_manucode,Forest,forest; woodland; shrub; savannah; artificial; riparian; coastal
tagula_manucode,Forest,forest; woodland; shrub; savannah; artificial; riparian; coastal
jobi_manucode,Forest,forest
crinkle_collared_manucode,Forest,forest
curl_crested_manucode,Forest,forest; shrub; savannah; coastal
trumpet_manucode,Forest,forest; coastal
long_tailed_paradigalla,Forest,forest
short_tailed_paradigalla,Forest,forest; shrub; artificial
arfak_astrapia,Forest,forest
splendid_astrapia,Forest,forest
ribbon_tailed_astrapia,Forest,forest
stephanies_astrapia,Forest,forest; shrub
huon_astrapia,Forest,forest
western_parotia,Forest,forest
carolas_parotia,Forest,forest; artificial
bronze_parotia,Forest,forest
lawess_parotia,Forest,forest; shrub; artificial
eastern_parotia,Forest,forest; shrub; artificial
wahness_parotia,Forest,forest
king_of_saxony_bird_of_paradise,Forest,forest
western_superb_bird_of_paradise,Forest,forest; artificial
central_superb_bird_of_paradise,Forest,forest; artificial
eastern_superb_bird_of_paradise,Forest,forest; rocky_areas; artificial
paradise_riflebird,Forest,forest
victorias_riflebird,Forest,forest; woodland; coastal; wetlands_lakes_marsh
magnificent_riflebird,Forest,forest; artificial; riparian; coastal; wetlands_lakes_marsh
growling_riflebird,Forest,forest; artificial; riparian; coastal; wetlands_lakes_marsh
black_sicklebill,Forest,forest
brown_sicklebill,Forest,forest
black_billed_sicklebill,Forest,forest
pale_billed_sicklebill,Forest,forest; coastal
magnificent_bird_of_paradise,Forest,forest
wilsons_bird_of_paradise,Forest,forest
king_bird_of_paradise,Forest,forest; riparian
standardwing_bird_of_paradise,Forest,forest
twelve_wired_bird_of_paradise,Forest,forest; riparian; wetlands_lakes_marsh
greater_bird_of_paradise,Forest,forest
raggiana_bird_of_paradise,Forest,forest; shrub; artificial
lesser_bird_of_paradise,Forest,forest; shrub
goldies_bird_of_paradise,Forest,forest
red_bird_of_paradise,Forest,forest
emperor_bird_of_paradise,Forest,forest
blue_bird_of_paradise,Forest,forest; artificial
lesser_ground_robin,Forest,forest
greater_ground_robin,Forest,forest
green_backed_robin,Forest,forest; shrub
white_eyed_robin,Forest,forest
garnet_robin,Forest,forest; artificial
new_zealand_tomtit,Forest,forest; shrub; grasslands; artificial; coastal
snares_tomtit,Grassland,shrub; grasslands
black_robin,Forest,forest; shrub
north_island_robin,Forest,forest; artificial
south_island_robin,Forest,forest; shrub; artificial
subalpine_robin,Forest,forest; shrub
snow_mountain_robin,Shrub,shrub; rocky_areas
norfolk_island_robin,Forest,forest; artificial
red_capped_robin,Savanna,shrub; savannah; grasslands
solomons_robin,Forest,forest; artificial
pacific_robin,Forest,forest; woodland; shrub; artificial; riparian
rose_robin,Forest,forest; shrub
pink_robin,Forest,forest; shrub
flame_robin,Shrub,forest; woodland; shrub
scarlet_robin,Forest,forest; woodland; shrub; artificial
canary_flyrobin,Forest,forest
olive_flyrobin,Forest,forest; artificial
yellow_legged_flyrobin,Forest,forest; woodland
yellow_bellied_robin,Forest,forest
torrent_flyrobin,Riparian,riparian
new_britain_flyrobin,Riparian,riparian
tanimbar_flyrobin,Forest,forest; woodland; coastal
lemon_bellied_flyrobin,Forest,forest; woodland; savannah; artificial; coastal
kimberley_flyrobin,Coastal,coastal
jacky_winter,Forest,forest; woodland; grasslands; artificial
papuan_scrub_robin,Forest,forest
northern_scrub_robin,Forest,forest; riparian; coastal
southern_scrub_robin,Shrub,woodland; shrub
arfak_robin,Forest,forest
black_capped_robin,Forest,forest
grey_headed_robin,Forest,forest
black_throated_robin,Forest,forest; shrub
black_chinned_robin,Forest,forest
black_sided_robin,Forest,forest; shrub
white_browed_robin,Riparian,forest; riparian; coastal
buff_sided_robin,Forest,forest; bamboo; shrub; wetlands_lakes_marsh
hooded_robin,Shrub,shrub; savannah
dusky_robin,Forest,forest; woodland; shrub
white_winged_robin,Forest,forest; shrub
smoky_robin,Forest,forest; shrub
blue_grey_robin,Forest,forest; shrub
white_rumped_robin,Forest,forest
mangrove_robin,Coastal,shrub; coastal; wetlands_lakes_marsh
banded_yellow_robin,Forest,forest
eastern_yellow_robin,Shrub,forest; woodland; shrub
western_yellow_robin,Forest,forest; woodland; shrub
white_breasted_robin,Forest,forest; shrub; coastal
pale_yellow_robin,Forest,forest
white_faced_robin,Forest,forest; shrub
white_necked_rockfowl,Forest,forest; rocky_areas; artificial
grey_necked_rockfowl,Forest,forest; rocky_areas
cape_rockjumper,Rocky,shrub; grasslands; rocky_areas
drakensberg_rockjumper,Shrub,shrub; grasslands; rocky_areas
rail_babbler,Forest,forest
bohemian_waxwing,Forest,forest; woodland; shrub; artificial; riparian; wetlands_lakes_marsh
japanese_waxwing,Forest,forest; woodland; shrub; artificial
cedar_waxwing,Woodland,forest; woodland; shrub; artificial; riparian; wetlands_lakes_marsh
black_and_yellow_silky_flycatcher,Forest,forest; shrub
grey_silky_flycatcher,Forest,forest
long_tailed_silky_flycatcher,Forest,forest; shrub
phainopepla,Shrub,shrub; desert; riparian
hypocolius,Woodland,woodland; shrub; desert; artificial; riparian
palmchat,Woodland,forest; woodland; artificial
kioea,Forest,forest
kauai_oo,Forest,forest
oahu_oo,Forest,forest
bishops_oo,Forest,forest
hawaii_oo,Forest,forest
northern_hylocitrea,Forest,forest
southern_hylocitrea,Forest,forest
yellow_bellied_fairy_fantail,Forest,forest; shrub
fairy_flycatcher,Shrub,shrub; artificial
grey_headed_canary_flycatcher,Woodland,forest; woodland; artificial
citrine_canary_flycatcher,Forest,forest; shrub; artificial
african_blue_flycatcher,Savanna,forest; shrub; savannah; artificial; riparian; coastal
white_tailed_blue_flycatcher,Forest,forest; bamboo; woodland; shrub; riparian
dusky_crested_flycatcher,Forest,forest; savannah; artificial; riparian
white_bellied_crested_flycatcher,Forest,forest
white_tailed_crested_flycatcher,Forest,forest; shrub; riparian
fire_capped_tit,Forest,forest; shrub; artificial; riparian
yellow_browed_tit,Forest,forest; savannah
sultan_tit,Woodland,forest; bamboo; woodland; shrub
rufous_naped_tit,Forest,forest; shrub
rufous_vented_tit,Forest,forest; woodland; shrub
coal_tit,Forest,forest; artificial
yellow_bellied_tit,Forest,forest; bamboo; woodland; shrub; plains; artificial; coastal
elegant_tit,Forest,forest; shrub; artificial
palawan_tit,Forest,forest; shrub; wetlands_lakes_marsh
crested_tit,Woodland,woodland; shrub; artificial
grey_crested_tit,Forest,forest; shrub
bridled_titmouse,Forest,forest; grasslands; artificial; riparian
oak_titmouse,Woodland,forest; woodland; riparian
juniper_titmouse,Woodland,forest; woodland; riparian
tufted_titmouse,Forest,forest; woodland; shrub; artificial; riparian; wetlands_lakes_marsh
black_crested_titmouse,Forest,forest; woodland; riparian
varied_tit,Woodland,forest; woodland; shrub; artificial
izu_tit,Forest,forest
iriomote_tit,Forest,forest; woodland
chestnut_bellied_tit,Forest,forest
white_fronted_tit,Forest,forest; shrub
white_browed_tit,Shrub,forest; shrub; riparian
sombre_tit,Shrub,forest; woodland; shrub; rocky_areas; artificial
siberian_tit,Forest,forest; woodland; shrub; riparian
chestnut_backed_chickadee,Forest,forest; woodland; shrub; artificial; riparian
boreal_chickadee,Forest,forest; woodland
mexican_chickadee,Forest,forest; woodland
carolina_chickadee,Forest,forest; woodland; shrub; artificial; riparian; wetlands_lakes_marsh
black_capped_chickadee,Forest,forest; woodland; artificial; riparian
mountain_chickadee,Forest,forest; woodland; shrub; artificial; riparian
rusty_breasted_tit,Forest,forest
black_bibbed_tit,Artificial,forest; shrub; artificial; wetlands_lakes_marsh
marsh_tit,Forest,forest; woodland; artificial; riparian; wetlands_lakes_marsh
sichuan_tit,Forest,forest; shrub; artificial
caspian_tit,Woodland,woodland
willow_tit,Forest,forest; woodland; shrub; riparian; wetlands_lakes_marsh
african_blue_tit,Woodland,forest; woodland; shrub; artificial
eurasian_blue_tit,Woodland,forest; woodland; shrub; artificial; coastal; wetlands_lakes_marsh
azure_tit,Forest,forest; woodland; shrub; riparian; wetlands_lakes_marsh
ground_tit,Grassland,shrub; grasslands
great_tit,Forest,forest; shrub; grasslands; artificial
cinereous_tit,Forest,forest; bamboo; woodland; shrub; grasslands; artificial; coastal
green_backed_tit,Forest,forest; bamboo; woodland; shrub; artificial
white_naped_tit,Forest,forest; shrub
yellow_tit,Forest,forest; shrub; artificial
black_lored_tit,Forest,forest; woodland; shrub; artificial
indian_yellow_tit,Forest,forest; bamboo; shrub; artificial
yellow_cheeked_tit,Forest,forest
pale_eyed_black_tit,Savanna,woodland; savannah; grasslands; riparian
dark_eyed_black_tit,Woodland,forest; woodland; savannah; grasslands; artificial; riparian
southern_black_tit,Woodland,woodland; shrub; savannah; artificial
carps_tit,Savanna,woodland; shrub; savannah; artificial; riparian
white_bellied_tit,Savanna,forest; woodland; shrub; savannah; artificial; riparian
white_backed_black_tit,Forest,forest; bamboo; woodland; shrub; rocky_areas; artificial; riparian
dusky_tit,Forest,forest; shrub; artificial; riparian
rufous_bellied_tit,Woodland,woodland; savannah
cinnamon_breasted_tit,Woodland,woodland; shrub; savannah
red_throated_tit,Grassland,woodland; shrub; grasslands
stripe_breasted_tit,Forest,forest; bamboo; woodland; riparian
somali_tit,Grassland,shrub; savannah; grasslands; riparian
miombo_tit,Woodland,woodland
ashy_tit,Savanna,forest; woodland; shrub; savannah; riparian
grey_tit,Shrub,woodland; shrub; artificial
eurasian_penduline_tit,Wetland,forest; artificial; riparian; coastal; wetlands_lakes_marsh
black_headed_penduline_tit,Wetland,riparian; wetlands_lakes_marsh
white_crowned_penduline_tit,Riparian,forest; woodland; shrub; artificial; riparian
chinese_penduline_tit,Wetland,shrub; artificial; coastal; wetlands_lakes_marsh
sennar_penduline_tit,Plains,woodland; shrub; savannah; plains; desert; riparian
yellow_penduline_tit,Savanna,woodland; shrub; savannah; grasslands; artificial; riparian
mouse_coloured_penduline_tit,Shrub,woodland; shrub; savannah
forest_penduline_tit,Forest,forest; shrub; artificial
grey_penduline_tit,Woodland,woodland; savannah; grasslands; riparian; coastal
buff_bellied_penduline_tit,Woodland,woodland
cape_penduline_tit,Woodland,woodland; shrub; savannah
verdin,Shrub,shrub; desert; riparian
western_nicator,Forest,forest; savannah; artificial; riparian
eastern_nicator,Forest,forest; shrub; artificial
yellow_throated_nicator,Forest,forest; shrub; artificial; riparian
bearded_reedling,Wetland,shrub; riparian; wetlands_lakes_marsh
greater_hoopoe_lark,Desert,shrub; grasslands; plains; desert; artificial; coastal
lesser_hoopoe_lark,Grassland,grasslands
beesleys_lark,Plains,plains
spike_heeled_lark,Grassland,shrub; grasslands; plains; artificial
grays_lark,Grassland,grasslands; desert
short_clawed_lark,Savanna,savannah; grasslands
benguela_long_billed_lark,Plains,shrub; plains
karoo_long_billed_lark,Shrub,shrub; rocky_areas
eastern_long_billed_lark,Grassland,grasslands; rocky_areas
cape_long_billed_lark,Shrub,shrub; artificial; coastal
agulhas_long_billed_lark,Artificial,shrub; artificial; coastal
dusky_lark,Woodland,woodland; shrub; savannah; grasslands; artificial
rufous_rumped_lark,Savanna,woodland; savannah; grasslands; artificial
thick_billed_lark,Desert,shrub; plains; rocky_areas; desert
desert_lark,Desert,plains; rocky_areas; desert
bar_tailed_lark,Desert,savannah; plains; rocky_areas; desert
rufous_tailed_lark,Shrub,woodland; shrub; savannah; grasslands; plains; rocky_areas; artificial
black_eared_sparrow_lark,Grassland,shrub; grasslands
madagascar_lark,Grassland,woodland; shrub; grasslands; artificial
black_crowned_sparrow_lark,Plains,savannah; plains; desert; artificial; riparian
chestnut_backed_sparrow_lark,Grassland,savannah; grasslands; plains
ashy_crowned_sparrow_lark,Shrub,shrub; grasslands; artificial; riparian
chestnut_headed_sparrow_lark,Grassland,shrub; grasslands; desert
grey_backed_sparrow_lark,Grassland,shrub; savannah; grasslands; desert; riparian
fischers_sparrow_lark,Grassland,grasslands; artificial
rusty_lark,Savanna,woodland; savannah; rocky_areas
sabota_lark,Savanna,woodland; shrub; savannah; grasslands; rocky_areas
pink_breasted_lark,Savanna,shrub; savannah
gilletts_lark,Shrub,shrub; savannah
fawn_coloured_lark,Savanna,woodland; shrub; savannah
karoo_lark,Shrub,shrub; plains; rocky_areas
red_lark,Shrub,shrub; grasslands
dune_lark,Plains,shrub; grasslands; plains; desert; artificial
liben_lark,Shrub,shrub; grasslands
rudds_lark,Grassland,grasslands
monotonous_lark,Woodland,woodland; savannah; grasslands
friedmanns_lark,Grassland,grasslands
kordofan_lark,Grassland,grasslands
williamss_lark,Plains,shrub; plains; rocky_areas; desert
horsfields_bushlark,Grassland,grasslands; artificial
melodious_lark,Grassland,grasslands
white_tailed_lark,Grassland,grasslands; wetlands_lakes_marsh
burmese_bushlark,Plains,plains; artificial
indochinese_bushlark,Plains,bamboo; shrub; plains
jerdons_bushlark,Savanna,forest; bamboo; shrub; savannah; rocky_areas
indian_bushlark,Shrub,shrub; rocky_areas
bengal_bushlark,Grassland,shrub; savannah; grasslands
collared_lark,Grassland,grasslands
angola_lark,Grassland,grasslands
flappet_lark,Grassland,woodland; savannah; grasslands
cape_clapper_lark,Shrub,shrub; grasslands
eastern_clapper_lark,Grassland,grasslands; plains; rocky_areas
kidepo_lark,Savanna,savannah; grasslands
red_winged_lark,Savanna,savannah; grasslands
highland_lark,Grassland,grasslands
rufous_naped_lark,Grassland,woodland; savannah; grasslands; plains; artificial
sentinel_lark,Grassland,grasslands
plains_lark,Grassland,grasslands; plains
plateau_lark,Grassland,grasslands
sharpes_lark,Grassland,woodland; grasslands; plains
somali_lark,Grassland,shrub; grasslands; coastal
woodlark,Woodland,woodland; shrub; grasslands; artificial
obbia_lark,Shrub,shrub
sclaters_lark,Grassland,shrub; grasslands
starks_lark,Woodland,woodland; savannah; desert
short_tailed_lark,Grassland,forest; shrub; grasslands; artificial
masked_lark,Grassland,shrub; grasslands; desert
bothas_lark,Grassland,grasslands
pink_billed_lark,Grassland,grasslands; artificial
white_winged_lark,Grassland,grasslands; wetlands_lakes_marsh
raso_lark,Rocky,shrub; rocky_areas; coastal
oriental_skylark,Plains,grasslands; plains; artificial; riparian; coastal; wetlands_lakes_marsh
eurasian_skylark,Plains,grasslands; plains; artificial; coastal; wetlands_lakes_marsh
sykess_lark,Plains,plains; rocky_areas; artificial
sun_lark,Grassland,savannah; grasslands; rocky_areas; artificial
large_billed_lark,Grassland,shrub; grasslands; coastal
theklas_lark,Shrub,shrub; grasslands; rocky_areas; artificial
crested_lark,Plains,savannah; plains; desert; artificial
malabar_lark,Plains,shrub; plains; rocky_areas; artificial
maghreb_lark,Plains,plains; artificial
horned_lark,Plains,shrub; grasslands; plains; rocky_areas; desert; artificial; coastal
temmincks_lark,Grassland,shrub; grasslands; rocky_areas
humes_lark,Plains,plains; artificial
eastern_short_toed_lark,Plains,grasslands; plains; artificial; riparian
blanfords_lark,Grassland,shrub; grasslands; rocky_areas
rufous_capped_lark,Grassland,grasslands; plains; rocky_areas; artificial
red_capped_lark,Grassland,shrub; grasslands; artificial
greater_short_toed_lark,Plains,shrub; plains; artificial; coastal
bimaculated_lark,Plains,plains; rocky_areas; artificial; coastal
calandra_lark,Plains,grasslands; plains; artificial
black_lark,Grassland,grasslands; wetlands_lakes_marsh
mongolian_lark,Grassland,grasslands; rocky_areas
tibetan_lark,Grassland,grasslands; wetlands_lakes_marsh
duponts_lark,Grassland,shrub; grasslands; artificial
dunns_lark,Desert,plains; rocky_areas; desert
arabian_lark,Desert,plains; rocky_areas; desert
asian_short_toed_lark,Shrub,shrub; desert
somali_short_toed_lark,Grassland,grasslands; plains
mediterranean_short_toed_lark,Plains,plains; artificial
turkestan_short_toed_lark,Plains,shrub; grasslands; plains; rocky_areas; wetlands_lakes_marsh
sand_lark,Riparian,plains; artificial; riparian; coastal; wetlands_lakes_marsh
sombre_greenbul,Shrub,forest; woodland; shrub; artificial; riparian
slender_billed_greenbul,Forest,forest; woodland; shrub; savannah; artificial; riparian; wetlands_lakes_marsh
golden_greenbul,Forest,forest; shrub; artificial
black_collared_bulbul,Grassland,woodland; shrub; savannah; grasslands; artificial
red_tailed_bristlebill,Forest,forest; shrub; grasslands; riparian
green_tailed_bristlebill,Forest,forest; shrub; savannah
grey_headed_bristlebill,Forest,forest; woodland; shrub; grasslands; artificial; riparian; wetlands_lakes_marsh
yellow_lored_bristlebill,Forest,forest; shrub
yellow_eyed_bristlebill,Forest,forest
yellow_throated_greenbul,Woodland,woodland; shrub; artificial; riparian; coastal; wetlands_lakes_marsh
pale_throated_greenbul,Woodland,woodland; shrub; artificial; riparian; wetlands_lakes_marsh
spotted_greenbul,Forest,forest; shrub; savannah; artificial; riparian
swamp_palm_bulbul,Forest,forest; shrub; savannah; artificial; riparian; wetlands_lakes_marsh
joyful_greenbul,Forest,forest; riparian
prigogines_greenbul,Forest,forest; shrub; riparian
falkensteins_greenbul,Forest,forest; shrub; artificial
yellow_bellied_greenbul,Forest,forest; shrub; savannah; riparian
simple_greenbul,Forest,forest; shrub; savannah; artificial; riparian; wetlands_lakes_marsh
honeyguide_greenbul,Forest,forest; shrub; artificial; riparian
white_tailed_greenbul,Forest,forest; shrub; riparian
cameroon_mountain_greenbul,Forest,forest; shrub
western_mountain_greenbul,Forest,forest; shrub
kakamega_greenbul,Woodland,forest; woodland
shelleys_greenbul,Forest,forest; shrub; riparian
uluguru_mountain_greenbul,Forest,forest
black_browed_mountain_greenbul,Forest,forest; shrub; riparian
yellow_throated_mountain_greenbul,Forest,forest
olive_breasted_greenbul,Forest,forest; bamboo; shrub; riparian
eastern_mountain_greenbul,Forest,forest; bamboo; shrub; riparian
olive_headed_bulbul,Forest,forest; artificial; riparian
stripe_cheeked_bulbul,Forest,forest; shrub; artificial; riparian
western_bearded_greenbul,Forest,forest; grasslands; riparian
eastern_bearded_greenbul,Forest,forest
red_tailed_greenbul,Forest,forest; grasslands; riparian
white_bearded_greenbul,Forest,forest
yellow_bearded_greenbul,Forest,forest
little_greenbul,Forest,forest; shrub; savannah; artificial; riparian; coastal; wetlands_lakes_marsh
yellow_whiskered_greenbul,Forest,forest; shrub; grasslands; artificial; riparian
plain_greenbul,Forest,forest; artificial; riparian
grey_greenbul,Forest,forest; shrub; savannah; artificial; riparian; wetlands_lakes_marsh
ansorges_greenbul,Forest,forest; shrub; artificial; riparian
lowland_tiny_greenbul,Forest,forest; woodland; shrub
montane_tiny_greenbul,Forest,forest
white_throated_greenbul,Forest,forest; riparian
angola_greenbul,Forest,forest; riparian
xaviers_greenbul,Forest,forest; artificial; wetlands_lakes_marsh
icterine_greenbul,Forest,forest; grasslands; artificial
terrestrial_brownbul,Forest,forest; shrub; artificial; riparian
cameroon_olive_greenbul,Forest,forest; shrub
northern_brownbul,Woodland,forest; woodland; shrub; grasslands
grey_olive_greenbul,Shrub,forest; bamboo; shrub; riparian
fischers_greenbul,Forest,forest; shrub
cabaniss_greenbul,Forest,forest; woodland; riparian
leaf_love,Forest,forest; shrub; savannah; artificial; riparian; wetlands_lakes_marsh
sassis_olive_greenbul,Forest,forest
yellow_streaked_greenbul,Forest,forest; bamboo; shrub; riparian
sharpes_greenbul,Forest,forest; riparian
grey_headed_greenbul,Forest,forest
toro_olive_greenbul,Forest,forest; artificial; riparian; wetlands_lakes_marsh
baumanns_greenbul,Forest,forest; savannah; riparian
pale_olive_greenbul,Forest,forest; woodland; shrub; savannah; riparian
hairy_backed_bulbul,Forest,forest
hook_billed_bulbul,Forest,forest; wetlands_lakes_marsh
yellow_bellied_bulbul,Forest,forest
palawan_bulbul,Forest,forest
grey_cheeked_bulbul,Forest,forest; artificial; coastal
chestnut_vented_bulbul,Forest,forest
brown_cheeked_bulbul,Forest,forest; artificial
white_throated_bulbul,Forest,forest; shrub
ochraceous_bulbul,Forest,forest
puff_throated_bulbul,Forest,forest
grey_crowned_bulbul,Forest,forest; woodland
striated_bulbul,Forest,forest; woodland; shrub
finschs_bulbul,Forest,forest
sulphur_bellied_bulbul,Forest,forest; shrub
olive_bulbul,Forest,forest
buff_vented_bulbul,Forest,forest; shrub
charlottes_bulbul,Forest,forest
cachar_bulbul,Forest,forest
grey_eyed_bulbul,Forest,forest; plains
ashy_bulbul,Forest,forest
cinereous_bulbul,Forest,forest; woodland; shrub; riparian
green_winged_bulbul,Forest,forest; bamboo; shrub
chestnut_bulbul,Forest,forest; shrub
yellow_browed_bulbul,Forest,forest; shrub; artificial
cream_striped_bulbul,Forest,forest; artificial
sumatran_bulbul,Forest,forest
javan_bulbul,Forest,forest
streaked_bulbul,Forest,forest
mountain_bulbul,Woodland,forest; woodland; artificial
nicobar_bulbul,Forest,forest; shrub; grasslands; artificial
philippine_bulbul,Forest,forest; shrub; artificial
mindoro_bulbul,Forest,forest; shrub
streak_breasted_bulbul,Forest,forest; shrub
seram_golden_bulbul,Forest,forest; woodland; artificial
sangihe_golden_bulbul,Forest,forest; woodland
togian_golden_bulbul,Forest,forest; artificial
banggai_golden_bulbul,Forest,forest; shrub; artificial
sula_golden_bulbul,Forest,forest
halmahera_golden_bulbul,Forest,forest; artificial; coastal
obi_golden_bulbul,Forest,forest; shrub; artificial
buru_golden_bulbul,Forest,forest; artificial
visayan_bulbul,Forest,forest; shrub
yellowish_bulbul,Forest,forest; shrub
sulu_bulbul,Forest,forest
camiguin_bulbul,Forest,forest
zamboanga_bulbul,Forest,forest
brown_eared_bulbul,Forest,forest; artificial
reunion_bulbul,Forest,forest
malagasy_bulbul,Forest,forest; woodland; artificial
mauritius_bulbul,Forest,forest
white_headed_bulbul,Forest,forest; shrub; grasslands
black_bulbul,Forest,forest; artificial
square_tailed_bulbul,Forest,forest; artificial
grande_comore_bulbul,Forest,forest
moheli_bulbul,Forest,forest
seychelles_bulbul,Forest,forest; artificial
puff_backed_bulbul,Forest,forest
black_and_white_bulbul,Forest,forest; shrub
yellow_wattled_bulbul,Forest,forest; woodland; shrub
grey_headed_bulbul,Forest,forest; bamboo; shrub
black_headed_bulbul,Forest,forest; woodland; artificial
andaman_bulbul,Forest,forest
blue_wattled_bulbul,Forest,forest; shrub; artificial
spectacled_bulbul,Forest,forest; shrub
grey_bellied_bulbul,Forest,forest
scaly_breasted_bulbul,Forest,forest
black_crested_bulbul,Forest,forest; woodland; shrub; artificial
flame_throated_bulbul,Forest,forest; bamboo; shrub; riparian
black_capped_bulbul,Woodland,forest; woodland; shrub; artificial; riparian
ruby_throated_bulbul,Shrub,woodland; shrub; artificial; coastal
bornean_bulbul,Forest,forest; shrub
bare_faced_bulbul,Forest,forest; shrub
crested_finchbill,Shrub,forest; shrub; artificial
collared_finchbill,Shrub,shrub
cream_vented_bulbul,Forest,forest; shrub
olive_winged_bulbul,Forest,forest; woodland; shrub; artificial; riparian; coastal
red_eyed_bulbul,Forest,forest; shrub
straw_headed_bulbul,Forest,forest; shrub; artificial; riparian; coastal
spot_necked_bulbul,Forest,forest
cream_eyed_bulbul,Forest,forest
ashy_fronted_bulbul,Shrub,forest; shrub
white_browed_bulbul,Shrub,forest; shrub; artificial; riparian
ayeyarwady_bulbul,Shrub,forest; shrub; artificial
streak_eared_bulbul,Artificial,forest; shrub; artificial
pale_eyed_bulbul,Shrub,forest; shrub; artificial
stripe_throated_bulbul,Forest,forest; shrub; artificial
flavescent_bulbul,Forest,forest; shrub; grasslands; artificial
aceh_bulbul,Shrub,forest; shrub; grasslands
orange_spotted_bulbul,Forest,forest; shrub; artificial
pale_faced_bulbul,Forest,forest; shrub
yellow_throated_bulbul,Forest,forest; shrub
yellow_eared_bulbul,Forest,forest; shrub; artificial; riparian
brown_breasted_bulbul,Shrub,shrub; grasslands
light_vented_bulbul,Artificial,woodland; shrub; artificial
styans_bulbul,Forest,forest; shrub; artificial
red_whiskered_bulbul,Shrub,forest; shrub; artificial
yellow_vented_bulbul,Shrub,shrub; artificial; riparian; coastal; wetlands_lakes_marsh
red_vented_bulbul,Shrub,woodland; shrub; artificial
sooty_headed_bulbul,Shrub,forest; shrub; grasslands; artificial
white_eared_bulbul,Woodland,woodland; shrub; plains; artificial; riparian; coastal
himalayan_bulbul,Shrub,forest; shrub; desert; artificial; riparian
white_spectacled_bulbul,Shrub,shrub; plains; artificial
black_fronted_bulbul,Woodland,woodland; shrub; savannah; artificial; riparian
common_bulbul,Woodland,forest; woodland; shrub; savannah; grasslands; desert; artificial; riparian
cape_bulbul,Shrub,forest; shrub; artificial; riparian
african_river_martin,Riparian,grasslands; riparian; coastal; wetlands_lakes_marsh
white_eyed_river_martin,Wetland,riparian; wetlands_lakes_marsh
square_tailed_saw_wing,Forest,forest; shrub; artificial; riparian
white_headed_saw_wing,Forest,forest; shrub; savannah; grasslands
mountain_saw_wing,Forest,forest; grasslands; artificial
black_saw_wing,Forest,forest; woodland; shrub; savannah; grasslands; artificial; riparian
fanti_saw_wing,Forest,forest; woodland; savannah; grasslands; riparian
grey_rumped_swallow,Grassland,forest; woodland; grasslands; artificial; riparian
white_backed_swallow,Savanna,savannah; desert; riparian; wetlands_lakes_marsh
mascarene_martin,Forest,forest; woodland; artificial; riparian; coastal; wetlands_lakes_marsh
banded_martin,Grassland,grasslands; coastal; wetlands_lakes_marsh
brazzas_martin,Riparian,riparian
african_plain_martin,Riparian,shrub; grasslands; desert; artificial; riparian; coastal; wetlands_lakes_marsh
madagascar_plain_martin,Riparian,forest; shrub; grasslands; artificial; riparian; wetlands_lakes_marsh
asian_plain_martin,Riparian,shrub; grasslands; artificial; riparian; wetlands_lakes_marsh
congo_sand_martin,Riparian,forest; riparian
collared_sand_martin,Riparian,woodland; shrub; grasslands; rocky_areas; artificial; riparian; coastal; wetlands_lakes_marsh
pale_sand_martin,Plains,plains; riparian
tree_swallow,Wetland,woodland; shrub; artificial; riparian; coastal; wetlands_lakes_marsh
white_rumped_swallow,Grassland,woodland; grasslands; artificial; wetlands_lakes_marsh
chilean_swallow,Woodland,woodland; riparian; wetlands_lakes_marsh
tumbes_swallow,Plains,plains; artificial; coastal
mangrove_swallow,Coastal,grasslands; artificial; riparian; coastal
white_winged_swallow,Riparian,shrub; riparian; coastal; wetlands_lakes_marsh
golden_swallow,Forest,forest; artificial
bahama_swallow,Forest,forest; woodland; rocky_areas; artificial; wetlands_lakes_marsh
violet_green_swallow,Woodland,forest; woodland; coastal
brown_chested_martin,Grassland,grasslands; artificial; riparian
peruvian_martin,Grassland,woodland; grasslands; artificial; coastal
galapagos_martin,Shrub,forest; shrub; grasslands; artificial; coastal
purple_martin,Wetland,woodland; shrub; desert; artificial; riparian; wetlands_lakes_marsh
southern_martin,Grassland,forest; shrub; grasslands; rocky_areas; artificial; riparian; coastal
grey_breasted_martin,Grassland,woodland; savannah; grasslands; artificial; riparian; coastal; wetlands_lakes_marsh
sinaloa_martin,Woodland,forest; woodland
cuban_martin,Shrub,forest; woodland; shrub; grasslands; artificial; coastal
caribbean_martin,Coastal,rocky_areas; artificial; riparian; coastal; wetlands_lakes_marsh
northern_rough_winged_swallow,Shrub,shrub; artificial; wetlands_lakes_marsh
yucatan_rough_winged_swallow,Forest,forest; woodland
southern_rough_winged_swallow,Grassland,shrub; grasslands; wetlands_lakes_marsh
white_banded_swallow,Riparian,forest; rocky_areas; riparian
black_capped_swallow,Forest,forest; woodland; artificial
white_thighed_swallow,Forest,forest; shrub; artificial
blue_and_white_swallow,Artificial,grasslands; artificial; wetlands_lakes_marsh
black_collared_swallow,Riparian,rocky_areas; riparian
tawny_headed_swallow,Riparian,grasslands; riparian; wetlands_lakes_marsh
pale_footed_swallow,Forest,forest; artificial
brown_bellied_swallow,Rocky,woodland; shrub; grasslands; rocky_areas; artificial; riparian; wetlands_lakes_marsh
andean_swallow,Grassland,grasslands; rocky_areas; artificial
eurasian_crag_martin,Rocky,grasslands; rocky_areas; artificial; coastal; wetlands_lakes_marsh
pale_rock_martin,Rocky,rocky_areas; desert; artificial; riparian; coastal
red_throated_rock_martin,Rocky,rocky_areas; artificial; riparian; coastal; wetlands_lakes_marsh
large_rock_martin,Rocky,rocky_areas; desert; artificial; riparian; coastal; wetlands_lakes_marsh
dusky_crag_martin,Rocky,rocky_areas; artificial
blue_swallow,Grassland,forest; shrub; grasslands; riparian; wetlands_lakes_marsh
black_and_rufous_swallow,Grassland,woodland; grasslands; wetlands_lakes_marsh
pearl_breasted_swallow,Grassland,woodland; shrub; grasslands; artificial; wetlands_lakes_marsh
hill_swallow,Coastal,forest; shrub; grasslands; artificial; riparian; coastal; wetlands_lakes_marsh
house_swallow,Coastal,forest; grasslands; rocky_areas; artificial; coastal; wetlands_lakes_marsh
tahiti_swallow,Riparian,forest; rocky_areas; artificial; riparian; coastal; wetlands_lakes_marsh
pied_winged_swallow,Savanna,forest; savannah; artificial; riparian
white_tailed_swallow,Grassland,grasslands
welcome_swallow,Wetland,shrub; savannah; grasslands; plains; artificial; coastal; wetlands_lakes_marsh
barn_swallow,Plains,grasslands; plains; artificial; riparian; coastal; wetlands_lakes_marsh
red_chested_swallow,Artificial,shrub; grasslands; artificial; riparian; wetlands_lakes_marsh
ethiopian_swallow,Grassland,woodland; shrub; savannah; grasslands; artificial; wetlands_lakes_marsh
angola_swallow,Grassland,forest; shrub; grasslands; artificial; wetlands_lakes_marsh
white_bibbed_swallow,Riparian,forest; riparian; coastal; wetlands_lakes_marsh
white_throated_swallow,Grassland,woodland; grasslands; artificial
wire_tailed_swallow,Plains,woodland; savannah; grasslands; plains; artificial; riparian; wetlands_lakes_marsh
forest_swallow,Forest,forest; artificial
northern_house_martin,Grassland,grasslands; rocky_areas; artificial
eastern_house_martin,Plains,forest; plains; rocky_areas; riparian
asian_house_martin,Rocky,rocky_areas; artificial; riparian; coastal
nepal_house_martin,Grassland,grasslands; rocky_areas
greater_striped_swallow,Grassland,grasslands
european_red_rumped_swallow,Plains,forest; grasslands; plains; rocky_areas; artificial; riparian; coastal; wetlands_lakes_marsh
eastern_red_rumped_swallow,Plains,forest; plains; rocky_areas; artificial; wetlands_lakes_marsh
african_red_rumped_swallow,Plains,forest; grasslands; plains; rocky_areas; artificial; riparian; wetlands_lakes_marsh
sri_lanka_swallow,Artificial,woodland; grasslands; artificial
rufous_bellied_swallow,Rocky,forest; rocky_areas; artificial; coastal
lesser_striped_swallow,Grassland,forest; woodland; savannah; grasslands; rocky_areas; artificial; riparian; coastal
rufous_chested_swallow,Grassland,woodland; shrub; savannah; grasslands
mosque_swallow,Grassland,forest; woodland; shrub; savannah; grasslands; artificial; riparian
red_throated_swallow,Grassland,grasslands; artificial
preusss_swallow,Savanna,savannah; artificial
red_sea_swallow,Grassland,grasslands; rocky_areas
south_african_swallow,Grassland,savannah; grasslands; artificial
streak_throated_swallow,Plains,plains; rocky_areas; artificial; riparian; wetlands_lakes_marsh
fairy_martin,Savanna,savannah; grasslands
tree_martin,Shrub,woodland; shrub; savannah; grasslands; coastal; wetlands_lakes_marsh
cliff_swallow,Rocky,grasslands; rocky_areas; artificial
cave_swallow,Artificial,rocky_areas; artificial; riparian; wetlands_lakes_marsh
chestnut_collared_swallow,Artificial,artificial
scaly_breasted_cupwing,Forest,forest; shrub; rocky_areas; riparian
taiwan_cupwing,Forest,forest; bamboo
nepal_cupwing,Forest,forest
pygmy_cupwing,Forest,forest; riparian
moustached_grass_warbler,Grassland,savannah; grasslands; riparian
cape_grassbird,Shrub,forest; shrub; grasslands; riparian; coastal
rockrunner,Rocky,shrub; rocky_areas
yellow_longbill,Forest,forest; savannah
kemps_longbill,Forest,forest; shrub
grey_longbill,Forest,forest; riparian
pulitzers_longbill,Forest,forest
kretschmers_longbill,Forest,forest; shrub
northern_crombec,Woodland,woodland; shrub; savannah; artificial
eastern_crombec,Woodland,woodland; shrub; savannah; artificial
red_faced_crombec,Woodland,forest; woodland; shrub
philippas_crombec,Shrub,shrub; rocky_areas; desert
long_billed_crombec,Shrub,woodland; shrub; artificial
somali_crombec,Shrub,shrub
red_capped_crombec,Savanna,woodland; shrub; savannah; riparian
green_crombec,Forest,forest; shrub; savannah; artificial
lemon_bellied_crombec,Forest,forest; shrub; artificial; riparian
white_browed_crombec,Forest,forest; bamboo; shrub
lendu_crombec,Forest,forest; riparian
victorins_warbler,Shrub,shrub; grasslands; rocky_areas; riparian
yellow_bellied_warbler,Forest,forest; bamboo; shrub; riparian
rufous_faced_warbler,Forest,forest; bamboo; shrub
black_faced_warbler,Forest,forest; bamboo; shrub; riparian
mountain_tailorbird,Forest,forest; bamboo; shrub; riparian; wetlands_lakes_marsh
rufous_headed_tailorbird,Forest,forest; shrub
broad_billed_warbler,Forest,forest; bamboo; shrub
philippine_bush_warbler,Forest,forest; artificial
japanese_bush_warbler,Shrub,forest; bamboo; shrub; artificial; coastal
korean_bush_warbler,Shrub,shrub
palau_bush_warbler,Forest,forest; shrub
tanimbar_bush_warbler,Forest,forest; bamboo; woodland; shrub
shade_bush_warbler,Forest,forest
bougainville_bush_warbler,Forest,forest
fiji_bush_warbler,Forest,forest; shrub; artificial
brownish_flanked_bush_warbler,Forest,forest; bamboo; shrub; plains; artificial; riparian
humes_bush_warbler,Forest,forest; shrub; grasslands
yellowish_bellied_bush_warbler,Shrub,forest; bamboo; shrub; grasslands
aberrant_bush_warbler,Shrub,forest; bamboo; shrub
grey_bellied_tesia,Forest,forest; grasslands; riparian
slaty_bellied_tesia,Forest,forest; shrub; riparian; wetlands_lakes_marsh
russet_capped_tesia,Forest,forest; woodland; shrub; artificial
javan_tesia,Forest,forest
cettis_warbler,Wetland,woodland; shrub; plains; artificial; riparian; wetlands_lakes_marsh
chestnut_crowned_bush_warbler,Forest,forest; shrub; grasslands
grey_sided_bush_warbler,Shrub,forest; bamboo; woodland; shrub
chestnut_headed_tesia,Forest,forest; riparian
asian_stubtail,Forest,forest; shrub; grasslands; riparian
bornean_stubtail,Forest,forest
timor_stubtail,Forest,forest; shrub; grasslands
pale_footed_bush_warbler,Shrub,forest; shrub; grasslands
neumanns_warbler,Forest,forest; riparian
streaked_scrub_warbler,Woodland,woodland; shrub; grasslands; rocky_areas; desert
little_yellow_flycatcher,Forest,forest; shrub; riparian
chestnut_capped_flycatcher,Forest,forest; artificial; riparian
livingstones_flycatcher,Woodland,woodland; shrub; riparian
green_hylia,Forest,forest; savannah; grasslands
tit_hylia,Forest,forest; shrub; artificial
white_browed_tit_warbler,Forest,forest; shrub; riparian
crested_tit_warbler,Forest,forest; shrub
american_bushtit,Woodland,forest; woodland; shrub; desert; riparian; coastal
long_tailed_tit,Forest,forest; woodland; shrub; artificial; riparian
silver_throated_tit,Forest,forest; shrub
white_cheeked_tit,Forest,forest; shrub; riparian
pygmy_tit,Forest,forest; artificial
black_throated_tit,Forest,forest; bamboo; shrub
red_headed_tit,Forest,forest; bamboo; woodland; shrub
grey_crowned_tit,Forest,forest; bamboo; woodland; shrub
white_throated_tit,Shrub,forest; shrub
rufous_fronted_tit,Forest,forest; shrub; riparian
black_browed_tit,Forest,forest; shrub; riparian
sooty_tit,Forest,forest; bamboo; woodland; shrub; riparian
wood_warbler,Forest,forest; woodland; savannah; coastal
western_bonellis_warbler,Forest,forest; woodland; shrub; savannah
eastern_bonellis_warbler,Forest,forest; woodland; shrub; savannah
buff_barred_warbler,Forest,forest; shrub
ashy_throated_warbler,Forest,forest; shrub
humes_leaf_warbler,Forest,forest; woodland; shrub; artificial
yellow_browed_warbler,Shrub,forest; woodland; shrub; artificial; riparian; coastal
brookss_leaf_warbler,Forest,forest; woodland; shrub; riparian
chinese_leaf_warbler,Shrub,forest; shrub
lemon_rumped_leaf_warbler,Forest,forest; woodland; shrub; riparian
sichuan_leaf_warbler,Forest,forest
gansu_leaf_warbler,Forest,forest
pallass_leaf_warbler,Forest,forest; woodland; shrub; riparian
tytlers_leaf_warbler,Forest,forest; shrub
yellow_streaked_warbler,Shrub,shrub; riparian
raddes_warbler,Shrub,forest; shrub; grasslands; riparian; wetlands_lakes_marsh
sulphur_bellied_warbler,Shrub,forest; shrub; rocky_areas; artificial
tickells_leaf_warbler,Shrub,forest; bamboo; shrub; rocky_areas
smoky_warbler,Shrub,shrub; grasslands; riparian
dusky_warbler,Riparian,forest; shrub; artificial; riparian; wetlands_lakes_marsh
plain_leaf_warbler,Shrub,forest; woodland; shrub; artificial; riparian
buff_throated_warbler,Shrub,forest; woodland; shrub; grasslands; artificial
willow_warbler,Forest,forest; woodland; shrub; savannah; grasslands; artificial; riparian; coastal
mountain_chiffchaff,Forest,forest; shrub; artificial; riparian
canary_islands_chiffchaff,Forest,forest; shrub; grasslands; artificial; wetlands_lakes_marsh
common_chiffchaff,Forest,forest; woodland; shrub; grasslands; artificial; riparian; coastal; wetlands_lakes_marsh
siberian_chiffchaff,Forest,forest; woodland; shrub; artificial; coastal; wetlands_lakes_marsh
iberian_chiffchaff,Forest,forest; shrub; grasslands; artificial; wetlands_lakes_marsh
eastern_crowned_warbler,Woodland,forest; woodland; coastal
ijimas_leaf_warbler,Forest,forest; woodland; shrub; artificial
philippine_leaf_warbler,Forest,forest
lemon_throated_leaf_warbler,Forest,forest
yellow_throated_woodland_warbler,Forest,forest; bamboo; woodland
brown_woodland_warbler,Forest,forest; woodland; shrub
red_faced_woodland_warbler,Forest,forest; bamboo; riparian
lauras_woodland_warbler,Forest,forest; woodland; riparian
black_capped_woodland_warbler,Forest,forest
uganda_woodland_warbler,Forest,forest
white_spectacled_warbler,Forest,forest
grey_cheeked_warbler,Forest,forest
green_crowned_warbler,Forest,forest
grey_crowned_warbler,Forest,forest; bamboo; shrub; plains
whistlers_warbler,Forest,forest; bamboo; shrub
bianchis_warbler,Forest,forest; bamboo; shrub
alströms_warbler,Forest,forest; coastal
martenss_warbler,Forest,forest
green_warbler,Forest,forest; shrub; artificial; riparian
two_barred_warbler,Forest,forest; riparian
greenish_warbler,Forest,forest; shrub; artificial
emei_leaf_warbler,Forest,forest; shrub
large_billed_leaf_warbler,Forest,forest; riparian
sakhalin_leaf_warbler,Forest,forest; riparian; coastal
pale_legged_leaf_warbler,Forest,forest; riparian; coastal
japanese_leaf_warbler,Forest,forest; woodland; shrub; artificial
kamchatka_leaf_warbler,Forest,forest; woodland; artificial; riparian
arctic_warbler,Shrub,forest; woodland; shrub; artificial; riparian; coastal
chestnut_crowned_warbler,Forest,forest; bamboo; woodland
javan_warbler,Forest,forest
sumatran_warbler,Forest,forest
yellow_breasted_warbler,Forest,forest
limestone_leaf_warbler,Forest,forest
sulphur_breasted_warbler,Forest,forest
yellow_vented_warbler,Forest,forest; bamboo; woodland; artificial
western_crowned_leaf_warbler,Forest,forest; shrub; artificial
blyths_leaf_warbler,Forest,forest; woodland; shrub; grasslands
claudias_leaf_warbler,Forest,forest; shrub
harterts_leaf_warbler,Forest,forest; shrub
klosss_leaf_warbler,Woodland,bamboo; woodland
hainan_leaf_warbler,Forest,forest; shrub
white_tailed_leaf_warbler,Woodland,forest; bamboo; woodland
grey_hooded_warbler,Forest,forest; shrub
mountain_warbler,Forest,forest; woodland; shrub
negros_leaf_warbler,Forest,forest
flores_leaf_warbler,Forest,forest; shrub
timor_leaf_warbler,Forest,forest; woodland
rote_leaf_warbler,Forest,forest; woodland
makira_leaf_warbler,Forest,forest
sulawesi_leaf_warbler,Forest,forest
lompobattang_leaf_warbler,Forest,forest
kolombangara_leaf_warbler,Forest,forest
island_leaf_warbler,Forest,forest
numfor_leaf_warbler,Forest,forest
biak_leaf_warbler,Forest,forest
grauers_warbler,Forest,forest; shrub; riparian
madagascar_brush_warbler,Forest,forest; savannah; artificial
subdesert_brush_warbler,Shrub,shrub
anjouan_brush_warbler,Forest,forest; savannah; artificial
grande_comore_brush_warbler,Forest,forest; shrub
moheli_brush_warbler,Forest,forest
aldabra_brush_warbler,Shrub,shrub
basra_reed_warbler,Wetland,shrub; grasslands; artificial; riparian; wetlands_lakes_marsh
cape_verde_swamp_warbler,Shrub,bamboo; shrub; artificial; wetlands_lakes_marsh
greater_swamp_warbler,Wetland,grasslands; wetlands_lakes_marsh
lesser_swamp_warbler,Wetland,shrub; grasslands; rocky_areas; artificial; riparian; coastal; wetlands_lakes_marsh
madagascar_swamp_warbler,Wetland,riparian; coastal; wetlands_lakes_marsh
seychelles_warbler,Shrub,woodland; shrub
rodrigues_warbler,Shrub,shrub
great_reed_warbler,Wetland,shrub; grasslands; artificial; wetlands_lakes_marsh
oriental_reed_warbler,Wetland,artificial; riparian; coastal; wetlands_lakes_marsh
clamorous_reed_warbler,Wetland,shrub; grasslands; artificial; riparian; coastal; wetlands_lakes_marsh
australasian_reed_warbler,Wetland,bamboo; shrub; grasslands; riparian; wetlands_lakes_marsh
millerbird,Shrub,shrub
guam_reed_warbler,Wetland,forest; shrub; grasslands; wetlands_lakes_marsh
saipan_reed_warbler,Grassland,woodland; shrub; grasslands; coastal; wetlands_lakes_marsh
aguijan_reed_warbler,Forest,forest; shrub; wetlands_lakes_marsh
pagan_reed_warbler,Forest,forest; shrub; wetlands_lakes_marsh
mangareva_reed_warbler,Forest,forest; shrub; wetlands_lakes_marsh
nauru_reed_warbler,Forest,forest
caroline_reed_warbler,Forest,forest; shrub; artificial
kiritimati_reed_warbler,Shrub,shrub
northern_marquesan_reed_warbler,Shrub,forest; shrub
tahiti_reed_warbler,Forest,forest; bamboo; shrub; artificial; riparian
moorea_reed_warbler,Forest,forest
forsters_reed_warbler,Forest,forest; shrub; artificial
southern_marquesan_reed_warbler,Shrub,forest; shrub; artificial
tuamotu_reed_warbler,Shrub,forest; shrub; artificial
cook_islands_reed_warbler,Forest,forest; woodland; artificial; wetlands_lakes_marsh
rimatara_reed_warbler,Forest,forest; wetlands_lakes_marsh
henderson_island_reed_warbler,Forest,forest; woodland; shrub
pitcairn_reed_warbler,Forest,forest; shrub
black_browed_reed_warbler,Wetland,shrub; grasslands; wetlands_lakes_marsh
moustached_warbler,Wetland,shrub; riparian; wetlands_lakes_marsh
aquatic_warbler,Wetland,shrub; grasslands; wetlands_lakes_marsh
sedge_warbler,Wetland,shrub; grasslands; artificial; riparian; wetlands_lakes_marsh
streaked_reed_warbler,Wetland,grasslands; artificial; wetlands_lakes_marsh
blunt_winged_warbler,Riparian,shrub; grasslands; riparian; wetlands_lakes_marsh
white_browed_reed_warbler,Wetland,wetlands_lakes_marsh
large_billed_reed_warbler,Forest,forest
paddyfield_warbler,Wetland,shrub; grasslands; riparian; wetlands_lakes_marsh
blyths_reed_warbler,Riparian,forest; shrub; grasslands; artificial; riparian
common_reed_warbler,Wetland,shrub; artificial; riparian; coastal; wetlands_lakes_marsh
marsh_warbler,Shrub,shrub; grasslands; artificial; coastal; wetlands_lakes_marsh
thick_billed_warbler,Shrub,forest; shrub; riparian; wetlands_lakes_marsh
african_yellow_warbler,Grassland,forest; shrub; grasslands; artificial; riparian; wetlands_lakes_marsh
mountain_yellow_warbler,Forest,forest; shrub; riparian
booted_warbler,Shrub,forest; woodland; shrub; grasslands; plains; artificial
sykess_warbler,Shrub,forest; woodland; shrub; grasslands; artificial; riparian; coastal
eastern_olivaceous_warbler,Woodland,woodland; shrub; artificial; riparian
western_olivaceous_warbler,Artificial,shrub; artificial; riparian
papyrus_yellow_warbler,Wetland,wetlands_lakes_marsh
zambian_yellow_warbler,Wetland,wetlands_lakes_marsh
upchers_warbler,Shrub,woodland; shrub; plains; rocky_areas; artificial; riparian
olive_tree_warbler,Artificial,woodland; shrub; savannah; grasslands; rocky_areas; artificial
melodious_warbler,Woodland,forest; woodland; shrub; savannah; grasslands; artificial; riparian
icterine_warbler,Woodland,forest; woodland; artificial
cordillera_ground_warbler,Forest,forest; shrub
sierra_madre_ground_warbler,Forest,forest
bicol_ground_warbler,Forest,forest; rocky_areas
grays_grasshopper_warbler,Riparian,forest; bamboo; woodland; shrub; riparian; coastal
sakhalin_grasshopper_warbler,Shrub,woodland; shrub; grasslands; rocky_areas; wetlands_lakes_marsh
marsh_grassbird,Riparian,grasslands; artificial; riparian; coastal
pallass_grasshopper_warbler,Shrub,shrub; grasslands; riparian; wetlands_lakes_marsh
middendorffs_grasshopper_warbler,Grassland,bamboo; shrub; grasslands; riparian; coastal; wetlands_lakes_marsh
pleskes_grasshopper_warbler,Wetland,shrub; grasslands; riparian; wetlands_lakes_marsh
lanceolated_warbler,Grassland,forest; woodland; shrub; grasslands; artificial; wetlands_lakes_marsh
bamboo_warbler,Forest,forest; bamboo; shrub; artificial; riparian; coastal
river_warbler,Grassland,forest; woodland; shrub; grasslands; riparian; wetlands_lakes_marsh
savis_warbler,Wetland,shrub; grasslands; artificial; riparian; wetlands_lakes_marsh
long_billed_grasshopper_warbler,Shrub,forest; shrub
brown_grasshopper_warbler,Shrub,forest; shrub; grasslands
common_grasshopper_warbler,Woodland,woodland; shrub; grasslands; artificial; wetlands_lakes_marsh
chinese_grasshopper_warbler,Shrub,shrub; grasslands; riparian
friendly_grasshopper_warbler,Forest,forest; shrub
long_tailed_grasshopper_warbler,Forest,forest; shrub
sulawesi_grasshopper_warbler,Forest,forest; shrub; grasslands
seram_grasshopper_warbler,Forest,forest; bamboo
taliabu_grasshopper_warbler,Forest,forest
buru_grasshopper_warbler,Forest,forest; grasslands
baikal_grasshopper_warbler,Riparian,forest; plains; riparian
himalayan_grasshopper_warbler,Grassland,grasslands
spotted_grasshopper_warbler,Shrub,forest; shrub; grasslands
taiwan_grasshopper_warbler,Grassland,shrub; grasslands
russet_grasshopper_warbler,Shrub,bamboo; shrub; grasslands; artificial
dalat_bush_warbler,Shrub,forest; shrub
sunda_grasshopper_warbler,Forest,forest; shrub
sichuan_grasshopper_warbler,Forest,forest; artificial
benguet_grasshopper_warbler,Grassland,grasslands
fly_river_grassbird,Wetland,wetlands_lakes_marsh
spinifexbird,Grassland,shrub; grasslands
chatham_islands_fernbird,Forest,forest; shrub
new_zealand_fernbird,Shrub,shrub; artificial; wetlands_lakes_marsh
snares_fernbird,Grassland,shrub; grasslands
little_grassbird,Wetland,shrub; grasslands; wetlands_lakes_marsh
malia,Forest,forest
brown_songlark,Grassland,shrub; grasslands
rusty_thicketbird,Forest,forest; shrub; artificial
new_britain_thicketbird,Forest,forest
buff_banded_bushbird,Forest,forest; shrub; grasslands
rufous_songlark,Grassland,shrub; grasslands
papuan_grassbird,Grassland,forest; grasslands; artificial; wetlands_lakes_marsh
tawny_grassbird,Wetland,shrub; artificial; wetlands_lakes_marsh
guadalcanal_thicketbird,Forest,forest; bamboo
santo_thicketbird,Forest,forest
new_caledonian_thicketbird,Shrub,shrub; grasslands
long_legged_thicketbird,Forest,forest
bougainville_thicketbird,Forest,forest; bamboo
sri_lanka_warbler,Forest,forest; bamboo; woodland; artificial
broad_tailed_grassbird,Shrub,shrub; grasslands; rocky_areas; riparian; wetlands_lakes_marsh
bristled_grassbird,Grassland,shrub; grasslands; artificial; wetlands_lakes_marsh
fan_tailed_grassbird,Grassland,shrub; grasslands; riparian; wetlands_lakes_marsh
striated_grassbird,Grassland,grasslands; artificial; wetlands_lakes_marsh
knysna_warbler,Forest,forest; shrub; riparian
bangwa_warbler,Forest,forest; shrub; grasslands; artificial
barratts_warbler,Shrub,forest; shrub
evergreen_forest_warbler,Forest,forest; bamboo; shrub; artificial; riparian
cinnamon_bracken_warbler,Forest,forest; bamboo; shrub; savannah; wetlands_lakes_marsh
madagascar_grassbird,Grassland,shrub; grasslands; wetlands_lakes_marsh
brown_emu_tail,Grassland,forest; shrub; grasslands
dja_river_swamp_warbler,Wetland,grasslands; riparian; wetlands_lakes_marsh
little_rush_warbler,Wetland,grasslands; riparian; coastal; wetlands_lakes_marsh
white_winged_swamp_warbler,Wetland,grasslands; wetlands_lakes_marsh
grauers_swamp_warbler,Wetland,shrub; grasslands; wetlands_lakes_marsh
highland_rush_warbler,Wetland,artificial; wetlands_lakes_marsh
donacobius,Wetland,grasslands; riparian; wetlands_lakes_marsh
white_throated_oxylabes,Forest,forest
long_billed_tetraka,Forest,forest
cryptic_warbler,Forest,forest
wedge_tailed_tetraka,Forest,forest
thamnornis,Shrub,forest; shrub
spectacled_tetraka,Forest,forest
apperts_tetraka,Forest,forest
grey_crowned_tetraka,Forest,forest
madagascar_yellowbrow,Forest,forest
dusky_tetraka,Forest,forest
rands_warbler,Forest,forest
common_jery,Forest,forest; savannah; artificial; coastal
green_jery,Forest,forest
stripe_throated_jery,Forest,forest; shrub; coastal
subdesert_jery,Woodland,forest; woodland; shrub; rocky_areas
red_faced_cisticola,Grassland,forest; shrub; savannah; grasslands; artificial; riparian; coastal; wetlands_lakes_marsh
singing_cisticola,Shrub,woodland; shrub; savannah; grasslands; artificial; riparian; wetlands_lakes_marsh
whistling_cisticola,Grassland,woodland; shrub; savannah; grasslands; artificial; riparian
trilling_cisticola,Grassland,woodland; shrub; savannah; grasslands; rocky_areas; artificial
chattering_cisticola,Grassland,shrub; grasslands; artificial; wetlands_lakes_marsh
bubbling_cisticola,Grassland,savannah; grasslands; coastal
hunters_cisticola,Shrub,forest; bamboo; shrub; grasslands; wetlands_lakes_marsh
chubbs_cisticola,Shrub,woodland; shrub; grasslands; artificial; riparian
kilombero_cisticola,Wetland,grasslands; wetlands_lakes_marsh
black_lored_cisticola,Forest,forest; shrub; riparian
lazy_cisticola,Rocky,woodland; shrub; rocky_areas; artificial
huambo_cisticola,Rocky,rocky_areas; riparian
rattling_cisticola,Shrub,woodland; shrub; savannah; grasslands; artificial; wetlands_lakes_marsh
boran_cisticola,Savanna,woodland; shrub; savannah; grasslands; rocky_areas
churring_cisticola,Shrub,shrub; grasslands
ashy_cisticola,Plains,shrub; savannah; plains; desert
tana_river_cisticola,Shrub,shrub
tinkling_cisticola,Shrub,woodland; shrub; grasslands; artificial
grey_backed_cisticola,Shrub,shrub; grasslands; desert
wailing_cisticola,Grassland,shrub; grasslands; rocky_areas
lyness_cisticola,Grassland,shrub; grasslands; rocky_areas
rufous_winged_cisticola,Wetland,shrub; artificial; coastal; wetlands_lakes_marsh
winding_cisticola,Wetland,artificial; wetlands_lakes_marsh
coastal_cisticola,Wetland,shrub; wetlands_lakes_marsh
white_tailed_cisticola,Plains,grasslands; plains; artificial
ethiopian_cisticola,Wetland,shrub; savannah; wetlands_lakes_marsh
luapula_cisticola,Wetland,wetlands_lakes_marsh
chirping_cisticola,Wetland,grasslands; wetlands_lakes_marsh
carrutherss_cisticola,Wetland,grasslands; wetlands_lakes_marsh
levaillants_cisticola,Wetland,grasslands; riparian; wetlands_lakes_marsh
stout_cisticola,Grassland,forest; woodland; savannah; grasslands; rocky_areas; artificial; riparian; wetlands_lakes_marsh
aberdare_cisticola,Grassland,grasslands
croaking_cisticola,Woodland,woodland; shrub; savannah; grasslands; artificial; riparian; coastal; wetlands_lakes_marsh
red_pate_cisticola,Grassland,savannah; grasslands; desert; wetlands_lakes_marsh
dorsts_cisticola,Savanna,woodland; shrub; savannah; grasslands; artificial
tiny_cisticola,Shrub,shrub; savannah; grasslands; artificial
short_winged_cisticola,Shrub,woodland; shrub; savannah; grasslands; artificial; riparian
rufous_cisticola,Shrub,shrub; grasslands; riparian; wetlands_lakes_marsh
foxy_cisticola,Grassland,woodland; savannah; grasslands; desert; riparian
neddicky,Grassland,woodland; shrub; grasslands; artificial
tabora_cisticola,Grassland,woodland; savannah; grasslands
black_tailed_cisticola,Grassland,woodland; grasslands
zitting_cisticola,Grassland,woodland; grasslands; artificial; wetlands_lakes_marsh
socotra_cisticola,Shrub,shrub; grasslands; rocky_areas
madagascar_cisticola,Grassland,woodland; savannah; grasslands; artificial; wetlands_lakes_marsh
desert_cisticola,Shrub,woodland; shrub; savannah; grasslands; artificial
cloud_cisticola,Grassland,grasslands; coastal; wetlands_lakes_marsh
black_backed_cisticola,Grassland,grasslands; wetlands_lakes_marsh
dambo_cisticola,Grassland,grasslands; wetlands_lakes_marsh
pectoral_patch_cisticola,Grassland,shrub; grasslands; rocky_areas; artificial
pale_crowned_cisticola,Grassland,grasslands; wetlands_lakes_marsh
wing_snapping_cisticola,Grassland,grasslands; artificial; wetlands_lakes_marsh
golden_headed_cisticola,Grassland,woodland; shrub; savannah; grasslands; artificial
socotra_warbler,Shrub,shrub; rocky_areas
striated_prinia,Shrub,shrub; grasslands; riparian
striped_prinia,Shrub,forest; shrub; artificial
brown_prinia,Grassland,shrub; grasslands; rocky_areas
burmese_prinia,Grassland,forest; shrub; grasslands
annam_prinia,Grassland,forest; shrub; grasslands
black_throated_prinia,Grassland,forest; shrub; grasslands; artificial
rufous_crowned_prinia,Shrub,forest; shrub; grasslands
hill_prinia,Shrub,forest; shrub; grasslands
grey_crowned_prinia,Forest,forest; grasslands
rufous_fronted_prinia,Plains,woodland; shrub; plains; artificial
rufescent_prinia,Shrub,forest; woodland; shrub; grasslands; artificial
grey_breasted_prinia,Forest,forest; shrub; artificial; riparian; coastal
graceful_prinia,Shrub,woodland; shrub; artificial; riparian; coastal; wetlands_lakes_marsh
delicate_prinia,Riparian,shrub; artificial; riparian
jungle_prinia,Shrub,forest; shrub; grasslands
bar_winged_prinia,Shrub,shrub; artificial; coastal
yellow_bellied_prinia,Shrub,shrub; grasslands; artificial; riparian; coastal; wetlands_lakes_marsh
chinese_prinia,Wetland,shrub; grasslands; artificial; wetlands_lakes_marsh
ashy_prinia,Grassland,shrub; grasslands; riparian; coastal; wetlands_lakes_marsh
tawny_flanked_prinia,Savanna,shrub; savannah; grasslands; riparian; wetlands_lakes_marsh
plain_prinia,Shrub,shrub; grasslands; artificial; riparian; coastal; wetlands_lakes_marsh
pale_prinia,Savanna,shrub; savannah; desert
river_prinia,Riparian,woodland; shrub; savannah; artificial; riparian; wetlands_lakes_marsh
black_chested_prinia,Shrub,woodland; shrub; savannah; grasslands; wetlands_lakes_marsh
karoo_prinia,Shrub,shrub; artificial; coastal
drakensberg_prinia,Shrub,shrub; artificial; coastal
sao_tome_prinia,Forest,forest; grasslands; artificial; wetlands_lakes_marsh
banded_prinia,Forest,forest; shrub; riparian
red_winged_prinia,Woodland,woodland; shrub; grasslands; artificial
red_fronted_prinia,Shrub,shrub; grasslands
white_chinned_prinia,Forest,forest; shrub; grasslands; artificial; riparian
sierra_leone_prinia,Forest,forest
namaqua_warbler,Shrub,shrub; artificial; wetlands_lakes_marsh
briar_warbler,Shrub,forest; shrub; riparian
visayan_miniature_babbler,Forest,forest
mindanao_miniature_babbler,Forest,forest
green_longtail,Forest,forest; savannah; grasslands; artificial
black_collared_apalis,Forest,forest; bamboo; shrub; riparian
rwenzori_apalis,Forest,forest; shrub
red_winged_grey_warbler,Savanna,woodland; shrub; savannah; grasslands; riparian; wetlands_lakes_marsh
cricket_warbler,Shrub,shrub; savannah
buff_bellied_warbler,Woodland,woodland; shrub; grasslands
bar_throated_apalis,Forest,forest; shrub; savannah; artificial; riparian; coastal
yellow_throated_apalis,Forest,forest; shrub; savannah; artificial; riparian; coastal
taita_apalis,Forest,forest; shrub; savannah; artificial; riparian; coastal
namuli_apalis,Forest,forest; shrub; savannah; artificial; riparian; coastal
rudds_apalis,Forest,forest; woodland; shrub; riparian
brown_tailed_apalis,Shrub,forest; woodland; shrub; riparian
yellow_breasted_apalis,Savanna,forest; woodland; shrub; savannah; riparian
masked_apalis,Shrub,forest; shrub; artificial; riparian
black_faced_apalis,Forest,forest; shrub; riparian
black_throated_apalis,Forest,forest; shrub
white_winged_apalis,Forest,forest; riparian
black_capped_apalis,Forest,forest; artificial; riparian
black_headed_apalis,Forest,forest; woodland; shrub; riparian
chirinda_apalis,Forest,forest
chestnut_throated_apalis,Forest,forest; shrub; riparian
kabobo_apalis,Forest,forest
chapins_apalis,Forest,forest; riparian
sharpes_apalis,Forest,forest; shrub; riparian
buff_throated_apalis,Forest,forest
kungwe_apalis,Forest,forest; bamboo
karamoja_apalis,Shrub,shrub; savannah; riparian
maasai_apalis,Shrub,shrub; savannah; riparian
bamenda_apalis,Forest,forest; shrub; savannah; artificial; riparian
goslings_apalis,Riparian,forest; riparian
grey_apalis,Forest,forest; shrub; rocky_areas; riparian
brown_headed_apalis,Forest,forest
rufous_eared_warbler,Shrub,shrub; grasslands; artificial
oriole_warbler,Forest,forest; shrub; rocky_areas; artificial; coastal
grey_capped_warbler,Forest,forest; shrub; riparian; wetlands_lakes_marsh
grey_backed_camaroptera,Woodland,woodland; shrub; savannah
bleating_camaroptera,Forest,forest; woodland; shrub; savannah; desert; artificial; coastal
harterts_camaroptera,Forest,forest; shrub
yellow_browed_camaroptera,Forest,forest; shrub; artificial; riparian
olive_green_camaroptera,Forest,forest; woodland; shrub; artificial
tawny_breasted_camaroptera,Forest,forest; shrub; artificial
grey_wren_warbler,Shrub,shrub
miombo_wren_warbler,Woodland,woodland; shrub
stierlings_wren_warbler,Woodland,woodland; shrub
barred_wren_warbler,Savanna,woodland; savannah
cinnamon_breasted_warbler,Shrub,shrub; rocky_areas; artificial
black_headed_rufous_warbler,Forest,forest; shrub; grasslands; riparian
black_faced_rufous_warbler,Forest,forest; shrub; riparian
winifreds_warbler,Shrub,forest; shrub; riparian
common_tailorbird,Shrub,forest; bamboo; shrub; artificial; coastal
dark_necked_tailorbird,Forest,forest; bamboo; shrub; artificial; coastal
cambodian_tailorbird,Shrub,shrub
chestnut_crowned_tailorbird,Forest,forest; shrub
green_backed_tailorbird,Bamboo,forest; bamboo; shrub
rufous_fronted_tailorbird,Forest,forest; shrub
grey_backed_tailorbird,Forest,forest; shrub
rufous_tailed_tailorbird,Forest,forest; shrub; artificial; coastal
ashy_tailorbird,Shrub,forest; shrub; artificial; coastal
olive_backed_tailorbird,Forest,forest; bamboo; shrub; artificial
white_eared_tailorbird,Forest,forest; shrub
black_headed_tailorbird,Forest,forest
yellow_breasted_tailorbird,Forest,forest; riparian
long_billed_forest_warbler,Forest,forest; rocky_areas
mozambique_forest_warbler,Riparian,forest; riparian
red_capped_forest_warbler,Forest,forest
white_tailed_warbler,Forest,forest; shrub
yellow_bellied_eremomela,Woodland,woodland; shrub; savannah; artificial; riparian
yellow_vented_eremomela,Woodland,woodland; savannah
senegal_eremomela,Woodland,woodland; savannah; grasslands; artificial; riparian; coastal
green_backed_eremomela,Savanna,woodland; shrub; savannah; riparian
green_capped_eremomela,Woodland,forest; woodland; artificial; riparian
karoo_eremomela,Shrub,shrub; desert
burnt_necked_eremomela,Woodland,woodland; shrub; riparian
rufous_crowned_eremomela,Forest,forest; artificial; riparian
turners_eremomela,Forest,forest; shrub; artificial; riparian
black_necked_eremomela,Woodland,woodland; savannah
eurasian_blackcap,Forest,forest; woodland; shrub; savannah; artificial; riparian; coastal
garden_warbler,Woodland,forest; woodland; shrub; savannah; artificial; riparian
dohrns_warbler,Forest,forest; shrub; artificial
abyssinian_catbird,Shrub,bamboo; woodland; shrub; artificial
bush_blackcap,Forest,forest; shrub
african_hill_babbler,Forest,forest; shrub; artificial
rwenzori_hill_babbler,Forest,forest; bamboo; shrub
barred_warbler,Forest,forest; woodland; shrub; grasslands; artificial; riparian
layards_warbler,Shrub,shrub
banded_warbler,Woodland,woodland; shrub; grasslands
chestnut_vented_warbler,Shrub,woodland; shrub; artificial; riparian
lesser_whitethroat,Shrub,woodland; shrub; savannah; artificial
brown_warbler,Woodland,woodland; shrub; artificial; riparian
yemen_warbler,Woodland,woodland; shrub; rocky_areas; artificial; riparian
arabian_warbler,Plains,shrub; savannah; plains; rocky_areas
western_orphean_warbler,Woodland,woodland; shrub; savannah; desert; artificial
eastern_orphean_warbler,Woodland,forest; woodland; shrub; plains; rocky_areas; artificial; riparian
african_desert_warbler,Desert,plains; rocky_areas; desert
asian_desert_warbler,Desert,shrub; plains; rocky_areas; desert; coastal
tristrams_warbler,Shrub,shrub; desert
menetriess_warbler,Shrub,shrub; desert; artificial; riparian; coastal
rüppells_warbler,Shrub,woodland; shrub; rocky_areas; artificial
cyprus_warbler,Shrub,woodland; shrub; plains; rocky_areas; artificial; coastal
sardinian_warbler,Shrub,woodland; shrub; grasslands; rocky_areas; desert; artificial; coastal
western_subalpine_warbler,Shrub,forest; shrub; savannah; coastal
moltonis_warbler,Shrub,forest; shrub; savannah; riparian; coastal
eastern_subalpine_warbler,Shrub,woodland; shrub; artificial; coastal; wetlands_lakes_marsh
common_whitethroat,Shrub,woodland; shrub; savannah; grasslands; artificial; riparian; wetlands_lakes_marsh
spectacled_warbler,Shrub,shrub; plains; desert
marmoras_warbler,Shrub,shrub; rocky_areas
dartford_warbler,Shrub,shrub; grasslands
balearic_warbler,Shrub,forest; shrub; grasslands
fire_tailed_myzornis,Shrub,forest; bamboo; woodland; shrub
rufous_tailed_babbler,Shrub,shrub; grasslands
golden_breasted_fulvetta,Forest,forest; bamboo; shrub
yellow_eyed_babbler,Shrub,bamboo; shrub; grasslands; artificial; riparian; wetlands_lakes_marsh
jerdons_babbler,Grassland,grasslands; wetlands_lakes_marsh
tarim_hill_warbler,Shrub,shrub; plains
beijing_hill_warbler,Shrub,shrub; grasslands; rocky_areas
spectacled_fulvetta,Forest,forest
indochinese_fulvetta,Forest,forest; bamboo; shrub
chinese_fulvetta,Shrub,forest; shrub
white_browed_fulvetta,Shrub,forest; bamboo; woodland; shrub
brown_throated_fulvetta,Forest,forest; bamboo; shrub
manipur_fulvetta,Forest,forest; bamboo; shrub
grey_hooded_fulvetta,Forest,forest; bamboo; woodland; shrub
taiwan_fulvetta,Forest,forest; bamboo
wrentit,Shrub,shrub
reed_parrotbill,Wetland,riparian; coastal; wetlands_lakes_marsh
black_breasted_parrotbill,Wetland,bamboo; shrub; grasslands; riparian; wetlands_lakes_marsh
spot_breasted_parrotbill,Shrub,bamboo; shrub; grasslands; artificial
great_parrotbill,Forest,forest; bamboo; shrub
brown_parrotbill,Forest,forest; bamboo
three_toed_parrotbill,Forest,forest; bamboo; woodland
grey_headed_parrotbill,Forest,forest; bamboo; woodland; shrub
black_headed_parrotbill,Forest,forest; shrub; artificial
white_breasted_parrotbill,Forest,forest; bamboo; shrub; grasslands; riparian; wetlands_lakes_marsh
rufous_headed_parrotbill,Forest,forest; bamboo; grasslands; riparian
short_tailed_parrotbill,Forest,forest; bamboo; grasslands
fulvous_parrotbill,Forest,forest; bamboo
black_throated_parrotbill,Forest,forest; bamboo; woodland; shrub; artificial
golden_parrotbill,Forest,forest; bamboo
pale_billed_parrotbill,Forest,forest; bamboo; grasslands; wetlands_lakes_marsh
spectacled_parrotbill,Shrub,forest; bamboo; woodland; shrub; wetlands_lakes_marsh
grey_hooded_parrotbill,Shrub,forest; bamboo; shrub
brown_winged_parrotbill,Shrub,forest; shrub; grasslands
eye_ringed_parrotbill,Shrub,forest; shrub; grasslands
vinous_throated_parrotbill,Shrub,forest; bamboo; shrub; artificial; wetlands_lakes_marsh
ashy_throated_parrotbill,Shrub,shrub; grasslands
rusty_throated_parrotbill,Forest,forest; bamboo; grasslands
white_collared_yuhina,Forest,forest; shrub; grasslands
chestnut_crested_yuhina,Forest,forest
striated_yuhina,Forest,forest; shrub
indochinese_yuhina,Forest,forest; shrub
black_chinned_yuhina,Forest,forest; artificial
taiwan_yuhina,Forest,forest; shrub
whiskered_yuhina,Forest,forest; shrub
burmese_yuhina,Forest,forest; shrub
white_naped_yuhina,Forest,forest
stripe_throated_yuhina,Forest,forest; bamboo; woodland; shrub
rufous_vented_yuhina,Forest,forest
flame_templed_babbler,Forest,forest
visayan_pygmy_babbler,Forest,forest; shrub; artificial
mindanao_pygmy_babbler,Forest,forest; shrub
rusty_crowned_babbler,Forest,forest
golden_crowned_babbler,Forest,forest
calabarzon_babbler,Forest,forest
black_crowned_babbler,Forest,forest
palawan_striped_babbler,Forest,forest
luzon_striped_babbler,Forest,forest; shrub
chestnut_faced_babbler,Forest,forest; shrub
panay_striped_babbler,Forest,forest
negros_striped_babbler,Forest,forest
golden_white_eye,Forest,forest; shrub; artificial
teardrop_white_eye,Forest,forest
long_billed_white_eye,Forest,forest
giant_white_eye,Forest,forest; shrub
javan_grey_throated_white_eye,Forest,forest
grey_hooded_white_eye,Forest,forest
pygmy_white_eye,Forest,forest; shrub
mindanao_white_eye,Forest,forest
streak_headed_white_eye,Forest,forest; shrub
cream_browed_white_eye,Forest,forest; shrub
crested_white_eye,Forest,forest; shrub; artificial
spot_breasted_white_eye,Forest,forest; woodland
thick_billed_white_eye,Forest,forest; shrub
yellow_spectacled_white_eye,Forest,forest; woodland; shrub; artificial
bonin_white_eye,Forest,forest
bicoloured_white_eye,Forest,forest; shrub; artificial
sri_lanka_white_eye,Forest,forest; shrub; artificial
yellowish_white_eye,Forest,forest
black_capped_white_eye,Forest,forest; shrub
abyssinian_white_eye,Woodland,woodland; shrub; savannah; artificial
kenya_white_eye,Shrub,forest; woodland; shrub; artificial
mbulu_white_eye,Forest,forest
chestnut_flanked_white_eye,Forest,forest
swinhoes_white_eye,Forest,forest; woodland; shrub; artificial; coastal
mountain_black_eye,Forest,forest; shrub
mountain_white_eye,Forest,forest; shrub; artificial
indian_white_eye,Forest,forest; woodland; shrub; artificial; coastal; wetlands_lakes_marsh
lowland_white_eye,Forest,forest; shrub; artificial
marianne_white_eye,Forest,forest; coastal
mount_karthala_white_eye,Shrub,shrub
reunion_olive_white_eye,Forest,forest; shrub; artificial
mauritius_olive_white_eye,Forest,forest; artificial
reunion_grey_white_eye,Forest,forest; shrub
mauritius_grey_white_eye,Woodland,forest; woodland; shrub; savannah; artificial
mount_cameroon_speirops,Forest,forest; shrub; grasslands
forest_white_eye,Woodland,forest; woodland; artificial
green_white_eye,Woodland,forest; woodland; artificial
kilimanjaro_white_eye,Forest,forest
bioko_speirops,Forest,forest; shrub
ethiopian_white_eye,Woodland,forest; woodland; artificial
kafa_white_eye,Woodland,forest; woodland; artificial
kulal_white_eye,Forest,forest; shrub; artificial
kikuyu_white_eye,Forest,forest; bamboo; artificial
socotra_white_eye,Woodland,woodland; artificial
principe_white_eye,Forest,forest; artificial
annobon_white_eye,Forest,forest; shrub; savannah; artificial
sao_tome_white_eye,Forest,forest; woodland; savannah
black_capped_speirops,Forest,forest; savannah; artificial; wetlands_lakes_marsh
principe_speirops,Forest,forest; shrub; artificial
taita_white_eye,Forest,forest; shrub; artificial
african_yellow_white_eye,Woodland,forest; woodland; shrub; artificial; riparian
angola_white_eye,Woodland,forest; woodland; shrub; artificial; riparian
orange_river_white_eye,Shrub,forest; woodland; shrub; savannah; artificial; riparian
south_pare_white_eye,Shrub,forest; shrub
cape_white_eye,Shrub,forest; shrub; savannah; artificial; riparian
southern_yellow_white_eye,Woodland,forest; woodland; artificial; riparian
pemba_white_eye,Woodland,woodland; shrub; grasslands; artificial; coastal
seychelles_white_eye,Woodland,woodland; artificial
anjouan_white_eye,Forest,forest; woodland; coastal
aldabra_white_eye,Coastal,woodland; coastal
kirks_white_eye,Forest,forest; shrub; artificial; coastal
moheli_white_eye,Forest,forest; woodland; artificial; coastal
chestnut_sided_white_eye,Forest,forest; shrub; artificial
madagascar_white_eye,Forest,forest; woodland; shrub; artificial; coastal
meratus_white_eye,Forest,forest
lemon_bellied_white_eye,Forest,forest; woodland; shrub; artificial; coastal
wakatobi_white_eye,Forest,forest; woodland; shrub; artificial; coastal
black_crowned_white_eye,Forest,forest; shrub; artificial
sangihe_white_eye,Forest,forest
pale_bellied_white_eye,Forest,forest; shrub; artificial
togian_white_eye,Shrub,shrub; artificial
black_ringed_white_eye,Shrub,forest; shrub; artificial
green_fronted_white_eye,Forest,forest; shrub; artificial
black_fronted_white_eye,Forest,forest; artificial
tagula_white_eye,Forest,forest
morotai_white_eye,Forest,forest; artificial
cream_throated_white_eye,Forest,forest; shrub; artificial; coastal
buru_white_eye,Forest,forest; shrub
seram_white_eye,Forest,forest
javan_white_eye,Forest,forest; shrub; wetlands_lakes_marsh
ashy_bellied_white_eye,Shrub,woodland; shrub
australian_yellow_white_eye,Coastal,shrub; riparian; coastal
silvereye,Shrub,forest; shrub; artificial
humes_white_eye,Forest,forest; shrub; artificial
sangkar_white_eye,Forest,forest; woodland; shrub; artificial; coastal
everetts_white_eye,Forest,forest
vella_lavella_white_eye,Forest,forest; shrub; artificial
santa_cruz_white_eye,Forest,forest; shrub
capped_white_eye,Forest,forest; shrub; grasslands; artificial
oya_tabu_white_eye,Forest,forest
vanuatu_white_eye,Forest,forest; shrub; artificial
bare_eyed_white_eye,Woodland,forest; woodland; shrub
sanfords_white_eye,Forest,forest
vanikoro_white_eye,Forest,forest
fiji_white_eye,Forest,forest; shrub; artificial
bismarck_white_eye,Forest,forest
biak_white_eye,Forest,forest
bougainville_white_eye,Forest,forest; shrub
guadalcanal_white_eye,Forest,forest; shrub
grey_throated_white_eye,Forest,forest; shrub
yap_olive_white_eye,Forest,forest; coastal
dusky_white_eye,Forest,forest; shrub; coastal
pohnpei_white_eye,Forest,forest; shrub; artificial
kosrae_white_eye,Forest,forest; shrub; grasslands
rota_white_eye,Forest,forest
yellow_throated_white_eye,Forest,forest; shrub; artificial
malaita_white_eye,Forest,forest; shrub
new_guinea_white_eye,Forest,forest; shrub; artificial; coastal
ambon_white_eye,Forest,forest; woodland; shrub
kai_besar_white_eye,Forest,forest
gizo_white_eye,Forest,forest; shrub
kai_kecil_white_eye,Forest,forest; woodland
ranongga_white_eye,Forest,forest; shrub; artificial
solomons_white_eye,Forest,forest
dark_eyed_white_eye,Forest,forest
christmas_island_white_eye,Forest,forest; shrub
bridled_white_eye,Forest,forest; woodland; shrub; grasslands
saipan_white_eye,Forest,forest; woodland; shrub; savannah; artificial
citrine_white_eye,Forest,forest; shrub
yap_plain_white_eye,Forest,forest; shrub; savannah; artificial; coastal
wangi_wangi_white_eye,Forest,forest; shrub; artificial
louisiade_white_eye,Forest,forest; shrub
kolombangara_white_eye,Forest,forest
large_lifou_white_eye,Forest,forest; artificial
white_chested_white_eye,Forest,forest
samoan_white_eye,Forest,forest
robust_white_eye,Forest,forest
slender_billed_white_eye,Forest,forest
small_lifou_white_eye,Forest,forest; artificial
green_backed_white_eye,Forest,forest; shrub; artificial
rennell_white_eye,Forest,forest
chestnut_capped_babbler,Shrub,bamboo; shrub; grasslands; artificial; riparian; wetlands_lakes_marsh
tawny_bellied_babbler,Grassland,shrub; grasslands; artificial
dark_fronted_babbler,Forest,forest; bamboo; shrub; artificial; riparian; wetlands_lakes_marsh
grey_faced_tit_babbler,Forest,forest
grey_cheeked_tit_babbler,Forest,forest; shrub
kangean_tit_babbler,Forest,forest; shrub
pin_striped_tit_babbler,Forest,forest; bamboo; shrub; coastal
bold_striped_tit_babbler,Artificial,forest; shrub; grasslands; artificial
fluffy_backed_tit_babbler,Forest,forest; bamboo; shrub; artificial; coastal
brown_tit_babbler,Forest,forest; shrub
golden_babbler,Forest,forest; bamboo; shrub; artificial
chestnut_winged_babbler,Forest,forest; shrub
grey_hooded_babbler,Forest,forest; woodland; artificial; coastal
crescent_chested_babbler,Forest,forest; artificial
black_chinned_babbler,Forest,forest; bamboo; shrub; artificial
rufous_capped_babbler,Forest,forest; bamboo; shrub
rufous_fronted_babbler,Forest,forest; bamboo; shrub; grasslands; artificial
rufous_throated_wren_babbler,Forest,forest; shrub; artificial
rusty_throated_wren_babbler,Forest,forest; riparian
bar_winged_wren_babbler,Forest,forest; bamboo; woodland; shrub
pale_throated_wren_babbler,Forest,forest
naga_wren_babbler,Forest,forest; riparian
chin_hills_wren_babbler,Forest,forest; bamboo; shrub
tawny_breasted_wren_babbler,Forest,forest; shrub; rocky_areas; riparian
grey_bellied_wren_babbler,Forest,forest; riparian
black_babbler,Forest,forest; shrub
bare_headed_babbler,Forest,forest
coral_billed_scimitar_babbler,Forest,forest; bamboo; shrub
brown_crowned_scimitar_babbler,Forest,forest; bamboo; shrub
red_billed_scimitar_babbler,Forest,forest; bamboo
slender_billed_scimitar_babbler,Forest,forest; bamboo; woodland; shrub
streak_breasted_scimitar_babbler,Forest,forest; shrub; artificial
taiwan_scimitar_babbler,Forest,forest
white_browed_scimitar_babbler,Forest,forest; bamboo; woodland; shrub; grasslands; riparian
indian_scimitar_babbler,Forest,forest; bamboo; woodland; shrub
sri_lanka_scimitar_babbler,Forest,forest; bamboo; riparian
sunda_scimitar_babbler,Forest,forest; bamboo; artificial
javan_scimitar_babbler,Forest,forest
large_scimitar_babbler,Forest,forest; bamboo; woodland; shrub; grasslands; wetlands_lakes_marsh
rusty_cheeked_scimitar_babbler,Shrub,shrub; artificial
red_eyed_scimitar_babbler,Shrub,forest; shrub; grasslands; artificial
spot_breasted_scimitar_babbler,Forest,forest; shrub; artificial
black_streaked_scimitar_babbler,Forest,forest; bamboo; shrub; grasslands
grey_sided_scimitar_babbler,Forest,forest; woodland; shrub; grasslands
black_necklaced_scimitar_babbler,Shrub,forest; shrub; grasslands; artificial
black_throated_babbler,Forest,forest; wetlands_lakes_marsh
white_breasted_babbler,Forest,forest
chestnut_rumped_babbler,Forest,forest
grey_throated_babbler,Forest,forest; shrub; artificial
grey_headed_babbler,Forest,forest; shrub
nonggang_babbler,Forest,forest; artificial
sooty_babbler,Forest,forest; rocky_areas
blackish_breasted_babbler,Forest,forest; bamboo
chevron_breasted_babbler,Forest,forest; bamboo
white_necked_babbler,Forest,forest
white_bibbed_babbler,Forest,forest
snowy_throated_babbler,Forest,forest; bamboo; shrub; riparian
spot_necked_babbler,Forest,forest; bamboo; shrub
indian_grass_babbler,Grassland,grasslands
chinese_grass_babbler,Grassland,grasslands; wetlands_lakes_marsh
large_wren_babbler,Forest,forest
marbled_wren_babbler,Forest,forest
black_throated_wren_babbler,Forest,forest
sooty_capped_babbler,Forest,forest; wetlands_lakes_marsh
grey_breasted_babbler,Forest,forest; wetlands_lakes_marsh
scaly_crowned_babbler,Forest,forest
rufous_crowned_babbler,Forest,forest
moustached_babbler,Forest,forest
melodious_babbler,Forest,forest; shrub
white_hooded_babbler,Forest,forest; bamboo; shrub; grasslands
collared_babbler,Forest,forest; bamboo; shrub; grasslands
yellow_throated_fulvetta,Forest,forest; bamboo; riparian
rufous_winged_fulvetta,Forest,forest; shrub
black_crowned_fulvetta,Forest,forest; shrub
golden_fronted_fulvetta,Forest,forest; bamboo; woodland; riparian
rufous_throated_fulvetta,Forest,forest; bamboo; shrub; riparian
rusty_capped_fulvetta,Forest,forest; bamboo; shrub
dusky_fulvetta,Forest,forest
puff_throated_babbler,Shrub,woodland; shrub; artificial; riparian
brown_capped_babbler,Forest,forest; shrub; artificial
marsh_babbler,Wetland,grasslands; riparian; wetlands_lakes_marsh
black_capped_babbler,Forest,forest; bamboo; woodland; shrub; artificial; coastal
rufous_browed_babbler,Forest,forest; shrub; coastal
bornean_black_capped_babbler,Forest,forest; bamboo; woodland; shrub; artificial; coastal
short_tailed_babbler,Forest,forest; bamboo; shrub; artificial; riparian
glissando_babbler,Forest,forest
leaflitter_babbler,Forest,forest
ashy_headed_babbler,Forest,forest; shrub
spot_throated_babbler,Shrub,forest; shrub
buff_breasted_babbler,Forest,forest; bamboo; shrub; riparian
sumatran_babbler,Forest,forest
temmincks_babbler,Forest,forest
white_chested_babbler,Forest,forest; shrub; artificial; riparian; coastal
bornean_swamp_babbbler,Forest,forest; shrub; artificial; riparian; coastal
ferruginous_babbler,Forest,forest
sulawesi_babbler,Shrub,forest; shrub
rufous_vented_grass_babbler,Shrub,shrub; grasslands; riparian
swamp_grass_babbler,Grassland,grasslands; plains; riparian
brown_illadopsis,Shrub,forest; shrub; savannah; artificial; riparian
pale_breasted_illadopsis,Forest,forest; woodland; shrub; grasslands; artificial
grey_breasted_illadopsis,Forest,forest; riparian
mountain_illadopsis,Forest,forest; bamboo; shrub; riparian
black_capped_illadopsis,Forest,forest; shrub
scaly_breasted_illadopsis,Forest,forest
spotted_illadopsis,Riparian,forest; woodland; shrub; riparian; wetlands_lakes_marsh
puvels_illadopsis,Forest,forest; shrub; savannah; artificial; riparian
rufous_winged_illadopsis,Forest,forest; shrub; artificial
striped_wren_babbler,Forest,forest; shrub
abbotts_babbler,Forest,forest; shrub; riparian
horsfields_babbler,Forest,forest
black_browed_babbler,Forest,forest
mountain_wren_babbler,Forest,forest
streaked_wren_babbler,Forest,forest; rocky_areas
annamite_limestone_babbler,Forest,forest; woodland; shrub; rocky_areas
rufous_limestone_babbler,Forest,forest; shrub; rocky_areas
variable_limestone_babbler,Forest,forest; shrub; rocky_areas
rusty_breasted_wren_babbler,Forest,forest
striated_wren_babbler,Forest,forest; shrub
bornean_wren_babbler,Forest,forest
falcated_wren_babbler,Forest,forest; shrub
eyebrowed_wren_babbler,Forest,forest; riparian
long_billed_wren_babbler,Forest,forest; shrub
sumatran_wren_babbler,Forest,forest
white_throated_wren_babbler,Forest,forest; bamboo; shrub
naung_mung_wren_babbler,Forest,forest
indochinese_wren_babbler,Forest,forest
brown_cheeked_fulvetta,Forest,forest; bamboo; shrub; artificial
black_browed_fulvetta,Forest,forest; shrub
brown_fulvetta,Forest,forest; riparian
javan_fulvetta,Forest,forest
nepal_fulvetta,Forest,forest; bamboo; shrub
davids_fulvetta,Forest,forest; bamboo; shrub
huets_fulvetta,Forest,forest; bamboo; shrub
grey_cheeked_fulvetta,Forest,forest; bamboo; shrub
yunnan_fulvetta,Forest,forest; bamboo; shrub
mountain_fulvetta,Forest,forest
striated_laughingthrush,Forest,forest; shrub
himalayan_cutia,Forest,forest
vietnamese_cutia,Forest,forest
grey_crowned_crocias,Forest,forest
spotted_crocias,Forest,forest
scaly_laughingthrush,Forest,forest; bamboo; shrub
brown_capped_laughingthrush,Forest,forest; bamboo; woodland
blue_winged_laughingthrush,Forest,forest; bamboo; shrub; riparian
streaked_laughingthrush,Woodland,forest; woodland; shrub; artificial
bhutan_laughingthrush,Shrub,shrub
striped_laughingthrush,Forest,forest; shrub
variegated_laughingthrush,Forest,forest; bamboo; shrub; artificial
black_faced_laughingthrush,Shrub,shrub
white_whiskered_laughingthrush,Forest,forest; bamboo; shrub
brown_cheeked_laughingthrush,Shrub,shrub
elliots_laughingthrush,Shrub,forest; bamboo; woodland; shrub; artificial
red_tailed_laughingthrush,Forest,forest; bamboo; shrub; grasslands; artificial
collared_laughingthrush,Forest,forest
chestnut_crowned_laughingthrush,Woodland,woodland; grasslands; artificial
assam_laughingthrush,Forest,forest; bamboo; shrub
red_winged_laughingthrush,Forest,forest; bamboo; shrub
silver_eared_laughingthrush,Forest,forest; bamboo; shrub; grasslands
golden_winged_laughingthrush,Forest,forest
malay_laughingthrush,Forest,forest; bamboo; shrub; grasslands
banasura_chilappan,Forest,forest; shrub; artificial
nilgiri_chilappan,Forest,forest; shrub; savannah; artificial
palani_chilappan,Shrub,forest; shrub; artificial; riparian
ashambu_chilappan,Forest,forest; shrub; artificial; riparian
long_tailed_sibia,Forest,forest; shrub
white_eared_sibia,Forest,forest; shrub
rufous_sibia,Forest,forest
beautiful_sibia,Forest,forest
grey_sibia,Forest,forest
dark_backed_sibia,Forest,forest
black_headed_sibia,Forest,forest
hoary_throated_barwing,Forest,forest; shrub
taiwan_barwing,Forest,forest
streak_throated_barwing,Forest,forest
streaked_barwing,Forest,forest
blue_winged_minla,Forest,forest; bamboo; shrub; artificial
bar_throated_minla,Forest,forest; shrub
rusty_fronted_barwing,Shrub,forest; shrub
western_spectacled_barwing,Forest,forest; shrub; grasslands
eastern_spectacled_barwing,Forest,forest; bamboo; shrub; grasslands
black_crowned_barwing,Forest,forest; woodland; shrub; grasslands
red_billed_leiothrix,Shrub,forest; shrub; artificial
silver_eared_mesia,Forest,forest; bamboo; shrub; grasslands; artificial
sumatran_mesia,Forest,forest
red_tailed_minla,Forest,forest
rufous_backed_sibia,Forest,forest
bugun_liocichla,Shrub,shrub; riparian
emei_shan_liocichla,Forest,forest; bamboo; shrub; grasslands
taiwan_liocichla,Forest,forest; shrub
red_faced_liocichla,Forest,forest; shrub; grasslands; artificial; riparian
scarlet_faced_liocichla,Riparian,forest; bamboo; riparian
large_grey_babbler,Shrub,woodland; shrub; artificial
ashy_fronted_babbler,Forest,forest
slender_billed_babbler,Grassland,grasslands; wetlands_lakes_marsh
rufous_babbler,Forest,forest; bamboo; shrub; grasslands; artificial
orange_billed_babbler,Forest,forest; bamboo; shrub; artificial
jungle_babbler,Forest,forest; bamboo; shrub; artificial
black_winged_babbler,Forest,forest; bamboo; shrub; artificial
yellow_billed_babbler,Shrub,shrub; artificial
rufous_chatterer,Shrub,woodland; shrub
scaly_chatterer,Shrub,woodland; shrub; artificial
iraq_babbler,Riparian,shrub; artificial; riparian; wetlands_lakes_marsh
afghan_babbler,Plains,shrub; plains; rocky_areas; artificial
common_babbler,Plains,forest; shrub; plains; artificial
fulvous_babbler,Shrub,shrub; grasslands; rocky_areas; desert
arabian_babbler,Shrub,shrub; artificial; wetlands_lakes_marsh
striated_babbler,Wetland,shrub; grasslands; wetlands_lakes_marsh
white_throated_babbler,Shrub,shrub; artificial
spiny_babbler,Shrub,shrub; artificial
grey_hooded_capuchin_babbler,Forest,forest; savannah; artificial
black_crowned_capuchin_babbler,Forest,forest
grey_caped_capuchin_babbler,Forest,forest
white_throated_mountain_babbler,Forest,forest; shrub; grasslands
chapins_mountain_babbler,Forest,forest
red_collared_mountain_babbler,Forest,forest; bamboo; shrub
brown_babbler,Savanna,forest; woodland; shrub; savannah; grasslands; rocky_areas; artificial; riparian
white_rumped_babbler,Rocky,forest; woodland; shrub; rocky_areas; artificial; riparian
hindes_babbler,Shrub,woodland; shrub; artificial; riparian
scaly_babbler,Shrub,forest; woodland; shrub
arrow_marked_babbler,Shrub,woodland; shrub; savannah; grasslands; artificial; riparian
bare_cheeked_babbler,Shrub,woodland; shrub
white_headed_babbler,Shrub,woodland; shrub
blackcap_babbler,Woodland,bamboo; woodland; shrub; grasslands; riparian; coastal
dusky_babbler,Woodland,woodland
southern_pied_babbler,Woodland,woodland; shrub; savannah; grasslands
hartlaubs_babbler,Wetland,woodland; grasslands; riparian; wetlands_lakes_marsh
black_lored_babbler,Woodland,woodland; shrub; savannah; grasslands
black_faced_babbler,Woodland,woodland; shrub; grasslands
northern_pied_babbler,Shrub,forest; shrub; artificial
spot_breasted_laughingthrush,Forest,forest; bamboo; shrub; artificial
orange_breasted_laughingthrush,Forest,forest; bamboo; shrub; artificial
chinese_hwamei,Shrub,bamboo; woodland; shrub; artificial
taiwan_hwamei,Forest,forest; artificial
lesser_necklaced_laughingthrush,Forest,forest; shrub
rufous_fronted_laughingthrush,Forest,forest
sunda_laughingthrush,Forest,forest
white_crested_laughingthrush,Forest,forest; bamboo; shrub; artificial
sumatran_laughingthrush,Forest,forest
black_hooded_laughingthrush,Forest,forest
white_necked_laughingthrush,Forest,forest
cambodian_laughingthrush,Forest,forest
grey_laughingthrush,Forest,forest
rufous_cheeked_laughingthrush,Forest,forest
snowy_cheeked_laughingthrush,Forest,forest; shrub; artificial
rufous_chinned_laughingthrush,Forest,forest; shrub
chestnut_eared_laughingthrush,Forest,forest
western_moustached_laughingthrush,Forest,forest; shrub; artificial
eastern_moustached_laughingthrush,Shrub,forest; shrub
spotted_laughingthrush,Forest,forest; shrub
giant_laughingthrush,Forest,forest
white_speckled_laughingthrush,Forest,forest; bamboo; shrub
barred_laughingthrush,Forest,forest; bamboo
wayanad_laughingthrush,Forest,forest; shrub
rufous_vented_laughingthrush,Forest,forest; bamboo; shrub
white_cheeked_laughingthrush,Forest,forest; shrub; grasslands
yellow_throated_laughingthrush,Forest,forest; shrub; grasslands
blue_crowned_laughingthrush,Forest,forest; shrub
chestnut_capped_laughingthrush,Forest,forest
chestnut_hooded_laughingthrush,Forest,forest
rufous_necked_laughingthrush,Forest,forest; bamboo; shrub; grasslands; artificial; riparian; wetlands_lakes_marsh
chestnut_backed_laughingthrush,Forest,forest; shrub; grasslands; rocky_areas
black_throated_laughingthrush,Forest,forest; bamboo; shrub; grasslands; artificial
white_browed_laughingthrush,Shrub,bamboo; shrub; grasslands; artificial
masked_laughingthrush,Shrub,bamboo; woodland; shrub; artificial; wetlands_lakes_marsh
greater_necklaced_laughingthrush,Forest,forest; bamboo; shrub; artificial
plain_laughingthrush,Shrub,forest; shrub
mount_victoria_babax,Forest,forest; bamboo; shrub; artificial
chinese_babax,Forest,forest; shrub; grasslands
giant_babax,Shrub,shrub
tibetan_babax,Forest,forest; shrub
white_throated_laughingthrush,Forest,forest; shrub
rufous_crowned_laughingthrush,Forest,forest; shrub; grasslands
grey_sided_laughingthrush,Forest,forest; bamboo; woodland; shrub
buffy_laughingthrush,Forest,forest; bamboo; artificial
rusty_laughingthrush,Forest,forest; bamboo; riparian
spot_throat,Forest,forest; shrub; artificial
dapple_throat,Forest,forest; riparian
grey_chested_kakamega,Forest,forest; shrub; riparian
cape_sugarbird,Shrub,shrub; artificial; wetlands_lakes_marsh
gurneys_sugarbird,Grassland,shrub; grasslands; artificial
asian_fairy_bluebird,Forest,forest; artificial
palawan_fairy_bluebird,Forest,forest
philippine_fairy_bluebird,Forest,forest
ruby_crowned_kinglet,Forest,forest; woodland; shrub; riparian; wetlands_lakes_marsh
common_firecrest,Forest,forest; woodland; shrub; artificial
madeira_firecrest,Forest,forest; shrub
golden_crowned_kinglet,Forest,forest
flamecrest,Forest,forest
goldcrest,Forest,forest; woodland; shrub
spotted_elachura,Grassland,shrub; grasslands; rocky_areas
yellow_bellied_hyliota,Woodland,forest; woodland
southern_hyliota,Woodland,forest; woodland; riparian
usambara_hyliota,Forest,forest; rocky_areas; artificial
violet_backed_hyliota,Forest,forest; woodland; artificial
white_headed_wren,Forest,forest
band_backed_wren,Forest,forest; shrub
grey_barred_wren,Forest,forest
stripe_backed_wren,Woodland,forest; woodland; shrub; riparian; wetlands_lakes_marsh
fasciated_wren,Shrub,forest; woodland; shrub; artificial
giant_wren,Forest,forest; shrub; artificial
bicolored_wren,Shrub,shrub; savannah
rufous_naped_wren,Woodland,forest; woodland; shrub; artificial
sclaters_wren,Forest,forest; shrub
rufous_backed_wren,Forest,forest; shrub; artificial; coastal
spotted_wren,Shrub,shrub; rocky_areas; desert
boucards_wren,Shrub,shrub; desert
yucatan_wren,Shrub,forest; shrub; artificial; coastal
cactus_wren,Desert,shrub; desert; artificial
thrush_like_wren,Forest,forest; shrub
grey_mantled_wren,Forest,forest
tooth_billed_wren,Forest,forest
rock_wren,Rocky,shrub; rocky_areas; artificial
canyon_wren,Rocky,shrub; rocky_areas; desert; artificial
sumichrasts_wren,Forest,forest; artificial
navas_wren,Forest,forest
rufous_wren,Forest,forest
sharpes_wren,Forest,forest; bamboo
peruvian_wren,Forest,forest; woodland
fulvous_wren,Forest,forest
sedge_wren,Grassland,grasslands; wetlands_lakes_marsh
merida_wren,Shrub,shrub; grasslands; wetlands_lakes_marsh
apolinars_wren,Wetland,shrub; wetlands_lakes_marsh
grass_wren,Grassland,shrub; grasslands; plains; coastal
marsh_wren,Wetland,wetlands_lakes_marsh
bewicks_wren,Shrub,shrub; artificial
zapata_wren,Wetland,savannah; wetlands_lakes_marsh
black_throated_wren,Forest,forest; shrub; riparian
sooty_headed_wren,Forest,forest; shrub
black_bellied_wren,Riparian,shrub; riparian; wetlands_lakes_marsh
plain_tailed_wren,Bamboo,bamboo; shrub
grey_browed_wren,Bamboo,bamboo; shrub
inca_wren,Forest,forest; bamboo; shrub
moustached_wren,Forest,forest; bamboo; riparian
whiskered_wren,Forest,forest; woodland; shrub
coraya_wren,Riparian,forest; woodland; riparian
happy_wren,Forest,forest; shrub
spot_breasted_wren,Forest,forest; shrub; artificial
rufous_breasted_wren,Forest,forest; shrub; artificial
maranon_wren,Forest,forest; woodland; shrub
colombian_wren,Forest,forest; woodland
speckle_breasted_wren,Woodland,woodland
banded_wren,Woodland,forest; woodland; shrub; coastal; wetlands_lakes_marsh
rufous_and_white_wren,Woodland,woodland; shrub; artificial; riparian
antioquia_wren,Forest,forest; woodland; shrub; riparian
niceforos_wren,Shrub,shrub
sinaloa_wren,Forest,forest; shrub
plain_wren,Forest,forest; shrub; artificial
canebrake_wren,Shrub,shrub
isthmian_wren,Forest,forest; artificial
buff_breasted_wren,Forest,forest; shrub; artificial; riparian; wetlands_lakes_marsh
superciliated_wren,Shrub,forest; woodland; shrub; artificial; riparian; coastal
fawn_breasted_wren,Shrub,woodland; shrub; riparian
long_billed_wren,Forest,forest; shrub; coastal
grey_wren,Forest,forest
riverside_wren,Forest,forest; woodland; rocky_areas; riparian
bay_wren,Forest,forest; woodland; shrub; riparian; wetlands_lakes_marsh
stripe_breasted_wren,Woodland,forest; woodland; shrub; artificial; riparian
stripe_throated_wren,Forest,forest; woodland
carolina_wren,Forest,forest; shrub; artificial
white_browed_wren,Shrub,forest; woodland; shrub
northern_wren,Forest,forest; shrub; rocky_areas; artificial; riparian; wetlands_lakes_marsh
winter_wren,Forest,forest; riparian
pacific_wren,Forest,forest; woodland; riparian; wetlands_lakes_marsh
clarion_wren,Shrub,shrub; savannah
northern_house_wren,Forest,forest; woodland; shrub; savannah; artificial; riparian; wetlands_lakes_marsh
southern_house_wren,Forest,forest; woodland; shrub; grasslands; desert; artificial; coastal
cozumel_wren,Forest,forest; shrub; artificial
kalinago_wren,Forest,forest; woodland; artificial
st_lucia_wren,Forest,forest; shrub; artificial; riparian; coastal
st_vincent_wren,Forest,forest; shrub; savannah; artificial
grenada_wren,Forest,forest; shrub; savannah; grasslands; artificial; coastal
cobbs_wren,Grassland,grasslands
socorro_wren,Woodland,woodland; shrub; coastal
rufous_browed_wren,Forest,forest
ochraceous_wren,Forest,forest; shrub
mountain_wren,Forest,forest; woodland
santa_marta_wren,Forest,forest; shrub; grasslands
tepui_wren,Forest,forest; shrub
timberline_wren,Grassland,bamboo; shrub; grasslands
white_bellied_wren,Forest,forest; shrub
white_breasted_wood_wren,Forest,forest
grey_breasted_wood_wren,Forest,forest; bamboo; woodland; shrub; grasslands
hermit_wood_wren,Forest,forest
bar_winged_wood_wren,Forest,forest; shrub
munchique_wood_wren,Forest,forest
northern_nightingale_wren,Forest,forest
southern_nightingale_wren,Forest,forest
flutist_wren,Forest,forest; shrub
wing_banded_wren,Forest,forest
northern_chestnut_breasted_wren,Forest,forest
southern_chestnut_breasted_wren,Forest,forest
musician_wren,Forest,forest
song_wren,Forest,forest; woodland; shrub
chattering_gnatwren,Forest,forest; woodland; shrub; riparian
long_billed_gnatwren,Forest,forest; woodland; shrub
tawny_faced_gnatwren,Forest,forest
collared_gnatwren,Forest,forest
rio_negro_gnatcatcher,Forest,forest
guianan_gnatcatcher,Forest,forest; woodland
slate_throated_gnatcatcher,Forest,forest
para_gnatcatcher,Forest,forest
iquitos_gnatcatcher,Forest,forest
inambari_gnatcatcher,Forest,forest
tropical_gnatcatcher,Forest,forest; shrub; savannah; artificial; coastal
maranon_gnatcatcher,Forest,forest; shrub
creamy_bellied_gnatcatcher,Forest,forest; woodland; shrub
masked_gnatcatcher,Shrub,woodland; shrub
cuban_gnatcatcher,Shrub,shrub; savannah; coastal
yucatan_gnatcatcher,Shrub,forest; shrub; coastal
white_browed_gnatcatcher,Woodland,forest; woodland; shrub; savannah; artificial; coastal
blue_grey_gnatcatcher,Woodland,forest; woodland; shrub; savannah; artificial; riparian; coastal
black_tailed_gnatcatcher,Shrub,shrub; riparian
california_gnatcatcher,Shrub,shrub
black_capped_gnatcatcher,Shrub,shrub
white_lored_gnatcatcher,Woodland,forest; woodland; shrub
white_cheeked_nuthatch,Forest,forest
przevalskis_nuthatch,Forest,forest; artificial
giant_nuthatch,Forest,forest
white_breasted_nuthatch,Forest,forest; artificial
beautiful_nuthatch,Forest,forest
blue_nuthatch,Forest,forest
velvet_fronted_nuthatch,Forest,forest; bamboo; woodland; artificial; coastal
yellow_billed_nuthatch,Forest,forest
sulphur_billed_nuthatch,Forest,forest
pygmy_nuthatch,Forest,forest; woodland; riparian
brown_headed_nuthatch,Woodland,forest; woodland; artificial; wetlands_lakes_marsh
bahama_nuthatch,Woodland,woodland
yunnan_nuthatch,Forest,forest; shrub
algerian_nuthatch,Forest,forest
kruepers_nuthatch,Forest,forest; woodland; coastal
red_breasted_nuthatch,Forest,forest; woodland; rocky_areas; artificial; riparian
corsican_nuthatch,Forest,forest
snowy_browed_nuthatch,Forest,forest; shrub
western_rock_nuthatch,Rocky,woodland; rocky_areas; riparian
eastern_rock_nuthatch,Rocky,forest; woodland; rocky_areas; artificial; riparian
siberian_nuthatch,Forest,forest; woodland
white_browed_nuthatch,Forest,forest
white_tailed_nuthatch,Forest,forest; shrub
eurasian_nuthatch,Forest,forest; woodland; grasslands; rocky_areas; artificial; riparian
chestnut_vented_nuthatch,Forest,forest; shrub
kashmir_nuthatch,Forest,forest; shrub
indian_nuthatch,Woodland,woodland; artificial
chestnut_bellied_nuthatch,Forest,forest; bamboo
burmese_nuthatch,Forest,forest
wallcreeper,Rocky,rocky_areas; artificial; coastal
eurasian_treecreeper,Forest,forest; woodland
hodgsons_treecreeper,Woodland,forest; woodland
american_treecreeper,Forest,forest; woodland; shrub; artificial; wetlands_lakes_marsh
short_toed_treecreeper,Forest,forest; woodland; artificial
bar_tailed_treecreeper,Forest,forest; woodland; artificial
rusty_flanked_treecreeper,Forest,forest
sikkim_treecreeper,Forest,forest
manipur_treecreeper,Forest,forest
sichuan_treecreeper,Forest,forest; woodland
indian_spotted_creeper,Woodland,forest; woodland; shrub; savannah; artificial; riparian
african_spotted_creeper,Woodland,woodland; savannah; riparian
grey_catbird,Shrub,forest; shrub; artificial; wetlands_lakes_marsh
black_catbird,Shrub,forest; shrub; coastal
northern_mockingbird,Shrub,forest; shrub; artificial; coastal
tropical_mockingbird,Shrub,shrub; artificial; coastal
bahama_mockingbird,Woodland,woodland; shrub; artificial; coastal
chilean_mockingbird,Riparian,forest; woodland; shrub; grasslands; desert; artificial; riparian; wetlands_lakes_marsh
long_tailed_mockingbird,Woodland,woodland; shrub; artificial
chalk_browed_mockingbird,Shrub,shrub; artificial
patagonian_mockingbird,Shrub,shrub
white_banded_mockingbird,Shrub,shrub; savannah; artificial
brown_backed_mockingbird,Shrub,shrub
galapagos_mockingbird,Shrub,woodland; shrub; coastal
floreana_mockingbird,Shrub,shrub; savannah
espanola_mockingbird,Shrub,woodland; shrub
san_cristobal_mockingbird,Shrub,woodland; shrub; coastal
socorro_mockingbird,Woodland,woodland; coastal
sage_thrasher,Shrub,shrub; desert
brown_thrasher,Shrub,shrub; artificial
long_billed_thrasher,Shrub,woodland; shrub; riparian
cozumel_thrasher,Woodland,forest; woodland; shrub
grey_thrasher,Desert,woodland; shrub; desert
bendires_thrasher,Grassland,grasslands; desert
ocellated_thrasher,Shrub,forest; shrub
curve_billed_thrasher,Desert,woodland; shrub; desert; artificial
california_thrasher,Shrub,shrub; riparian
crissal_thrasher,Shrub,woodland; shrub; desert; riparian
le_contes_thrasher,Desert,shrub; desert
martinique_thrasher,Forest,forest
st_lucia_thrasher,Woodland,woodland; artificial; riparian
blue_mockingbird,Woodland,forest; woodland; shrub; riparian
blue_and_white_mockingbird,Forest,forest; shrub
scaly_breasted_thrasher,Forest,forest; woodland; artificial
pearly_eyed_thrasher,Forest,forest; artificial
brown_trembler,Forest,forest; artificial
grey_trembler,Forest,forest; woodland; shrub
metallic_starling,Forest,forest; woodland; savannah; artificial; coastal
purple_chinned_starling,Forest,forest
yellow_eyed_starling,Forest,forest
singing_starling,Forest,forest; woodland; savannah; artificial; coastal
tanimbar_starling,Forest,forest; artificial
atoll_starling,Forest,forest; artificial
rennell_starling,Forest,forest; shrub
long_tailed_starling,Forest,forest; woodland; artificial
white_eyed_starling,Forest,forest; artificial; wetlands_lakes_marsh
brown_winged_starling,Forest,forest; shrub; artificial
makira_starling,Forest,forest; artificial; coastal
rusty_winged_starling,Forest,forest; woodland; artificial
striated_starling,Forest,forest; savannah; artificial; coastal
tasman_starling,Forest,forest
mountain_starling,Forest,forest
asian_glossy_starling,Forest,forest; shrub; artificial; coastal
moluccan_starling,Forest,forest; woodland; shrub; artificial; coastal
short_tailed_starling,Forest,forest; shrub; artificial
micronesian_starling,Forest,forest; shrub; artificial
pohnpei_starling,Forest,forest
polynesian_starling,Forest,forest; shrub; artificial
samoan_starling,Forest,forest; artificial; coastal
kosrae_starling,Forest,forest
mysterious_starling,Forest,forest
rarotonga_starling,Forest,forest
yellow_faced_myna,Forest,forest; shrub; savannah; riparian; wetlands_lakes_marsh
long_tailed_myna,Forest,forest; artificial
golden_myna,Forest,forest; shrub
sulawesi_myna,Forest,forest; woodland; savannah; grasslands
helmeted_myna,Forest,forest; artificial; coastal
long_crested_myna,Forest,forest; artificial
apo_myna,Forest,forest
coleto,Forest,forest; shrub; artificial; coastal
southern_white_necked_myna,Forest,forest; woodland; shrub; wetlands_lakes_marsh
northern_white_necked_myna,Forest,forest; artificial
bare_eyed_myna,Forest,forest; artificial; wetlands_lakes_marsh
fiery_browed_starling,Forest,forest; shrub
grosbeak_starling,Woodland,forest; woodland; wetlands_lakes_marsh
spot_winged_starling,Forest,forest; artificial
golden_crested_myna,Forest,forest; woodland
sri_lanka_hill_myna,Forest,forest; woodland; artificial
common_hill_myna,Forest,forest; artificial; coastal
nias_hill_myna,Forest,forest
tenggara_hill_myna,Forest,forest
southern_hill_myna,Woodland,forest; woodland; artificial
great_myna,Grassland,grasslands; artificial; wetlands_lakes_marsh
crested_myna,Grassland,grasslands; artificial
javan_myna,Artificial,artificial; wetlands_lakes_marsh
pale_bellied_myna,Grassland,woodland; shrub; grasslands; artificial
jungle_myna,Woodland,woodland; grasslands; artificial; coastal
collared_myna,Grassland,grasslands; artificial
bank_myna,Grassland,grasslands; artificial
common_myna,Artificial,shrub; grasslands; desert; artificial; riparian; coastal
burmese_myna,Grassland,shrub; grasslands; artificial; riparian
vinous_breasted_myna,Grassland,forest; shrub; grasslands; artificial
black_winged_myna,Artificial,forest; woodland; savannah; grasslands; artificial; coastal
red_billed_starling,Shrub,shrub; artificial; coastal
white_cheeked_starling,Plains,forest; woodland; plains; rocky_areas; artificial; wetlands_lakes_marsh
black_collared_starling,Grassland,forest; grasslands; artificial
indian_pied_starling,Shrub,shrub; grasslands; artificial
thai_pied_starling,Grassland,woodland; grasslands; artificial; coastal; wetlands_lakes_marsh
javan_pied_starling,Savanna,shrub; savannah
purple_backed_starling,Forest,forest; woodland; artificial
chestnut_cheeked_starling,Woodland,forest; woodland; artificial
white_shouldered_starling,Grassland,shrub; grasslands; artificial
chestnut_tailed_starling,Woodland,forest; woodland; artificial
white_headed_starling,Forest,forest; grasslands; artificial
malabar_starling,Woodland,woodland; artificial
brahminy_starling,Forest,forest; shrub; artificial
white_faced_starling,Forest,forest; artificial
bali_myna,Forest,forest; shrub; savannah
reunion_starling,Forest,forest
rodrigues_starling,Forest,forest
rosy_starling,Plains,forest; woodland; shrub; plains; rocky_areas; artificial
common_starling,Artificial,woodland; shrub; grasslands; artificial; coastal; wetlands_lakes_marsh
spotless_starling,Forest,forest; woodland; grasslands; artificial
wattled_starling,Savanna,woodland; savannah
black_bellied_starling,Woodland,forest; woodland; riparian; coastal
purple_headed_starling,Forest,forest; riparian
copper_tailed_starling,Forest,forest; artificial; riparian
cape_starling,Savanna,shrub; savannah; artificial
greater_blue_eared_starling,Forest,forest; woodland; savannah; desert; coastal
lesser_blue_eared_starling,Forest,forest; woodland
bronze_tailed_starling,Shrub,forest; woodland; shrub; artificial
splendid_starling,Forest,forest; artificial; coastal
principe_starling,Forest,forest; woodland
emerald_starling,Woodland,woodland; savannah
purple_starling,Grassland,grasslands; artificial
rüppells_starling,Woodland,woodland; shrub; savannah; grasslands; artificial
long_tailed_glossy_starling,Savanna,woodland; shrub; savannah; rocky_areas; artificial; coastal
golden_breasted_starling,Shrub,shrub; grasslands
mevess_long_tailed_starling,Woodland,woodland
benguela_long_tailed_starling,Woodland,woodland
cunene_long_tailed_starling,Woodland,woodland
burchells_starling,Woodland,woodland; savannah
sharp_tailed_starling,Woodland,woodland; savannah
superb_starling,Shrub,woodland; shrub; artificial; riparian; coastal
hildebrandts_starling,Woodland,woodland
shelleys_starling,Shrub,woodland; shrub
chestnut_bellied_starling,Savanna,shrub; savannah; artificial
ashy_starling,Woodland,woodland; grasslands
fischers_starling,Shrub,shrub
african_pied_starling,Grassland,grasslands; artificial; coastal
white_crowned_starling,Shrub,shrub; grasslands; artificial
madagascar_starling,Forest,forest; woodland; artificial
violet_backed_starling,Forest,forest; artificial; riparian
red_winged_starling,Rocky,rocky_areas; artificial
slender_billed_starling,Forest,forest; grasslands; rocky_areas
chestnut_winged_starling,Forest,forest; woodland; artificial
wallers_starling,Forest,forest; riparian
somali_starling,Rocky,rocky_areas; artificial
socotra_starling,Rocky,forest; rocky_areas; artificial
tristrams_starling,Rocky,rocky_areas; desert; artificial
pale_winged_starling,Rocky,rocky_areas
bristle_crowned_starling,Rocky,rocky_areas; artificial
white_billed_starling,Rocky,rocky_areas; artificial
neumanns_starling,Rocky,rocky_areas; artificial
stuhlmanns_starling,Forest,forest
kenricks_starling,Forest,forest
narrow_tailed_starling,Forest,forest; shrub; artificial
sharpes_starling,Forest,forest; grasslands
abbotts_starling,Forest,forest
white_collared_starling,Woodland,woodland; grasslands
magpie_starling,Woodland,woodland; shrub; desert
babbling_starling,Woodland,woodland
stripe_headed_rhabdornis,Forest,forest; shrub
stripe_breasted_rhabdornis,Forest,forest
visayan_rhabdornis,Forest,forest
grand_rhabdornis,Forest,forest
yellow_billed_oxpecker,Woodland,woodland; savannah
red_billed_oxpecker,Savanna,woodland; shrub; savannah; artificial
grandala,Rocky,grasslands; rocky_areas
mountain_bluebird,Grassland,woodland; grasslands
western_bluebird,Woodland,woodland; shrub; grasslands
eastern_bluebird,Woodland,woodland; shrub; grasslands
finschs_flycatcher_thrush,Forest,forest; wetlands_lakes_marsh
rufous_flycatcher_thrush,Forest,forest; woodland; artificial
white_tailed_ant_thrush,Forest,forest
red_tailed_ant_thrush,Forest,forest; woodland; shrub; riparian
boulder_chat,Rocky,rocky_areas; riparian
brown_backed_solitaire,Forest,forest; woodland; riparian
slate_colored_solitaire,Forest,forest; woodland
townsends_solitaire,Forest,forest; woodland; shrub; rocky_areas; desert; riparian
kamao,Forest,forest
amaui,Forest,forest
olomao,Forest,forest
omao,Forest,forest; shrub
puaiohi,Forest,forest; riparian
cuban_solitaire,Forest,forest; woodland; rocky_areas
rufous_throated_solitaire,Forest,forest; woodland; riparian
black_faced_solitaire,Forest,forest; bamboo; shrub; artificial; riparian
varied_solitaire,Forest,forest
andean_solitaire,Forest,forest; woodland
fruithunter,Forest,forest
purple_cochoa,Forest,forest
green_cochoa,Forest,forest
sumatran_cochoa,Forest,forest
javan_cochoa,Forest,forest
varied_thrush,Forest,forest; riparian; wetlands_lakes_marsh
aztec_thrush,Forest,forest
rufous_brown_solitaire,Forest,forest
guianan_solitaire,Forest,forest; shrub
chestnut_throated_solitaire,Forest,forest
peruvian_solitaire,Forest,forest; shrub
black_solitaire,Forest,forest; shrub
white_eared_solitaire,Forest,forest; shrub
wood_thrush,Forest,forest; woodland; shrub
goulds_nightingale_thrush,Forest,forest; riparian
sclaters_nightingale_thrush,Forest,forest; wetlands_lakes_marsh
orange_billed_nightingale_thrush,Forest,forest; bamboo; woodland; shrub; artificial; riparian
black_headed_nightingale_thrush,Forest,forest; woodland; shrub
slaty_backed_nightingale_thrush,Forest,forest; riparian
russet_backed_thrush,Forest,forest; shrub; riparian
swainsons_thrush,Forest,forest; shrub; artificial; riparian
black_billed_nightingale_thrush,Forest,forest; woodland; shrub
hermit_thrush,Forest,forest; woodland; shrub; grasslands; rocky_areas; artificial
russet_nightingale_thrush,Forest,forest
ruddy_capped_nightingale_thrush,Forest,forest; woodland; shrub
grey_cheeked_thrush,Forest,forest; shrub; artificial
bicknells_thrush,Forest,forest
veery,Forest,forest; woodland; shrub; riparian; coastal
long_tailed_thrush,Forest,forest; shrub; riparian
alpine_thrush,Shrub,forest; shrub; grasslands; rocky_areas
himalayan_forest_thrush,Forest,forest; bamboo
sichuan_forest_thrush,Forest,forest
long_billed_thrush,Forest,forest; rocky_areas; riparian
geomalia,Forest,forest
dark_sided_thrush,Forest,forest; riparian
everetts_thrush,Forest,forest
sunda_thrush,Forest,forest
whites_thrush,Forest,forest; bamboo; woodland; artificial; riparian
scaly_thrush,Forest,forest; bamboo; shrub; artificial; riparian
nilgiri_thrush,Forest,forest
sri_lanka_scaly_thrush,Forest,forest
amami_thrush,Forest,forest
bonin_thrush,Forest,forest
guadalcanal_thrush,Forest,forest
makira_thrush,Forest,forest; shrub
russet_tailed_thrush,Forest,forest; shrub
fawn_breasted_thrush,Forest,forest; shrub; riparian
bassian_thrush,Forest,forest; woodland; shrub; artificial
new_britain_thrush,Forest,forest
bougainville_thrush,Forest,forest; artificial
siberian_thrush,Grassland,forest; shrub; grasslands
pied_thrush,Forest,forest; woodland; shrub; artificial; riparian
grey_ground_thrush,Forest,forest; shrub
black_eared_ground_thrush,Forest,forest
spotted_ground_thrush,Forest,forest; shrub; riparian
spot_winged_thrush,Forest,forest; bamboo; shrub; artificial
crossleys_ground_thrush,Forest,forest
abyssinian_ground_thrush,Forest,forest; bamboo; woodland; shrub
oberländers_ground_thrush,Forest,forest
orange_ground_thrush,Forest,forest; riparian
orange_headed_thrush,Forest,forest; woodland; artificial; riparian
buru_thrush,Forest,forest
seram_thrush,Forest,forest
orange_banded_thrush,Forest,forest; woodland; shrub; wetlands_lakes_marsh
slaty_backed_thrush,Forest,forest
chestnut_capped_thrush,Forest,forest; woodland; artificial
enggano_thrush,Forest,forest
chestnut_backed_thrush,Forest,forest; woodland
ashy_thrush,Forest,forest
red_backed_thrush,Forest,forest; shrub
red_and_black_thrush,Forest,forest
ethiopian_thrush,Shrub,bamboo; shrub; savannah; grasslands; plains; artificial
groundscraper_thrush,Shrub,woodland; shrub; grasslands; artificial
chinese_thrush,Forest,forest; woodland; shrub; artificial
song_thrush,Forest,forest; woodland; shrub; grasslands; artificial; coastal
mistle_thrush,Forest,forest; woodland; shrub; grasslands; artificial
african_thrush,Woodland,forest; woodland; shrub; savannah; artificial; riparian
principe_thrush,Forest,forest
sao_tome_thrush,Forest,forest; woodland; savannah; artificial; coastal
abyssinian_thrush,Forest,forest; bamboo; shrub; plains; riparian
taita_thrush,Forest,forest
usambara_thrush,Forest,forest
olive_thrush,Shrub,forest; woodland; shrub; artificial; riparian
kurrichane_thrush,Woodland,forest; woodland; shrub; artificial; coastal
comoro_thrush,Forest,forest; artificial
bare_eyed_thrush,Shrub,woodland; shrub; grasslands; rocky_areas; artificial; coastal
karoo_thrush,Riparian,shrub; plains; desert; artificial
somali_thrush,Forest,forest; shrub
chinese_blackbird,Woodland,woodland; shrub; grasslands; artificial
redwing,Woodland,forest; woodland; shrub; grasslands; rocky_areas; artificial
eurasian_blackbird,Forest,forest; woodland; shrub; grasslands; artificial; riparian
yemen_thrush,Woodland,woodland; shrub; artificial; riparian
taiwan_thrush,Forest,forest
grey_winged_blackbird,Forest,forest; woodland; shrub; artificial
indian_blackbird,Forest,forest; woodland; artificial; riparian
tickells_thrush,Forest,forest; shrub; artificial
black_breasted_thrush,Forest,forest; woodland; shrub
japanese_thrush,Forest,forest; woodland; shrub; artificial; riparian
grey_backed_thrush,Forest,forest; woodland; shrub; riparian
eyebrowed_thrush,Forest,forest; woodland; shrub; artificial; coastal; wetlands_lakes_marsh
pale_thrush,Forest,forest; woodland; shrub; artificial
grey_sided_thrush,Forest,forest; woodland; artificial
brown_headed_thrush,Forest,forest; woodland; shrub; artificial; riparian; coastal; wetlands_lakes_marsh
izu_thrush,Forest,forest; woodland; artificial
mindoro_island_thrush,Forest,forest; shrub
luzon_island_thrush,Forest,forest; shrub
mindanao_island_thrush,Forest,forest; shrub
wallacean_island_thrush,Forest,forest; shrub
christmas_island_thrush,Forest,forest; woodland; artificial
sundaic_island_thrush,Forest,forest; shrub; rocky_areas
moluccan_island_thrush,Forest,forest; shrub
papuan_island_thrush,Forest,forest; grasslands; rocky_areas
bismarck_island_thrush,Forest,forest; shrub
bougainville_island_thrush,Forest,forest
solomons_island_thrush,Forest,forest
vanikoro_island_thrush,Forest,forest; shrub
white_headed_island_thrush,Forest,forest
new_caledonian_island_thrush,Forest,forest
tasman_sea_island_thrush,Forest,forest; woodland; artificial
samoan_island_thrush,Forest,forest; shrub
fiji_island_thrush,Woodland,forest; woodland
tibetan_blackbird,Shrub,shrub; grasslands; rocky_areas
white_backed_thrush,Forest,forest; shrub; artificial
fieldfare,Woodland,forest; woodland; shrub; grasslands; artificial; riparian; coastal
ring_ouzel,Woodland,woodland; shrub; grasslands; rocky_areas; riparian
black_throated_thrush,Forest,forest; woodland; shrub; artificial; riparian; wetlands_lakes_marsh
rufous_throated_thrush,Forest,forest; shrub; riparian; wetlands_lakes_marsh
dusky_thrush,Grassland,forest; woodland; shrub; grasslands; plains; artificial; riparian
naumanns_thrush,Forest,forest; woodland; shrub; grasslands; artificial; riparian
chestnut_thrush,Forest,forest; woodland; artificial
white_collared_blackbird,Forest,forest; woodland; shrub; grasslands; artificial
sulawesi_thrush,Forest,forest
american_robin,Forest,forest; woodland; shrub; grasslands; artificial; riparian; wetlands_lakes_marsh
san_lucas_robin,Woodland,woodland; shrub; artificial
black_thrush,Forest,forest; woodland; artificial
rufous_collared_thrush,Forest,forest; woodland; shrub; grasslands; artificial
sooty_thrush,Shrub,forest; shrub; grasslands; rocky_areas; artificial; wetlands_lakes_marsh
northern_red_legged_thrush,Woodland,forest; woodland; shrub; artificial; riparian
western_red_legged_thrush,Forest,forest; shrub; artificial
eastern_red_legged_thrush,Forest,forest; woodland; shrub; artificial
raiatea_starling,Shrub,shrub
grand_cayman_thrush,Forest,forest; coastal; wetlands_lakes_marsh
white_chinned_thrush,Forest,forest; woodland; grasslands; artificial; coastal
forest_thrush,Forest,forest
mountain_thrush,Forest,forest; woodland; shrub; grasslands
pale_eyed_thrush,Forest,forest; woodland; artificial; riparian
white_eyed_thrush,Forest,forest; woodland; artificial
la_selle_thrush,Forest,forest; bamboo; rocky_areas; artificial
chestnut_bellied_thrush,Forest,forest; woodland; shrub
plumbeous_backed_thrush,Forest,forest; woodland; shrub; riparian
chiguanco_thrush,Artificial,woodland; shrub; artificial; riparian
sombre_thrush,Artificial,woodland; shrub; artificial; riparian
andean_slaty_thrush,Forest,forest; shrub; riparian
glossy_black_thrush,Forest,forest; woodland
black_hooded_thrush,Forest,forest; woodland; shrub; artificial
great_thrush,Forest,forest; woodland; shrub; artificial
austral_thrush,Grassland,forest; woodland; shrub; grasslands; artificial
lawrences_thrush,Forest,forest; riparian
peantepui_thrush,Forest,forest; riparian
eastern_slaty_thrush,Forest,forest; woodland; artificial; riparian
creamy_bellied_thrush,Shrub,woodland; shrub; artificial
tristan_thrush,Shrub,forest; shrub; grasslands; rocky_areas; artificial; coastal; wetlands_lakes_marsh
marañon_thrush,Woodland,forest; woodland; shrub; artificial; riparian
black_billed_thrush,Shrub,woodland; shrub; grasslands; artificial; wetlands_lakes_marsh
floodplain_thrush,Savanna,forest; woodland; shrub; savannah; artificial; riparian
campina_thrush,Woodland,woodland; shrub; artificial
yellow_legged_thrush,Forest,forest; woodland; artificial
white_throated_thrush,Forest,forest; woodland; shrub; savannah; artificial; riparian; coastal
daguae_thrush,Forest,forest; woodland; shrub; savannah; artificial; riparian; coastal
white_necked_thrush,Forest,forest; woodland
rufous_backed_thrush,Shrub,shrub; artificial
pale_vented_thrush,Forest,forest; artificial; riparian
pale_breasted_thrush,Forest,forest; woodland; shrub; artificial; riparian
cocoa_thrush,Forest,forest; woodland; artificial; riparian
hauxwells_thrush,Forest,forest; woodland; riparian
rufous_bellied_thrush,Woodland,woodland; shrub; savannah; artificial
clay_colored_thrush,Forest,forest; woodland; shrub; grasslands; plains; artificial
spectacled_thrush,Forest,forest; bamboo; woodland; shrub; artificial; riparian
ecuadorian_thrush,Forest,forest; shrub; grasslands
varzea_thrush,Forest,forest; woodland; riparian
unicolored_thrush,Woodland,woodland; riparian
white_tailed_alethe,Forest,forest; grasslands; artificial
fire_crested_alethe,Forest,forest; savannah
karoo_scrub_robin,Shrub,shrub; artificial
brown_scrub_robin,Forest,forest
forest_scrub_robin,Forest,forest; rocky_areas
bearded_scrub_robin,Forest,forest; shrub; riparian
miombo_scrub_robin,Shrub,forest; woodland; shrub
kalahari_scrub_robin,Woodland,woodland; shrub; artificial
black_scrub_robin,Plains,shrub; savannah; plains; artificial; riparian
rufous_tailed_scrub_robin,Artificial,woodland; shrub; savannah; desert; artificial; riparian; coastal
brown_backed_scrub_robin,Savanna,shrub; savannah; artificial
white_browed_scrub_robin,Woodland,woodland; shrub; artificial; riparian
oriental_magpie_robin,Woodland,forest; bamboo; woodland; artificial; riparian; coastal
seychelles_magpie_robin,Forest,forest; artificial
philippine_magpie_robin,Forest,forest; bamboo; shrub; artificial
madagascar_magpie_robin,Forest,forest; savannah; artificial; coastal
pelzelns_magpie_robin,Shrub,forest; shrub; artificial
rufous_tailed_shama,Forest,forest; shrub; wetlands_lakes_marsh
indian_robin,Shrub,shrub; plains; rocky_areas; artificial
white_browed_shama,Forest,forest; shrub
visayan_shama,Forest,forest; shrub
white_vented_shama,Forest,forest; shrub
black_shama,Forest,forest; bamboo; shrub; artificial
andaman_shama,Riparian,forest; shrub; artificial; riparian
larwo_shama,Forest,forest; bamboo; shrub; artificial; riparian; coastal
white_crowned_shama,Forest,forest; shrub; artificial; riparian; coastal; wetlands_lakes_marsh
maratua_shama,Forest,forest; shrub; artificial; wetlands_lakes_marsh
kangean_shama,Forest,forest; shrub
sri_lanka_shama,Forest,forest
white_rumped_shama,Forest,forest; bamboo; shrub; artificial; riparian; coastal
pale_flycatcher,Woodland,woodland; shrub; savannah; grasslands; rocky_areas; artificial
chat_flycatcher,Savanna,shrub; savannah
white_browed_forest_flycatcher,Forest,forest; riparian
african_forest_flycatcher,Forest,forest; shrub; artificial; riparian
grey_throated_tit_flycatcher,Forest,forest; shrub
grey_tit_flycatcher,Forest,forest; woodland; artificial; riparian
olivaceous_flycatcher,Forest,forest
chapins_flycatcher,Forest,forest
ashy_flycatcher,Woodland,forest; woodland; shrub; artificial; riparian
tessmanns_flycatcher,Shrub,shrub; artificial
angola_slaty_flycatcher,Forest,forest; woodland; riparian
white_eyed_slaty_flycatcher,Forest,forest; woodland; grasslands; artificial
abyssinian_slaty_flycatcher,Woodland,forest; woodland; artificial; riparian
nimba_flycatcher,Forest,forest; rocky_areas
yellow_eyed_black_flycatcher,Forest,forest; shrub
northern_black_flycatcher,Woodland,forest; woodland; shrub; savannah; artificial; riparian
southern_black_flycatcher,Woodland,forest; woodland; shrub; artificial
herero_chat,Rocky,shrub; rocky_areas; riparian
silverbird,Grassland,shrub; grasslands
fiscal_flycatcher,Woodland,woodland; shrub; grasslands; artificial
dusky_blue_flycatcher,Forest,forest; shrub; artificial; riparian
african_grey_flycatcher,Shrub,woodland; shrub; grasslands
marico_flycatcher,Savanna,shrub; savannah; grasslands
böhms_flycatcher,Woodland,woodland
usshers_flycatcher,Forest,forest; savannah; riparian; coastal
sooty_flycatcher,Forest,forest; woodland; artificial; riparian
humblots_flycatcher,Forest,forest
grey_streaked_flycatcher,Forest,forest; woodland; artificial
dark_sided_flycatcher,Forest,forest
ferruginous_flycatcher,Forest,forest
brown_breasted_flycatcher,Forest,forest; riparian
ashy_breasted_flycatcher,Forest,forest
sumba_brown_flycatcher,Forest,forest
asian_brown_flycatcher,Forest,forest; woodland; shrub; artificial; riparian; coastal
brown_streaked_flycatcher,Forest,forest; shrub; artificial
sulawesi_brown_flycatcher,Forest,forest; artificial
yellow_footed_flycatcher,Forest,forest; shrub
little_grey_flycatcher,Forest,forest; shrub; artificial
african_dusky_flycatcher,Woodland,forest; woodland; shrub; artificial; riparian
spotted_flycatcher,Woodland,forest; woodland; shrub; savannah; grasslands; artificial; riparian
mediterranean_flycatcher,Woodland,woodland; shrub; artificial; riparian
gambaga_flycatcher,Woodland,forest; woodland; shrub; grasslands; riparian
cassins_flycatcher,Riparian,forest; riparian
swamp_flycatcher,Wetland,shrub; wetlands_lakes_marsh
white_tailed_flycatcher,Forest,forest
nilgiri_blue_sholakili,Forest,forest
white_bellied_sholakili,Riparian,forest; artificial; riparian
fujian_niltava,Forest,forest; artificial
rufous_bellied_niltava,Forest,forest; shrub; artificial
rufous_vented_niltava,Forest,forest
large_vivid_niltava,Forest,forest
small_vivid_niltava,Forest,forest; woodland
small_niltava,Forest,forest; riparian
large_niltava,Forest,forest; riparian
blue_and_white_flycatcher,Forest,forest; woodland; shrub; artificial; riparian; coastal
zappeys_flycatcher,Forest,forest
nilgiri_flycatcher,Forest,forest; artificial; riparian
indigo_flycatcher,Forest,forest
verditer_flycatcher,Forest,forest; woodland; artificial
buru_warbling_flycatcher,Forest,forest
turquoise_flycatcher,Forest,forest
matinan_warbling_flycatcher,Forest,forest
blue_fronted_warbling_flycatcher,Forest,forest
timor_warbling_flycatcher,Forest,forest; woodland; shrub
russet_backed_warbling_flycatcher,Forest,forest; shrub
sumba_warbling_flycatcher,Forest,forest; shrub
dull_blue_flycatcher,Forest,forest; artificial
white_gorgeted_flycatcher,Forest,forest; bamboo; shrub; riparian
rufous_browed_flycatcher,Forest,forest; bamboo
pale_blue_flycatcher,Forest,forest; bamboo; shrub
chinese_blue_flycatcher,Riparian,forest; bamboo; artificial; riparian
blue_throated_blue_flycatcher,Forest,forest; bamboo; woodland; artificial; coastal
hainan_blue_flycatcher,Forest,forest; bamboo; coastal
bornean_blue_flycatcher,Forest,forest
malaysian_blue_flycatcher,Forest,forest; riparian
palawan_blue_flycatcher,Forest,forest
large_billed_blue_flycatcher,Forest,forest
blue_breasted_blue_flycatcher,Forest,forest
rufous_breasted_blue_flycatcher,Forest,forest
rufous_tailed_jungle_flycatcher,Forest,forest
sulu_jungle_flycatcher,Forest,forest
crocker_jungle_flycatcher,Forest,forest
white_bellied_blue_flycatcher,Forest,forest
brown_chested_jungle_flycatcher,Forest,forest; bamboo; shrub; coastal
nicobar_jungle_flycatcher,Forest,forest; shrub; artificial
grey_chested_jungle_flycatcher,Forest,forest
large_blue_flycatcher,Forest,forest; shrub; artificial
tickells_blue_flycatcher,Forest,forest; bamboo; woodland; shrub; artificial; riparian
indochinese_blue_flycatcher,Woodland,forest; bamboo; woodland; shrub; artificial; riparian; coastal
hill_blue_flycatcher,Forest,forest; woodland; artificial
mangrove_blue_flycatcher,Coastal,forest; woodland; shrub; artificial; coastal
sulawesi_blue_flycatcher,Forest,forest
tanahjampea_blue_flycatcher,Forest,forest; shrub
kalao_blue_flycatcher,Forest,forest; shrub
javan_blue_flycatcher,Forest,forest; shrub
dayak_blue_flycatcher,Forest,forest; bamboo; artificial; riparian
meratus_blue_flycatcher,Forest,forest; artificial
pale_chinned_flycatcher,Shrub,forest; shrub
fulvous_chested_jungle_flycatcher,Forest,forest
banggai_jungle_flycatcher,Forest,forest
sula_jungle_flycatcher,Forest,forest
rücks_blue_flycatcher,Forest,forest
european_robin,Forest,forest; woodland; shrub; rocky_areas; artificial
swynnertons_robin,Forest,forest
white_starred_robin,Forest,forest; bamboo; woodland; shrub; artificial; riparian
orange_breasted_forest_robin,Forest,forest; shrub; riparian
yellow_breasted_forest_robin,Forest,forest; shrub; artificial; riparian
eastern_forest_robin,Forest,forest; savannah; artificial; riparian
olive_backed_forest_robin,Forest,forest
white_bellied_robin_chat,Forest,forest; riparian
mountain_robin_chat,Forest,forest; artificial
red_throated_alethe,Forest,forest; bamboo; riparian
brown_chested_alethe,Forest,forest; grasslands; riparian
white_chested_alethe,Forest,forest; coastal
thyolo_alethe,Forest,forest
white_crowned_robin_chat,Forest,forest; woodland; shrub; artificial; riparian
white_browed_robin_chat,Riparian,forest; woodland; shrub; artificial; riparian; coastal; wetlands_lakes_marsh
chorister_robin_chat,Forest,forest; artificial
rüppells_robin_chat,Forest,forest; woodland; shrub; artificial; riparian
snowy_crowned_robin_chat,Shrub,forest; shrub; rocky_areas; artificial; riparian
red_capped_robin_chat,Forest,forest; woodland; shrub; artificial; riparian
white_headed_robin_chat,Forest,forest
blue_shouldered_robin_chat,Shrub,forest; shrub; riparian; wetlands_lakes_marsh
collared_palm_thrush,Shrub,shrub; savannah; artificial; riparian
rufous_tailed_palm_thrush,Shrub,forest; woodland; shrub; artificial
spotted_palm_thrush,Shrub,woodland; shrub; savannah; artificial; riparian; coastal
angola_cave_chat,Rocky,rocky_areas
white_throated_robin_chat,Woodland,forest; woodland; shrub; savannah; artificial; riparian
cape_robin_chat,Forest,forest; shrub; artificial; riparian
archers_robin_chat,Forest,forest; bamboo; shrub; riparian
olive_flanked_robin_chat,Forest,forest; shrub; artificial
rusty_flanked_robin_chat,Forest,forest; artificial
mbulu_robin_chat,Forest,forest; artificial
usambara_akalat,Forest,forest
iringa_akalat,Forest,forest
rubeho_akalat,Forest,forest
east_coast_akalat,Forest,forest
sharpes_akalat,Forest,forest; shrub; riparian
bocages_akalat,Forest,forest; bamboo; woodland; grasslands; rocky_areas; artificial; riparian
short_tailed_akalat,Forest,forest; bamboo; artificial
lowland_akalat,Forest,forest; grasslands; wetlands_lakes_marsh
equatorial_akalat,Forest,forest
gabela_akalat,Forest,forest
grey_winged_akalat,Shrub,forest; woodland; shrub; grasslands; riparian; wetlands_lakes_marsh
white_throated_robin,Plains,woodland; shrub; plains; rocky_areas; artificial; riparian
thrush_nightingale,Woodland,woodland; shrub; artificial; riparian; coastal
common_nightingale,Woodland,forest; woodland; shrub; artificial; riparian; coastal
bluethroat,Grassland,shrub; grasslands; riparian; wetlands_lakes_marsh
white_bellied_redstart,Forest,forest; bamboo; shrub; grasslands
white_tailed_blue_robin,Forest,forest; bamboo; shrub; riparian
cambodian_blue_robin,Forest,forest
sumatran_blue_robin,Forest,forest
sunda_blue_robin,Forest,forest
blackthroat,Forest,forest; bamboo; shrub
firethroat,Forest,forest; bamboo; shrub; riparian
siberian_rubythroat,Grassland,forest; bamboo; shrub; grasslands; artificial; riparian; coastal
himalayan_rubythroat,Grassland,shrub; grasslands; wetlands_lakes_marsh
chinese_rubythroat,Shrub,shrub; rocky_areas
little_forktail,Riparian,rocky_areas; riparian
black_backed_forktail,Riparian,rocky_areas; riparian
slaty_backed_forktail,Riparian,artificial; riparian
spotted_forktail,Riparian,forest; rocky_areas; riparian
white_crowned_forktail,Riparian,forest; riparian; wetlands_lakes_marsh
bornean_forktail,Riparian,forest; riparian
chestnut_naped_forktail,Riparian,riparian
sunda_forktail,Riparian,forest; riparian
blue_fronted_robin,Forest,forest; bamboo
taiwan_whistling_thrush,Forest,forest; riparian
shiny_whistling_thrush,Forest,forest; riparian
sumatran_whistling_thrush,Forest,forest; riparian
blue_whistling_thrush,Forest,forest; shrub; riparian; coastal
javan_whistling_thrush,Forest,forest; rocky_areas; riparian
bornean_whistling_thrush,Forest,forest; riparian
malay_whistling_thrush,Forest,forest; riparian
malabar_whistling_thrush,Forest,forest; rocky_areas; artificial; riparian
sri_lanka_whistling_thrush,Forest,forest; riparian
great_shortwing,Forest,forest
minahasa_shortwing,Riparian,forest; riparian
eyebrowed_jungle_flycatcher,Forest,forest
white_throated_jungle_flycatcher,Forest,forest
white_browed_jungle_flycatcher,Forest,forest
slaty_backed_jungle_flycatcher,Forest,forest
bagobo_babbler,Forest,forest
himalayan_shortwing,Forest,forest; riparian
chinese_shortwing,Forest,forest
taiwan_shortwing,Forest,forest
rusty_bellied_shortwing,Forest,forest; bamboo; shrub
lesser_shortwing,Forest,forest; shrub
philippine_shortwing,Forest,forest; bamboo
bornean_shortwing,Forest,forest
sumatran_shortwing,Forest,forest
javan_shortwing,Forest,forest; bamboo; shrub; rocky_areas; riparian
flores_shortwing,Forest,forest; shrub
siberian_blue_robin,Forest,forest; grasslands; riparian; coastal
indian_blue_robin,Forest,forest; bamboo; shrub; artificial; riparian
japanese_robin,Forest,forest; artificial
izu_robin,Forest,forest; artificial
ryukyu_robin,Forest,forest
okinawa_robin,Forest,forest; bamboo; riparian
rufous_tailed_robin,Forest,forest
rufous_headed_robin,Forest,forest; bamboo; woodland; shrub; riparian
yellow_rumped_flycatcher,Forest,forest; artificial; riparian; coastal
green_backed_flycatcher,Forest,forest; woodland; artificial; coastal
narcissus_flycatcher,Forest,forest; woodland; artificial; riparian; coastal
ryukyu_flycatcher,Forest,forest; artificial
slaty_blue_flycatcher,Forest,forest; woodland; grasslands; wetlands_lakes_marsh
snowy_browed_flycatcher,Forest,forest; bamboo; shrub; plains; riparian
mugimaki_flycatcher,Forest,forest; woodland; shrub; artificial; riparian; coastal
slaty_backed_flycatcher,Forest,forest; shrub
pygmy_blue_flycatcher,Forest,forest; shrub; riparian
rufous_gorgeted_flycatcher,Forest,forest; woodland; shrub
sapphire_flycatcher,Forest,forest
ultramarine_flycatcher,Forest,forest; artificial
little_pied_flycatcher,Forest,forest; woodland; artificial; riparian
rusty_tailed_flycatcher,Forest,forest
kashmir_flycatcher,Forest,forest; shrub; artificial
red_breasted_flycatcher,Forest,forest; woodland; shrub; artificial
red_throated_flycatcher,Artificial,forest; artificial
semi_collared_flycatcher,Forest,forest; woodland; artificial; riparian
atlas_flycatcher,Woodland,forest; woodland
european_pied_flycatcher,Forest,forest; woodland; shrub; artificial
collared_flycatcher,Woodland,woodland; shrub; artificial
black_and_orange_flycatcher,Forest,forest; artificial; riparian
tanimbar_flycatcher,Forest,forest
rufous_chested_flycatcher,Forest,forest; riparian
furtive_flycatcher,Forest,forest; bamboo
palawan_flycatcher,Forest,forest; woodland; shrub
rufous_throated_flycatcher,Forest,forest
cinnamon_chested_flycatcher,Forest,forest
sumba_flycatcher,Forest,forest
black_banded_flycatcher,Forest,forest
little_slaty_flycatcher,Forest,forest; shrub
thicket_flycatcher,Forest,forest
cryptic_flycatcher,Forest,forest; shrub
lompobattang_flycatcher,Forest,forest
damar_flycatcher,Forest,forest
white_browed_bush_robin,Forest,forest; shrub; rocky_areas; riparian
taiwan_bush_robin,Forest,forest
golden_bush_robin,Forest,forest; shrub
collared_bush_robin,Forest,forest; shrub
rufous_breasted_bush_robin,Forest,forest; riparian
orange_flanked_bush_robin,Forest,forest; woodland; riparian
qilian_bluetail,Forest,forest; shrub
himalayan_bush_robin,Forest,forest; woodland; shrub
goulds_shortwing,Forest,forest; bamboo; shrub; riparian
eversmanns_redstart,Woodland,forest; woodland; shrub; artificial
blue_fronted_redstart,Forest,forest; shrub; artificial
blue_capped_redstart,Forest,forest; shrub; rocky_areas
white_throated_redstart,Forest,forest; shrub; rocky_areas
plumbeous_water_redstart,Riparian,rocky_areas; riparian
luzon_water_redstart,Riparian,forest; shrub; riparian; wetlands_lakes_marsh
white_capped_water_redstart,Riparian,rocky_areas; riparian
ala_shan_redstart,Shrub,shrub; rocky_areas
black_redstart,Rocky,shrub; savannah; rocky_areas; artificial; riparian
common_redstart,Woodland,forest; woodland; shrub; rocky_areas; artificial; riparian
moussiers_redstart,Shrub,forest; shrub; rocky_areas
daurian_redstart,Forest,forest; shrub; artificial
hodgsons_redstart,Woodland,woodland; shrub; grasslands; artificial; riparian
white_winged_redstart,Grassland,shrub; grasslands; rocky_areas; riparian
blue_capped_rock_thrush,Forest,forest; bamboo; woodland; rocky_areas; artificial
white_throated_rock_thrush,Forest,forest; shrub; riparian; wetlands_lakes_marsh
chestnut_bellied_rock_thrush,Forest,forest; shrub; rocky_areas; riparian
short_toed_rock_thrush,Rocky,shrub; rocky_areas; artificial; riparian
sentinel_rock_thrush,Grassland,grasslands; rocky_areas; artificial
amber_mountain_rock_thrush,Forest,forest
forest_rock_thrush,Forest,forest; woodland; shrub; riparian
littoral_rock_thrush,Shrub,shrub; savannah; grasslands
little_rock_thrush,Rocky,woodland; shrub; grasslands; rocky_areas; artificial
rufous_tailed_rock_thrush,Rocky,woodland; shrub; savannah; grasslands; rocky_areas; artificial; riparian; coastal
blue_rock_thrush,Rocky,forest; shrub; plains; rocky_areas; desert; artificial; riparian; coastal; wetlands_lakes_marsh
cape_rock_thrush,Rocky,shrub; grasslands; rocky_areas; artificial
miombo_rock_thrush,Woodland,woodland; rocky_areas; artificial
white_winged_cliff_chat,Forest,forest; shrub; rocky_areas; artificial; riparian
jerdons_bushchat,Grassland,shrub; grasslands; riparian; wetlands_lakes_marsh
grey_bushchat,Shrub,forest; bamboo; shrub; grasslands; artificial
whinchat,Grassland,forest; woodland; shrub; grasslands; artificial; wetlands_lakes_marsh
white_browed_bushchat,Shrub,shrub; grasslands
white_bellied_bushchat,Forest,forest; woodland; shrub
pied_bushchat,Shrub,woodland; shrub; savannah; grasslands; artificial; riparian; wetlands_lakes_marsh
white_throated_bushchat,Grassland,grasslands; wetlands_lakes_marsh
white_tailed_stonechat,Grassland,shrub; grasslands; artificial; riparian
amur_stonechat,Grassland,shrub; grasslands; plains
african_stonechat,Shrub,woodland; shrub; grasslands; plains; artificial; riparian; coastal; wetlands_lakes_marsh
reunion_stonechat,Woodland,forest; woodland; shrub; grasslands; artificial
siberian_stonechat,Shrub,forest; shrub; grasslands; artificial; riparian; coastal; wetlands_lakes_marsh
european_stonechat,Shrub,woodland; shrub; grasslands; plains; artificial; riparian; coastal; wetlands_lakes_marsh
fuerteventura_stonechat,Shrub,shrub; rocky_areas; artificial
buff_streaked_chat,Rocky,shrub; grasslands; rocky_areas; artificial
karoo_chat,Shrub,shrub; rocky_areas
tractrac_chat,Shrub,shrub; grasslands; desert; riparian
sickle_winged_chat,Shrub,shrub; grasslands; desert; artificial
moorland_chat,Grassland,bamboo; shrub; grasslands; rocky_areas; artificial
mocking_cliff_chat,Rocky,woodland; savannah; rocky_areas; artificial
northern_anteater_chat,Shrub,shrub; grasslands; artificial
congo_moor_chat,Grassland,shrub; grasslands
southern_anteater_chat,Grassland,shrub; grasslands; desert
mountain_chat,Grassland,shrub; grasslands; plains; rocky_areas; artificial; riparian
sooty_chat,Grassland,grasslands
rüppells_chat,Rocky,rocky_areas
ruaha_chat,Woodland,woodland; shrub; artificial
arnots_chat,Woodland,woodland; artificial
northern_wheatear,Grassland,shrub; savannah; grasslands; plains; rocky_areas; artificial; riparian
atlas_wheatear,Plains,grasslands; plains; rocky_areas
capped_wheatear,Grassland,grasslands; artificial
buff_breasted_wheatear,Rocky,woodland; shrub; savannah; grasslands; rocky_areas; artificial; riparian
rusty_breasted_wheatear,Plains,savannah; grasslands; plains
isabelline_wheatear,Plains,savannah; grasslands; plains; rocky_areas; desert; artificial; riparian
heuglins_wheatear,Plains,savannah; plains; rocky_areas; riparian
hooded_wheatear,Desert,plains; rocky_areas; desert; artificial; wetlands_lakes_marsh
desert_wheatear,Plains,shrub; plains; rocky_areas; desert; artificial; riparian; coastal; wetlands_lakes_marsh
western_black_eared_wheatear,Rocky,woodland; shrub; plains; rocky_areas; artificial; riparian
pied_wheatear,Rocky,woodland; shrub; savannah; grasslands; plains; rocky_areas; artificial; riparian
eastern_black_eared_wheatear,Rocky,woodland; shrub; rocky_areas
cyprus_wheatear,Forest,forest; artificial
white_fronted_black_chat,Savanna,forest; woodland; shrub; savannah; rocky_areas
somali_wheatear,Rocky,shrub; grasslands; plains; rocky_areas; desert
buff_rumped_wheatear,Plains,shrub; plains; desert
blackstart,Rocky,shrub; rocky_areas; desert; artificial
familiar_chat,Shrub,forest; woodland; shrub; savannah; grasslands; rocky_areas; artificial; riparian
brown_tailed_chat,Rocky,shrub; grasslands; rocky_areas
sombre_rockchat,Shrub,shrub; rocky_areas
brown_rockchat,Rocky,rocky_areas; artificial
variable_wheatear,Shrub,shrub; desert; artificial
finschs_wheatear,Rocky,woodland; plains; rocky_areas; riparian
maghreb_wheateater,Rocky,plains; rocky_areas; desert
mourning_wheatear,Rocky,plains; rocky_areas; desert
basalt_wheatear,Rocky,plains; rocky_areas; desert
kurdish_wheatear,Rocky,woodland; shrub; savannah; grasslands; plains; rocky_areas; desert
red_tailed_wheatear,Rocky,shrub; grasslands; rocky_areas; riparian
white_crowned_wheatear,Desert,rocky_areas; desert; artificial
humes_wheatear,Savanna,woodland; shrub; savannah; rocky_areas
black_wheatear,Rocky,rocky_areas; artificial; coastal
arabian_wheatear,Plains,shrub; plains; rocky_areas; artificial
abyssinian_wheatear,Rocky,grasslands; plains; rocky_areas; artificial
white_throated_dipper,Riparian,rocky_areas; artificial; riparian; coastal; wetlands_lakes_marsh
brown_dipper,Riparian,riparian
american_dipper,Riparian,riparian
white_capped_dipper,Riparian,forest; riparian
rufous_throated_dipper,Riparian,riparian
philippine_leafbird,Forest,forest
yellow_throated_leafbird,Forest,forest; shrub
greater_green_leafbird,Forest,forest; coastal
lesser_green_leafbird,Forest,forest
blue_winged_leafbird,Forest,forest; artificial
javan_leafbird,Forest,forest; woodland; shrub; artificial
bornean_leafbird,Forest,forest
jerdons_leafbird,Forest,forest; woodland; artificial
golden_fronted_leafbird,Forest,forest; woodland; shrub
sumatran_leafbird,Forest,forest; artificial
orange_bellied_leafbird,Shrub,forest; woodland; shrub
greyish_crowned_leafbird,Forest,forest
blue_masked_leafbird,Forest,forest
yellow_breasted_flowerpecker,Forest,forest; shrub; artificial
crimson_breasted_flowerpecker,Forest,forest; shrub; artificial; coastal
palawan_flowerpecker,Forest,forest; shrub; artificial
yellow_rumped_flowerpecker,Forest,forest; artificial
scarlet_breasted_flowerpecker,Forest,forest; artificial
olive_backed_flowerpecker,Forest,forest; shrub
whiskered_flowerpecker,Forest,forest; shrub
yellow_vented_flowerpecker,Forest,forest; shrub; artificial
yellow_bellied_flowerpecker,Forest,forest
white_throated_flowerpecker,Forest,forest; artificial
brown_backed_flowerpecker,Forest,forest; artificial; coastal
thick_billed_flowerpecker,Forest,forest; woodland; shrub; artificial
spectacled_flowerpecker,Forest,forest
golden_rumped_flowerpecker,Forest,forest; woodland; artificial
yellow_sided_flowerpecker,Forest,forest; woodland; artificial
olive_capped_flowerpecker,Forest,forest
yellow_crowned_flowerpecker,Forest,forest
flame_crowned_flowerpecker,Forest,forest
bicoloured_flowerpecker,Forest,forest; shrub
red_keeled_flowerpecker,Forest,forest; shrub
black_belted_flowerpecker,Forest,forest; artificial
scarlet_collared_flowerpecker,Forest,forest; artificial
cebu_flowerpecker,Forest,forest
orange_bellied_flowerpecker,Forest,forest; shrub; artificial; coastal
buzzing_flowerpecker,Forest,forest
pale_billed_flowerpecker,Forest,forest; artificial; coastal
nilgiri_flowerpecker,Forest,forest; artificial
plain_flowerpecker,Forest,forest; shrub; artificial
andaman_flowerpecker,Forest,forest; artificial
pygmy_flowerpecker,Forest,forest; shrub
crimson_crowned_flowerpecker,Forest,forest; coastal
buru_flowerpecker,Forest,forest; shrub; artificial; riparian
halmahera_flowerpecker,Forest,forest
ashy_flowerpecker,Forest,forest; shrub; artificial
olive_crowned_flowerpecker,Forest,forest; shrub
red_capped_flowerpecker,Forest,forest; shrub; savannah; artificial
louisiade_flowerpecker,Forest,forest; shrub
red_banded_flowerpecker,Forest,forest; shrub
midget_flowerpecker,Forest,forest; shrub; artificial
mottled_flowerpecker,Forest,forest; shrub
black_fronted_flowerpecker,Forest,forest; woodland; shrub; artificial
red_chested_flowerpecker,Forest,forest; bamboo; woodland; artificial
pink_breasted_flowerpecker,Woodland,forest; woodland; artificial
mistletoebird,Forest,forest; woodland; shrub; savannah; grasslands; artificial
aru_flowerpecker,Forest,forest
grey_sided_flowerpecker,Forest,forest; woodland; shrub; artificial
black_sided_flowerpecker,Forest,forest; shrub
fire_breasted_flowerpecker,Forest,forest; woodland; shrub; artificial
cambodian_flowerpecker,Forest,forest
sumatran_flowerpecker,Forest,forest
fire_throated_flowerpecker,Forest,forest
javan_flowerpecker,Forest,forest
flores_flowerpecker,Forest,forest
sumba_flowerpecker,Shrub,forest; woodland; shrub; artificial
timor_flowerpecker,Forest,forest
scarlet_backed_flowerpecker,Forest,forest; shrub; artificial
scarlet_headed_flowerpecker,Forest,forest; woodland; artificial; coastal
ruby_cheeked_sunbird,Forest,forest; artificial; riparian; coastal; wetlands_lakes_marsh
frasers_sunbird,Forest,forest; artificial; riparian
grey_headed_sunbird,Forest,forest
plain_backed_sunbird,Forest,forest; shrub; savannah; artificial; riparian
anchietas_sunbird,Woodland,woodland; rocky_areas
plain_sunbird,Forest,forest; shrub; artificial; coastal
brown_throated_sunbird,Coastal,forest; woodland; shrub; artificial; riparian; coastal; wetlands_lakes_marsh
grey_throated_sunbird,Forest,forest; shrub; artificial; coastal; wetlands_lakes_marsh
red_throated_sunbird,Forest,forest; artificial; coastal
mouse_brown_sunbird,Coastal,woodland; shrub; artificial; riparian; coastal; wetlands_lakes_marsh
western_violet_backed_sunbird,Savanna,woodland; shrub; savannah; rocky_areas; artificial; riparian; coastal
eastern_violet_backed_sunbird,Woodland,forest; woodland; shrub; riparian; wetlands_lakes_marsh
uluguru_violet_backed_sunbird,Forest,forest; woodland; artificial; riparian
violet_tailed_sunbird,Forest,forest; savannah; riparian; coastal
little_green_sunbird,Forest,forest; shrub; grasslands; artificial; riparian
yellow_chinned_sunbird,Forest,forest; shrub; artificial; riparian; wetlands_lakes_marsh
grey_chinned_sunbird,Forest,forest; artificial; riparian
banded_sunbird,Forest,forest; shrub; artificial
collared_sunbird,Forest,forest; woodland; shrub; savannah; artificial; riparian; wetlands_lakes_marsh
pygmy_sunbird,Savanna,woodland; shrub; savannah; artificial
nile_valley_sunbird,Shrub,shrub; desert; artificial; riparian
amani_sunbird,Woodland,forest; woodland; shrub
reichenbachs_sunbird,Riparian,forest; shrub; artificial; riparian; coastal; wetlands_lakes_marsh
principe_sunbird,Forest,forest; artificial
newtons_sunbird,Forest,forest; shrub; savannah; artificial
giant_sunbird,Forest,forest; shrub; artificial; riparian
orange_breasted_sunbird,Shrub,shrub; artificial; wetlands_lakes_marsh
green_headed_sunbird,Woodland,forest; woodland; shrub; savannah; artificial; riparian; coastal
bannermans_sunbird,Forest,forest; woodland; riparian
blue_throated_brown_sunbird,Forest,forest; woodland; shrub; artificial; riparian
cameroon_sunbird,Forest,forest; artificial; riparian
blue_headed_sunbird,Forest,forest; savannah; riparian
olive_sunbird,Forest,forest; woodland; shrub; artificial; coastal
mouse_coloured_sunbird,Forest,forest; shrub; artificial; riparian; coastal
buff_throated_sunbird,Forest,forest; artificial
carmelite_sunbird,Shrub,shrub; savannah; artificial; coastal; wetlands_lakes_marsh
green_throated_sunbird,Forest,forest; shrub; savannah; grasslands; artificial; riparian
amethyst_sunbird,Woodland,forest; woodland; shrub; savannah; artificial; riparian
scarlet_chested_sunbird,Woodland,woodland; shrub; savannah; artificial; riparian
hunters_sunbird,Shrub,shrub; grasslands
socotra_sunbird,Forest,forest; shrub
purple_rumped_sunbird,Forest,forest; artificial
crimson_backed_sunbird,Forest,forest; artificial
purple_throated_sunbird,Forest,forest; shrub; artificial; riparian; coastal; wetlands_lakes_marsh
orange_lined_sunbird,Forest,forest; shrub
maroon_bellied_sunbird,Forest,forest; shrub; artificial; coastal
black_sunbird,Forest,forest; shrub; artificial; riparian; coastal
copper_throated_sunbird,Coastal,forest; artificial; coastal
bocages_sunbird,Woodland,forest; woodland; shrub; wetlands_lakes_marsh
purple_breasted_sunbird,Forest,forest; shrub; riparian
tacazze_sunbird,Forest,forest; bamboo; shrub; grasslands; artificial
bronze_sunbird,Shrub,forest; woodland; shrub; savannah; grasslands; artificial
malachite_sunbird,Shrub,bamboo; shrub; grasslands; artificial
red_tufted_sunbird,Grassland,bamboo; shrub; grasslands
golden_winged_sunbird,Grassland,forest; bamboo; grasslands; artificial
olive_bellied_sunbird,Shrub,forest; woodland; shrub; savannah; artificial; riparian; coastal
tiny_sunbird,Forest,forest; savannah; artificial
eastern_miombo_sunbird,Woodland,forest; woodland; savannah; artificial
western_miombo_sunbird,Woodland,forest; woodland; shrub; savannah; artificial; riparian
southern_double_collared_sunbird,Shrub,forest; woodland; shrub; artificial; riparian
neergaards_sunbird,Shrub,forest; woodland; shrub; coastal
rwenzori_double_collared_sunbird,Shrub,forest; bamboo; shrub
whytes_double_collared_sunbird,Forest,forest; grasslands
prigogines_double_collared_sunbird,Forest,forest; shrub; grasslands; riparian
montane_double_collared_sunbird,Forest,forest; grasslands
northern_double_collared_sunbird,Forest,forest; shrub; artificial; riparian
greater_double_collared_sunbird,Shrub,woodland; shrub; savannah; artificial
regal_sunbird,Forest,forest; bamboo; shrub
rockefellers_sunbird,Forest,forest; bamboo; shrub; riparian
eastern_double_collared_sunbird,Forest,forest; bamboo; shrub; grasslands; artificial
usambara_double_collared_sunbird,Forest,forest; bamboo; artificial
forest_double_collared_sunbird,Artificial,forest; shrub; grasslands; artificial
moreaus_sunbird,Forest,forest; shrub
loveridges_sunbird,Forest,forest; bamboo; shrub; artificial
beautiful_sunbird,Savanna,shrub; savannah; artificial; riparian; coastal
gorgeous_sunbird,Savanna,woodland; shrub; savannah; artificial
marico_sunbird,Savanna,woodland; shrub; savannah; artificial; riparian; wetlands_lakes_marsh
shelleys_sunbird,Woodland,woodland; shrub; artificial
congo_sunbird,Riparian,forest; artificial; riparian
red_chested_sunbird,Wetland,forest; shrub; savannah; artificial; riparian; wetlands_lakes_marsh
black_bellied_sunbird,Savanna,savannah; riparian
purple_banded_sunbird,Shrub,forest; woodland; shrub; savannah; artificial; riparian; coastal; wetlands_lakes_marsh
tsavo_sunbird,Savanna,savannah; riparian
violet_breasted_sunbird,Savanna,savannah
pemba_sunbird,Forest,forest; shrub; artificial
orange_tufted_sunbird,Grassland,forest; woodland; shrub; savannah; grasslands; rocky_areas; artificial
palestine_sunbird,Savanna,woodland; savannah; grasslands; rocky_areas; artificial; riparian
arabian_sunbird,Shrub,shrub; savannah; artificial
shining_sunbird,Shrub,forest; woodland; shrub; rocky_areas; artificial; riparian
splendid_sunbird,Savanna,forest; shrub; savannah; artificial; riparian
johannas_sunbird,Forest,forest; artificial
superb_sunbird,Forest,forest; savannah; artificial; riparian; coastal
rufous_winged_sunbird,Forest,forest
oustalets_sunbird,Woodland,woodland; shrub; artificial
white_breasted_sunbird,Woodland,forest; woodland; savannah; artificial; riparian
variable_sunbird,Woodland,forest; woodland; shrub; savannah; artificial; riparian; coastal
dusky_sunbird,Desert,shrub; plains; desert; artificial; riparian
ursulas_sunbird,Forest,forest; shrub
batess_sunbird,Forest,forest; shrub
copper_sunbird,Savanna,woodland; savannah; artificial; riparian; coastal; wetlands_lakes_marsh
purple_sunbird,Shrub,forest; shrub; artificial; riparian
ornate_sunbird,Forest,forest; shrub; plains; artificial; coastal
olive_backed_sunbird,Forest,forest; shrub; plains; artificial; coastal
palawan_sunbird,Forest,forest; shrub; plains; artificial; coastal
sahul_sunbird,Forest,forest; shrub; plains; artificial; coastal
tukangbesi_sunbird,Forest,forest; shrub; plains; artificial; coastal
flores_sea_sunbird,Forest,forest; shrub; plains; artificial; coastal
south_moluccan_sunbird,Forest,forest; shrub; plains; artificial; coastal
rands_sunbird,Forest,forest; shrub; artificial
apricot_breasted_sunbird,Forest,forest; shrub; artificial
flame_breasted_sunbird,Forest,forest; woodland; artificial
souimanga_sunbird,Forest,forest; shrub; coastal
long_billed_sunbird,Forest,forest; artificial; coastal
grande_comore_sunbird,Shrub,forest; shrub; artificial; coastal
moheli_sunbird,Shrub,forest; shrub; artificial; coastal
seychelles_sunbird,Forest,forest; shrub; artificial; coastal
humblots_sunbird,Forest,forest; shrub; artificial
anjouan_sunbird,Forest,forest; shrub
mayotte_sunbird,Shrub,shrub; artificial
lotens_sunbird,Forest,forest; shrub; artificial
grey_hooded_sunbird,Forest,forest
apo_sunbird,Forest,forest; shrub
tboli_sunbird,Forest,forest; shrub
linas_sunbird,Forest,forest
flaming_sunbird,Forest,forest; shrub
maroon_naped_sunbird,Forest,forest; shrub
metallic_winged_sunbird,Forest,forest; shrub; artificial
elegant_sunbird,Forest,forest; bamboo; shrub; artificial
lovely_sunbird,Forest,forest; shrub
handsome_sunbird,Shrub,forest; shrub; artificial
goulds_sunbird,Forest,forest
green_tailed_sunbird,Forest,forest; shrub; artificial
white_flanked_sunbird,Forest,forest; shrub
hainan_sunbird,Forest,forest; artificial
fork_tailed_sunbird,Forest,forest; woodland; artificial
black_throated_sunbird,Forest,forest; shrub; riparian
crimson_sunbird,Forest,forest; shrub; grasslands; artificial; riparian; wetlands_lakes_marsh
magnificent_sunbird,Shrub,forest; shrub; artificial
sahyadri_sunbird,Forest,forest
javan_sunbird,Forest,forest
temmincks_sunbird,Forest,forest
fire_tailed_sunbird,Forest,forest
purple_naped_spiderhunter,Forest,forest; shrub; artificial; riparian; wetlands_lakes_marsh
little_spiderhunter,Forest,forest; bamboo; shrub; artificial; riparian; wetlands_lakes_marsh
orange_tufted_spiderhunter,Forest,forest; shrub; artificial
palawan_spiderhunter,Forest,forest; shrub; artificial
thick_billed_spiderhunter,Forest,forest; shrub; artificial; coastal
long_billed_spiderhunter,Forest,forest; shrub; artificial
spectacled_spiderhunter,Forest,forest; shrub; artificial
yellow_eared_spiderhunter,Forest,forest; shrub; artificial; coastal
naked_faced_spiderhunter,Forest,forest; shrub; artificial
grey_breasted_spiderhunter,Forest,forest; shrub; artificial; coastal
streaky_breasted_spiderhunter,Forest,forest; shrub; artificial
bornean_spiderhunter,Forest,forest; artificial
streaked_spiderhunter,Forest,forest; shrub; artificial
whiteheads_spiderhunter,Forest,forest
cinnamon_ibon,Forest,forest
pale_sparrow,Rocky,plains; rocky_areas; desert
rock_sparrow,Plains,woodland; plains; rocky_areas; artificial; riparian
white_rumped_snowfinch,Grassland,grasslands
tibetan_snowfinch,Grassland,grasslands; plains
white_winged_snowfinch,Rocky,rocky_areas; artificial
black_winged_snowfinch,Grassland,grasslands; rocky_areas; riparian
afghan_snowfinch,Rocky,grasslands; rocky_areas; artificial
rufous_necked_snowfinch,Grassland,grasslands; rocky_areas; riparian
small_snowfinch,Grassland,grasslands; desert; riparian
plain_backed_snowfinch,Grassland,grasslands; artificial
yellow_spotted_bush_sparrow,Grassland,forest; woodland; shrub; grasslands; artificial
yellow_throated_bush_sparrow,Grassland,forest; woodland; shrub; grasslands; artificial; riparian
sahel_bush_sparrow,Plains,shrub; savannah; plains
chestnut_shouldered_bush_sparrow,Plains,shrub; plains; artificial; riparian
cape_sparrow,Grassland,woodland; shrub; savannah; grasslands; artificial
chestnut_sparrow,Shrub,shrub; artificial; wetlands_lakes_marsh
kordofan_sparrow,Plains,shrub; savannah; grasslands; plains; artificial
white_nile_sparrow,Savanna,shrub; savannah; grasslands; plains
kenya_sparrow,Woodland,woodland; artificial
great_sparrow,Grassland,forest; shrub; savannah; grasslands; artificial
northern_grey_headed_sparrow,Woodland,forest; woodland; shrub; savannah; grasslands
swainsons_sparrow,Shrub,shrub; artificial
swahili_sparrow,Grassland,forest; woodland; shrub; grasslands; artificial
parrot_billed_sparrow,Savanna,shrub; savannah
southern_grey_headed_sparrow,Grassland,woodland; shrub; savannah; grasslands; artificial
sind_sparrow,Shrub,shrub; artificial; riparian; wetlands_lakes_marsh
russet_sparrow,Woodland,forest; woodland; grasslands; artificial; riparian
eurasian_tree_sparrow,Artificial,woodland; plains; artificial
saxaul_sparrow,Desert,shrub; desert; artificial; riparian
plain_backed_sparrow,Woodland,woodland; shrub; artificial; coastal
abd_al_kuri_sparrow,Shrub,shrub; rocky_areas; artificial
socotra_sparrow,Shrub,woodland; shrub; artificial
spanish_sparrow,Shrub,forest; woodland; shrub; artificial; riparian; wetlands_lakes_marsh
italian_sparrow,Artificial,rocky_areas; artificial
house_sparrow,Artificial,forest; woodland; artificial
somali_sparrow,Shrub,shrub; rocky_areas; artificial
cape_verde_sparrow,Rocky,rocky_areas; desert; artificial
desert_sparrow,Desert,shrub; plains; desert
zarudnys_sparrow,Rocky,shrub; rocky_areas; desert
arabian_golden_sparrow,Shrub,shrub; savannah; artificial
sudan_golden_sparrow,Shrub,shrub; savannah; artificial
dead_sea_sparrow,Riparian,shrub; plains; artificial; riparian
white_billed_buffalo_weaver,Savanna,shrub; savannah
red_billed_buffalo_weaver,Savanna,shrub; savannah
white_headed_buffalo_weaver,Savanna,shrub; savannah
white_browed_sparrow_weaver,Savanna,shrub; savannah
chestnut_crowned_sparrow_weaver,Woodland,forest; woodland; shrub
donaldson_smiths_sparrow_weaver,Savanna,shrub; savannah
chestnut_backed_sparrow_weaver,Woodland,woodland
rufous_tailed_weaver,Savanna,woodland; savannah
grey_capped_social_weaver,Shrub,shrub; savannah
black_capped_social_weaver,Savanna,shrub; savannah
sociable_weaver,Shrub,woodland; shrub
scaly_fronted_weaver,Woodland,woodland; shrub; savannah; artificial
speckle_fronted_weaver,Savanna,shrub; savannah
thick_billed_weaver,Grassland,forest; grasslands; riparian; wetlands_lakes_marsh
baglafecht_weaver,Shrub,woodland; shrub; savannah; artificial
bannermans_weaver,Forest,forest; riparian
batess_weaver,Forest,forest
black_chinned_weaver,Savanna,woodland; savannah
bertrams_weaver,Woodland,woodland; savannah; artificial; riparian
slender_billed_weaver,Wetland,artificial; riparian; wetlands_lakes_marsh
loango_weaver,Coastal,forest; shrub; savannah; coastal; wetlands_lakes_marsh
little_weaver,Savanna,woodland; savannah; artificial
spectacled_weaver,Woodland,forest; woodland; shrub; savannah; artificial; wetlands_lakes_marsh
olive_naped_weaver,Forest,forest; savannah; coastal
black_necked_weaver,Shrub,forest; woodland; shrub; riparian
strange_weaver,Forest,forest; bamboo; shrub
black_billed_weaver,Forest,forest; shrub
cape_weaver,Savanna,shrub; savannah; grasslands; artificial; riparian; wetlands_lakes_marsh
bocages_weaver,Wetland,shrub; riparian; wetlands_lakes_marsh
african_golden_weaver,Woodland,woodland; savannah; artificial; riparian; coastal; wetlands_lakes_marsh
holubs_golden_weaver,Savanna,savannah; coastal; wetlands_lakes_marsh
orange_weaver,Coastal,shrub; riparian; coastal; wetlands_lakes_marsh
heuglins_masked_weaver,Savanna,woodland; savannah; artificial
golden_palm_weaver,Woodland,woodland; artificial; riparian
taveta_golden_weaver,Wetland,woodland; wetlands_lakes_marsh
principe_golden_weaver,Forest,forest; artificial
northern_brown_throated_weaver,Wetland,artificial; wetlands_lakes_marsh
southern_brown_throated_weaver,Wetland,artificial; wetlands_lakes_marsh
ruvu_weaver,Riparian,bamboo; shrub; riparian
kilombero_weaver,Wetland,wetlands_lakes_marsh
rüppells_weaver,Savanna,savannah; plains; artificial; riparian; coastal; wetlands_lakes_marsh
northern_masked_weaver,Wetland,wetlands_lakes_marsh
lesser_masked_weaver,Savanna,shrub; savannah; artificial
southern_masked_weaver,Woodland,woodland; shrub
katanga_masked_weaver,Wetland,woodland; wetlands_lakes_marsh
lufira_masked_weaver,Riparian,riparian; wetlands_lakes_marsh
tanzanian_masked_weaver,Wetland,wetlands_lakes_marsh
vitelline_masked_weaver,Savanna,shrub; savannah
spekes_weaver,Savanna,savannah; grasslands; artificial
foxs_weaver,Shrub,shrub; grasslands; wetlands_lakes_marsh
village_weaver,Savanna,forest; woodland; shrub; savannah; artificial; riparian
giant_weaver,Forest,forest; shrub; savannah; artificial
chestnut_and_black_weaver,Forest,forest; woodland; savannah; artificial; wetlands_lakes_marsh
vieillots_black_weaver,Forest,forest; artificial; riparian; wetlands_lakes_marsh
weynss_weaver,Forest,forest
clarkes_weaver,Forest,forest
juba_weaver,Riparian,grasslands; artificial; riparian; wetlands_lakes_marsh
black_headed_weaver,Savanna,shrub; savannah; riparian; wetlands_lakes_marsh
golden_backed_weaver,Savanna,shrub; savannah; wetlands_lakes_marsh
cinnamon_weaver,Grassland,grasslands; riparian
chestnut_weaver,Shrub,woodland; shrub; savannah; artificial
golden_naped_weaver,Forest,forest
yellow_mantled_weaver,Forest,forest; shrub
maxwells_black_weaver,Forest,forest
nelicourvi_weaver,Forest,forest
sakalava_weaver,Savanna,forest; woodland; shrub; savannah; artificial
asian_golden_weaver,Wetland,grasslands; artificial; wetlands_lakes_marsh
compact_weaver,Grassland,forest; savannah; grasslands; riparian; wetlands_lakes_marsh
black_breasted_weaver,Wetland,grasslands; artificial; wetlands_lakes_marsh
streaked_weaver,Shrub,shrub; riparian; wetlands_lakes_marsh
baya_weaver,Shrub,shrub; riparian; wetlands_lakes_marsh
finns_weaver,Grassland,grasslands; wetlands_lakes_marsh
dark_backed_weaver,Forest,forest; savannah; artificial
preusss_weaver,Forest,forest
yellow_capped_weaver,Forest,forest
olive_headed_weaver,Woodland,woodland
usambara_weaver,Forest,forest
brown_capped_weaver,Forest,forest
bar_winged_weaver,Woodland,woodland
sao_tome_weaver,Forest,forest; woodland; shrub; savannah; artificial
yellow_legged_weaver,Forest,forest
red_crowned_malimbe,Forest,forest
cassins_malimbe,Forest,forest; artificial; wetlands_lakes_marsh
rachels_malimbe,Forest,forest
gola_malimbe,Forest,forest
red_vented_malimbe,Forest,forest; shrub; riparian
ibadan_malimbe,Forest,forest; shrub; artificial
blue_billed_malimbe,Forest,forest; woodland; shrub; artificial; riparian; wetlands_lakes_marsh
red_headed_malimbe,Forest,forest
red_bellied_malimbe,Forest,forest
crested_malimbe,Forest,forest
southern_red_headed_weaver,Woodland,woodland; shrub; savannah; artificial
northern_red_headed_weaver,Woodland,forest; woodland; savannah; artificial; riparian
red_weaver,Shrub,woodland; shrub; coastal
cardinal_quelea,Grassland,grasslands
red_headed_quelea,Shrub,shrub; grasslands; artificial; coastal
red_billed_quelea,Grassland,savannah; grasslands; artificial
red_fody,Shrub,shrub; savannah; artificial
red_headed_fody,Forest,forest; shrub; artificial
grande_comore_fody,Forest,forest; artificial
aldabra_fody,Shrub,woodland; shrub; coastal
forest_fody,Forest,forest
reunion_fody,Forest,forest; shrub; artificial
mauritius_fody,Forest,forest
seychelles_fody,Forest,forest; artificial
rodrigues_fody,Forest,forest
bob_tailed_weaver,Riparian,artificial; riparian
yellow_crowned_bishop,Wetland,artificial; riparian; wetlands_lakes_marsh
fire_fronted_bishop,Grassland,grasslands; artificial
black_bishop,Grassland,shrub; grasslands; artificial; wetlands_lakes_marsh
zanzibar_red_bishop,Grassland,grasslands; artificial; wetlands_lakes_marsh
black_winged_bishop,Forest,forest; savannah; artificial
southern_red_bishop,Grassland,grasslands; artificial; wetlands_lakes_marsh
northern_red_bishop,Grassland,grasslands; artificial; wetlands_lakes_marsh
golden_backed_bishop,Grassland,grasslands; artificial
yellow_bishop,Grassland,grasslands
fan_tailed_widowbird,Grassland,grasslands; riparian; wetlands_lakes_marsh
yellow_mantled_widowbird,Grassland,grasslands; wetlands_lakes_marsh
marsh_widowbird,Wetland,grasslands; artificial; riparian; wetlands_lakes_marsh
montane_widowbird,Grassland,grasslands; wetlands_lakes_marsh
white_winged_widowbird,Grassland,shrub; savannah; grasslands; artificial; wetlands_lakes_marsh
red_collared_widowbird,Grassland,grasslands; artificial
red_cowled_widowbird,Grassland,woodland; shrub; savannah; grasslands; artificial
long_tailed_widowbird,Grassland,grasslands; artificial; wetlands_lakes_marsh
jacksons_widowbird,Grassland,grasslands; artificial
pictorella_mannikin,Woodland,woodland; savannah; grasslands
mountain_firetail,Forest,forest; shrub
diamond_firetail,Forest,forest; shrub; savannah; grasslands; artificial
red_eared_firetail,Shrub,forest; shrub; riparian; wetlands_lakes_marsh
beautiful_firetail,Shrub,shrub; wetlands_lakes_marsh
black_bellied_crimson_finch,Riparian,woodland; shrub; grasslands; artificial; riparian; wetlands_lakes_marsh
white_bellied_crimson_finch,Wetland,bamboo; savannah; artificial; wetlands_lakes_marsh
red_browed_finch,Woodland,forest; woodland; artificial
painted_finch,Rocky,shrub; savannah; plains; rocky_areas; desert; artificial
star_finch,Riparian,grasslands; artificial; riparian; wetlands_lakes_marsh
plum_headed_finch,Savanna,shrub; savannah; riparian; wetlands_lakes_marsh
double_barred_finch,Shrub,forest; woodland; shrub; grasslands; artificial
timor_zebra_finch,Grassland,woodland; shrub; grasslands; artificial; wetlands_lakes_marsh
australian_zebra_finch,Grassland,woodland; shrub; grasslands
masked_finch,Forest,forest; woodland; grasslands; artificial
long_tailed_finch,Woodland,forest; woodland; savannah; riparian
black_throated_finch,Woodland,forest; woodland; savannah; artificial; riparian
grey_headed_silverbill,Grassland,shrub; grasslands; artificial
bronze_mannikin,Woodland,forest; woodland; shrub; artificial; wetlands_lakes_marsh
magpie_mannikin,Shrub,bamboo; shrub; grasslands; artificial; riparian
black_and_white_mannikin,Grassland,forest; grasslands; artificial; wetlands_lakes_marsh
madagascar_munia,Woodland,forest; woodland; shrub; grasslands; artificial; wetlands_lakes_marsh
african_silverbill,Savanna,woodland; shrub; savannah; artificial
indian_silverbill,Grassland,woodland; shrub; savannah; grasslands; desert; artificial
java_sparrow,Grassland,forest; woodland; shrub; grasslands; artificial
timor_sparrow,Savanna,shrub; savannah; grasslands; artificial; coastal
streak_headed_mannikin,Shrub,shrub; grasslands; artificial
white_spotted_mannikin,Grassland,forest; bamboo; savannah; grasslands; wetlands_lakes_marsh
scaly_breasted_munia,Shrub,woodland; shrub; grasslands; artificial
black_throated_munia,Grassland,shrub; grasslands; artificial
black_faced_munia,Grassland,shrub; grasslands; artificial
white_rumped_munia,Shrub,woodland; shrub; grasslands; artificial
dusky_munia,Grassland,shrub; grasslands; artificial; riparian
white_bellied_munia,Shrub,forest; shrub; artificial
javan_munia,Grassland,shrub; grasslands; artificial
tricoloured_munia,Wetland,shrub; grasslands; artificial; wetlands_lakes_marsh
chestnut_munia,Wetland,shrub; grasslands; artificial; wetlands_lakes_marsh
white_capped_munia,Wetland,shrub; grasslands; artificial; wetlands_lakes_marsh
white_headed_munia,Grassland,grasslands; artificial; wetlands_lakes_marsh
pale_headed_munia,Shrub,shrub; grasslands; artificial
great_billed_mannikin,Grassland,grasslands; artificial; wetlands_lakes_marsh
black_breasted_mannikin,Grassland,shrub; grasslands; artificial
snow_mountain_mannikin,Grassland,shrub; grasslands; artificial; wetlands_lakes_marsh
alpine_mannikin,Grassland,grasslands; rocky_areas
grey_banded_mannikin,Grassland,grasslands; wetlands_lakes_marsh
grey_crowned_mannikin,Grassland,savannah; grasslands; riparian; wetlands_lakes_marsh
grey_headed_mannikin,Grassland,shrub; savannah; grasslands; artificial; wetlands_lakes_marsh
hooded_mannikin,Grassland,shrub; savannah; grasslands; artificial
new_ireland_mannikin,Grassland,grasslands
hunsteins_mannikin,Grassland,grasslands; artificial
new_hanover_munia,Shrub,forest; shrub; riparian
yellow_rumped_mannikin,Wetland,shrub; grasslands; artificial; riparian; wetlands_lakes_marsh
five_coloured_munia,Shrub,shrub; grasslands; artificial
chestnut_breasted_mannikin,Wetland,grasslands; artificial; riparian; coastal; wetlands_lakes_marsh
black_mannikin,Savanna,savannah; grasslands; wetlands_lakes_marsh
buff_bellied_mannikin,Grassland,shrub; grasslands; wetlands_lakes_marsh
gouldian_finch,Savanna,forest; woodland; shrub; savannah; riparian; wetlands_lakes_marsh
pin_tailed_parrotfinch,Forest,forest; bamboo; shrub; artificial
green_faced_parrotfinch,Forest,forest; bamboo; savannah; grasslands
tawny_breasted_parrotfinch,Forest,forest; bamboo; shrub; artificial
red_throated_parrotfinch,Shrub,forest; shrub; savannah; artificial
fiji_parrotfinch,Forest,forest; grasslands; artificial
royal_parrotfinch,Forest,forest; shrub; savannah; artificial
red_headed_parrotfinch,Forest,forest; grasslands; artificial
pink_billed_parrotfinch,Forest,forest
tricoloured_parrotfinch,Forest,forest; bamboo; shrub
red_eared_parrotfinch,Forest,forest; shrub; grasslands
papuan_parrotfinch,Forest,forest; shrub
blue_faced_parrotfinch,Forest,forest; bamboo; shrub; grasslands; coastal
shelleys_oliveback,Forest,forest; shrub; savannah; artificial
white_collared_oliveback,Wetland,forest; shrub; riparian; wetlands_lakes_marsh
yellow_bellied_waxbill,Grassland,forest; shrub; grasslands; rocky_areas
angola_waxbill,Grassland,forest; woodland; grasslands; riparian
swee_waxbill,Woodland,forest; woodland; shrub; grasslands; artificial; coastal
green_twinspot,Shrub,forest; bamboo; shrub; artificial; riparian
shelleys_crimsonwing,Forest,forest; shrub
dusky_crimsonwing,Forest,forest; bamboo; shrub
abyssinian_crimsonwing,Forest,forest; bamboo; shrub; artificial; riparian
red_faced_crimsonwing,Forest,forest; shrub; artificial; wetlands_lakes_marsh
red_fronted_antpecker,Forest,forest; shrub
woodhouses_antpecker,Forest,forest; shrub; wetlands_lakes_marsh
jamesons_antpecker,Forest,forest
white_breasted_nigrita,Forest,forest; woodland; shrub; artificial; riparian
chestnut_breasted_nigrita,Forest,forest; shrub; coastal
grey_headed_nigrita,Forest,forest; artificial; riparian
pale_fronted_nigrita,Forest,forest; shrub
grey_headed_oliveback,Savanna,forest; woodland; shrub; savannah; riparian; wetlands_lakes_marsh
black_cheeked_waxbill,Grassland,forest; woodland; shrub; savannah; grasslands; artificial
black_faced_waxbill,Grassland,forest; woodland; shrub; savannah; grasslands; artificial
lavender_waxbill,Shrub,shrub; savannah; artificial
black_tailed_waxbill,Shrub,forest; shrub
cinderella_waxbill,Shrub,woodland; shrub; riparian
black_crowned_waxbill,Grassland,shrub; grasslands; artificial
black_headed_waxbill,Grassland,forest; shrub; grasslands; artificial
kandts_waxbill,Grassland,forest; bamboo; grasslands; rocky_areas
orange_cheeked_waxbill,Grassland,shrub; savannah; grasslands; artificial; wetlands_lakes_marsh
anambra_waxbill,Shrub,forest; shrub; riparian; wetlands_lakes_marsh
fawn_breasted_waxbill,Grassland,woodland; shrub; grasslands; artificial; riparian; wetlands_lakes_marsh
common_waxbill,Grassland,savannah; grasslands; artificial; wetlands_lakes_marsh
black_lored_waxbill,Grassland,grasslands
black_rumped_waxbill,Grassland,shrub; grasslands; artificial
crimson_rumped_waxbill,Grassland,shrub; grasslands; artificial; wetlands_lakes_marsh
arabian_waxbill,Shrub,shrub; rocky_areas; artificial
african_quailfinch,Grassland,grasslands; artificial; wetlands_lakes_marsh
locust_finch,Grassland,forest; woodland; grasslands; artificial; wetlands_lakes_marsh
cut_throat_finch,Shrub,woodland; shrub; savannah; desert; artificial
red_headed_finch,Grassland,forest; woodland; shrub; savannah; grasslands; desert
green_avadavat,Grassland,shrub; grasslands
zebra_waxbill,Grassland,savannah; grasslands; artificial; wetlands_lakes_marsh
red_avadavat,Grassland,shrub; grasslands; artificial; wetlands_lakes_marsh
purple_grenadier,Shrub,shrub
violet_eared_waxbill,Shrub,woodland; shrub; artificial
blue_breasted_cordon_bleu,Savanna,woodland; shrub; savannah; grasslands; artificial
red_cheeked_cordon_bleu,Savanna,woodland; shrub; savannah; grasslands; artificial
blue_capped_cordon_bleu,Savanna,shrub; savannah; plains
grants_bluebill,Forest,forest
western_bluebill,Forest,forest; shrub; artificial; wetlands_lakes_marsh
red_headed_bluebill,Forest,forest; shrub; wetlands_lakes_marsh
lesser_seedcracker,Forest,forest; woodland; shrub; grasslands; artificial; riparian
crimson_seedcracker,Forest,forest; shrub; artificial; riparian; wetlands_lakes_marsh
black_bellied_seedcracker,Forest,forest; woodland; artificial; wetlands_lakes_marsh
green_winged_pytilia,Shrub,woodland; shrub; savannah; grasslands; desert; artificial
orange_winged_pytilia,Shrub,forest; woodland; shrub
red_winged_pytilia,Shrub,forest; woodland; shrub; savannah; grasslands; artificial
red_billed_pytilia,Grassland,woodland; shrub; grasslands
yellow_winged_pytilia,Savanna,forest; woodland; shrub; savannah; artificial
dybowskis_twinspot,Savanna,forest; shrub; savannah; grasslands; artificial; riparian
dusky_twinspot,Grassland,shrub; grasslands
red_throated_twinspot,Shrub,forest; shrub; grasslands; wetlands_lakes_marsh
pink_throated_twinspot,Woodland,forest; woodland; shrub; savannah
brown_twinspot,Grassland,forest; shrub; savannah; grasslands; artificial
red_billed_firefinch,Grassland,woodland; shrub; grasslands; artificial
african_firefinch,Woodland,forest; woodland; shrub; savannah; artificial
jamesons_firefinch,Grassland,woodland; shrub; grasslands; rocky_areas
mali_firefinch,Shrub,shrub; grasslands; rocky_areas
rock_firefinch,Rocky,woodland; shrub; grasslands; rocky_areas
chad_firefinch,Rocky,woodland; shrub; plains; rocky_areas; riparian
black_bellied_firefinch,Grassland,savannah; grasslands; artificial
bar_breasted_firefinch,Grassland,forest; shrub; savannah; grasslands; artificial; riparian; wetlands_lakes_marsh
brown_firefinch,Wetland,forest; shrub; artificial; riparian; wetlands_lakes_marsh
ethiopian_firefinch,Savanna,bamboo; woodland; shrub; savannah; rocky_areas; riparian
vinaceous_firefinch,Grassland,bamboo; woodland; shrub; savannah; grasslands; rocky_areas
grey_firefinch,Grassland,shrub; savannah; grasslands; rocky_areas; riparian
village_indigobird,Savanna,shrub; savannah; artificial; riparian
purple_indigobird,Shrub,woodland; shrub
jambandu_indigobird,Grassland,savannah; grasslands; artificial; wetlands_lakes_marsh
barka_indigobird,Savanna,woodland; shrub; savannah; grasslands; artificial
dusky_indigobird,Forest,forest; woodland; shrub; savannah; artificial
green_indigobird,Forest,forest; shrub
wilsons_indigobird,Grassland,forest; shrub; savannah; grasslands; artificial; riparian; wetlands_lakes_marsh
quailfinch_indigobird,Grassland,grasslands; artificial
jos_plateau_indigobird,Rocky,woodland; shrub; savannah; rocky_areas; artificial
cameroon_indigobird,Woodland,woodland; shrub; grasslands; artificial; riparian
pin_tailed_whydah,Savanna,savannah; grasslands; artificial
steel_blue_whydah,Savanna,savannah; grasslands
straw_tailed_whydah,Savanna,savannah; artificial
shaft_tailed_whydah,Savanna,shrub; savannah
long_tailed_paradise_whydah,Savanna,savannah
sahel_paradise_whydah,Savanna,woodland; shrub; savannah; rocky_areas
exclamatory_paradise_whydah,Savanna,woodland; savannah
togo_paradise_whydah,Savanna,forest; woodland; shrub; savannah; artificial
broad_tailed_paradise_whydah,Woodland,woodland
cuckoo_finch,Grassland,woodland; grasslands; artificial
olive_warbler,Forest,forest
alpine_accentor,Rocky,woodland; shrub; rocky_areas; artificial
altai_accentor,Grassland,grasslands; rocky_areas
robin_accentor,Shrub,shrub; grasslands; rocky_areas; artificial; riparian; wetlands_lakes_marsh
rufous_breasted_accentor,Forest,forest; shrub; artificial
siberian_accentor,Forest,forest; woodland; shrub; artificial; riparian
brown_accentor,Shrub,shrub; rocky_areas; artificial
raddes_accentor,Rocky,shrub; grasslands; rocky_areas
black_throated_accentor,Shrub,forest; shrub; artificial; riparian
mongolian_accentor,Shrub,shrub; rocky_areas; desert
dunnock,Shrub,forest; woodland; shrub; grasslands; artificial; riparian
japanese_accentor,Shrub,forest; shrub; grasslands; rocky_areas
maroon_backed_accentor,Forest,forest; shrub
forest_wagtail,Forest,forest; woodland; artificial; riparian; coastal; wetlands_lakes_marsh
western_yellow_wagtail,Grassland,forest; shrub; savannah; grasslands; artificial; riparian; coastal; wetlands_lakes_marsh
eastern_yellow_wagtail,Wetland,forest; grasslands; artificial; wetlands_lakes_marsh
citrine_wagtail,Wetland,shrub; grasslands; artificial; riparian; coastal; wetlands_lakes_marsh
cape_wagtail,Wetland,forest; grasslands; artificial; riparian; coastal; wetlands_lakes_marsh
madagascar_wagtail,Wetland,shrub; rocky_areas; artificial; riparian; coastal; wetlands_lakes_marsh
sao_tome_short_tail,Forest,forest; riparian
grey_wagtail,Riparian,forest; shrub; artificial; riparian; wetlands_lakes_marsh
mountain_wagtail,Riparian,rocky_areas; riparian
white_wagtail,Riparian,grasslands; rocky_areas; artificial; riparian
african_pied_wagtail,Riparian,artificial; riparian; coastal; wetlands_lakes_marsh
mekong_wagtail,Riparian,riparian
japanese_wagtail,Riparian,artificial; riparian; coastal; wetlands_lakes_marsh
white_browed_wagtail,Riparian,artificial; riparian; wetlands_lakes_marsh
golden_pipit,Grassland,shrub; grasslands
sharpes_longclaw,Grassland,grasslands
abyssinian_longclaw,Grassland,grasslands; rocky_areas; wetlands_lakes_marsh
fülleborns_longclaw,Grassland,grasslands; wetlands_lakes_marsh
cape_longclaw,Grassland,shrub; grasslands; artificial; riparian; wetlands_lakes_marsh
yellow_throated_longclaw,Grassland,woodland; shrub; grasslands; artificial; riparian; wetlands_lakes_marsh
pangani_longclaw,Grassland,shrub; savannah; grasslands
rosy_throated_longclaw,Grassland,grasslands; artificial; wetlands_lakes_marsh
grimwoods_longclaw,Grassland,grasslands; riparian
richards_pipit,Plains,grasslands; plains; artificial; riparian; wetlands_lakes_marsh
paddyfield_pipit,Plains,savannah; grasslands; plains; artificial; wetlands_lakes_marsh
australian_pipit,Grassland,grasslands; artificial
australasian_pipit,Grassland,grasslands; plains; artificial; coastal
african_pipit,Grassland,grasslands; artificial
mountain_pipit,Grassland,grasslands; rocky_areas
blyths_pipit,Rocky,grasslands; plains; rocky_areas; artificial; wetlands_lakes_marsh
tawny_pipit,Plains,forest; shrub; savannah; grasslands; plains; rocky_areas; artificial; coastal; wetlands_lakes_marsh
long_billed_pipit,Plains,woodland; shrub; plains; rocky_areas; artificial; riparian
nicholsons_pipit,Rocky,woodland; shrub; rocky_areas
woodland_pipit,Woodland,woodland; savannah
buffy_pipit,Grassland,grasslands; rocky_areas
plain_backed_pipit,Grassland,grasslands; artificial
long_legged_pipit,Grassland,forest; grasslands; artificial
meadow_pipit,Grassland,forest; shrub; grasslands; artificial; coastal; wetlands_lakes_marsh
tree_pipit,Woodland,forest; woodland; shrub; savannah; grasslands; artificial
olive_backed_pipit,Grassland,forest; shrub; grasslands; plains; rocky_areas; artificial; wetlands_lakes_marsh
pechora_pipit,Shrub,forest; woodland; shrub; grasslands; riparian; coastal; wetlands_lakes_marsh
rosy_pipit,Grassland,grasslands; artificial; wetlands_lakes_marsh
red_throated_pipit,Wetland,grasslands; artificial; riparian; coastal; wetlands_lakes_marsh
siberian_pipit,Plains,shrub; grasslands; plains; rocky_areas; artificial; wetlands_lakes_marsh
buff_bellied_pipit,Grassland,grasslands; rocky_areas; artificial; riparian; coastal; wetlands_lakes_marsh
water_pipit,Grassland,shrub; grasslands; rocky_areas; artificial; riparian; coastal; wetlands_lakes_marsh
rock_pipit,Coastal,rocky_areas; coastal; wetlands_lakes_marsh
nilgiri_pipit,Grassland,grasslands
upland_pipit,Plains,woodland; plains; artificial
berthelots_pipit,Rocky,forest; rocky_areas; artificial
striped_pipit,Woodland,woodland; shrub; rocky_areas
yellow_tufted_pipit,Rocky,shrub; grasslands; rocky_areas
short_tailed_pipit,Grassland,grasslands
bush_pipit,Woodland,woodland; savannah; grasslands
sokoke_pipit,Forest,forest
malindi_pipit,Grassland,grasslands; artificial
yellow_breasted_pipit,Grassland,savannah; grasslands
alpine_pipit,Grassland,grasslands; wetlands_lakes_marsh
madanga,Forest,forest
spragues_pipit,Grassland,grasslands; plains
yellowish_pipit,Grassland,shrub; grasslands; riparian; wetlands_lakes_marsh
peruvian_pipit,Coastal,artificial; coastal
short_billed_pipit,Grassland,savannah; grasslands
puna_pipit,Grassland,grasslands
pampas_pipit,Shrub,shrub; grasslands; riparian; wetlands_lakes_marsh
correndera_pipit,Grassland,savannah; grasslands; coastal
south_georgia_pipit,Grassland,grasslands; coastal
ochre_breasted_pipit,Grassland,savannah; grasslands; rocky_areas; artificial
hellmayrs_pipit,Grassland,grasslands; rocky_areas; artificial
paramo_pipit,Grassland,grasslands; artificial; wetlands_lakes_marsh
przevalskis_rosefinch,Shrub,shrub; riparian
common_chaffinch,Woodland,forest; woodland; artificial
african_chaffinch,Woodland,forest; woodland; grasslands; desert; artificial
azores_chaffinch,Forest,forest; woodland; artificial
madeira_chaffinch,Forest,forest
canary_islands_chaffinch,Forest,forest
tenerife_blue_chaffinch,Forest,forest
gran_canaria_blue_chaffinch,Forest,forest
brambling,Woodland,forest; woodland; shrub; grasslands; artificial
black_and_yellow_grosbeak,Forest,forest; woodland; shrub
collared_grosbeak,Forest,forest
spot_winged_grosbeak,Forest,forest
white_winged_grosbeak,Forest,forest; bamboo; shrub
evening_grosbeak,Forest,forest; woodland; shrub; artificial
hooded_grosbeak,Forest,forest; woodland; shrub; artificial
hawfinch,Woodland,forest; woodland; plains; artificial; riparian
chinese_grosbeak,Forest,forest; woodland; artificial; riparian
japanese_grosbeak,Forest,forest; woodland; artificial
pine_grosbeak,Forest,forest; woodland; shrub; artificial; wetlands_lakes_marsh
brown_bullfinch,Forest,forest
malay_bullfinch,Forest,forest
orange_bullfinch,Forest,forest
red_headed_bullfinch,Forest,forest; shrub; riparian
grey_headed_bullfinch,Forest,forest
taiwan_bullfinch,Forest,forest
white_cheeked_bullfinch,Forest,forest
eurasian_bullfinch,Forest,forest; woodland; shrub; artificial
azores_bullfinch,Forest,forest
eurasian_crimson_winged_finch,Rocky,forest; shrub; grasslands; plains; rocky_areas; artificial
african_crimson_winged_finch,Rocky,forest; shrub; plains; rocky_areas; artificial
trumpeter_finch,Desert,shrub; plains; desert
mongolian_finch,Plains,plains; rocky_areas; riparian
blanfords_rosefinch,Forest,forest
spectacled_finch,Forest,forest
gold_naped_finch,Forest,forest; bamboo; shrub
dark_breasted_rosefinch,Forest,forest; shrub; grasslands; rocky_areas; riparian
plain_mountain_finch,Grassland,forest; grasslands; artificial
brandts_mountain_finch,Rocky,grasslands; rocky_areas; riparian; wetlands_lakes_marsh
asian_rosy_finch,Grassland,grasslands; rocky_areas; artificial; riparian; coastal
grey_crowned_rosy_finch,Grassland,grasslands; rocky_areas; artificial; riparian; coastal
black_rosy_finch,Grassland,grasslands; rocky_areas; artificial; riparian; coastal
brown_capped_rosy_finch,Grassland,grasslands; rocky_areas; artificial; riparian; coastal
common_rosefinch,Forest,forest; woodland; shrub; artificial; riparian
scarlet_finch,Forest,forest; bamboo; shrub
bonin_grosbeak,Forest,forest
streaked_rosefinch,Shrub,shrub; rocky_areas; artificial
great_rosefinch,Rocky,shrub; grasslands; rocky_areas; artificial
blyths_rosefinch,Forest,forest; woodland; shrub; rocky_areas; artificial
red_mantled_rosefinch,Forest,forest; woodland; shrub; grasslands; artificial
beautiful_rosefinch,Shrub,forest; shrub; artificial
chinese_beautiful_rosefinch,Shrub,forest; shrub; grasslands; rocky_areas
pink_rumped_rosefinch,Shrub,shrub; grasslands; rocky_areas
pink_browed_rosefinch,Forest,forest; woodland; shrub; grasslands; artificial
dark_rumped_rosefinch,Forest,forest; bamboo; shrub
spot_winged_rosefinch,Shrub,forest; shrub; grasslands
sharpes_rosefinch,Forest,forest; bamboo; shrub; grasslands
vinaceous_rosefinch,Forest,forest; bamboo; shrub
taiwan_rosefinch,Forest,forest; bamboo; shrub
sinai_rosefinch,Rocky,rocky_areas; desert; artificial
pale_rosefinch,Rocky,shrub; plains; rocky_areas; artificial
tibetan_rosefinch,Rocky,rocky_areas
sillems_rosefinch,Rocky,grasslands; rocky_areas; wetlands_lakes_marsh
siberian_long_tailed_rosefinch,Shrub,woodland; shrub; grasslands; riparian; wetlands_lakes_marsh
chinese_long_tailed_rosefinch,Shrub,woodland; shrub; grasslands; riparian; wetlands_lakes_marsh
pallass_rosefinch,Forest,forest; woodland; shrub; grasslands; artificial
three_banded_rosefinch,Shrub,forest; shrub; artificial
himalayan_white_browed_rosefinch,Shrub,bamboo; shrub; grasslands
chinese_white_browed_rosefinch,Shrub,forest; shrub; grasslands; rocky_areas
red_fronted_rosefinch,Grassland,grasslands; rocky_areas
crimson_browed_finch,Shrub,forest; shrub
poo_uli,Forest,forest; shrub
oahu_alauahio,Forest,forest; shrub
kakawahie,Forest,forest
maui_alauahio,Forest,forest; savannah; artificial; coastal
akikiki,Forest,forest
laysan_finch,Shrub,shrub; grasslands
nihoa_finch,Shrub,shrub; grasslands; coastal
palila,Forest,forest
lesser_koa_finch,Forest,forest
greater_koa_finch,Forest,forest
kona_grosbeak,Forest,forest
ou,Forest,forest
lanai_hookbill,Forest,forest
iiwi,Forest,forest; woodland
hawaii_mamo,Forest,forest
black_mamo,Forest,forest
ula_ai_hawane,Forest,forest
akohekohe,Forest,forest
apapane,Forest,forest; shrub; artificial
laysan_honeycreeper,Forest,forest
greater_amakihi,Shrub,forest; shrub; artificial
hawaii_akialoa,Forest,forest
oahu_akialoa,Forest,forest
kauai_akialoa,Forest,forest
lanai_akialoa,Forest,forest
oahu_nukupuu,Forest,forest
kauai_nukupuu,Forest,forest
maui_nukupuu,Forest,forest
akiapolaau,Forest,forest; shrub
maui_parrotbill,Forest,forest
anianiau,Forest,forest
hawaii_creeper,Forest,forest; woodland
akekee,Forest,forest
hawaii_akepa,Forest,forest
oahu_akepa,Forest,forest
maui_akepa,Forest,forest
hawaii_amakihi,Forest,forest; shrub; artificial
oahu_amakihi,Forest,forest; savannah; artificial
kauai_amakihi,Forest,forest; savannah; artificial
purple_finch,Forest,forest; woodland; shrub; artificial; riparian; wetlands_lakes_marsh
cassins_finch,Forest,forest; woodland; shrub
house_finch,Shrub,woodland; shrub; savannah; rocky_areas; desert; artificial; riparian
european_greenfinch,Forest,forest; grasslands; artificial; coastal
oriental_greenfinch,Forest,forest; woodland; plains; artificial; riparian; coastal
bonin_greenfinch,Forest,forest; woodland; plains; artificial; riparian; coastal
yellow_breasted_greenfinch,Forest,forest; shrub; artificial
vietnamese_greenfinch,Forest,forest; artificial
black_headed_greenfinch,Forest,forest; shrub; artificial
desert_finch,Plains,shrub; plains; artificial
socotra_grosbeak,Shrub,shrub; rocky_areas
arabian_grosbeak,Shrub,forest; shrub; rocky_areas
somali_grosbeak,Shrub,shrub
oriole_finch,Forest,forest; shrub
principe_seedeater,Forest,forest; artificial
sao_tome_grosbeak,Forest,forest
abyssinian_citril,Shrub,forest; shrub; artificial; riparian; wetlands_lakes_marsh
yellow_browed_citril,Shrub,forest; shrub; artificial; riparian; wetlands_lakes_marsh
east_african_citril,Forest,forest; shrub; grasslands
black_faced_canary,Shrub,shrub; wetlands_lakes_marsh
papyrus_canary,Wetland,artificial; wetlands_lakes_marsh
forest_canary,Forest,forest; shrub; artificial
white_rumped_seedeater,Shrub,shrub; savannah; artificial
black_throated_canary,Savanna,forest; woodland; savannah; grasslands; artificial
yellow_rumped_seedeater,Savanna,forest; woodland; savannah; grasslands; artificial
reichenows_seedeater,Woodland,woodland; plains; artificial; riparian
arabian_serin,Shrub,forest; woodland; shrub; grasslands; rocky_areas; desert; artificial
yellow_throated_seedeater,Shrub,shrub; grasslands; rocky_areas
salvadoris_seedeater,Shrub,woodland; shrub; rocky_areas
lemon_breasted_canary,Savanna,woodland; shrub; savannah; grasslands; artificial
yellow_fronted_canary,Savanna,forest; woodland; savannah; artificial
white_bellied_canary,Shrub,forest; woodland; shrub; savannah; artificial
ankober_serin,Grassland,grasslands; rocky_areas
yemen_serin,Shrub,shrub; rocky_areas
cape_siskin,Shrub,shrub; rocky_areas; artificial; coastal
drakensberg_siskin,Shrub,shrub; grasslands; rocky_areas
northern_grosbeak_canary,Savanna,shrub; savannah; desert
southern_grosbeak_canary,Savanna,shrub; savannah; desert
yellow_canary,Shrub,shrub; coastal
brimstone_canary,Savanna,forest; woodland; shrub; savannah; grasslands; artificial; riparian; coastal; wetlands_lakes_marsh
stripe_breasted_seedeater,Grassland,woodland; shrub; grasslands
reichards_seedeater,Woodland,woodland; artificial
streaky_headed_seedeater,Woodland,woodland; shrub; savannah; artificial
west_african_seedeater,Savanna,forest; savannah; artificial; riparian
black_eared_seedeater,Woodland,woodland; artificial; coastal
brown_rumped_seedeater,Shrub,woodland; shrub; rocky_areas; artificial
white_throated_canary,Grassland,shrub; grasslands; desert; artificial; riparian
thick_billed_seedeater,Forest,forest; shrub; grasslands
streaky_seedeater,Grassland,forest; woodland; grasslands; artificial
yellow_browed_seedeater,Forest,forest; riparian
kipengere_seedeater,Forest,forest
protea_canary,Woodland,forest; woodland
twite,Grassland,shrub; grasslands
common_linnet,Woodland,woodland; shrub; grasslands; rocky_areas; artificial; coastal; wetlands_lakes_marsh
yemen_linnet,Shrub,woodland; shrub; artificial
warsangli_linnet,Shrub,forest; shrub
redpoll,Plains,forest; woodland; shrub; grasslands; plains; rocky_areas; desert; artificial; riparian; coastal; wetlands_lakes_marsh
parrot_crossbill,Forest,forest
scottish_crossbill,Forest,forest
red_crossbill,Forest,forest; artificial
cassia_crossbill,Forest,forest
two_barred_crossbill,Forest,forest
hispaniolan_crossbill,Forest,forest
mountain_serin,Grassland,forest; shrub; grasslands
mindanao_serin,Forest,forest
european_goldfinch,Woodland,forest; woodland; shrub; grasslands; plains; artificial; riparian; coastal; wetlands_lakes_marsh
grey_capped_goldfinch,Woodland,forest; woodland; shrub; grasslands; plains; artificial; riparian; wetlands_lakes_marsh
citril_finch,Forest,forest; woodland; shrub; grasslands
corsican_finch,Shrub,woodland; shrub; artificial
red_fronted_serin,Rocky,forest; shrub; grasslands; rocky_areas; artificial
european_serin,Forest,forest; shrub; artificial
syrian_serin,Forest,forest; shrub; desert; artificial
island_canary,Forest,forest; woodland; shrub; artificial
cape_canary,Grassland,shrub; grasslands; artificial
yellow_crowned_canary,Forest,forest; woodland; savannah; grasslands; artificial
ethiopian_siskin,Grassland,forest; shrub; grasslands
black_headed_canary,Shrub,shrub; grasslands; rocky_areas; artificial
tibetan_siskin,Forest,forest; shrub
lawrences_goldfinch,Woodland,woodland; shrub; artificial; riparian; coastal; wetlands_lakes_marsh
american_goldfinch,Shrub,forest; woodland; shrub; artificial
lesser_goldfinch,Woodland,forest; woodland; artificial
eurasian_siskin,Forest,forest; shrub; artificial
antillean_siskin,Forest,forest; shrub; grasslands
pine_siskin,Forest,forest; woodland; shrub; artificial
black_capped_siskin,Forest,forest; woodland; shrub; grasslands; artificial
black_headed_siskin,Forest,forest; savannah
black_chinned_siskin,Forest,forest; shrub; grasslands; artificial
yellow_bellied_siskin,Forest,forest; grasslands; artificial
olivaceous_siskin,Forest,forest
hooded_siskin,Woodland,woodland; shrub; savannah; artificial
saffron_siskin,Forest,forest; woodland; shrub; grasslands
yellow_faced_siskin,Forest,forest; woodland; shrub; artificial
red_siskin,Forest,forest; shrub; artificial
black_siskin,Grassland,woodland; shrub; grasslands; rocky_areas; artificial
yellow_rumped_siskin,Rocky,woodland; shrub; savannah; rocky_areas; artificial; riparian
thick_billed_siskin,Shrub,woodland; shrub; riparian
andean_siskin,Shrub,forest; shrub; artificial
elegant_euphonia,Forest,forest; woodland; shrub; artificial
hispaniolan_euphonia,Forest,forest; woodland; artificial
puerto_rican_euphonia,Shrub,forest; shrub; artificial
lesser_antillean_euphonia,Shrub,forest; woodland; shrub
golden_rumped_euphonia,Forest,forest; woodland; shrub; artificial
blue_naped_chlorophonia,Forest,forest; woodland; shrub
chestnut_breasted_chlorophonia,Forest,forest; shrub
yellow_collared_chlorophonia,Forest,forest; shrub
blue_crowned_chlorophonia,Forest,forest; shrub; artificial
golden_browed_chlorophonia,Forest,forest; shrub
jamaican_euphonia,Forest,forest; woodland; shrub; artificial
orange_crowned_euphonia,Shrub,forest; woodland; shrub; artificial; riparian
plumbeous_euphonia,Woodland,woodland; shrub; rocky_areas
purple_throated_euphonia,Forest,forest; woodland; shrub; artificial; riparian; coastal
finschs_euphonia,Shrub,forest; woodland; shrub; savannah; riparian
velvet_fronted_euphonia,Forest,forest; woodland; artificial; riparian
trinidad_euphonia,Woodland,woodland; shrub; savannah; artificial; riparian
west_mexican_euphonia,Woodland,woodland
scrub_euphonia,Woodland,forest; woodland; shrub; artificial; riparian
yellow_crowned_euphonia,Shrub,forest; shrub; savannah; artificial; riparian
white_lored_euphonia,Forest,forest; woodland
white_vented_euphonia,Forest,forest
green_throated_euphonia,Forest,forest; woodland; artificial
violaceous_euphonia,Forest,forest; woodland; shrub; artificial; riparian
yellow_throated_euphonia,Shrub,forest; woodland; shrub; artificial; riparian
thick_billed_euphonia,Forest,forest; woodland; shrub; artificial; riparian
spot_crowned_euphonia,Forest,forest; shrub
olive_backed_euphonia,Forest,forest; shrub; artificial
fulvous_vented_euphonia,Forest,forest; shrub
tawny_capped_euphonia,Forest,forest; woodland
orange_bellied_euphonia,Forest,forest; shrub; artificial; riparian
bronze_green_euphonia,Forest,forest; shrub
golden_sided_euphonia,Forest,forest; woodland; shrub
rufous_bellied_euphonia,Forest,forest; woodland; artificial
chestnut_bellied_euphonia,Forest,forest; woodland
thick_billed_longspur,Grassland,grasslands; artificial
lapland_longspur,Grassland,grasslands; coastal; wetlands_lakes_marsh
smiths_longspur,Grassland,shrub; grasslands; wetlands_lakes_marsh
chestnut_collared_longspur,Grassland,grasslands
snow_bunting,Rocky,plains; rocky_areas; artificial; coastal
mc_kays_bunting,Grassland,grasslands; rocky_areas
rosy_thrush_tanager,Shrub,forest; woodland; shrub; riparian
crested_bunting,Grassland,shrub; grasslands; rocky_areas; artificial
slaty_bunting,Forest,forest; bamboo; shrub; artificial
corn_bunting,Grassland,shrub; grasslands; rocky_areas; artificial
yellowhammer,Woodland,forest; woodland; shrub; artificial
pine_bunting,Forest,forest; woodland; grasslands; artificial
rock_bunting,Rocky,shrub; grasslands; rocky_areas; artificial
godlewskis_bunting,Shrub,shrub; rocky_areas; artificial
meadow_bunting,Grassland,forest; woodland; shrub; grasslands
white_capped_bunting,Grassland,woodland; shrub; grasslands; rocky_areas; artificial
jankowskis_bunting,Grassland,grasslands
grey_necked_bunting,Rocky,grasslands; rocky_areas; desert
cinereous_bunting,Rocky,shrub; grasslands; rocky_areas; desert; artificial
ortolan_bunting,Shrub,shrub; grasslands; rocky_areas; desert; artificial
cretzschmars_bunting,Rocky,savannah; grasslands; rocky_areas; desert; artificial
cirl_bunting,Shrub,woodland; shrub; grasslands; artificial
striolated_bunting,Rocky,shrub; grasslands; rocky_areas; desert; artificial
house_bunting,Artificial,rocky_areas; desert; artificial
lark_like_bunting,Rocky,woodland; shrub; grasslands; rocky_areas
cinnamon_breasted_bunting,Rocky,forest; woodland; shrub; rocky_areas; desert; artificial
grey_throated_bunting,Rocky,savannah; plains; rocky_areas
socotra_bunting,Shrub,shrub
cape_bunting,Shrub,shrub; grasslands; rocky_areas; artificial
tristrams_bunting,Forest,forest; woodland
chestnut_eared_bunting,Shrub,shrub; grasslands; artificial; riparian; wetlands_lakes_marsh
little_bunting,Forest,forest; shrub; artificial; riparian; wetlands_lakes_marsh
yellow_browed_bunting,Forest,forest; shrub
rustic_bunting,Forest,forest; woodland; shrub; artificial; riparian; wetlands_lakes_marsh
yellow_throated_bunting,Woodland,forest; woodland; artificial; riparian
yellow_breasted_bunting,Grassland,forest; shrub; grasslands; artificial; riparian; wetlands_lakes_marsh
somali_bunting,Grassland,woodland; shrub; savannah; grasslands
golden_breasted_bunting,Woodland,woodland; savannah; artificial
brown_rumped_bunting,Woodland,forest; woodland
cabaniss_bunting,Woodland,forest; woodland
chestnut_bunting,Forest,forest; woodland; artificial
tibetan_bunting,Shrub,shrub; rocky_areas
black_headed_bunting,Shrub,woodland; shrub; artificial
red_headed_bunting,Grassland,shrub; grasslands; desert; artificial
yellow_bunting,Forest,forest
black_faced_bunting,Shrub,forest; shrub; artificial; riparian
masked_bunting,Forest,forest; woodland; artificial; riparian
grey_bunting,Shrub,forest; shrub; artificial; riparian
pallass_bunting,Grassland,shrub; savannah; grasslands; riparian; wetlands_lakes_marsh
ochre_rumped_bunting,Wetland,grasslands; riparian; coastal; wetlands_lakes_marsh
reed_bunting,Wetland,forest; woodland; shrub; grasslands; artificial; wetlands_lakes_marsh
tanager_finch,Forest,forest
yellow_throated_chlorospingus,Forest,forest; woodland; riparian
orange_throated_chlorospingus,Forest,forest; woodland
short_billed_chlorospingus,Forest,forest; shrub; riparian
ashy_throated_chlorospingus,Forest,forest; shrub
sooty_capped_chlorospingus,Forest,forest; shrub
common_chlorospingus,Forest,forest; shrub
tacarcuna_chlorospingus,Forest,forest; shrub
pirre_chlorospingus,Forest,forest; bamboo; woodland; shrub
dusky_chlorospingus,Forest,forest; shrub
tumbes_sparrow,Shrub,woodland; shrub; desert; riparian; wetlands_lakes_marsh
yungas_sparrow,Shrub,forest; shrub; grasslands; artificial
chaco_sparrow,Woodland,woodland; shrub
rufous_winged_sparrow,Grassland,shrub; grasslands
cinnamon_tailed_sparrow,Shrub,shrub; artificial
stripe_headed_sparrow,Savanna,forest; shrub; savannah; grasslands
black_chested_sparrow,Shrub,shrub; desert
bridled_sparrow,Shrub,woodland; shrub; rocky_areas
botteris_sparrow,Grassland,shrub; grasslands
cassins_sparrow,Grassland,shrub; grasslands; artificial
bachmans_sparrow,Woodland,woodland; shrub
grasshopper_sparrow,Grassland,shrub; savannah; grasslands
grassland_sparrow,Grassland,shrub; savannah; grasslands; artificial
yellow_browed_sparrow,Grassland,forest; grasslands; artificial; riparian
olive_sparrow,Woodland,forest; woodland; shrub
green_backed_sparrow,Forest,forest; shrub
black_striped_sparrow,Shrub,woodland; shrub; artificial
tocuyo_sparrow,Forest,forest; woodland; shrub
five_striped_sparrow,Shrub,shrub; rocky_areas; desert
black_throated_sparrow,Plains,shrub; plains; desert
lark_sparrow,Grassland,forest; woodland; shrub; savannah; grasslands; artificial
lark_bunting,Grassland,shrub; grasslands; artificial
chipping_sparrow,Woodland,forest; woodland; shrub; savannah; artificial
clay_colored_sparrow,Shrub,forest; woodland; shrub; grasslands; riparian; wetlands_lakes_marsh
black_chinned_sparrow,Shrub,shrub; grasslands; artificial
field_sparrow,Grassland,woodland; shrub; grasslands; artificial
brewers_sparrow,Shrub,shrub; grasslands
worthens_sparrow,Shrub,shrub; grasslands
sierra_nevada_brushfinch,Forest,forest
perija_brushfinch,Forest,forest
costa_rican_brushfinch,Forest,forest; bamboo
black_headed_brushfinch,Forest,forest; shrub
caracas_brushfinch,Forest,forest
paria_brushfinch,Forest,forest
grey_browed_brushfinch,Forest,forest
white_browed_brushfinch,Forest,forest; shrub
orange_billed_sparrow,Forest,forest; woodland
black_capped_sparrow,Forest,forest; shrub; riparian
maranon_sparrow,Forest,forest; shrub; riparian
golden_winged_sparrow,Forest,forest; woodland; shrub
yellow_mandibled_sparrow,Forest,forest; shrub; artificial
pectoral_sparrow,Forest,forest; shrub
sao_francisco_sparrow,Shrub,shrub
half_collared_sparrow,Forest,forest; shrub; artificial
stripe_crowned_sparrow,Forest,forest
saffron_billed_sparrow,Woodland,woodland; shrub; riparian
green_striped_brushfinch,Forest,forest
chestnut_capped_brushfinch,Forest,forest; shrub; artificial
sooty_faced_finch,Forest,forest; riparian
olive_finch,Forest,forest; shrub
sooty_fox_sparrow,Shrub,woodland; shrub; riparian
slate_coloured_fox_sparrow,Riparian,woodland; riparian
thick_billed_fox_sparrow,Riparian,shrub; riparian
red_fox_sparrow,Shrub,forest; woodland; shrub; riparian
american_tree_sparrow,Shrub,woodland; shrub; grasslands; artificial; riparian; wetlands_lakes_marsh
volcano_junco,Grassland,forest; shrub; grasslands; wetlands_lakes_marsh
guadalupe_junco,Forest,forest; woodland; shrub; grasslands; rocky_areas; coastal
dark_eyed_junco,Woodland,woodland; shrub; grasslands; artificial
yellow_eyed_junco,Forest,forest; woodland; shrub; grasslands; artificial
bairds_junco,Woodland,forest; woodland; riparian
rufous_collared_sparrow,Shrub,shrub; grasslands; artificial
white_crowned_sparrow,Shrub,forest; woodland; shrub; grasslands; artificial; riparian; wetlands_lakes_marsh
golden_crowned_sparrow,Shrub,forest; woodland; shrub; grasslands; artificial; riparian; wetlands_lakes_marsh
harriss_sparrow,Shrub,forest; woodland; shrub; grasslands; artificial; riparian; wetlands_lakes_marsh
white_throated_sparrow,Woodland,woodland; shrub; artificial
sagebrush_sparrow,Shrub,shrub; grasslands; desert
bells_sparrow,Shrub,shrub; desert; coastal
striped_sparrow,Woodland,woodland; shrub; grasslands
vesper_sparrow,Grassland,forest; shrub; savannah; grasslands; artificial
le_contes_sparrow,Grassland,shrub; grasslands; wetlands_lakes_marsh
seaside_sparrow,Coastal,coastal; wetlands_lakes_marsh
nelsons_sparrow,Coastal,grasslands; coastal; wetlands_lakes_marsh
saltmarsh_sparrow,Coastal,grasslands; coastal; wetlands_lakes_marsh
bairds_sparrow,Grassland,shrub; grasslands; artificial
henslows_sparrow,Grassland,woodland; shrub; grasslands
savannah_sparrow,Grassland,shrub; grasslands; plains; artificial; wetlands_lakes_marsh
beldings_sparrow,Coastal,shrub; coastal
san_benito_sparrow,Shrub,shrub; coastal
large_billed_sparrow,Coastal,coastal
sierra_madre_sparrow,Grassland,grasslands; artificial
song_sparrow,Shrub,woodland; shrub; riparian; coastal
lincolns_sparrow,Wetland,woodland; shrub; grasslands; artificial; wetlands_lakes_marsh
swamp_sparrow,Wetland,woodland; shrub; grasslands; riparian; coastal; wetlands_lakes_marsh
large_footed_finch,Forest,forest; bamboo; shrub; grasslands
zapata_sparrow,Shrub,forest; woodland; shrub; coastal; wetlands_lakes_marsh
rusty_crowned_ground_sparrow,Shrub,woodland; shrub
canyon_towhee,Shrub,shrub; artificial; riparian
white_throated_towhee,Shrub,woodland; shrub; artificial
aberts_towhee,Shrub,woodland; shrub; desert; artificial; riparian
california_towhee,Shrub,shrub; artificial; riparian
white_eared_ground_sparrow,Forest,forest
grey_crowned_ground_sparrow,Forest,forest; shrub; plains
prevosts_ground_sparrow,Shrub,woodland; shrub; artificial
costa_rican_ground_sparrow,Shrub,woodland; shrub; artificial
rusty_sparrow,Woodland,forest; woodland; shrub; grasslands
rufous_crowned_sparrow,Shrub,woodland; shrub; grasslands; rocky_areas
oaxaca_sparrow,Shrub,shrub
green_tailed_towhee,Shrub,shrub; riparian
spotted_towhee,Forest,forest; woodland; shrub; artificial; riparian
socorro_towhee,Shrub,woodland
eastern_towhee,Forest,forest; woodland; shrub; artificial; riparian
bermuda_towhee,Forest,forest
collared_towhee,Woodland,woodland; shrub
rufous_capped_brushfinch,Forest,forest; shrub
white_naped_brushfinch,Forest,forest; woodland
yellow_thighed_brushfinch,Forest,forest; bamboo; shrub; grasslands; riparian
yellow_green_brushfinch,Forest,forest
moustached_brushfinch,Forest,forest; shrub
merida_brushfinch,Forest,forest; bamboo
tepui_brushfinch,Forest,forest; woodland; shrub
santa_marta_brushfinch,Forest,forest; shrub
ochre_breasted_brushfinch,Forest,forest; shrub
yellow_headed_brushfinch,Forest,forest; shrub
dusky_headed_brushfinch,Forest,forest; shrub; artificial
white_rimmed_brushfinch,Forest,forest; shrub
white_headed_brushfinch,Forest,forest; shrub; riparian
rufous_eared_brushfinch,Woodland,forest; woodland; shrub
choco_brushfinch,Shrub,forest; woodland; shrub
golden_crowned_brush_finch,Shrub,forest; woodland; shrub
slaty_brushfinch,Shrub,forest; woodland; shrub; savannah
taczanowskis_brushfinch,Shrub,forest; woodland; shrub
pale_naped_brushfinch,Forest,forest; shrub
antioquia_brushfinch,Forest,forest
yellow_breasted_brushfinch,Forest,forest; shrub
black_fronted_brushfinch,Forest,forest; shrub
white_winged_brushfinch,Shrub,woodland; shrub
cream_crowned_brushfinch,Forest,forest
pale_headed_brushfinch,Woodland,woodland; artificial
bay_crowned_brushfinch,Forest,forest; woodland; shrub
rusty_bellied_brushfinch,Woodland,woodland; shrub
apurimac_brushfinch,Forest,forest
black_spectacled_brushfinch,Forest,forest; shrub
vilcabamba_brushfinch,Forest,forest; shrub
cuzco_brushfinch,Forest,forest
black_faced_brushfinch,Forest,forest; shrub
bolivian_brushfinch,Forest,forest; shrub
fulvous_headed_brushfinch,Woodland,forest; woodland
yellow_striped_brushfinch,Forest,forest; woodland; shrub; artificial
western_chat_tanager,Forest,forest; shrub; riparian
eastern_chat_tanager,Forest,forest; shrub; riparian
black_crowned_palm_tanager,Shrub,forest; woodland; shrub; artificial; coastal
grey_crowned_palm_tanager,Forest,forest; woodland; shrub; artificial; coastal
green_tailed_warbler,Shrub,forest; shrub
white_winged_warbler,Forest,forest; woodland; shrub
puerto_rican_tanager,Forest,forest; shrub; artificial
western_spindalis,Forest,forest; woodland; shrub; coastal
hispaniolan_spindalis,Shrub,forest; woodland; shrub; artificial
puerto_rican_spindalis,Shrub,forest; woodland; shrub; artificial
jamaican_spindalis,Forest,forest; woodland; shrub
wrenthrush,Forest,forest; bamboo; riparian
yellow_headed_warbler,Forest,forest; shrub
oriente_warbler,Forest,forest; woodland; shrub
yellow_breasted_chat,Woodland,woodland; shrub
yellow_headed_blackbird,Wetland,grasslands; artificial; wetlands_lakes_marsh
bobolink,Grassland,grasslands; artificial; wetlands_lakes_marsh
western_meadowlark,Grassland,savannah; grasslands; desert; artificial
eastern_meadowlark,Grassland,shrub; savannah; grasslands; artificial
chihuahuan_meadowlark,Grassland,grasslands; desert; artificial
red_breasted_meadowlark,Grassland,shrub; savannah; grasslands; artificial
white_browed_meadowlark,Grassland,grasslands; artificial; wetlands_lakes_marsh
peruvian_meadowlark,Artificial,woodland; grasslands; desert; artificial; riparian; coastal
long_tailed_meadowlark,Grassland,shrub; grasslands
pampas_meadowlark,Grassland,grasslands
yellow_billed_cacique,Shrub,forest; bamboo; woodland; shrub; riparian; wetlands_lakes_marsh
yellow_winged_cacique,Shrub,forest; shrub; artificial; coastal
chestnut_headed_oropendola,Forest,forest; shrub; artificial; riparian
russet_backed_oropendola,Forest,forest; riparian
green_billed_oropendola,Forest,forest; woodland; artificial
dusky_green_oropendola,Forest,forest; riparian
crested_oropendola,Forest,forest; shrub; savannah; artificial; riparian
green_oropendola,Forest,forest
olive_oropendola,Forest,forest; bamboo; shrub; artificial; riparian
montezuma_oropendola,Forest,forest; shrub; artificial; riparian
black_oropendola,Forest,forest; riparian
baudo_oropendola,Forest,forest; riparian
solitary_cacique,Forest,forest; woodland; shrub; riparian
golden_winged_cacique,Forest,forest; woodland; shrub; artificial
selva_cacique,Forest,forest; shrub; riparian; wetlands_lakes_marsh
ecuadorian_cacique,Forest,forest; artificial
yellow_rumped_cacique,Forest,forest; shrub; savannah; grasslands; artificial; riparian
black_tailed_cacique,Forest,forest; shrub; savannah; artificial; riparian
scarlet_rumped_cacique,Forest,forest; artificial
pacific_cacique,Forest,forest; shrub
subtropical_cacique,Forest,forest
mountain_cacique,Forest,forest; shrub
band_tailed_cacique,Forest,forest; riparian; wetlands_lakes_marsh
casqued_cacique,Forest,forest
red_rumped_cacique,Forest,forest; shrub; riparian
scotts_oriole,Woodland,woodland; shrub; desert
yellow_backed_oriole,Forest,forest; woodland; shrub; savannah
audubons_oriole,Woodland,forest; woodland; shrub
jamaican_oriole,Forest,forest; woodland; artificial; coastal
orange_oriole,Woodland,woodland; artificial; wetlands_lakes_marsh
altamira_oriole,Woodland,forest; woodland; shrub; savannah; wetlands_lakes_marsh
yellow_oriole,Shrub,forest; woodland; shrub; artificial; riparian; coastal; wetlands_lakes_marsh
bullocks_oriole,Woodland,woodland; grasslands; desert
streak_backed_oriole,Forest,forest; woodland; shrub; desert; artificial
black_backed_oriole,Woodland,forest; woodland; artificial; riparian
baltimore_oriole,Forest,forest; woodland; grasslands; desert; artificial
yellow_tailed_oriole,Forest,forest; bamboo; shrub; artificial; riparian
spot_breasted_oriole,Woodland,woodland; shrub; artificial
white_edged_oriole,Woodland,forest; woodland; shrub; desert; riparian
campo_troupial,Shrub,woodland; shrub; artificial
venezuelan_troupial,Savanna,woodland; savannah; artificial; riparian
orange_backed_troupial,Riparian,forest; shrub; riparian
bar_winged_oriole,Forest,forest; woodland; shrub
black_vented_oriole,Woodland,woodland; shrub; desert; artificial
hooded_oriole,Woodland,forest; woodland; desert; artificial
black_cowled_oriole,Forest,forest; woodland; shrub; artificial; riparian
orchard_oriole,Woodland,forest; woodland; shrub; savannah; artificial; riparian; wetlands_lakes_marsh
fuertess_oriole,Shrub,shrub; artificial; coastal
cuban_oriole,Forest,forest; artificial
bahama_oriole,Forest,forest; artificial; coastal; wetlands_lakes_marsh
martinique_oriole,Forest,forest; woodland; artificial; coastal
puerto_rican_oriole,Forest,forest; woodland; artificial
montserrat_oriole,Forest,forest; woodland
saint_lucia_oriole,Forest,forest; woodland; shrub; artificial; coastal
hispaniolan_oriole,Forest,forest; woodland; shrub; artificial
orange_crowned_oriole,Forest,forest; woodland; wetlands_lakes_marsh
variable_oriole,Forest,forest; woodland; shrub; artificial; wetlands_lakes_marsh
epaulet_oriole,Forest,forest; woodland; artificial; riparian
moriche_oriole,Riparian,forest; artificial; riparian
jamaican_blackbird,Forest,forest; woodland
yellow_shouldered_blackbird,Coastal,forest; woodland; shrub; grasslands; artificial; coastal
tawny_shouldered_blackbird,Woodland,woodland; artificial
tricolored_blackbird,Wetland,artificial; wetlands_lakes_marsh
red_winged_blackbird,Wetland,shrub; grasslands; artificial; wetlands_lakes_marsh
red_shouldered_blackbird,Wetland,artificial; wetlands_lakes_marsh
screaming_cowbird,Grassland,shrub; grasslands; artificial
giant_cowbird,Shrub,shrub; artificial
shiny_cowbird,Grassland,shrub; grasslands; artificial; riparian; wetlands_lakes_marsh
bronzed_cowbird,Grassland,forest; woodland; grasslands; desert; artificial
bronze_brown_cowbird,Woodland,woodland; shrub; artificial; coastal
brown_headed_cowbird,Grassland,forest; woodland; grasslands; riparian
scrub_blackbird,Shrub,woodland; shrub; desert; artificial
melodious_blackbird,Forest,forest; artificial
cuban_blackbird,Artificial,woodland; artificial
rusty_blackbird,Wetland,forest; woodland; grasslands; artificial; riparian; wetlands_lakes_marsh
brewers_blackbird,Artificial,shrub; grasslands; artificial; coastal; wetlands_lakes_marsh
common_grackle,Woodland,forest; woodland; shrub; artificial; riparian; wetlands_lakes_marsh
nicaraguan_grackle,Wetland,shrub; grasslands; artificial; riparian; wetlands_lakes_marsh
carib_grackle,Woodland,woodland; shrub; artificial
greater_antillean_grackle,Artificial,woodland; savannah; artificial; coastal; wetlands_lakes_marsh
boat_tailed_grackle,Wetland,artificial; wetlands_lakes_marsh
great_tailed_grackle,Artificial,bamboo; shrub; grasslands; desert; artificial; riparian; coastal; wetlands_lakes_marsh
slender_billed_grackle,Wetland,artificial; wetlands_lakes_marsh
red_bellied_grackle,Forest,forest; shrub
velvet_fronted_grackle,Forest,forest; artificial; riparian; coastal
oriole_blackbird,Forest,forest; shrub; grasslands; artificial; riparian; wetlands_lakes_marsh
mountain_grackle,Forest,forest
golden_tufted_grackle,Forest,forest
austral_blackbird,Shrub,forest; woodland; shrub; grasslands; artificial; coastal; wetlands_lakes_marsh
scarlet_headed_blackbird,Wetland,wetlands_lakes_marsh
forbess_blackbird,Forest,forest; woodland; grasslands; artificial; wetlands_lakes_marsh
chopi_blackbird,Forest,forest; woodland; shrub; artificial
bolivian_blackbird,Shrub,shrub; grasslands; rocky_areas; artificial
greyish_baywing,Woodland,woodland; savannah; grasslands; artificial
pale_baywing,Woodland,woodland; shrub; artificial
yellow_winged_blackbird,Wetland,grasslands; artificial; wetlands_lakes_marsh
pale_eyed_blackbird,Wetland,shrub; wetlands_lakes_marsh
unicolored_blackbird,Wetland,grasslands; artificial; wetlands_lakes_marsh
chestnut_capped_blackbird,Wetland,artificial; wetlands_lakes_marsh
yellow_hooded_blackbird,Wetland,shrub; grasslands; artificial; coastal; wetlands_lakes_marsh
saffron_cowled_blackbird,Wetland,forest; bamboo; savannah; grasslands; artificial; wetlands_lakes_marsh
brown_and_yellow_marshbird,Wetland,shrub; savannah; grasslands; rocky_areas; artificial; wetlands_lakes_marsh
yellow_rumped_marshbird,Wetland,shrub; savannah; wetlands_lakes_marsh
ovenbird,Forest,forest; shrub
worm_eating_warbler,Shrub,forest; shrub; riparian
louisiana_waterthrush,Riparian,forest; woodland; shrub; riparian; wetlands_lakes_marsh
northern_waterthrush,Wetland,forest; woodland; shrub; artificial; riparian; coastal; wetlands_lakes_marsh
bachmans_warbler,Forest,forest; shrub; wetlands_lakes_marsh
golden_winged_warbler,Grassland,forest; woodland; shrub; grasslands; riparian
blue_winged_warbler,Shrub,woodland; shrub; riparian
black_and_white_warbler,Woodland,woodland; shrub
prothonotary_warbler,Woodland,forest; woodland; coastal; wetlands_lakes_marsh
swainsons_warbler,Forest,forest; shrub; wetlands_lakes_marsh
crescent_chested_warbler,Forest,forest
flame_throated_warbler,Forest,forest
tennessee_warbler,Forest,forest; woodland; shrub; artificial
orange_crowned_warbler,Shrub,woodland; shrub
colima_warbler,Forest,forest; woodland; shrub
lucys_warbler,Woodland,woodland; shrub; desert
nashville_warbler,Woodland,woodland; shrub
virginias_warbler,Shrub,forest; shrub; riparian
sempers_warbler,Forest,forest; woodland
connecticut_warbler,Forest,forest; woodland; shrub; wetlands_lakes_marsh
grey_crowned_yellowthroat,Shrub,woodland; shrub; savannah; grasslands; artificial
masked_yellowthroat,Wetland,savannah; grasslands; riparian; wetlands_lakes_marsh
chiriqui_yellowthroat,Wetland,shrub; grasslands; wetlands_lakes_marsh
black_lored_yellowthroat,Forest,forest; shrub
southern_yellowthroat,Forest,forest; woodland; shrub; savannah; grasslands; wetlands_lakes_marsh
mac_gillivrays_warbler,Forest,forest; shrub
mourning_warbler,Forest,forest; woodland; shrub
kentucky_warbler,Forest,forest; woodland; shrub; riparian
olive_crowned_yellowthroat,Wetland,shrub; grasslands; riparian; wetlands_lakes_marsh
bairds_yellowthroat,Grassland,bamboo; woodland; shrub; grasslands; riparian; wetlands_lakes_marsh
black_polled_yellowthroat,Wetland,wetlands_lakes_marsh
beldings_yellowthroat,Wetland,artificial; coastal; wetlands_lakes_marsh
bahama_yellowthroat,Woodland,woodland
altamira_yellowthroat,Wetland,riparian; wetlands_lakes_marsh
common_yellowthroat,Wetland,shrub; wetlands_lakes_marsh
hooded_yellowthroat,Shrub,shrub
whistling_warbler,Forest,forest; shrub; riparian
plumbeous_warbler,Woodland,forest; woodland; shrub
elfin_woods_warbler,Forest,forest; woodland; shrub; artificial
arrowhead_warbler,Forest,forest
hooded_warbler,Woodland,woodland; shrub; riparian
american_redstart,Woodland,woodland; shrub; coastal
kirtlands_warbler,Forest,forest; shrub
cape_may_warbler,Forest,forest; woodland; shrub; artificial
cerulean_warbler,Forest,forest; wetlands_lakes_marsh
northern_parula,Forest,forest
tropical_parula,Forest,forest; woodland; shrub; riparian
socorro_parula,Rocky,woodland; shrub; rocky_areas; coastal
magnolia_warbler,Forest,forest; woodland; shrub; artificial
bay_breasted_warbler,Forest,forest; woodland; wetlands_lakes_marsh
blackburnian_warbler,Forest,forest; woodland; shrub
american_yellow_warbler,Shrub,forest; shrub; artificial; riparian; coastal; wetlands_lakes_marsh
golden_warbler,Coastal,forest; shrub; coastal; wetlands_lakes_marsh
chestnut_sided_warbler,Forest,forest; woodland; shrub; artificial
blackpoll_warbler,Forest,forest; woodland
black_throated_blue_warbler,Woodland,forest; woodland; shrub; artificial
palm_warbler,Shrub,shrub; grasslands; artificial; wetlands_lakes_marsh
olive_capped_warbler,Forest,forest
pine_warbler,Forest,forest; shrub; grasslands; artificial
myrtle_warbler,Forest,forest; woodland; shrub; desert; artificial; coastal; wetlands_lakes_marsh
audubons_warbler,Forest,forest; woodland; shrub; desert; artificial; coastal; wetlands_lakes_marsh
goldmans_warbler,Forest,forest; woodland; shrub; desert; artificial; coastal; wetlands_lakes_marsh
yellow_throated_warbler,Forest,forest; woodland; shrub; artificial; riparian
bahama_warbler,Forest,forest
vitelline_warbler,Woodland,forest; woodland; shrub; artificial; coastal
prairie_warbler,Woodland,woodland; shrub; artificial; coastal; wetlands_lakes_marsh
adelaides_warbler,Forest,forest; shrub; artificial
barbuda_warbler,Forest,forest; woodland; shrub; coastal
saint_lucia_warbler,Forest,forest; woodland; shrub; coastal
graces_warbler,Forest,forest; savannah
black_throated_grey_warbler,Woodland,forest; woodland
townsends_warbler,Forest,forest; woodland
hermit_warbler,Forest,forest; woodland
golden_cheeked_warbler,Forest,forest; shrub
black_throated_green_warbler,Forest,forest; woodland; shrub; rocky_areas; wetlands_lakes_marsh
northern_citrine_warbler,Forest,forest; shrub
peruvian_citrine_warbler,Forest,forest
bolivian_citrine_warbler,Forest,forest; shrub
santa_marta_warbler,Shrub,forest; shrub; riparian
white_striped_warbler,Forest,forest; riparian
flavescent_warbler,Woodland,woodland; shrub; riparian
white_rimmed_warbler,Forest,forest; riparian
pale_legged_warbler,Forest,forest; shrub
black_crested_warbler,Forest,forest; bamboo; shrub
buff_rumped_warbler,Riparian,forest; riparian
southern_riverbank_warbler,Wetland,forest; riparian; wetlands_lakes_marsh
northern_riverbank_warbler,Riparian,forest; riparian
two_banded_warbler,Forest,forest; bamboo; shrub
roraiman_warbler,Forest,forest
choco_warbler,Forest,forest
cuzco_warbler,Forest,forest; shrub
white_lored_warbler,Forest,forest; shrub
grey_throated_warbler,Forest,forest; shrub
grey_and_gold_warbler,Forest,forest; shrub; riparian
russet_crowned_warbler,Forest,forest; shrub
grey_headed_warbler,Forest,forest
fan_tailed_warbler,Forest,forest; rocky_areas
rufous_capped_warbler,Shrub,forest; shrub; artificial
chestnut_capped_warbler,Forest,forest
black_cheeked_warbler,Forest,forest; bamboo; woodland; riparian
pirre_warbler,Forest,forest
golden_browed_warbler,Forest,forest
stripe_crowned_warbler,Forest,forest; woodland; shrub
yellow_crowned_warbler,Forest,forest; woodland; shrub; artificial
golden_crowned_warbler,Forest,forest; shrub; artificial
white_bellied_warbler,Forest,forest; woodland; riparian
costa_rican_warbler,Forest,forest
tacarcuna_warbler,Forest,forest
three_banded_warbler,Forest,forest; shrub; riparian
yungas_warbler,Forest,forest
three_striped_warbler,Forest,forest; shrub
canada_warbler,Forest,forest; woodland; shrub
wilsons_warbler,Woodland,woodland; shrub
red_faced_warbler,Forest,forest
red_warbler,Forest,forest
pink_headed_warbler,Forest,forest
painted_whitestart,Forest,forest
slate_throated_whitestart,Forest,forest; shrub
brown_capped_whitestart,Forest,forest; shrub
yellow_crowned_whitestart,Forest,forest; shrub
white_fronted_whitestart,Forest,forest; shrub
yellow_fronted_whitestart,Forest,forest
golden_fronted_whitestart,Forest,forest
spectacled_whitestart,Forest,forest; shrub
collared_whitestart,Forest,forest; shrub; grasslands
paria_whitestart,Forest,forest; artificial
white_faced_whitestart,Forest,forest
guaiquinima_whitestart,Forest,forest
tepui_whitestart,Forest,forest; shrub
dusky_faced_tanager,Shrub,woodland; shrub; riparian
olive_backed_tanager,Forest,forest; shrub
olive_green_tanager,Forest,forest
red_billed_pied_tanager,Forest,forest
flame_colored_tanager,Forest,forest; woodland; artificial
tooth_billed_tanager,Woodland,forest; woodland; shrub
red_tanager,Woodland,forest; woodland; shrub; savannah; riparian
hepatic_tanager,Woodland,forest; woodland; shrub; savannah
summer_tanager,Forest,forest; woodland; artificial; riparian
rose_throated_tanager,Shrub,forest; shrub
scarlet_tanager,Forest,forest; woodland; artificial
western_tanager,Woodland,forest; woodland; shrub; desert; artificial
white_winged_tanager,Forest,forest; shrub; artificial
red_headed_tanager,Forest,forest; woodland; shrub; riparian
red_hooded_tanager,Forest,forest; shrub
red_crowned_ant_tanager,Forest,forest; woodland; riparian
red_throated_ant_tanager,Forest,forest; woodland; shrub; wetlands_lakes_marsh
black_cheeked_ant_tanager,Forest,forest; woodland; riparian; coastal
sooty_ant_tanager,Forest,forest; woodland; riparian
crested_ant_tanager,Forest,forest; shrub; grasslands; riparian
carmiols_tanager,Forest,forest; riparian
yellow_lored_tanager,Forest,forest; riparian
lemon_spectacled_tanager,Forest,forest; woodland; riparian
ochre_breasted_tanager,Forest,forest; shrub
yellow_grosbeak,Forest,forest; woodland; shrub; artificial
black_thighed_grosbeak,Forest,forest; shrub
golden_grosbeak,Forest,forest; woodland; shrub; artificial
black_backed_grosbeak,Woodland,forest; woodland; shrub; artificial
rose_breasted_grosbeak,Forest,forest; woodland; shrub; artificial; riparian
black_headed_grosbeak,Forest,forest; woodland; shrub; artificial; riparian
red_breasted_chat,Forest,forest; shrub
tres_marias_chat,Woodland,woodland; shrub
grey_throated_chat,Forest,forest; shrub
rose_breasted_chat,Forest,forest; woodland; shrub; riparian
rose_bellied_chat,Forest,forest
northern_cardinal,Shrub,forest; shrub
vermilion_cardinal,Shrub,shrub; desert
pyrrhuloxia,Shrub,shrub; desert; riparian
black_faced_grosbeak,Forest,forest; shrub
yellow_green_grosbeak,Forest,forest
crimson_collared_grosbeak,Forest,forest; woodland; shrub; riparian
red_and_black_grosbeak,Forest,forest
blue_seedeater,Forest,forest; bamboo; shrub
slate_blue_seedeater,Forest,forest; woodland
ecuadorian_seedeater,Forest,forest; bamboo; woodland
blackish_blue_seedeater,Forest,forest; bamboo; woodland
carrizal_seedeater,Woodland,bamboo; woodland
dickcissel,Grassland,shrub; savannah; grasslands; artificial
glaucous_blue_grosbeak,Shrub,woodland; shrub; riparian
blue_black_grosbeak,Forest,forest; woodland; shrub; savannah; riparian; wetlands_lakes_marsh
amazonian_grosbeak,Forest,forest; shrub
ultramarine_grosbeak,Shrub,woodland; shrub; plains
blue_bunting,Forest,forest; woodland; shrub
blue_grosbeak,Woodland,forest; woodland; shrub; savannah; artificial; riparian
indigo_bunting,Shrub,woodland; shrub; savannah; artificial; riparian; wetlands_lakes_marsh
lazuli_bunting,Shrub,forest; woodland; shrub
varied_bunting,Woodland,woodland; shrub
painted_bunting,Shrub,shrub; grasslands; riparian
rose_bellied_bunting,Forest,forest; woodland; shrub
orange_breasted_bunting,Forest,forest; woodland; shrub
plushcap,Forest,forest; bamboo
coalcrest,Shrub,shrub; savannah
brown_tanager,Forest,forest; woodland
yellow_shouldered_grosbeak,Forest,forest
hooded_tanager,Forest,forest; woodland; shrub; artificial; riparian; coastal
cherry_throated_tanager,Forest,forest
blue_backed_tanager,Forest,forest
white_capped_tanager,Forest,forest; woodland
scarlet_throated_tanager,Riparian,woodland; riparian
black_masked_finch,Shrub,shrub; grasslands
great_pampa_finch,Grassland,shrub; grasslands; wetlands_lakes_marsh
pale_throated_pampa_finch,Shrub,woodland; shrub; savannah; rocky_areas
lesser_grass_finch,Wetland,grasslands; wetlands_lakes_marsh
wedge_tailed_grass_finch,Grassland,savannah; grasslands
duida_grass_finch,Grassland,grasslands
great_inca_finch,Shrub,shrub
rufous_backed_inca_finch,Shrub,shrub
grey_winged_inca_finch,Shrub,shrub; desert
buff_bridled_inca_finch,Shrub,shrub; desert
little_inca_finch,Shrub,shrub; desert
mourning_sierra_finch,Plains,forest; shrub; grasslands; plains; artificial
blue_finch,Shrub,shrub; grasslands
band_tailed_sierra_finch,Shrub,shrub; grasslands; rocky_areas
carbon_sierra_finch,Shrub,shrub
green_honeycreeper,Forest,forest; woodland; shrub; riparian
golden_collared_honeycreeper,Forest,forest; woodland; shrub
scarlet_and_white_tanager,Forest,forest; shrub
black_and_yellow_tanager,Forest,forest; shrub
sulphur_rumped_tanager,Forest,forest; woodland; shrub
scarlet_browed_tanager,Forest,forest; shrub
yellow_backed_tanager,Forest,forest; woodland; shrub; artificial
guira_tanager,Forest,forest; woodland; shrub; artificial; riparian
rufous_headed_tanager,Forest,forest; woodland; shrub; artificial
swallow_tanager,Woodland,forest; woodland; shrub; riparian
purple_honeycreeper,Forest,forest; shrub; artificial; riparian
red_legged_honeycreeper,Forest,forest; woodland; shrub; riparian
short_billed_honeycreeper,Forest,forest
shining_honeycreeper,Forest,forest
scarlet_breasted_dacnis,Forest,forest; shrub
scarlet_thighed_dacnis,Forest,forest; woodland; shrub; artificial
blue_dacnis,Shrub,forest; woodland; shrub; riparian
yellow_bellied_dacnis,Forest,forest; woodland; riparian
turquoise_dacnis,Forest,forest
black_faced_dacnis,Forest,forest; shrub; artificial
yellow_tufted_dacnis,Forest,forest; artificial
viridian_dacnis,Forest,forest; shrub
black_legged_dacnis,Forest,forest; shrub; artificial
white_bellied_dacnis,Forest,forest; shrub; grasslands
many_colored_chaco_finch,Shrub,woodland; shrub; grasslands
black_throated_saltator,Shrub,shrub
orinocan_saltator,Forest,forest; woodland; shrub; artificial; riparian
green_winged_saltator,Woodland,forest; woodland; shrub; riparian
cinnamon_bellied_saltator,Forest,forest; shrub; artificial; riparian
olive_grey_saltator,Forest,forest; woodland; shrub; artificial; riparian
bluish_grey_saltator,Shrub,shrub; artificial; riparian
streaked_saltator,Shrub,forest; woodland; shrub; artificial
lesser_antillean_saltator,Forest,forest; woodland; coastal
buff_throated_saltator,Shrub,forest; woodland; shrub; artificial
black_winged_saltator,Forest,forest; woodland; shrub
black_headed_saltator,Shrub,forest; shrub; grasslands; artificial
black_cowled_saltator,Forest,forest; shrub; riparian
black_throated_grosbeak,Forest,forest
slate_colored_grosbeak,Forest,forest; shrub
masked_saltator,Forest,forest
thick_billed_saltator,Forest,forest; woodland
golden_billed_saltator,Woodland,woodland; shrub
bananaquit,Shrub,forest; woodland; shrub; artificial; coastal
yellow_faced_grassquit,Grassland,forest; shrub; grasslands; artificial
orangequit,Forest,forest; artificial
puerto_rican_bullfinch,Forest,forest; shrub; coastal
saint_kitts_bullfinch,Forest,forest
greater_antillean_bullfinch,Forest,forest; woodland; shrub; artificial
cuban_bullfinch,Forest,forest; woodland; shrub; riparian; coastal
grand_cayman_bullfinch,Woodland,forest; woodland; artificial; wetlands_lakes_marsh
yellow_shouldered_grassquit,Forest,forest; woodland; artificial
cuban_grassquit,Shrub,forest; shrub; artificial; coastal
barbados_bullfinch,Plains,woodland; shrub; grasslands; plains; artificial
lesser_antillean_bullfinch,Forest,forest; woodland; shrub; plains; artificial; coastal
saint_lucia_black_finch,Forest,forest
black_faced_grassquit,Grassland,woodland; shrub; grasslands; artificial
sooty_grassquit,Shrub,forest; woodland; shrub; artificial
dull_colored_grassquit,Shrub,woodland; shrub; artificial
green_warbler_finch,Grassland,grasslands
grey_warbler_finch,Shrub,shrub; coastal
vegetarian_finch,Forest,forest; shrub
cocos_finch,Shrub,forest; woodland; shrub; plains; coastal
mangrove_finch,Coastal,coastal
medium_tree_finch,Forest,forest; woodland; shrub
woodpecker_finch,Forest,forest
small_tree_finch,Forest,forest; shrub; artificial
large_tree_finch,Forest,forest
small_ground_finch,Shrub,forest; shrub
sharp_beaked_ground_finch,Shrub,forest; shrub
genovesa_ground_finch,Shrub,shrub
vampire_ground_finch,Shrub,forest; shrub
espanola_cactus_finch,Shrub,forest; shrub
genovesa_cactus_finch,Shrub,shrub
large_ground_finch,Shrub,shrub
common_cactus_finch,Shrub,forest; shrub
medium_ground_finch,Shrub,forest; shrub; artificial
blue_black_grassquit,Shrub,shrub; savannah; artificial
black_and_white_tanager,Forest,forest; woodland; shrub
cone_billed_tanager,Forest,forest; shrub; riparian
rufous_crested_tanager,Forest,forest; shrub
slaty_tanager,Forest,forest; shrub
grey_headed_tanager,Forest,forest; woodland; shrub; artificial; riparian; coastal
black_goggled_tanager,Forest,forest; woodland; shrub
inti_tanager,Forest,forest; bamboo
flame_crested_tanager,Forest,forest; woodland; shrub
white_shouldered_tanager,Forest,forest; shrub
yellow_crested_tanager,Forest,forest
pileated_finch,Woodland,woodland; shrub; riparian
red_crested_finch,Shrub,woodland; shrub; artificial
fulvous_crested_tanager,Forest,forest; shrub
tawny_crested_tanager,Shrub,forest; shrub
white_lined_tanager,Shrub,forest; shrub; artificial
red_shouldered_tanager,Woodland,woodland; shrub; rocky_areas
ruby_crowned_tanager,Woodland,woodland; shrub; artificial
crimson_breasted_finch,Forest,forest; woodland; shrub
white_winged_shrike_tanager,Forest,forest; riparian
fulvous_shrike_tanager,Forest,forest
black_throated_shrike_tanager,Forest,forest
white_throated_shrike_tanager,Forest,forest; shrub
crimson_collared_tanager,Shrub,forest; shrub; artificial; riparian
flame_rumped_tanager,Shrub,shrub; artificial
lemon_rumped_tanager,Shrub,forest; shrub; artificial
scarlet_rumped_tanager,Shrub,forest; shrub; grasslands; artificial; riparian
brazilian_tanager,Shrub,forest; woodland; shrub; artificial; coastal; wetlands_lakes_marsh
crimson_backed_tanager,Shrub,forest; shrub; artificial
masked_crimson_tanager,Forest,forest; shrub; riparian
huallaga_tanager,Shrub,forest; shrub; artificial; riparian
silver_beaked_tanager,Shrub,woodland; shrub; artificial; riparian
lessons_seedeater,Shrub,shrub; grasslands
lined_seedeater,Shrub,woodland; shrub; savannah
cinnamon_rumped_seedeater,Grassland,shrub; grasslands; artificial; wetlands_lakes_marsh
white_collared_seedeater,Grassland,savannah; grasslands; wetlands_lakes_marsh
black_seedeater,Shrub,shrub; artificial
black_breasted_seedeater,Shrub,shrub; grasslands; artificial
grey_seedeater,Shrub,woodland; shrub; savannah; grasslands; artificial; riparian
wing_barred_seedeater,Shrub,forest; shrub; grasslands; artificial; riparian; coastal
caqueta_seedeater,Riparian,forest; shrub; artificial; riparian
white_naped_seedeater,Forest,forest; woodland; savannah; rocky_areas; riparian
black_and_white_seedeater,Shrub,shrub; grasslands; artificial
double_collared_seedeater,Shrub,shrub; artificial
yellow_bellied_seedeater,Shrub,shrub; savannah; grasslands; artificial
duboiss_seedeater,Shrub,shrub; grasslands
thick_billed_seed_finch,Grassland,forest; shrub; grasslands; wetlands_lakes_marsh
chestnut_bellied_seed_finch,Shrub,forest; woodland; shrub
nicaraguan_seed_finch,Shrub,shrub; grasslands; artificial; wetlands_lakes_marsh
great_billed_seed_finch,Wetland,shrub; grasslands; riparian; wetlands_lakes_marsh
large_billed_seed_finch,Wetland,shrub; grasslands; artificial; riparian; wetlands_lakes_marsh
black_billed_seed_finch,Grassland,grasslands; rocky_areas; wetlands_lakes_marsh
slate_colored_seedeater,Forest,forest; bamboo; shrub; artificial
temmincks_seedeater,Woodland,forest; bamboo; woodland
buffy_fronted_seedeater,Forest,forest; bamboo; shrub
plumbeous_seedeater,Grassland,woodland; shrub; grasslands; riparian
tropeiro_seedeater,Grassland,shrub; grasslands
rusty_collared_seedeater,Grassland,shrub; grasslands; wetlands_lakes_marsh
white_throated_seedeater,Shrub,woodland; shrub
white_bellied_seedeater,Shrub,forest; shrub; riparian; wetlands_lakes_marsh
parrot_billed_seedeater,Shrub,shrub; artificial; riparian
chestnut_throated_seedeater,Shrub,shrub; grasslands; artificial
drab_seedeater,Shrub,shrub; artificial; riparian
chestnut_bellied_seedeater,Shrub,shrub; artificial; riparian; wetlands_lakes_marsh
ruddy_breasted_seedeater,Shrub,woodland; shrub; grasslands; artificial
copper_seedeater,Shrub,shrub; savannah; grasslands
black_and_tawny_seedeater,Grassland,shrub; grasslands
tawny_bellied_seedeater,Grassland,shrub; grasslands; wetlands_lakes_marsh
dark_throated_seedeater,Grassland,shrub; grasslands
ibera_seedeater,Grassland,grasslands; wetlands_lakes_marsh
pearly_bellied_seedeater,Shrub,shrub; savannah; grasslands
rufous_rumped_seedeater,Wetland,wetlands_lakes_marsh
chestnut_seedeater,Shrub,shrub; grasslands; wetlands_lakes_marsh
marsh_seedeater,Grassland,grasslands; wetlands_lakes_marsh
black_bellied_seedeater,Shrub,shrub; grasslands; wetlands_lakes_marsh
cinereous_finch,Shrub,woodland; shrub; desert
slender_billed_finch,Shrub,woodland; shrub; riparian
grey_hooded_tanager,Forest,forest; shrub
golden_bellied_tanager,Forest,forest
black_headed_hemispingus,Forest,forest; shrub
drab_hemispingus,Forest,forest; shrub
bolivian_warbling_finch,Woodland,forest; woodland; shrub
cinnamon_warbling_finch,Grassland,shrub; grasslands
black_and_rufous_warbling_finch,Savanna,shrub; savannah; wetlands_lakes_marsh
black_and_chestnut_warbling_finch,Shrub,forest; woodland; shrub; artificial
collared_warbling_finch,Shrub,shrub; desert; artificial
rufous_breasted_warbling_finch,Woodland,woodland; shrub
tucuman_mountain_finch,Woodland,woodland; shrub; riparian
cochabamba_mountain_finch,Woodland,woodland; shrub
slaty_backed_hemispingus,Forest,forest; bamboo; shrub; grasslands
rufous_browed_hemispingus,Forest,forest; bamboo; shrub
grey_capped_hemispingus,Forest,forest; bamboo
black_capped_hemispingus,Forest,forest; bamboo
white_browed_hemispingus,Forest,forest; bamboo
orange_browed_hemispingus,Forest,forest; bamboo; shrub
parodis_hemispingus,Forest,forest; bamboo
oleaginous_hemispingus,Forest,forest; shrub
black_eared_hemispingus,Forest,forest; bamboo; shrub
western_hemispingus,Forest,forest
piura_hemispingus,Forest,forest; bamboo; woodland
fulvous_headed_tanager,Forest,forest; woodland; shrub; artificial
buff_bellied_tanager,Shrub,shrub; riparian
orange_headed_tanager,Woodland,forest; woodland; shrub; artificial; riparian
chestnut_headed_tanager,Forest,forest; bamboo; shrub
rust_and_yellow_tanager,Shrub,forest; shrub
superciliaried_hemispingus,Forest,forest; woodland
rufous_chested_tanager,Shrub,forest; woodland; shrub
brown_flanked_tanager,Shrub,forest; shrub; artificial
bay_chested_warbling_finch,Forest,forest; woodland; shrub
long_tailed_reed_finch,Wetland,shrub; wetlands_lakes_marsh
white_rumped_tanager,Shrub,woodland; shrub; savannah; artificial
rufous_sided_warbling_finch,Shrub,shrub
chestnut_breasted_mountain_finch,Woodland,woodland; shrub
black_backed_bush_tanager,Woodland,woodland; shrub
pardusco,Forest,forest; woodland; shrub
buff_breasted_warbling_finch,Forest,forest
grey_breasted_warbling_finch,Riparian,forest; woodland; riparian
rusty_browed_warbling_finch,Woodland,woodland
plain_tailed_warbling_finch,Woodland,woodland; shrub
ringed_warbling_finch,Shrub,woodland; shrub
black_breasted_warbling_finch,Woodland,forest; woodland; shrub
three_striped_hemispingus,Forest,forest; shrub
black_capped_warbling_finch,Woodland,woodland; shrub
cinereous_warbling_finch,Woodland,woodland; shrub; grasslands
pearly_breasted_conebill,Riparian,forest; woodland; riparian
bicolored_conebill,Coastal,shrub; riparian; coastal
chestnut_vented_conebill,Woodland,forest; woodland; shrub; riparian
white_eared_conebill,Woodland,woodland; shrub; riparian
capped_conebill,Forest,forest
giant_conebill,Woodland,woodland
blue_backed_conebill,Forest,forest
white_browed_conebill,Forest,forest; shrub
tamarugo_conebill,Shrub,forest; shrub; artificial; riparian
rufous_browed_conebill,Forest,forest; woodland; shrub
cinereous_conebill,Shrub,woodland; shrub; artificial; riparian
stripe_tailed_yellow_finch,Grassland,shrub; savannah; grasslands
sulphur_throated_finch,Shrub,shrub; grasslands; desert
bright_rumped_yellow_finch,Grassland,grasslands; rocky_areas
saffron_finch,Shrub,woodland; shrub; savannah; artificial; riparian
orange_fronted_yellow_finch,Shrub,shrub; savannah; artificial; riparian
grassland_yellow_finch,Grassland,savannah; grasslands; artificial; coastal
citron_headed_yellow_finch,Shrub,shrub; grasslands; artificial
patagonian_yellow_finch,Grassland,shrub; grasslands
greenish_yellow_finch,Shrub,shrub; grasslands
monte_yellow_finch,Shrub,shrub
greater_yellow_finch,Grassland,grasslands; rocky_areas; artificial
raimondis_yellow_finch,Rocky,shrub; rocky_areas; artificial
puna_yellow_finch,Grassland,shrub; grasslands; artificial
grey_hooded_sierra_finch,Grassland,forest; woodland; shrub; grasslands; rocky_areas; desert; wetlands_lakes_marsh
patagonian_sierra_finch,Forest,forest; bamboo; shrub; artificial
black_hooded_sierra_finch,Shrub,forest; shrub; grasslands; artificial; wetlands_lakes_marsh
peruvian_sierra_finch,Shrub,shrub; rocky_areas; artificial
inaccessible_island_finch,Shrub,shrub; grasslands
wilkinss_finch,Shrub,shrub; grasslands
nightingale_island_finch,Coastal,shrub; grasslands; coastal; wetlands_lakes_marsh
gough_island_finch,Shrub,shrub; grasslands
white_bridled_finch,Grassland,grasslands; artificial
yellow_bridled_finch,Grassland,grasslands; coastal
ash_breasted_sierra_finch,Grassland,forest; woodland; shrub; grasslands; rocky_areas; desert; artificial
plumbeous_sierra_finch,Grassland,forest; grasslands; rocky_areas
uniform_finch,Forest,forest; bamboo
slaty_finch,Forest,forest; shrub; grasslands
peg_billed_finch,Forest,forest; bamboo; grasslands
streaked_dacnis,Woodland,woodland
tit_like_dacnis,Forest,forest; woodland; shrub
red_backed_sierra_finch,Grassland,forest; grasslands
white_throated_sierra_finch,Grassland,grasslands; rocky_areas
glacier_finch,Grassland,forest; grasslands; rocky_areas; wetlands_lakes_marsh; other
boulder_finch,Grassland,grasslands; rocky_areas
band_tailed_seedeater,Artificial,shrub; grasslands; artificial
plain_colored_seedeater,Grassland,shrub; grasslands
paramo_seedeater,Shrub,shrub
deep_blue_flowerpiercer,Forest,forest
bluish_flowerpiercer,Forest,forest; shrub
masked_flowerpiercer,Forest,forest; shrub
indigo_flowerpiercer,Forest,forest; shrub
rusty_flowerpiercer,Woodland,forest; woodland; shrub; artificial
slaty_flowerpiercer,Forest,forest; shrub; grasslands
cinnamon_bellied_flowerpiercer,Shrub,forest; shrub; grasslands; artificial
moustached_flowerpiercer,Forest,forest; woodland; shrub; grasslands
glossy_flowerpiercer,Shrub,forest; shrub
chestnut_bellied_flowerpiercer,Shrub,forest; shrub; savannah
scaled_flowerpiercer,Forest,forest; shrub
greater_flowerpiercer,Forest,forest; shrub
venezuelan_flowerpiercer,Forest,forest; shrub
white_sided_flowerpiercer,Shrub,forest; shrub; artificial
grey_bellied_flowerpiercer,Forest,forest; shrub
black_throated_flowerpiercer,Shrub,woodland; shrub; riparian
merida_flowerpiercer,Forest,forest; shrub
black_flowerpiercer,Shrub,forest; shrub; artificial
vermilion_tanager,Forest,forest; shrub
purplish_mantled_tanager,Forest,forest; woodland; shrub
yellow_throated_tanager,Forest,forest; shrub
golden_collared_tanager,Forest,forest; bamboo; shrub; grasslands
yellow_scarfed_tanager,Forest,forest; shrub
golden_crowned_tanager,Forest,forest; shrub
fawn_breasted_tanager,Forest,forest; woodland; shrub; grasslands; artificial; coastal
blue_and_yellow_tanager,Forest,forest; woodland; shrub; artificial; riparian
green_mantled_tanager,Forest,forest; woodland; shrub; artificial
rufous_bellied_mountain_tanager,Forest,forest; woodland; shrub
carrikers_mountain_tanager,Forest,forest; bamboo
buff_breasted_mountain_tanager,Forest,forest; bamboo; woodland; shrub
streak_crowned_mountain_tanager,Forest,forest; bamboo
chestnut_bellied_mountain_tanager,Forest,forest; shrub
hooded_mountain_tanager,Forest,forest; woodland; shrub
blue_capped_tanager,Shrub,forest; woodland; shrub; artificial
masked_mountain_tanager,Forest,forest; shrub; grasslands
grass_green_tanager,Forest,forest; woodland
black_chested_mountain_tanager,Forest,forest
golden_backed_mountain_tanager,Forest,forest
blue_winged_mountain_tanager,Forest,forest; woodland
bolivian_mountain_tanager,Forest,forest
black_chinned_mountain_tanager,Forest,forest; shrub
santa_marta_mountain_tanager,Forest,forest; woodland; shrub; grasslands
fire_bellied_mountain_tanager,Shrub,forest; woodland; shrub
scarlet_bellied_mountain_tanager,Forest,forest; woodland; shrub; artificial
lacrimose_mountain_tanager,Forest,forest; woodland; grasslands
glistening_green_tanager,Forest,forest; shrub
multicolored_tanager,Forest,forest; shrub
orange_eared_tanager,Forest,forest; shrub
blue_throated_tanager,Forest,forest; shrub
orange_throated_tanager,Forest,forest
yellow_green_tanager,Forest,forest; shrub
blue_and_gold_tanager,Forest,forest; shrub
gold_ringed_tanager,Forest,forest
moss_backed_tanager,Forest,forest; shrub
golden_chested_tanager,Forest,forest; shrub
black_and_gold_tanager,Forest,forest
grey_crested_finch,Shrub,shrub; desert; artificial; riparian
black_crested_finch,Shrub,shrub
white_banded_tanager,Shrub,woodland; shrub; grasslands
diuca_finch,Shrub,shrub; desert; artificial
yellow_cardinal,Forest,forest; woodland
diademed_tanager,Forest,forest; woodland; artificial; riparian
magpie_tanager,Woodland,forest; woodland; shrub; artificial; riparian
black_faced_tanager,Shrub,shrub; riparian; coastal; wetlands_lakes_marsh
cinnamon_tanager,Shrub,shrub; grasslands; artificial; riparian
red_crested_cardinal,Shrub,shrub; grasslands; artificial; riparian; wetlands_lakes_marsh
red_cowled_cardinal,Shrub,woodland; shrub
crimson_fronted_cardinal,Riparian,forest; shrub; artificial; riparian
yellow_billed_cardinal,Wetland,grasslands; riparian; wetlands_lakes_marsh
masked_cardinal,Forest,forest; savannah
red_capped_cardinal,Forest,forest; shrub; artificial; riparian
dotted_tanager,Forest,forest; shrub; artificial
rufous_throated_tanager,Forest,forest; shrub
spotted_tanager,Forest,forest; shrub; artificial
speckled_tanager,Forest,forest; shrub; artificial
yellow_bellied_tanager,Forest,forest; shrub
golden_naped_tanager,Forest,forest; shrub; grasslands
rusty_naped_tanager,Forest,forest; shrub
azure_rumped_tanager,Forest,forest
grey_and_gold_tanager,Forest,forest; shrub
blue_grey_tanager,Woodland,forest; woodland; shrub; artificial; riparian
sayaca_tanager,Woodland,forest; woodland; shrub; artificial; riparian
glaucous_tanager,Forest,forest; woodland; artificial
azure_shouldered_tanager,Forest,forest; woodland
yellow_winged_tanager,Forest,forest; woodland; shrub; artificial; riparian
golden_chevroned_tanager,Forest,forest; shrub; artificial
palm_tanager,Woodland,forest; woodland; shrub; artificial; riparian
black_headed_tanager,Shrub,woodland; shrub
black_hooded_tanager,Forest,forest; shrub
silver_backed_tanager,Forest,forest; shrub
sira_tanager,Forest,forest
straw_backed_tanager,Forest,forest
black_capped_tanager,Forest,forest; shrub
golden_hooded_tanager,Forest,forest; woodland; shrub; artificial
blue_necked_tanager,Forest,forest; woodland; shrub; artificial; riparian
masked_tanager,Forest,forest; woodland; shrub; artificial
black_backed_tanager,Forest,forest; woodland; shrub; grasslands; riparian; coastal
chestnut_backed_tanager,Forest,forest; woodland; shrub; artificial
green_capped_tanager,Forest,forest; shrub
scrub_tanager,Shrub,forest; woodland; shrub; artificial
burnished_buff_tanager,Shrub,forest; woodland; shrub; grasslands; artificial; riparian
stripe_bellied_tanager,Artificial,woodland; shrub; savannah; artificial; riparian
grenada_tanager,Forest,forest; woodland; shrub; artificial
saint_vincent_tanager,Forest,forest; woodland; shrub; artificial
blue_and_black_tanager,Forest,forest; shrub
spot_bellied_tanager,Forest,forest; shrub
beryl_spangled_tanager,Forest,forest; shrub
spangle_cheeked_tanager,Forest,forest; shrub
green_naped_tanager,Forest,forest
blue_browed_tanager,Forest,forest; shrub
rufous_cheeked_tanager,Forest,forest; woodland; riparian
metallic_green_tanager,Woodland,forest; woodland
bay_headed_tanager,Forest,forest; shrub; artificial
rufous_winged_tanager,Forest,forest; shrub
golden_eared_tanager,Forest,forest
saffron_crowned_tanager,Forest,forest; shrub
flame_faced_tanager,Forest,forest; shrub
yellow_faced_tanager,Forest,forest
blue_whiskered_tanager,Forest,forest; shrub; artificial
green_and_gold_tanager,Forest,forest; shrub; artificial; riparian
chestnut_breasted_tanager,Forest,forest; shrub
golden_tanager,Forest,forest
emerald_tanager,Forest,forest; shrub
silver_throated_tanager,Forest,forest; shrub
seven_colored_tanager,Forest,forest; shrub; coastal
green_headed_tanager,Forest,forest; shrub; artificial
red_necked_tanager,Forest,forest; shrub; artificial
brassy_breasted_tanager,Forest,forest; woodland; shrub; artificial
gilt_edged_tanager,Forest,forest; woodland
plain_colored_tanager,Forest,forest; woodland; shrub; artificial; riparian
turquoise_tanager,Forest,forest; shrub; artificial; riparian
white_bellied_tanager,Forest,forest; shrub; coastal
paradise_tanager,Forest,forest
opal_crowned_tanager,Forest,forest; artificial
opal_rumped_tanager,Forest,forest; shrub; artificial
silver_breasted_tanager,Forest,forest
