key,paper,bmp,response_class,response_var,treatment,control,sign,treatment_control_flag,response_flag,response_flag_notes,species,link,error_class,xbar_e,n_e,sd_e,se_e,lcl_e,ucl_e,xbar_c,n_c,sd_c,se_c,lcl_c,ucl_c,notes,baseline_survival,beta_is_derived,survival_scale
ECNPR7UT,Adams et al. 2013,prescribed_fire,abundance,nest density,2-year post-burn field,Control field,1,apples,0,NA,dickcissel,NA,standard_error,0.75,5,NA,0.46,NA,NA,0.77,31,NA,0.22,NA,NA,"nest_success was also evaluated, but I do not think in a usable way",NA,NA,NA
ECNPR7UT,Adams et al. 2013,prescribed_fire,abundance,nest density,2-year post-burn field,Control field,1,apples,0,NA,red_winged_blackbird,NA,standard_error,0.92,5,NA,0.59,NA,NA,1.06,31,NA,0.37,NA,NA,"nest_success was also evaluated, but I do not think in a usable way",NA,NA,NA
ECNPR7UT,Adams et al. 2013,prescribed_fire,abundance,nest density,1-year post-burn field,Control field,1,apples,0,NA,dickcissel,NA,standard_error,0.27,5,NA,0.27,NA,NA,0.53,31,NA,0.14,NA,NA,"nest_success was also evaluated, but I do not think in a usable way",NA,NA,NA
ECNPR7UT,Adams et al. 2013,prescribed_fire,abundance,nest density,1-year post-burn field,Control field,1,apples,0,NA,red_winged_blackbird,NA,standard_error,2.39,5,NA,1.84,NA,NA,1.04,31,NA,0.35,NA,NA,"nest_success was also evaluated, but I do not think in a usable way",NA,NA,NA
N87HY4T4,Allen et al. 2019,manage_in_patches,abundance,abundance 2014,Refugia post-harvest of neighboring field,Refugia pre-harvest of neighboring field,1,apples,0,NA,bobolink,NA,standard_error,9.72,5,NA,2.32,NA,NA,0.07,5,NA,0.07,NA,NA,Pretty cool way to test the manage_in_patches idea!,NA,NA,NA
N87HY4T4,Allen et al. 2019,manage_in_patches,abundance,abundance 2015,Refugia post-harvest of neighboring field,Refugia pre-harvest of neighboring field,1,apples,0,NA,bobolink,NA,standard_error,3.57,5,NA,2.19,NA,NA,0,5,NA,0,NA,NA,Pretty cool way to test the manage_in_patches idea!,NA,NA,NA
N87HY4T4,Allen et al. 2019,manage_in_patches,abundance,abundance 2016,Refugia post-harvest of neighboring field,Refugia pre-harvest of neighboring field,1,apples,0,NA,bobolink,NA,standard_error,6.17,5,NA,4.92,NA,NA,0.15,5,NA,0.15,NA,NA,Pretty cool way to test the manage_in_patches idea!,NA,NA,NA
N87HY4T4,Allen et al. 2019,manage_in_patches,abundance,abundance 2014,Refugia post-harvest of neighboring field,Refugia pre-harvest of neighboring field,1,apples,0,NA,grasshopper_sparrow,NA,standard_error,1.61,5,NA,0.68,NA,NA,0.08,5,NA,0.08,NA,NA,Pretty cool way to test the manage_in_patches idea!,NA,NA,NA
N87HY4T4,Allen et al. 2019,manage_in_patches,abundance,abundance 2015,Refugia post-harvest of neighboring field,Refugia pre-harvest of neighboring field,1,apples,0,NA,grasshopper_sparrow,NA,standard_error,7.08,5,NA,2.36,NA,NA,0.36,5,NA,0.36,NA,NA,Pretty cool way to test the manage_in_patches idea!,NA,NA,NA
N87HY4T4,Allen et al. 2019,manage_in_patches,abundance,abundance 2016,Refugia post-harvest of neighboring field,Refugia pre-harvest of neighboring field,1,apples,0,NA,grasshopper_sparrow,NA,standard_error,5.3,5,NA,1.57,NA,NA,0.6,5,NA,0.39,NA,NA,Pretty cool way to test the manage_in_patches idea!,NA,NA,NA
N87HY4T4,Allen et al. 2019,manage_in_patches,abundance,abundance 2014,Refugia post-harvest of neighboring field,Refugia pre-harvest of neighboring field,1,apples,0,NA,eastern_meadowlark,NA,standard_error,0.23,5,NA,0.16,NA,NA,0.74,5,NA,0.27,NA,NA,Pretty cool way to test the manage_in_patches idea!,NA,NA,NA
N87HY4T4,Allen et al. 2019,manage_in_patches,abundance,abundance 2015,Refugia post-harvest of neighboring field,Refugia pre-harvest of neighboring field,1,apples,0,NA,eastern_meadowlark,NA,standard_error,1.32,5,NA,0.81,NA,NA,0.49,5,NA,0.33,NA,NA,Pretty cool way to test the manage_in_patches idea!,NA,NA,NA
N87HY4T4,Allen et al. 2019,manage_in_patches,abundance,abundance 2016,Refugia post-harvest of neighboring field,Refugia pre-harvest of neighboring field,1,apples,0,NA,eastern_meadowlark,NA,standard_error,0.33,5,NA,0.2,NA,NA,0.48,5,NA,0.48,NA,NA,Pretty cool way to test the manage_in_patches idea!,NA,NA,NA
RI9YTV8X,Bakker and Higgins 2009,plant_nwsg,abundance,density,NWSG grass mix,CSG grass mix,1,apples,0,NA,dickcissel,NA,standard_deviation,9.6,26,5.6,NA,NA,NA,36.8,19,16.2,NA,NA,NA,"Looks like SD, but was no readable?",NA,NA,NA
RI9YTV8X,Bakker and Higgins 2009,plant_nwsg,abundance,abundance,NWSG grass mix,CSG grass mix,1,apples,0,NA,grasshopper_sparrow,NA,standard_deviation,53.8,26,16.6,NA,NA,NA,26.3,19,13.4,NA,NA,NA,"Looks like SD, but was no readable?",NA,NA,NA
RI9YTV8X,Bakker and Higgins 2009,plant_nwsg,abundance,density,NWSG grass mix,CSG grass mix,1,apples,0,NA,savannah_sparrow,NA,standard_deviation,21.2,26,6.9,NA,NA,NA,15.8,19,7.7,NA,NA,NA,"Looks like SD, but was no readable?",NA,NA,NA
RI9YTV8X,Bakker and Higgins 2009,plant_nwsg,abundance,density,NWSG grass mix,CSG grass mix,1,apples,0,NA,red_winged_blackbird,NA,standard_deviation,55.8,26,14.8,NA,NA,NA,81.6,19,15.9,NA,NA,NA,"Looks like SD, but was no readable?",NA,NA,NA
RI9YTV8X,Bakker and Higgins 2009,plant_nwsg,abundance,density,NWSG grass mix,CSG grass mix,1,apples,0,NA,bobolink,NA,standard_deviation,65.4,26,8.1,NA,NA,NA,50,19,13.7,NA,NA,NA,"Looks like SD, but was no readable?",NA,NA,NA
RI9YTV8X,Bakker and Higgins 2009,plant_nwsg,abundance,density,NWSG grass mix,CSG grass mix,1,apples,0,NA,western_meadowlark,NA,standard_deviation,44.2,26,14.2,NA,NA,NA,23.7,19,11.1,NA,NA,NA,"Looks like SD, but was no readable?",NA,NA,NA
3NTX2A2K,Benson et al. 2011,prescribed_fire,abundance,density,Year of burn,Unburned,1,apples,0,NA,red_winged_blackbird,NA,standard_error,0.64,10,NA,0.13,NA,NA,1.19,10,NA,0.24,NA,NA,NA,NA,NA,NA
3NTX2A2K,Benson et al. 2011,prescribed_fire,abundance,density,1-year post-burn,Unburned,1,apples,0,NA,red_winged_blackbird,NA,standard_error,0.24,4,NA,0.06,NA,NA,0.92,9,NA,0.21,NA,NA,NA,NA,NA,NA
3NTX2A2K,Benson et al. 2011,prescribed_fire,abundance,density,Year of burn,Unburned,1,apples,0,NA,dickcissel,NA,standard_error,0.68,10,NA,0.17,NA,NA,0.7,10,NA,0.15,NA,NA,NA,NA,NA,NA
3NTX2A2K,Benson et al. 2011,prescribed_fire,abundance,density,1-year post-burn,Unburned,1,apples,0,NA,dickcissel,NA,standard_error,0.58,4,NA,0.12,NA,NA,0.75,9,NA,0.17,NA,NA,NA,NA,NA,NA
3NTX2A2K,Benson et al. 2011,prescribed_fire,abundance,density,Year of burn,Unburned,1,apples,0,NA,common_yellowthroat,NA,standard_error,0.06,10,NA,0.02,NA,NA,0.43,10,NA,0.11,NA,NA,NA,NA,NA,NA
3NTX2A2K,Benson et al. 2011,prescribed_fire,abundance,density,1-year post-burn,Unburned,1,apples,0,NA,common_yellowthroat,NA,standard_error,0.03,4,NA,0.03,NA,NA,0.15,9,NA,0.07,NA,NA,NA,NA,NA,NA
3NTX2A2K,Benson et al. 2011,prescribed_fire,abundance,density,Year of burn,Unburned,1,apples,0,NA,american_goldfinch,NA,standard_error,0.1,10,NA,0.03,NA,NA,0.1,10,NA,0.03,NA,NA,NA,NA,NA,NA
3NTX2A2K,Benson et al. 2011,prescribed_fire,abundance,density,1-year post-burn,Unburned,1,apples,0,NA,american_goldfinch,NA,standard_error,0.03,4,NA,0.03,NA,NA,0.07,9,NA,0.04,NA,NA,NA,NA,NA,NA
3NTX2A2K,Benson et al. 2011,prescribed_fire,abundance,density,Year of burn,Unburned,1,apples,0,NA,grasshopper_sparrow,NA,standard_error,0.06,10,NA,0.06,NA,NA,0,10,NA,0,NA,NA,NA,NA,NA,NA
3NTX2A2K,Benson et al. 2011,prescribed_fire,abundance,density,1-year post-burn,Unburned,1,apples,0,NA,grasshopper_sparrow,NA,standard_error,0.06,4,NA,0.04,NA,NA,0.02,9,NA,0.01,NA,NA,NA,NA,NA,NA
3NTX2A2K,Benson et al. 2011,prescribed_fire,species_richness,species_richness,Year of burn,Unburned,1,apples,0,NA,all_species,NA,standard_error,5.7,10,NA,0.33,NA,NA,5.8,10,NA,0.39,NA,NA,NA,NA,NA,NA
3NTX2A2K,Benson et al. 2011,prescribed_fire,species_richness,species_richness,1-year post-burn,Unburned,1,apples,0,NA,all_species,NA,standard_error,4,4,NA,0.41,NA,NA,5,9,NA,0.67,NA,NA,NA,NA,NA,NA
U3SWA47K,Berges et al. 2010,stream_exclusion_and_buffers,species_richness,species_richness,Riparian buffer (2 yr.),pasture,1,apples,0,NA,all_species,NA,standard_error,18.5,4,NA,0.5,NA,NA,11.5,4,NA,0.5,NA,NA,Estimated from plot; sites were measured before and after buffer plantings,NA,NA,NA
U3SWA47K,Berges et al. 2010,stream_exclusion_and_buffers,species_richness,species_richness,Riparian buffer (2 yr.),crop,1,apples,0,NA,all_species,NA,standard_error,18.5,4,NA,0.5,NA,NA,14.5,4,NA,0.5,NA,NA,Estimated from plot; sites were measured before and after buffer plantings,NA,NA,NA
U3SWA47K,Berges et al. 2010,stream_exclusion_and_buffers,abundance,abundance,Riparian buffer (2 yr.),pasture,1,apples,0,NA,all_species,NA,standard_error,43,4,NA,2,NA,NA,26,4,NA,2,NA,NA,Estimated from plot; sites were measured before and after buffer plantings,NA,NA,NA
U3SWA47K,Berges et al. 2010,stream_exclusion_and_buffers,abundance,abundance,Riparian buffer (2 yr.),crop,1,apples,0,NA,all_species,NA,standard_error,43,4,NA,2,NA,NA,25,4,NA,1.5,NA,NA,Estimated from plot; sites were measured before and after buffer plantings,NA,NA,NA
55UE5VCT,Blank et al. 2011,stream_exclusion_and_buffers,species_richness,species_richness,filter strips,non-buffered field edges,1,apples,0,NA,breeding_species,NA,confidence_intervals,4.6,67,NA,NA,3.9,5.3,1.9,15,NA,NA,0.8,3,NA,NA,NA,NA
55UE5VCT,Blank et al. 2011,edge_and_shrub_habitat,species_richness,species_richness,filter strips,non-buffered field edges,1,apples,0,NA,breeding_species,NA,confidence_intervals,4.6,67,NA,NA,3.9,5.3,1.9,15,NA,NA,0.8,3,NA,NA,NA,NA
55UE5VCT,Blank et al. 2011,stream_exclusion_and_buffers,species_richness,species_richness,filter strips,non-buffered field edges,1,apples,0,NA,wintering_species,NA,confidence_intervals,1.6,67,NA,NA,1.2,2,0.2,15,NA,NA,-0.2,0.7,NA,NA,NA,NA
55UE5VCT,Blank et al. 2011,provide_overwintering_habitat,species_richness,species_richness,filter strips,non-buffered field edges,1,apples,0,NA,wintering_species,NA,confidence_intervals,1.6,67,NA,NA,1.2,2,0.2,15,NA,NA,-0.2,0.7,NA,NA,NA,NA
55UE5VCT,Blank et al. 2011,edge_and_shrub_habitat,species_richness,species_richness,filter strips,non-buffered field edges,1,apples,0,NA,wintering_species,NA,confidence_intervals,1.6,67,NA,NA,1.2,2,0.2,15,NA,NA,-0.2,0.7,NA,NA,NA,NA
55UE5VCT,Blank et al. 2011,stream_exclusion_and_buffers,abundance,density,filter strips,non-buffered field edges,1,apples,0,NA,breeding_species,NA,confidence_intervals,6.4,67,NA,NA,4.8,8.5,1.2,15,NA,NA,0.5,2.3,NA,NA,NA,NA
55UE5VCT,Blank et al. 2011,edge_and_shrub_habitat,abundance,density,filter strips,non-buffered field edges,1,apples,0,NA,breeding_species,NA,confidence_intervals,6.4,67,NA,NA,4.8,8.5,1.2,15,NA,NA,0.5,2.3,NA,NA,NA,NA
55UE5VCT,Blank et al. 2011,stream_exclusion_and_buffers,abundance,density,filter strips,non-buffered field edges,1,apples,0,NA,breeding_grassland_species,NA,confidence_intervals,1.9,67,NA,NA,1.3,2.7,0.2,15,NA,NA,-0.2,0.7,NA,NA,NA,NA
55UE5VCT,Blank et al. 2011,edge_and_shrub_habitat,abundance,density,filter strips,non-buffered field edges,1,apples,0,NA,breeding_grassland_species,NA,confidence_intervals,1.9,67,NA,NA,1.3,2.7,0.2,15,NA,NA,-0.2,0.7,NA,NA,NA,NA
55UE5VCT,Blank et al. 2011,stream_exclusion_and_buffers,abundance,density,filter strips,non-buffered field edges,1,apples,0,NA,breeding_shrub_scrub_species,NA,confidence_intervals,3.9,67,NA,NA,2.8,5.3,0.7,15,NA,NA,0.2,1.5,NA,NA,NA,NA
55UE5VCT,Blank et al. 2011,edge_and_shrub_habitat,abundance,density,filter strips,non-buffered field edges,1,apples,0,NA,breeding_shrub_scrub_species,NA,confidence_intervals,3.9,67,NA,NA,2.8,5.3,0.7,15,NA,NA,0.2,1.5,NA,NA,NA,NA
55UE5VCT,Blank et al. 2011,stream_exclusion_and_buffers,abundance,density,filter strips,non-buffered field edges,1,apples,0,NA,wintering_species,NA,confidence_intervals,3.6,67,NA,NA,1.9,6.3,0.6,15,NA,NA,-0.1,2,NA,NA,NA,NA
55UE5VCT,Blank et al. 2011,provide_overwintering_habitat,abundance,density,filter strips,non-buffered field edges,1,apples,0,NA,wintering_species,NA,confidence_intervals,3.6,67,NA,NA,1.9,6.3,0.6,15,NA,NA,-0.1,2,NA,NA,NA,NA
55UE5VCT,Blank et al. 2011,edge_and_shrub_habitat,abundance,density,filter strips,non-buffered field edges,1,apples,0,NA,wintering_species,NA,confidence_intervals,3.6,67,NA,NA,1.9,6.3,0.6,15,NA,NA,-0.1,2,NA,NA,NA,NA
55UE5VCT,Blank et al. 2011,stream_exclusion_and_buffers,abundance,density,filter strips,non-buffered field edges,1,apples,0,NA,wintering_shrub_scrub_species,NA,confidence_intervals,2.9,67,NA,NA,1.6,4.7,0.2,15,NA,NA,-0.3,1.1,NA,NA,NA,NA
55UE5VCT,Blank et al. 2011,provide_overwintering_habitat,abundance,density,filter strips,non-buffered field edges,1,apples,0,NA,wintering_shrub_scrub_species,NA,confidence_intervals,2.9,67,NA,NA,1.6,4.7,0.2,15,NA,NA,-0.3,1.1,NA,NA,NA,NA
55UE5VCT,Blank et al. 2011,edge_and_shrub_habitat,abundance,density,filter strips,non-buffered field edges,1,apples,0,NA,wintering_shrub_scrub_species,NA,confidence_intervals,2.9,67,NA,NA,1.6,4.7,0.2,15,NA,NA,-0.3,1.1,NA,NA,NA,NA
55UE5VCT,Blank et al. 2011,plant_nwsg,abundance,density,Warm-season grass filter strips,Cool-season grass filter strips,1,apples,0,NA,common_yellowthroat,NA,confidence_intervals,0.9,45,NA,NA,0.5,1.4,0.3,22,NA,NA,0,0.8,"They only report these stats because there was a detectable difference for this species. For all other species, there was not a detectable difference.",NA,NA,NA
55UE5VCT,Blank et al. 2011,stream_exclusion_and_buffers,abundance,density,narrow filter strips (<30),medium filter strips (30-60 m),-1,apples,0,NA,breeding_species,NA,confidence_intervals,11.2,35,NA,NA,6.5,15.8,7.6,14,NA,NA,2,13.2,NA,NA,NA,NA
55UE5VCT,Blank et al. 2011,edge_and_shrub_habitat,abundance,density,narrow filter strips (<30),medium filter strips (30-60 m),-1,apples,0,NA,breeding_species,NA,confidence_intervals,11.2,35,NA,NA,6.5,15.8,7.6,14,NA,NA,2,13.2,NA,NA,NA,NA
55UE5VCT,Blank et al. 2011,stream_exclusion_and_buffers,abundance,density,narrow filter strips (<30),wide filter strips (>60 m),-1,apples,0,NA,breeding_species,NA,confidence_intervals,11.2,35,NA,NA,6.5,15.8,5.6,18,NA,NA,0.5,10.6,NA,NA,NA,NA
55UE5VCT,Blank et al. 2011,edge_and_shrub_habitat,abundance,density,narrow filter strips (<30),wide filter strips (>60 m),-1,apples,0,NA,breeding_species,NA,confidence_intervals,11.2,35,NA,NA,6.5,15.8,5.6,18,NA,NA,0.5,10.6,NA,NA,NA,NA
55UE5VCT,Blank et al. 2011,stream_exclusion_and_buffers,abundance,density,medium filter strips (30-60 m),wide filter strips (>60 m),-1,oranges,0,NA,breeding_species,NA,confidence_intervals,7.6,14,NA,NA,2,13.2,5.6,18,NA,NA,0.5,10.6,NA,NA,NA,NA
55UE5VCT,Blank et al. 2011,edge_and_shrub_habitat,abundance,density,medium filter strips (30-60 m),wide filter strips (>60 m),-1,oranges,0,NA,breeding_species,NA,confidence_intervals,7.6,14,NA,NA,2,13.2,5.6,18,NA,NA,0.5,10.6,NA,NA,NA,NA
55UE5VCT,Blank et al. 2011,stream_exclusion_and_buffers,abundance,density,narrow filter strips (<30),medium filter strips (30-60 m),-1,apples,0,NA,breeding_grassland_species,NA,confidence_intervals,1.8,35,NA,NA,0.9,3.1,2.4,14,NA,NA,1,4.8,NA,NA,NA,NA
55UE5VCT,Blank et al. 2011,edge_and_shrub_habitat,abundance,density,narrow filter strips (<30),medium filter strips (30-60 m),-1,apples,0,NA,breeding_grassland_species,NA,confidence_intervals,1.8,35,NA,NA,0.9,3.1,2.4,14,NA,NA,1,4.8,NA,NA,NA,NA
55UE5VCT,Blank et al. 2011,stream_exclusion_and_buffers,abundance,density,narrow filter strips (<30),wide filter strips (>60 m),-1,apples,0,NA,breeding_grassland_species,NA,confidence_intervals,1.8,35,NA,NA,0.9,3.1,2,18,NA,NA,0.9,3.6,NA,NA,NA,NA
55UE5VCT,Blank et al. 2011,edge_and_shrub_habitat,abundance,density,narrow filter strips (<30),wide filter strips (>60 m),-1,apples,0,NA,breeding_grassland_species,NA,confidence_intervals,1.8,35,NA,NA,0.9,3.1,2,18,NA,NA,0.9,3.6,NA,NA,NA,NA
55UE5VCT,Blank et al. 2011,stream_exclusion_and_buffers,abundance,density,medium filter strips (30-60 m),wide filter strips (>60 m),-1,oranges,0,NA,breeding_grassland_species,NA,confidence_intervals,2.4,14,NA,NA,1,4.8,2,18,NA,NA,0.9,3.6,NA,NA,NA,NA
55UE5VCT,Blank et al. 2011,edge_and_shrub_habitat,abundance,density,medium filter strips (30-60 m),wide filter strips (>60 m),-1,oranges,0,NA,breeding_grassland_species,NA,confidence_intervals,2.4,14,NA,NA,1,4.8,2,18,NA,NA,0.9,3.6,NA,NA,NA,NA
55UE5VCT,Blank et al. 2011,stream_exclusion_and_buffers,abundance,density,narrow filter strips (<30),medium filter strips (30-60 m),-1,apples,0,NA,breeding_shrub_scrub_species,NA,confidence_intervals,5.9,35,NA,NA,3.5,9.7,4,14,NA,NA,1.9,7.7,NA,NA,NA,NA
55UE5VCT,Blank et al. 2011,edge_and_shrub_habitat,abundance,density,narrow filter strips (<30),medium filter strips (30-60 m),-1,apples,0,NA,breeding_shrub_scrub_species,NA,confidence_intervals,5.9,35,NA,NA,3.5,9.7,4,14,NA,NA,1.9,7.7,NA,NA,NA,NA
55UE5VCT,Blank et al. 2011,stream_exclusion_and_buffers,abundance,density,narrow filter strips (<30),wide filter strips (>60 m),-1,apples,0,NA,breeding_shrub_scrub_species,NA,confidence_intervals,5.9,35,NA,NA,3.5,9.7,2,18,NA,NA,0.9,3.8,NA,NA,NA,NA
55UE5VCT,Blank et al. 2011,edge_and_shrub_habitat,abundance,density,narrow filter strips (<30),wide filter strips (>60 m),-1,apples,0,NA,breeding_shrub_scrub_species,NA,confidence_intervals,5.9,35,NA,NA,3.5,9.7,2,18,NA,NA,0.9,3.8,NA,NA,NA,NA
55UE5VCT,Blank et al. 2011,stream_exclusion_and_buffers,abundance,density,medium filter strips (30-60 m),wide filter strips (>60 m),-1,oranges,0,NA,breeding_shrub_scrub_species,NA,confidence_intervals,4,14,NA,NA,1.9,7.7,2,18,NA,NA,0.9,3.8,NA,NA,NA,NA
55UE5VCT,Blank et al. 2011,edge_and_shrub_habitat,abundance,density,medium filter strips (30-60 m),wide filter strips (>60 m),-1,oranges,0,NA,breeding_shrub_scrub_species,NA,confidence_intervals,4,14,NA,NA,1.9,7.7,2,18,NA,NA,0.9,3.8,NA,NA,NA,NA
55UE5VCT,Blank et al. 2011,stream_exclusion_and_buffers,species_richness,species_richness,narrow filter strips (<30),medium filter strips (30-60 m),-1,apples,0,NA,breeding_species,NA,confidence_intervals,4.5,35,NA,NA,2.4,6.5,4.4,14,NA,NA,2.1,6.8,NA,NA,NA,NA
55UE5VCT,Blank et al. 2011,edge_and_shrub_habitat,species_richness,species_richness,narrow filter strips (<30),medium filter strips (30-60 m),-1,apples,0,NA,breeding_species,NA,confidence_intervals,4.5,35,NA,NA,2.4,6.5,4.4,14,NA,NA,2.1,6.8,NA,NA,NA,NA
55UE5VCT,Blank et al. 2011,stream_exclusion_and_buffers,species_richness,species_richness,narrow filter strips (<30),wide filter strips (>60 m),-1,apples,0,NA,breeding_species,NA,confidence_intervals,4.5,35,NA,NA,2.4,6.5,3.2,18,NA,NA,0.9,5.5,NA,NA,NA,NA
55UE5VCT,Blank et al. 2011,edge_and_shrub_habitat,species_richness,species_richness,narrow filter strips (<30),wide filter strips (>60 m),-1,apples,0,NA,breeding_species,NA,confidence_intervals,4.5,35,NA,NA,2.4,6.5,3.2,18,NA,NA,0.9,5.5,NA,NA,NA,NA
55UE5VCT,Blank et al. 2011,stream_exclusion_and_buffers,species_richness,species_richness,medium filter strips (30-60 m),wide filter strips (>60 m),-1,oranges,0,NA,breeding_species,NA,confidence_intervals,4.4,14,NA,NA,2.1,6.8,3.2,18,NA,NA,0.9,5.5,NA,NA,NA,NA
55UE5VCT,Blank et al. 2011,edge_and_shrub_habitat,species_richness,species_richness,medium filter strips (30-60 m),wide filter strips (>60 m),-1,oranges,0,NA,breeding_species,NA,confidence_intervals,4.4,14,NA,NA,2.1,6.8,3.2,18,NA,NA,0.9,5.5,NA,NA,NA,NA
55UE5VCT,Blank et al. 2011,stream_exclusion_and_buffers,abundance,density,narrow filter strips (<30),medium filter strips (30-60 m),-1,apples,0,NA,wintering_species,NA,confidence_intervals,4.9,25,NA,NA,2.4,9.2,1.3,8,NA,NA,-0.01,4.5,NA,NA,NA,NA
55UE5VCT,Blank et al. 2011,provide_overwintering_habitat,abundance,density,narrow filter strips (<30),medium filter strips (30-60 m),-1,apples,0,NA,wintering_species,NA,confidence_intervals,4.9,25,NA,NA,2.4,9.2,1.3,8,NA,NA,-0.01,4.5,NA,NA,NA,NA
55UE5VCT,Blank et al. 2011,stream_exclusion_and_buffers,abundance,density,narrow filter strips (<30),wide filter strips (>60 m),-1,apples,0,NA,wintering_species,NA,confidence_intervals,4.9,25,NA,NA,2.4,9.2,9.1,7,NA,NA,3,24.5,NA,NA,NA,NA
55UE5VCT,Blank et al. 2011,provide_overwintering_habitat,abundance,density,narrow filter strips (<30),wide filter strips (>60 m),-1,apples,0,NA,wintering_species,NA,confidence_intervals,4.9,25,NA,NA,2.4,9.2,9.1,7,NA,NA,3,24.5,NA,NA,NA,NA
55UE5VCT,Blank et al. 2011,stream_exclusion_and_buffers,abundance,density,medium filter strips (30-60 m),wide filter strips (>60 m),-1,oranges,0,NA,wintering_species,NA,confidence_intervals,1.3,8,NA,NA,-0.01,4.5,9.1,7,NA,NA,3,24.5,NA,NA,NA,NA
55UE5VCT,Blank et al. 2011,provide_overwintering_habitat,abundance,density,medium filter strips (30-60 m),wide filter strips (>60 m),-1,oranges,0,NA,wintering_species,NA,confidence_intervals,1.3,8,NA,NA,-0.01,4.5,9.1,7,NA,NA,3,24.5,NA,NA,NA,NA
55UE5VCT,Blank et al. 2011,stream_exclusion_and_buffers,abundance,density,narrow filter strips (<30),medium filter strips (30-60 m),-1,apples,0,NA,wintering_shrub_scrub_species,NA,confidence_intervals,3.4,25,NA,NA,1.6,6.4,1.1,8,NA,NA,-0.01,3.9,NA,NA,NA,NA
55UE5VCT,Blank et al. 2011,provide_overwintering_habitat,abundance,density,narrow filter strips (<30),medium filter strips (30-60 m),-1,apples,0,NA,wintering_shrub_scrub_species,NA,confidence_intervals,3.4,25,NA,NA,1.6,6.4,1.1,8,NA,NA,-0.01,3.9,NA,NA,NA,NA
55UE5VCT,Blank et al. 2011,stream_exclusion_and_buffers,abundance,density,narrow filter strips (<30),wide filter strips (>60 m),-1,apples,0,NA,wintering_shrub_scrub_species,NA,confidence_intervals,3.4,25,NA,NA,1.6,6.4,3.8,7,NA,NA,1,10.3,NA,NA,NA,NA
55UE5VCT,Blank et al. 2011,provide_overwintering_habitat,abundance,density,narrow filter strips (<30),wide filter strips (>60 m),-1,apples,0,NA,wintering_shrub_scrub_species,NA,confidence_intervals,3.4,25,NA,NA,1.6,6.4,3.8,7,NA,NA,1,10.3,NA,NA,NA,NA
55UE5VCT,Blank et al. 2011,stream_exclusion_and_buffers,abundance,density,medium filter strips (30-60 m),wide filter strips (>60 m),-1,oranges,0,NA,wintering_shrub_scrub_species,NA,confidence_intervals,1.1,8,NA,NA,-0.01,3.9,3.8,7,NA,NA,1,10.3,NA,NA,NA,NA
55UE5VCT,Blank et al. 2011,provide_overwintering_habitat,abundance,density,medium filter strips (30-60 m),wide filter strips (>60 m),-1,oranges,0,NA,wintering_shrub_scrub_species,NA,confidence_intervals,1.1,8,NA,NA,-0.01,3.9,3.8,7,NA,NA,1,10.3,NA,NA,NA,NA
55UE5VCT,Blank et al. 2011,stream_exclusion_and_buffers,species_richness,species_richness,narrow filter strips (<30),medium filter strips (30-60 m),-1,apples,0,NA,wintering_species,NA,confidence_intervals,1.5,25,NA,NA,1,2,0.8,8,NA,NA,0,1.6,NA,NA,NA,NA
55UE5VCT,Blank et al. 2011,provide_overwintering_habitat,species_richness,species_richness,narrow filter strips (<30),medium filter strips (30-60 m),-1,apples,0,NA,wintering_species,NA,confidence_intervals,1.5,25,NA,NA,1,2,0.8,8,NA,NA,0,1.6,NA,NA,NA,NA
55UE5VCT,Blank et al. 2011,stream_exclusion_and_buffers,species_richness,species_richness,narrow filter strips (<30),wide filter strips (>60 m),-1,apples,0,NA,wintering_species,NA,confidence_intervals,1.5,25,NA,NA,1,2,2.8,7,NA,NA,1.9,3.7,NA,NA,NA,NA
55UE5VCT,Blank et al. 2011,provide_overwintering_habitat,species_richness,species_richness,narrow filter strips (<30),wide filter strips (>60 m),-1,apples,0,NA,wintering_species,NA,confidence_intervals,1.5,25,NA,NA,1,2,2.8,7,NA,NA,1.9,3.7,NA,NA,NA,NA
55UE5VCT,Blank et al. 2011,stream_exclusion_and_buffers,species_richness,species_richness,medium filter strips (30-60 m),wide filter strips (>60 m),-1,oranges,0,NA,wintering_species,NA,confidence_intervals,0.8,8,NA,NA,0,0.16,2.8,7,NA,NA,1.9,3.7,NA,NA,NA,NA
55UE5VCT,Blank et al. 2011,provide_overwintering_habitat,species_richness,species_richness,medium filter strips (30-60 m),wide filter strips (>60 m),-1,oranges,0,NA,wintering_species,NA,confidence_intervals,0.8,8,NA,NA,0,0.16,2.8,7,NA,NA,1.9,3.7,NA,NA,NA,NA
7SS4IEI5,Blank et al. 2011b,provide_overwintering_habitat,abundance,abundance,unmowed buffers,mowed buffers,1,apples,0,NA,wintering_species,NA,standard_error,11,13,NA,3.1,NA,NA,0.3,13,NA,0.2,NA,NA,"For the delay_hay treatment, the treatment and control should be switched",NA,NA,NA
7SS4IEI5,Blank et al. 2011b,stream_exclusion_and_buffers,abundance,abundance,unmowed buffers,mowed buffers,1,apples,0,NA,wintering_species,NA,standard_error,11,13,NA,3.1,NA,NA,0.3,13,NA,0.2,NA,NA,"For the delay_hay treatment, the treatment and control should be switched",NA,NA,NA
7SS4IEI5,Blank et al. 2011b,provide_overwintering_habitat,species_richness,species_richness,unmowed buffers,mowed buffers,1,apples,0,NA,wintering_species,NA,standard_error,3.3,13,NA,0.8,NA,NA,0.5,13,NA,0.3,NA,NA,"For the delay_hay treatment, the treatment and control should be switched",NA,NA,NA
7SS4IEI5,Blank et al. 2011b,stream_exclusion_and_buffers,species_richness,species_richness,unmowed buffers,mowed buffers,1,apples,0,NA,wintering_species,NA,standard_error,3.3,13,NA,0.8,NA,NA,0.5,13,NA,0.3,NA,NA,"For the delay_hay treatment, the treatment and control should be switched",NA,NA,NA
7SS4IEI5,Blank et al. 2011b,provide_overwintering_habitat,abundance,winter density (birds/10 ha),unmowed buffers,mowed buffers,1,apples,0,NA,american_kestrel,NA,standard_deviation,0.1,13,0.5,NA,NA,NA,0,13,0,NA,NA,NA,"For the delay_hay treatment, the treatment and control should be switched",NA,NA,NA
7SS4IEI5,Blank et al. 2011b,stream_exclusion_and_buffers,abundance,winter density (birds/10 ha),unmowed buffers,mowed buffers,1,apples,0,NA,american_kestrel,NA,standard_deviation,0.1,13,0.5,NA,NA,NA,0,13,0,NA,NA,NA,"For the delay_hay treatment, the treatment and control should be switched",NA,NA,NA
7SS4IEI5,Blank et al. 2011b,provide_overwintering_habitat,abundance,winter density (birds/10 ha),unmowed buffers,mowed buffers,1,apples,0,NA,eastern_bluebird,NA,standard_deviation,0.1,13,4,NA,NA,NA,0,13,0,NA,NA,NA,"For the delay_hay treatment, the treatment and control should be switched",NA,NA,NA
7SS4IEI5,Blank et al. 2011b,stream_exclusion_and_buffers,abundance,winter density (birds/10 ha),unmowed buffers,mowed buffers,1,apples,0,NA,eastern_bluebird,NA,standard_deviation,0.1,13,4,NA,NA,NA,0,13,0,NA,NA,NA,"For the delay_hay treatment, the treatment and control should be switched",NA,NA,NA
7SS4IEI5,Blank et al. 2011b,provide_overwintering_habitat,abundance,winter density (birds/10 ha),unmowed buffers,mowed buffers,1,apples,0,NA,field_sparrow,NA,standard_deviation,11.3,13,34.7,NA,NA,NA,0,13,0,NA,NA,NA,"For the delay_hay treatment, the treatment and control should be switched",NA,NA,NA
7SS4IEI5,Blank et al. 2011b,stream_exclusion_and_buffers,abundance,winter density (birds/10 ha),unmowed buffers,mowed buffers,1,apples,0,NA,field_sparrow,NA,standard_deviation,11.3,13,34.7,NA,NA,NA,0,13,0,NA,NA,NA,"For the delay_hay treatment, the treatment and control should be switched",NA,NA,NA
7SS4IEI5,Blank et al. 2011b,provide_overwintering_habitat,abundance,winter density (birds/10 ha),unmowed buffers,mowed buffers,1,apples,0,NA,savannah_sparrow,NA,standard_deviation,7.2,13,16.2,NA,NA,NA,0.6,13,2.1,NA,NA,NA,"For the delay_hay treatment, the treatment and control should be switched",NA,NA,NA
7SS4IEI5,Blank et al. 2011b,stream_exclusion_and_buffers,abundance,winter density (birds/10 ha),unmowed buffers,mowed buffers,1,apples,0,NA,savannah_sparrow,NA,standard_deviation,7.2,13,16.2,NA,NA,NA,0.6,13,2.1,NA,NA,NA,"For the delay_hay treatment, the treatment and control should be switched",NA,NA,NA
7SS4IEI5,Blank et al. 2011b,provide_overwintering_habitat,abundance,winter density (birds/10 ha),unmowed buffers,mowed buffers,1,apples,0,NA,song_sparrow,NA,standard_deviation,70.1,13,60.1,NA,NA,NA,2.1,13,5.3,NA,NA,NA,"For the delay_hay treatment, the treatment and control should be switched",NA,NA,NA
7SS4IEI5,Blank et al. 2011b,stream_exclusion_and_buffers,abundance,winter density (birds/10 ha),unmowed buffers,mowed buffers,1,apples,0,NA,song_sparrow,NA,standard_deviation,70.1,13,60.1,NA,NA,NA,2.1,13,5.3,NA,NA,NA,"For the delay_hay treatment, the treatment and control should be switched",NA,NA,NA
7SS4IEI5,Blank et al. 2011b,provide_overwintering_habitat,abundance,winter density (birds/10 ha),unmowed buffers,mowed buffers,1,apples,0,NA,swamp_sparrow,NA,standard_deviation,5.5,13,13.3,NA,NA,NA,0,13,0,NA,NA,NA,"For the delay_hay treatment, the treatment and control should be switched",NA,NA,NA
7SS4IEI5,Blank et al. 2011b,stream_exclusion_and_buffers,abundance,winter density (birds/10 ha),unmowed buffers,mowed buffers,1,apples,0,NA,swamp_sparrow,NA,standard_deviation,5.5,13,13.3,NA,NA,NA,0,13,0,NA,NA,NA,"For the delay_hay treatment, the treatment and control should be switched",NA,NA,NA
7SS4IEI5,Blank et al. 2011b,provide_overwintering_habitat,abundance,winter density (birds/10 ha),unmowed buffers,mowed buffers,1,apples,0,NA,white_throated_sparrow,NA,standard_deviation,15.9,13,51,NA,NA,NA,1.6,13,5.7,NA,NA,NA,"For the delay_hay treatment, the treatment and control should be switched",NA,NA,NA
7SS4IEI5,Blank et al. 2011b,stream_exclusion_and_buffers,abundance,winter density (birds/10 ha),unmowed buffers,mowed buffers,1,apples,0,NA,white_throated_sparrow,NA,standard_deviation,15.9,13,51,NA,NA,NA,1.6,13,5.7,NA,NA,NA,"For the delay_hay treatment, the treatment and control should be switched",NA,NA,NA
7SS4IEI5,Blank et al. 2011b,provide_overwintering_habitat,abundance,winter density (birds/10 ha),unmowed buffers,mowed buffers,1,apples,0,NA,dark_eyed_junco,NA,standard_deviation,3.4,13,12.2,NA,NA,NA,0.7,13,2.4,NA,NA,NA,"For the delay_hay treatment, the treatment and control should be switched",NA,NA,NA
7SS4IEI5,Blank et al. 2011b,stream_exclusion_and_buffers,abundance,winter density (birds/10 ha),unmowed buffers,mowed buffers,1,apples,0,NA,dark_eyed_junco,NA,standard_deviation,3.4,13,12.2,NA,NA,NA,0.7,13,2.4,NA,NA,NA,"For the delay_hay treatment, the treatment and control should be switched",NA,NA,NA
IF3VCNWP,Bock and Bock 1999,provide_overwintering_habitat,abundance,abundance - 96-97,Ungrazed,Grazed,1,apples,0,NA,montezuma_quail,NA,standard_error,0.33,7,NA,0.33,NA,NA,0,7,NA,0,NA,NA,NA,NA,NA,NA
IF3VCNWP,Bock and Bock 1999,provide_overwintering_habitat,abundance,abundance - 97-98,Ungrazed,Grazed,1,apples,0,NA,montezuma_quail,NA,standard_error,0,7,NA,0,NA,NA,0,7,NA,0,NA,NA,NA,NA,NA,NA
IF3VCNWP,Bock and Bock 1999,provide_overwintering_habitat,abundance,abundance - 96-97,Ungrazed,Grazed,1,apples,0,NA,scaled_quail,NA,standard_error,0.24,7,NA,0.24,NA,NA,0,7,NA,0,NA,NA,NA,NA,NA,NA
IF3VCNWP,Bock and Bock 1999,provide_overwintering_habitat,abundance,abundance - 97-98,Ungrazed,Grazed,1,apples,0,NA,scaled_quail,NA,standard_error,0.18,7,NA,0.18,NA,NA,0.21,7,NA,0.21,NA,NA,NA,NA,NA,NA
IF3VCNWP,Bock and Bock 1999,provide_overwintering_habitat,abundance,abundance - 96-97,Ungrazed,Grazed,1,apples,0,NA,gambels_quail,NA,standard_error,0,7,NA,0,NA,NA,0.24,7,NA,0.24,NA,NA,NA,NA,NA,NA
IF3VCNWP,Bock and Bock 1999,provide_overwintering_habitat,abundance,abundance - 97-98,Ungrazed,Grazed,1,apples,0,NA,gambels_quail,NA,standard_error,0,7,NA,0,NA,NA,0.14,7,NA,0.09,NA,NA,NA,NA,NA,NA
IF3VCNWP,Bock and Bock 1999,provide_overwintering_habitat,abundance,abundance - 96-97,Ungrazed,Grazed,1,apples,0,NA,mourning_dove,NA,standard_error,0.29,7,NA,0.24,NA,NA,0.24,7,NA,0.16,NA,NA,NA,NA,NA,NA
IF3VCNWP,Bock and Bock 1999,provide_overwintering_habitat,abundance,abundance - 97-98,Ungrazed,Grazed,1,apples,0,NA,mourning_dove,NA,standard_error,1.36,7,NA,0.48,NA,NA,1.86,7,NA,0.74,NA,NA,NA,NA,NA,NA
IF3VCNWP,Bock and Bock 1999,provide_overwintering_habitat,abundance,abundance - 96-97,Ungrazed,Grazed,1,apples,0,NA,horned_lark,NA,standard_error,2.05,7,NA,1.2,NA,NA,2.38,7,NA,1.6,NA,NA,NA,NA,NA,NA
IF3VCNWP,Bock and Bock 1999,provide_overwintering_habitat,abundance,abundance - 97-98,Ungrazed,Grazed,1,apples,0,NA,horned_lark,NA,standard_error,2.25,7,NA,2.13,NA,NA,3.43,7,NA,1.98,NA,NA,NA,NA,NA,NA
IF3VCNWP,Bock and Bock 1999,provide_overwintering_habitat,abundance,abundance - 96-97,Ungrazed,Grazed,1,apples,0,NA,spotted_towhee,NA,standard_error,0.05,7,NA,0.05,NA,NA,0,7,NA,0,NA,NA,NA,NA,NA,NA
IF3VCNWP,Bock and Bock 1999,provide_overwintering_habitat,abundance,abundance - 97-98,Ungrazed,Grazed,1,apples,0,NA,spotted_towhee,NA,standard_error,0,7,NA,0,NA,NA,0,7,NA,0,NA,NA,NA,NA,NA,NA
IF3VCNWP,Bock and Bock 1999,provide_overwintering_habitat,abundance,abundance - 96-97,Ungrazed,Grazed,1,apples,0,NA,canyon_towhee,NA,standard_error,0.52,7,NA,0.23,NA,NA,0.14,7,NA,0.1,NA,NA,NA,NA,NA,NA
IF3VCNWP,Bock and Bock 1999,provide_overwintering_habitat,abundance,abundance - 97-98,Ungrazed,Grazed,1,apples,0,NA,canyon_towhee,NA,standard_error,0.5,7,NA,0.26,NA,NA,0.21,7,NA,0.1,NA,NA,NA,NA,NA,NA
IF3VCNWP,Bock and Bock 1999,provide_overwintering_habitat,abundance,abundance - 96-97,Ungrazed,Grazed,1,apples,0,NA,cassins_sparrow,NA,standard_error,0.1,7,NA,0.1,NA,NA,0,7,NA,0,NA,NA,NA,NA,NA,NA
IF3VCNWP,Bock and Bock 1999,provide_overwintering_habitat,abundance,abundance - 97-98,Ungrazed,Grazed,1,apples,0,NA,cassins_sparrow,NA,standard_error,0.96,7,NA,0.45,NA,NA,0,7,NA,0,NA,NA,NA,NA,NA,NA
IF3VCNWP,Bock and Bock 1999,provide_overwintering_habitat,abundance,abundance - 96-97,Ungrazed,Grazed,1,apples,0,NA,rufous_crowned_sparrow,NA,standard_error,0.95,7,NA,0.11,NA,NA,0.1,7,NA,0.1,NA,NA,NA,NA,NA,NA
IF3VCNWP,Bock and Bock 1999,provide_overwintering_habitat,abundance,abundance - 97-98,Ungrazed,Grazed,1,apples,0,NA,rufous_crowned_sparrow,NA,standard_error,1.04,7,NA,0.32,NA,NA,0.07,7,NA,0.07,NA,NA,NA,NA,NA,NA
IF3VCNWP,Bock and Bock 1999,provide_overwintering_habitat,abundance,abundance - 96-97,Ungrazed,Grazed,1,apples,0,NA,chipping_sparrow,NA,standard_error,1.67,7,NA,1.03,NA,NA,0.52,7,NA,0.36,NA,NA,NA,NA,NA,NA
IF3VCNWP,Bock and Bock 1999,provide_overwintering_habitat,abundance,abundance - 97-98,Ungrazed,Grazed,1,apples,0,NA,chipping_sparrow,NA,standard_error,5.71,7,NA,1.66,NA,NA,6,7,NA,2.8,NA,NA,NA,NA,NA,NA
IF3VCNWP,Bock and Bock 1999,provide_overwintering_habitat,abundance,abundance - 96-97,Ungrazed,Grazed,1,apples,0,NA,brewers_sparrow,NA,standard_error,0,7,NA,0,NA,NA,0,7,NA,0,NA,NA,NA,NA,NA,NA
IF3VCNWP,Bock and Bock 1999,provide_overwintering_habitat,abundance,abundance - 97-98,Ungrazed,Grazed,1,apples,0,NA,brewers_sparrow,NA,standard_error,0.18,7,NA,0.18,NA,NA,0.43,7,NA,0.43,NA,NA,NA,NA,NA,NA
IF3VCNWP,Bock and Bock 1999,provide_overwintering_habitat,abundance,abundance - 96-97,Ungrazed,Grazed,1,apples,0,NA,vesper_sparrow,NA,standard_error,1.76,7,NA,0.64,NA,NA,0,7,NA,0,NA,NA,NA,NA,NA,NA
IF3VCNWP,Bock and Bock 1999,provide_overwintering_habitat,abundance,abundance - 97-98,Ungrazed,Grazed,1,apples,0,NA,vesper_sparrow,NA,standard_error,8.96,7,NA,2.67,NA,NA,2.89,7,NA,1.61,NA,NA,NA,NA,NA,NA
IF3VCNWP,Bock and Bock 1999,provide_overwintering_habitat,abundance,abundance - 96-97,Ungrazed,Grazed,1,apples,0,NA,lark_sparrow,NA,standard_error,0,7,NA,0,NA,NA,0,7,NA,0,NA,NA,NA,NA,NA,NA
IF3VCNWP,Bock and Bock 1999,provide_overwintering_habitat,abundance,abundance - 97-98,Ungrazed,Grazed,1,apples,0,NA,lark_sparrow,NA,standard_error,0,7,NA,0,NA,NA,0.07,7,NA,0.07,NA,NA,NA,NA,NA,NA
IF3VCNWP,Bock and Bock 1999,provide_overwintering_habitat,abundance,abundance - 96-97,Ungrazed,Grazed,1,apples,0,NA,lark_bunting,NA,standard_error,0,7,NA,0,NA,NA,0,7,NA,0,NA,NA,NA,NA,NA,NA
IF3VCNWP,Bock and Bock 1999,provide_overwintering_habitat,abundance,abundance - 97-98,Ungrazed,Grazed,1,apples,0,NA,lark_bunting,NA,standard_error,0.39,7,NA,0.39,NA,NA,0.21,7,NA,0.21,NA,NA,NA,NA,NA,NA
IF3VCNWP,Bock and Bock 1999,provide_overwintering_habitat,abundance,abundance - 96-97,Ungrazed,Grazed,1,apples,0,NA,grasshopper_sparrow,NA,standard_error,0.1,7,NA,0.1,NA,NA,0,7,NA,0,NA,NA,NA,NA,NA,NA
IF3VCNWP,Bock and Bock 1999,provide_overwintering_habitat,abundance,abundance - 97-98,Ungrazed,Grazed,1,apples,0,NA,grasshopper_sparrow,NA,standard_error,1.96,7,NA,0.47,NA,NA,0,7,NA,0,NA,NA,NA,NA,NA,NA
IF3VCNWP,Bock and Bock 1999,provide_overwintering_habitat,abundance,abundance - 96-97,Ungrazed,Grazed,1,apples,0,NA,dark_eyed_junco,NA,standard_error,1.14,7,NA,0.48,NA,NA,0,7,NA,0,NA,NA,NA,NA,NA,NA
IF3VCNWP,Bock and Bock 1999,provide_overwintering_habitat,abundance,abundance - 97-98,Ungrazed,Grazed,1,apples,0,NA,dark_eyed_junco,NA,standard_error,0.18,7,NA,0.18,NA,NA,0.25,7,NA,0.21,NA,NA,NA,NA,NA,NA
IF3VCNWP,Bock and Bock 1999,provide_overwintering_habitat,abundance,abundance - 96-97,Ungrazed,Grazed,1,apples,0,NA,chestnut_collared_longspur,NA,standard_error,0,7,NA,0,NA,NA,0,7,NA,0,NA,NA,NA,NA,NA,NA
IF3VCNWP,Bock and Bock 1999,provide_overwintering_habitat,abundance,abundance - 97-98,Ungrazed,Grazed,1,apples,0,NA,chestnut_collared_longspur,NA,standard_error,1.79,7,NA,1.79,NA,NA,0,7,NA,0,NA,NA,NA,NA,NA,NA
IF3VCNWP,Bock and Bock 1999,provide_overwintering_habitat,abundance,abundance - 96-97,Ungrazed,Grazed,1,apples,0,NA,eastern_meadowlark,NA,standard_error,1.19,7,NA,0.66,NA,NA,0.05,7,NA,0.05,NA,NA,NA,NA,NA,NA
IF3VCNWP,Bock and Bock 1999,provide_overwintering_habitat,abundance,abundance - 97-98,Ungrazed,Grazed,1,apples,0,NA,eastern_meadowlark,NA,standard_error,1.14,7,NA,0.6,NA,NA,0.39,7,NA,0.24,NA,NA,NA,NA,NA,NA
IF3VCNWP,Bock and Bock 1999,provide_overwintering_habitat,abundance,abundance - 96-97,Ungrazed,Grazed,1,apples,0,NA,house_finch,NA,standard_error,0.19,7,NA,0.19,NA,NA,0,7,NA,0,NA,NA,NA,NA,NA,NA
IF3VCNWP,Bock and Bock 1999,provide_overwintering_habitat,abundance,abundance - 97-98,Ungrazed,Grazed,1,apples,0,NA,house_finch,NA,standard_error,0,7,NA,0,NA,NA,0,7,NA,0,NA,NA,NA,NA,NA,NA
IF3VCNWP,Bock and Bock 1999,provide_overwintering_habitat,abundance,abundance - 96-97,Ungrazed,Grazed,1,apples,0,NA,northern_harrier,NA,standard_error,0.1,7,NA,0.06,NA,NA,0,7,NA,0,NA,NA,NA,NA,NA,NA
IF3VCNWP,Bock and Bock 1999,provide_overwintering_habitat,abundance,abundance - 97-98,Ungrazed,Grazed,1,apples,0,NA,northern_harrier,NA,standard_error,0.07,7,NA,0.05,NA,NA,0,7,NA,0,NA,NA,NA,NA,NA,NA
IF3VCNWP,Bock and Bock 1999,provide_overwintering_habitat,abundance,abundance - 96-97,Ungrazed,Grazed,1,apples,0,NA,red_tailed_hawk,NA,standard_error,0.1,7,NA,0.1,NA,NA,0.05,7,NA,0.05,NA,NA,NA,NA,NA,NA
IF3VCNWP,Bock and Bock 1999,provide_overwintering_habitat,abundance,abundance - 97-98,Ungrazed,Grazed,1,apples,0,NA,red_tailed_hawk,NA,standard_error,0.07,7,NA,0.05,NA,NA,0.11,7,NA,0.07,NA,NA,NA,NA,NA,NA
IF3VCNWP,Bock and Bock 1999,provide_overwintering_habitat,abundance,abundance - 96-97,Ungrazed,Grazed,1,apples,0,NA,american_kestrel,NA,standard_error,0.1,7,NA,0.06,NA,NA,0.1,7,NA,0.06,NA,NA,NA,NA,NA,NA
IF3VCNWP,Bock and Bock 1999,provide_overwintering_habitat,abundance,abundance - 97-98,Ungrazed,Grazed,1,apples,0,NA,american_kestrel,NA,standard_error,0.21,7,NA,0.1,NA,NA,0.18,7,NA,0.07,NA,NA,NA,NA,NA,NA
IF3VCNWP,Bock and Bock 1999,provide_overwintering_habitat,abundance,abundance - 96-97,Ungrazed,Grazed,1,apples,0,NA,greater_roadrunner,NA,standard_error,0,7,NA,0,NA,NA,0.1,7,NA,0.06,NA,NA,NA,NA,NA,NA
IF3VCNWP,Bock and Bock 1999,provide_overwintering_habitat,abundance,abundance - 97-98,Ungrazed,Grazed,1,apples,0,NA,greater_roadrunner,NA,standard_error,0.04,7,NA,0.04,NA,NA,0,7,NA,0,NA,NA,NA,NA,NA,NA
IF3VCNWP,Bock and Bock 1999,provide_overwintering_habitat,abundance,abundance - 96-97,Ungrazed,Grazed,1,apples,0,NA,red_naped_sapsucker,NA,standard_error,0.1,7,NA,0.1,NA,NA,0.29,7,NA,0.11,NA,NA,NA,NA,NA,NA
IF3VCNWP,Bock and Bock 1999,provide_overwintering_habitat,abundance,abundance - 97-98,Ungrazed,Grazed,1,apples,0,NA,red_naped_sapsucker,NA,standard_error,0,7,NA,0,NA,NA,0.07,7,NA,0.07,NA,NA,NA,NA,NA,NA
IF3VCNWP,Bock and Bock 1999,provide_overwintering_habitat,abundance,abundance - 96-97,Ungrazed,Grazed,1,apples,0,NA,ladder_backed_woodpecker,NA,standard_error,0.1,7,NA,0.06,NA,NA,0.05,7,NA,0.05,NA,NA,NA,NA,NA,NA
IF3VCNWP,Bock and Bock 1999,provide_overwintering_habitat,abundance,abundance - 97-98,Ungrazed,Grazed,1,apples,0,NA,ladder_backed_woodpecker,NA,standard_error,0.07,7,NA,0.05,NA,NA,0.07,7,NA,0.05,NA,NA,NA,NA,NA,NA
IF3VCNWP,Bock and Bock 1999,provide_overwintering_habitat,abundance,abundance - 96-97,Ungrazed,Grazed,1,apples,0,NA,northern_flicker,NA,standard_error,0.29,7,NA,0.2,NA,NA,0.19,7,NA,0.14,NA,NA,NA,NA,NA,NA
IF3VCNWP,Bock and Bock 1999,provide_overwintering_habitat,abundance,abundance - 97-98,Ungrazed,Grazed,1,apples,0,NA,northern_flicker,NA,standard_error,0.29,7,NA,0.12,NA,NA,0.25,7,NA,0.13,NA,NA,NA,NA,NA,NA
IF3VCNWP,Bock and Bock 1999,provide_overwintering_habitat,abundance,abundance - 96-97,Ungrazed,Grazed,1,apples,0,NA,says_phoebe,NA,standard_error,0.24,7,NA,0.14,NA,NA,0.38,7,NA,0.14,NA,NA,NA,NA,NA,NA
IF3VCNWP,Bock and Bock 1999,provide_overwintering_habitat,abundance,abundance - 97-98,Ungrazed,Grazed,1,apples,0,NA,says_phoebe,NA,standard_error,0.04,7,NA,0.04,NA,NA,0.14,7,NA,0.09,NA,NA,NA,NA,NA,NA
IF3VCNWP,Bock and Bock 1999,provide_overwintering_habitat,abundance,abundance - 96-97,Ungrazed,Grazed,1,apples,0,NA,loggerhead_shrike,NA,standard_error,0.1,7,NA,0.06,NA,NA,0.05,7,NA,0.05,NA,NA,NA,NA,NA,NA
IF3VCNWP,Bock and Bock 1999,provide_overwintering_habitat,abundance,abundance - 97-98,Ungrazed,Grazed,1,apples,0,NA,loggerhead_shrike,NA,standard_error,0.43,7,NA,0.11,NA,NA,0.21,7,NA,0.14,NA,NA,NA,NA,NA,NA
IF3VCNWP,Bock and Bock 1999,provide_overwintering_habitat,abundance,abundance - 96-97,Ungrazed,Grazed,1,apples,0,NA,mexican_jay,NA,standard_error,2.62,7,NA,0.73,NA,NA,0.62,7,NA,0.28,NA,NA,NA,NA,NA,NA
IF3VCNWP,Bock and Bock 1999,provide_overwintering_habitat,abundance,abundance - 97-98,Ungrazed,Grazed,1,apples,0,NA,mexican_jay,NA,standard_error,1.5,7,NA,0.63,NA,NA,0.96,7,NA,0.54,NA,NA,NA,NA,NA,NA
IF3VCNWP,Bock and Bock 1999,provide_overwintering_habitat,abundance,abundance - 96-97,Ungrazed,Grazed,1,apples,0,NA,chihuahuan_raven,NA,standard_error,0.14,7,NA,0.1,NA,NA,0.1,7,NA,0.06,NA,NA,NA,NA,NA,NA
IF3VCNWP,Bock and Bock 1999,provide_overwintering_habitat,abundance,abundance - 97-98,Ungrazed,Grazed,1,apples,0,NA,chihuahuan_raven,NA,standard_error,0.29,7,NA,0.16,NA,NA,0.39,7,NA,0.16,NA,NA,NA,NA,NA,NA
IF3VCNWP,Bock and Bock 1999,provide_overwintering_habitat,abundance,abundance - 96-97,Ungrazed,Grazed,1,apples,0,NA,bridled_titmouse,NA,standard_error,0.14,7,NA,0.14,NA,NA,0.33,7,NA,0.22,NA,NA,NA,NA,NA,NA
IF3VCNWP,Bock and Bock 1999,provide_overwintering_habitat,abundance,abundance - 97-98,Ungrazed,Grazed,1,apples,0,NA,bridled_titmouse,NA,standard_error,0.07,7,NA,0.07,NA,NA,0,7,NA,0,NA,NA,NA,NA,NA,NA
IF3VCNWP,Bock and Bock 1999,provide_overwintering_habitat,abundance,abundance - 96-97,Ungrazed,Grazed,1,apples,0,NA,verdin,NA,standard_error,0.1,7,NA,0.1,NA,NA,0.1,7,NA,0.1,NA,NA,NA,NA,NA,NA
IF3VCNWP,Bock and Bock 1999,provide_overwintering_habitat,abundance,abundance - 97-98,Ungrazed,Grazed,1,apples,0,NA,verdin,NA,standard_error,0,7,NA,0,NA,NA,0,7,NA,0,NA,NA,NA,NA,NA,NA
IF3VCNWP,Bock and Bock 1999,provide_overwintering_habitat,abundance,abundance - 96-97,Ungrazed,Grazed,1,apples,0,NA,bushtit,NA,standard_error,0.62,7,NA,0.62,NA,NA,0.48,7,NA,0.48,NA,NA,NA,NA,NA,NA
IF3VCNWP,Bock and Bock 1999,provide_overwintering_habitat,abundance,abundance - 97-98,Ungrazed,Grazed,1,apples,0,NA,bushtit,NA,standard_error,0.18,7,NA,0.18,NA,NA,0,7,NA,0,NA,NA,NA,NA,NA,NA
IF3VCNWP,Bock and Bock 1999,provide_overwintering_habitat,abundance,abundance - 96-97,Ungrazed,Grazed,1,apples,0,NA,cactus_wren,NA,standard_error,0.29,7,NA,0.2,NA,NA,0.1,7,NA,0.1,NA,NA,NA,NA,NA,NA
IF3VCNWP,Bock and Bock 1999,provide_overwintering_habitat,abundance,abundance - 97-98,Ungrazed,Grazed,1,apples,0,NA,cactus_wren,NA,standard_error,0.04,7,NA,0.04,NA,NA,0.25,7,NA,0.16,NA,NA,NA,NA,NA,NA
IF3VCNWP,Bock and Bock 1999,provide_overwintering_habitat,abundance,abundance - 96-97,Ungrazed,Grazed,1,apples,0,NA,bewicks_wren,NA,standard_error,0.19,7,NA,0.12,NA,NA,0.05,7,NA,0.05,NA,NA,NA,NA,NA,NA
IF3VCNWP,Bock and Bock 1999,provide_overwintering_habitat,abundance,abundance - 97-98,Ungrazed,Grazed,1,apples,0,NA,bewicks_wren,NA,standard_error,0.93,7,NA,0.34,NA,NA,0.64,7,NA,0.2,NA,NA,NA,NA,NA,NA
IF3VCNWP,Bock and Bock 1999,provide_overwintering_habitat,abundance,abundance - 96-97,Ungrazed,Grazed,1,apples,0,NA,ruby_crowned_kinglet,NA,standard_error,0.1,7,NA,0.06,NA,NA,0.14,7,NA,0.07,NA,NA,NA,NA,NA,NA
IF3VCNWP,Bock and Bock 1999,provide_overwintering_habitat,abundance,abundance - 97-98,Ungrazed,Grazed,1,apples,0,NA,ruby_crowned_kinglet,NA,standard_error,0.07,7,NA,0.05,NA,NA,0.11,7,NA,0.05,NA,NA,NA,NA,NA,NA
IF3VCNWP,Bock and Bock 1999,provide_overwintering_habitat,abundance,abundance - 96-97,Ungrazed,Grazed,1,apples,0,NA,eastern_bluebird,NA,standard_error,0.1,7,NA,0.06,NA,NA,0.14,7,NA,0.14,NA,NA,NA,NA,NA,NA
IF3VCNWP,Bock and Bock 1999,provide_overwintering_habitat,abundance,abundance - 97-98,Ungrazed,Grazed,1,apples,0,NA,eastern_bluebird,NA,standard_error,0,7,NA,0,NA,NA,0,7,NA,0,NA,NA,NA,NA,NA,NA
IF3VCNWP,Bock and Bock 1999,provide_overwintering_habitat,abundance,abundance - 96-97,Ungrazed,Grazed,1,apples,0,NA,western_bluebird,NA,standard_error,0.05,7,NA,0.05,NA,NA,0.29,7,NA,0.18,NA,NA,NA,NA,NA,NA
IF3VCNWP,Bock and Bock 1999,provide_overwintering_habitat,abundance,abundance - 97-98,Ungrazed,Grazed,1,apples,0,NA,western_bluebird,NA,standard_error,0,7,NA,0,NA,NA,0.07,7,NA,0.07,NA,NA,NA,NA,NA,NA
IF3VCNWP,Bock and Bock 1999,provide_overwintering_habitat,abundance,abundance - 96-97,Ungrazed,Grazed,1,apples,0,NA,mountain_bluebird,NA,standard_error,0,7,NA,0,NA,NA,0.33,7,NA,0.19,NA,NA,NA,NA,NA,NA
IF3VCNWP,Bock and Bock 1999,provide_overwintering_habitat,abundance,abundance - 97-98,Ungrazed,Grazed,1,apples,0,NA,mountain_bluebird,NA,standard_error,0,7,NA,0,NA,NA,0,7,NA,0,NA,NA,NA,NA,NA,NA
IF3VCNWP,Bock and Bock 1999,provide_overwintering_habitat,abundance,abundance - 96-97,Ungrazed,Grazed,1,apples,0,NA,northern_mockingbird,NA,standard_error,0.14,7,NA,0.14,NA,NA,0.14,7,NA,0.14,NA,NA,NA,NA,NA,NA
IF3VCNWP,Bock and Bock 1999,provide_overwintering_habitat,abundance,abundance - 97-98,Ungrazed,Grazed,1,apples,0,NA,northern_mockingbird,NA,standard_error,0.07,7,NA,0.05,NA,NA,0.21,7,NA,0.18,NA,NA,NA,NA,NA,NA
IF3VCNWP,Bock and Bock 1999,provide_overwintering_habitat,abundance,abundance - 96-97,Ungrazed,Grazed,1,apples,0,NA,curve_billed_thrasher,NA,standard_error,0.05,7,NA,0.05,NA,NA,0.1,7,NA,0.1,NA,NA,NA,NA,NA,NA
IF3VCNWP,Bock and Bock 1999,provide_overwintering_habitat,abundance,abundance - 97-98,Ungrazed,Grazed,1,apples,0,NA,curve_billed_thrasher,NA,standard_error,0,7,NA,0,NA,NA,0.07,7,NA,0.07,NA,NA,NA,NA,NA,NA
IF3VCNWP,Bock and Bock 1999,provide_overwintering_habitat,abundance,abundance - 96-97,Ungrazed,Grazed,1,apples,0,NA,cedar_waxwing,NA,standard_error,0.48,7,NA,0.48,NA,NA,0,7,NA,0,NA,NA,NA,NA,NA,NA
IF3VCNWP,Bock and Bock 1999,provide_overwintering_habitat,abundance,abundance - 97-98,Ungrazed,Grazed,1,apples,0,NA,cedar_waxwing,NA,standard_error,0,7,NA,0,NA,NA,0,7,NA,0,NA,NA,NA,NA,NA,NA
IF3VCNWP,Bock and Bock 1999,provide_overwintering_habitat,abundance,abundance - 96-97,Ungrazed,Grazed,1,apples,0,NA,phainopepla,NA,standard_error,0.47,7,NA,0.23,NA,NA,0.48,7,NA,0.27,NA,NA,NA,NA,NA,NA
IF3VCNWP,Bock and Bock 1999,provide_overwintering_habitat,abundance,abundance - 97-98,Ungrazed,Grazed,1,apples,0,NA,phainopepla,NA,standard_error,0.11,7,NA,0.11,NA,NA,0.14,7,NA,0.11,NA,NA,NA,NA,NA,NA
5N6IA9AX,Brand and Noon 2011,remove_non_native_species,nest_success,percent nest survival,Native cottonwood stands,Non-native saltcedar stands,1,apples,0,NA,aberts_towhee,identity,standard_error,29,45,NA,8,NA,NA,30,36,NA,9,NA,NA,Table 1,NA,NA,period_survival
5N6IA9AX,Brand and Noon 2011,remove_non_native_species,nest_success,percent nest survival,Native cottonwood stands,Non-native saltcedar stands,1,apples,0,NA,yellow_breasted_chat,identity,standard_error,43,71,NA,7,NA,NA,39,25,NA,11,NA,NA,Table 1,NA,NA,period_survival
5N6IA9AX,Brand and Noon 2011,remove_non_native_species,nest_success,percent nest survival,Native cottonwood stands,Non-native saltcedar stands,1,apples,0,NA,bells_vireo,identity,standard_error,34,15,NA,13,NA,NA,9,11,NA,8,NA,NA,Table 1,NA,NA,period_survival
5N6IA9AX,Brand and Noon 2011,remove_non_native_species,nest_success,percent nest survival,Native mesquite stands,Non-native saltcedar stands,1,apples,0,NA,aberts_towhee,identity,standard_error,30,66,NA,6,NA,NA,30,36,NA,9,NA,NA,Table 1,NA,NA,period_survival
5N6IA9AX,Brand and Noon 2011,remove_non_native_species,nest_success,percent nest survival,Native mesquite stands,Non-native saltcedar stands,1,apples,0,NA,yellow_breasted_chat,identity,standard_error,41,58,NA,7,NA,NA,39,25,NA,11,NA,NA,Table 1,NA,NA,period_survival
5N6IA9AX,Brand and Noon 2011,remove_non_native_species,nest_success,percent nest survival,Native mesquite stands,Non-native saltcedar stands,1,apples,0,NA,bells_vireo,identity,standard_error,12,60,NA,4,NA,NA,9,11,NA,8,NA,NA,Table 1,NA,NA,period_survival
VEK3WELY,Byers et al. 2017,prescribed_fire,abundance,nest density (nests/ha),Burned fields (year of burn),Burned fields (3-years post-burn),1,apples,0,NA,bobolink,NA,standard_error,0.07,9,NA,0.05,NA,NA,0.19,4,NA,0.08,NA,NA,At one point Amy asked to remove the year-of-burn ... should we?,NA,NA,NA
VEK3WELY,Byers et al. 2017,prescribed_fire,abundance,nest density (nests/ha),Burned fields (year of burn),Burned fields (3-years post-burn),1,apples,0,NA,eastern_meadowlark,NA,standard_error,0.03,9,NA,0.02,NA,NA,0.22,4,NA,0.08,NA,NA,At one point Amy asked to remove the year-of-burn ... should we?,NA,NA,NA
VEK3WELY,Byers et al. 2017,prescribed_fire,abundance,nest density (nests/ha),Burned fields (year of burn),Burned fields (3-years post-burn),1,apples,0,NA,grasshopper_sparrow,NA,standard_error,0.25,9,NA,0.13,NA,NA,0.06,4,NA,0.06,NA,NA,At one point Amy asked to remove the year-of-burn ... should we?,NA,NA,NA
VEK3WELY,Byers et al. 2017,prescribed_fire,abundance,nest density (nests/ha),Burned fields (year of burn),Burned fields (3-years post-burn),1,apples,0,NA,henslows_sparrow,NA,standard_error,0,9,NA,0,NA,NA,0.06,4,NA,0.06,NA,NA,At one point Amy asked to remove the year-of-burn ... should we?,NA,NA,NA
VEK3WELY,Byers et al. 2017,prescribed_fire,abundance,nest density (nests/ha),Burned fields (1-year post-burn),Burned fields (3-years post-burn),1,apples,0,NA,bobolink,NA,standard_error,0.32,7,NA,0.15,NA,NA,0.19,4,NA,0.08,NA,NA,At one point Amy asked to remove the year-of-burn ... should we?,NA,NA,NA
VEK3WELY,Byers et al. 2017,prescribed_fire,abundance,nest density (nests/ha),Burned fields (1-year post-burn),Burned fields (3-years post-burn),1,apples,0,NA,eastern_meadowlark,NA,standard_error,0.19,7,NA,0.06,NA,NA,0.22,4,NA,0.08,NA,NA,NA,NA,NA,NA
VEK3WELY,Byers et al. 2017,prescribed_fire,abundance,nest density (nests/ha),Burned fields (1-year post-burn),Burned fields (3-years post-burn),1,apples,0,NA,grasshopper_sparrow,NA,standard_error,0.16,7,NA,0.06,NA,NA,0.06,4,NA,0.06,NA,NA,NA,NA,NA,NA
VEK3WELY,Byers et al. 2017,prescribed_fire,abundance,nest density (nests/ha),Burned fields (1-year post-burn),Burned fields (3-years post-burn),1,apples,0,NA,henslows_sparrow,NA,standard_error,0.27,7,NA,0.12,NA,NA,0.06,4,NA,0.06,NA,NA,NA,NA,NA,NA
VEK3WELY,Byers et al. 2017,prescribed_fire,abundance,nest density (nests/ha),Burned fields (2-year post-burn),Burned fields (3-years post-burn),1,apples,0,NA,bobolink,NA,standard_error,0.4,8,NA,0.22,NA,NA,0.19,4,NA,0.08,NA,NA,NA,NA,NA,NA
VEK3WELY,Byers et al. 2017,prescribed_fire,abundance,nest density (nests/ha),Burned fields (2-year post-burn),Burned fields (3-years post-burn),1,apples,0,NA,eastern_meadowlark,NA,standard_error,0.25,8,NA,0.12,NA,NA,0.22,4,NA,0.08,NA,NA,NA,NA,NA,NA
VEK3WELY,Byers et al. 2017,prescribed_fire,abundance,nest density (nests/ha),Burned fields (2-year post-burn),Burned fields (3-years post-burn),1,apples,0,NA,grasshopper_sparrow,NA,standard_error,0.05,8,NA,0.03,NA,NA,0.06,4,NA,0.06,NA,NA,NA,NA,NA,NA
VEK3WELY,Byers et al. 2017,prescribed_fire,abundance,nest density (nests/ha),Burned fields (2-year post-burn),Burned fields (3-years post-burn),1,apples,0,NA,henslows_sparrow,NA,standard_error,0.05,8,NA,0.02,NA,NA,0.06,4,NA,0.06,NA,NA,NA,NA,NA,NA
DY9N6UPD,Churchwell et al. 2008,manage_in_patches,nest_success,dsr,Patch burn (current year),traditional management (annual burning followed by early-intensive grazing),1,apples,0,NA,dickcissel,logit,standard_error,0.914,27,NA,0.021,NA,NA,0.926,110,NA,0.008,NA,NA,What does traditional management mean in this context?,NA,NA,daily_survival
DY9N6UPD,Churchwell et al. 2008,manage_in_patches,nest_success,dsr,Patch burn (1-yr post-burn),traditional management (annual burning followed by early-intensive grazing),1,apples,0,NA,dickcissel,logit,standard_error,0.937,63,NA,0.01,NA,NA,0.926,110,NA,0.008,NA,NA,What does traditional management mean in this context?,NA,NA,daily_survival
DY9N6UPD,Churchwell et al. 2008,manage_in_patches,nest_success,dsr,Patch burn (2-yr post-burn),traditional management (annual burning followed by early-intensive grazing),1,apples,0,NA,dickcissel,logit,standard_error,0.945,90,NA,0.008,NA,NA,0.926,110,NA,0.008,NA,NA,What does traditional management mean in this context?,NA,NA,daily_survival
DY9N6UPD,Churchwell et al. 2008,manage_in_patches,abundance,nests/ha,Patch burn (current year),traditional management (annual burning followed by early-intensive grazing),1,apples,0,NA,dickcissel,NA,standard_error,0.41,2,NA,0.16,NA,NA,2,2,NA,0.33,NA,NA,What does traditional management mean in this context?,NA,NA,NA
DY9N6UPD,Churchwell et al. 2008,manage_in_patches,abundance,nests/ha,Patch burn (1-yr post-burn),traditional management (annual burning followed by early-intensive grazing),1,apples,0,NA,dickcissel,NA,standard_error,1.03,2,NA,0.26,NA,NA,2,2,NA,0.33,NA,NA,What does traditional management mean in this context?,NA,NA,NA
DY9N6UPD,Churchwell et al. 2008,manage_in_patches,abundance,nests/ha,Patch burn (2-yr post-burn),traditional management (annual burning followed by early-intensive grazing),1,apples,0,NA,dickcissel,NA,standard_error,1.64,2,NA,0.32,NA,NA,2,2,NA,0.33,NA,NA,What does traditional management mean in this context?,NA,NA,NA
ILUKKWJA,Conover et al. 2009,stream_exclusion_and_buffers,abundance,density (birds/0.2 ha),no field margin,narrow field margin,-1,apples,0,NA,red_winged_blackbird,NA,standard_error,0.119,42,NA,0.061,NA,NA,1.686,51,NA,0.345,NA,NA,Sample size is actually lower than this. They included year in their sample size.,NA,NA,NA
ILUKKWJA,Conover et al. 2009,stream_exclusion_and_buffers,abundance,density (birds/0.2 ha),no field margin,wide-bordered field margin,-1,apples,0,NA,red_winged_blackbird,NA,standard_error,0.119,42,NA,0.061,NA,NA,4.278,18,NA,0.925,NA,NA,Sample size is actually lower than this. They included year in their sample size.,NA,NA,NA
ILUKKWJA,Conover et al. 2009,stream_exclusion_and_buffers,abundance,density (birds/0.2 ha),narrow field margin,wide-bordered field margin,-1,apples,0,NA,red_winged_blackbird,NA,standard_error,1.686,51,NA,0.345,NA,NA,4.278,18,NA,0.925,NA,NA,Sample size is actually lower than this. They included year in their sample size.,NA,NA,NA
ILUKKWJA,Conover et al. 2009,stream_exclusion_and_buffers,abundance,density (birds/0.2 ha),no field margin,narrow field margin,-1,apples,0,NA,dickcissel,NA,standard_error,0,42,NA,0,NA,NA,0.137,51,NA,0.069,NA,NA,Sample size is actually lower than this. They included year in their sample size.,NA,NA,NA
ILUKKWJA,Conover et al. 2009,stream_exclusion_and_buffers,abundance,density (birds/0.2 ha),no field margin,wide-bordered field margin,-1,apples,0,NA,dickcissel,NA,standard_error,0,42,NA,0,NA,NA,2,18,NA,0.763,NA,NA,Sample size is actually lower than this. They included year in their sample size.,NA,NA,NA
ILUKKWJA,Conover et al. 2009,stream_exclusion_and_buffers,abundance,density (birds/0.2 ha),narrow field margin,wide-bordered field margin,-1,apples,0,NA,dickcissel,NA,standard_error,0.137,51,NA,0.069,NA,NA,2,18,NA,0.763,NA,NA,Sample size is actually lower than this. They included year in their sample size.,NA,NA,NA
ILUKKWJA,Conover et al. 2009,stream_exclusion_and_buffers,abundance,density (birds/0.2 ha),no field margin,narrow field margin,-1,apples,0,NA,northern_cardinal,NA,standard_error,0.143,42,NA,0.087,NA,NA,0.569,51,NA,0.132,NA,NA,Sample size is actually lower than this. They included year in their sample size.,NA,NA,NA
ILUKKWJA,Conover et al. 2009,stream_exclusion_and_buffers,abundance,density (birds/0.2 ha),no field margin,wide-bordered field margin,-1,apples,0,NA,northern_cardinal,NA,standard_error,0.143,42,NA,0.087,NA,NA,0.167,18,NA,0.121,NA,NA,Sample size is actually lower than this. They included year in their sample size.,NA,NA,NA
ILUKKWJA,Conover et al. 2009,stream_exclusion_and_buffers,abundance,density (birds/0.2 ha),narrow field margin,wide-bordered field margin,-1,apples,0,NA,northern_cardinal,NA,standard_error,0.569,51,NA,0.132,NA,NA,0.167,18,NA,0.121,NA,NA,Sample size is actually lower than this. They included year in their sample size.,NA,NA,NA
ILUKKWJA,Conover et al. 2009,stream_exclusion_and_buffers,abundance,density (birds/0.2 ha),no field margin,narrow field margin,-1,apples,0,NA,indigo_bunting,NA,standard_error,0.048,42,NA,0.033,NA,NA,0.392,51,NA,0.119,NA,NA,Sample size is actually lower than this. They included year in their sample size.,NA,NA,NA
ILUKKWJA,Conover et al. 2009,stream_exclusion_and_buffers,abundance,density (birds/0.2 ha),no field margin,wide-bordered field margin,-1,apples,0,NA,indigo_bunting,NA,standard_error,0.048,42,NA,0.033,NA,NA,0.278,18,NA,0.135,NA,NA,Sample size is actually lower than this. They included year in their sample size.,NA,NA,NA
ILUKKWJA,Conover et al. 2009,stream_exclusion_and_buffers,abundance,density (birds/0.2 ha),narrow field margin,wide-bordered field margin,-1,apples,0,NA,indigo_bunting,NA,standard_error,0.392,51,NA,0.119,NA,NA,0.278,18,NA,0.135,NA,NA,Sample size is actually lower than this. They included year in their sample size.,NA,NA,NA
ILUKKWJA,Conover et al. 2009,stream_exclusion_and_buffers,abundance,density (birds/0.2 ha),no field margin,narrow field margin,-1,apples,0,NA,mourning_dove,NA,standard_error,0.143,42,NA,0.073,NA,NA,0.157,51,NA,0.071,NA,NA,Sample size is actually lower than this. They included year in their sample size.,NA,NA,NA
ILUKKWJA,Conover et al. 2009,stream_exclusion_and_buffers,abundance,density (birds/0.2 ha),no field margin,wide-bordered field margin,-1,apples,0,NA,mourning_dove,NA,standard_error,0.143,42,NA,0.073,NA,NA,0.111,18,NA,0.076,NA,NA,Sample size is actually lower than this. They included year in their sample size.,NA,NA,NA
ILUKKWJA,Conover et al. 2009,stream_exclusion_and_buffers,abundance,density (birds/0.2 ha),narrow field margin,wide-bordered field margin,-1,apples,0,NA,mourning_dove,NA,standard_error,0.157,51,NA,0.071,NA,NA,0.111,18,NA,0.076,NA,NA,Sample size is actually lower than this. They included year in their sample size.,NA,NA,NA
ILUKKWJA,Conover et al. 2009,stream_exclusion_and_buffers,abundance,density (birds/0.2 ha),no field margin,narrow field margin,-1,apples,0,NA,common_grackle,NA,standard_error,0.024,42,NA,0.024,NA,NA,0.078,51,NA,0.055,NA,NA,Sample size is actually lower than this. They included year in their sample size.,NA,NA,NA
ILUKKWJA,Conover et al. 2009,stream_exclusion_and_buffers,abundance,density (birds/0.2 ha),no field margin,wide-bordered field margin,-1,apples,0,NA,common_grackle,NA,standard_error,0.024,42,NA,0.024,NA,NA,0.111,18,NA,0.076,NA,NA,Sample size is actually lower than this. They included year in their sample size.,NA,NA,NA
ILUKKWJA,Conover et al. 2009,stream_exclusion_and_buffers,abundance,density (birds/0.2 ha),narrow field margin,wide-bordered field margin,-1,apples,0,NA,common_grackle,NA,standard_error,0.078,51,NA,0.055,NA,NA,0.111,18,NA,0.076,NA,NA,Sample size is actually lower than this. They included year in their sample size.,NA,NA,NA
ILUKKWJA,Conover et al. 2009,stream_exclusion_and_buffers,abundance,density (birds/0.2 ha),no field margin,narrow field margin,-1,apples,0,NA,yellow_billed_cuckoo,NA,standard_error,0,42,NA,0,NA,NA,0.059,51,NA,0.044,NA,NA,Sample size is actually lower than this. They included year in their sample size.,NA,NA,NA
ILUKKWJA,Conover et al. 2009,stream_exclusion_and_buffers,abundance,density (birds/0.2 ha),no field margin,wide-bordered field margin,-1,apples,0,NA,yellow_billed_cuckoo,NA,standard_error,0,42,NA,0,NA,NA,0.056,18,NA,0.056,NA,NA,Sample size is actually lower than this. They included year in their sample size.,NA,NA,NA
ILUKKWJA,Conover et al. 2009,stream_exclusion_and_buffers,abundance,density (birds/0.2 ha),narrow field margin,wide-bordered field margin,-1,apples,0,NA,yellow_billed_cuckoo,NA,standard_error,0.059,51,NA,0.044,NA,NA,0.056,18,NA,0.056,NA,NA,Sample size is actually lower than this. They included year in their sample size.,NA,NA,NA
ILUKKWJA,Conover et al. 2009,stream_exclusion_and_buffers,abundance,density (birds/0.2 ha),no field margin,narrow field margin,-1,apples,0,NA,brown_headed_cowbird,NA,standard_error,0,42,NA,0,NA,NA,0.078,51,NA,0.047,NA,NA,Sample size is actually lower than this. They included year in their sample size.,NA,NA,NA
ILUKKWJA,Conover et al. 2009,stream_exclusion_and_buffers,abundance,density (birds/0.2 ha),no field margin,wide-bordered field margin,-1,apples,0,NA,brown_headed_cowbird,NA,standard_error,0,42,NA,0,NA,NA,0,18,NA,0,NA,NA,Sample size is actually lower than this. They included year in their sample size.,NA,NA,NA
ILUKKWJA,Conover et al. 2009,stream_exclusion_and_buffers,abundance,density (birds/0.2 ha),narrow field margin,wide-bordered field margin,-1,apples,0,NA,brown_headed_cowbird,NA,standard_error,0.078,51,NA,0.047,NA,NA,0,18,NA,0,NA,NA,Sample size is actually lower than this. They included year in their sample size.,NA,NA,NA
ILUKKWJA,Conover et al. 2009,stream_exclusion_and_buffers,abundance,density (birds/0.2 ha),no field margin,narrow field margin,-1,apples,0,NA,ruby_throated_hummingbird,NA,standard_error,0,42,NA,0,NA,NA,0.039,51,NA,0.039,NA,NA,Sample size is actually lower than this. They included year in their sample size.,NA,NA,NA
ILUKKWJA,Conover et al. 2009,stream_exclusion_and_buffers,abundance,density (birds/0.2 ha),no field margin,wide-bordered field margin,-1,apples,0,NA,ruby_throated_hummingbird,NA,standard_error,0,42,NA,0,NA,NA,0.056,18,NA,0.056,NA,NA,Sample size is actually lower than this. They included year in their sample size.,NA,NA,NA
ILUKKWJA,Conover et al. 2009,stream_exclusion_and_buffers,abundance,density (birds/0.2 ha),narrow field margin,wide-bordered field margin,-1,apples,0,NA,ruby_throated_hummingbird,NA,standard_error,0.039,51,NA,0.039,NA,NA,0.056,18,NA,0.056,NA,NA,Sample size is actually lower than this. They included year in their sample size.,NA,NA,NA
ILUKKWJA,Conover et al. 2009,stream_exclusion_and_buffers,abundance,density (birds/0.2 ha),no field margin,narrow field margin,-1,apples,0,NA,eastern_meadowlark,NA,standard_error,0,42,NA,0,NA,NA,0.039,51,NA,0.028,NA,NA,Sample size is actually lower than this. They included year in their sample size.,NA,NA,NA
ILUKKWJA,Conover et al. 2009,stream_exclusion_and_buffers,abundance,density (birds/0.2 ha),no field margin,wide-bordered field margin,-1,apples,0,NA,eastern_meadowlark,NA,standard_error,0,42,NA,0,NA,NA,0.056,18,NA,0.056,NA,NA,Sample size is actually lower than this. They included year in their sample size.,NA,NA,NA
ILUKKWJA,Conover et al. 2009,stream_exclusion_and_buffers,abundance,density (birds/0.2 ha),narrow field margin,wide-bordered field margin,-1,apples,0,NA,eastern_meadowlark,NA,standard_error,0.039,51,NA,0.028,NA,NA,0.056,18,NA,0.056,NA,NA,Sample size is actually lower than this. They included year in their sample size.,NA,NA,NA
ILUKKWJA,Conover et al. 2009,stream_exclusion_and_buffers,abundance,density (birds/0.2 ha),no field margin,narrow field margin,-1,apples,0,NA,northern_bobwhite,NA,standard_error,0,42,NA,0,NA,NA,0.02,51,NA,0.02,NA,NA,Sample size is actually lower than this. They included year in their sample size.,NA,NA,NA
ILUKKWJA,Conover et al. 2009,stream_exclusion_and_buffers,abundance,density (birds/0.2 ha),no field margin,wide-bordered field margin,-1,apples,0,NA,northern_bobwhite,NA,standard_error,0,42,NA,0,NA,NA,0.056,18,NA,0.056,NA,NA,Sample size is actually lower than this. They included year in their sample size.,NA,NA,NA
ILUKKWJA,Conover et al. 2009,stream_exclusion_and_buffers,abundance,density (birds/0.2 ha),narrow field margin,wide-bordered field margin,-1,apples,0,NA,northern_bobwhite,NA,standard_error,0.02,51,NA,0.02,NA,NA,0.056,18,NA,0.056,NA,NA,Sample size is actually lower than this. They included year in their sample size.,NA,NA,NA
ILUKKWJA,Conover et al. 2009,stream_exclusion_and_buffers,abundance,density (birds/0.2 ha),no field margin,narrow field margin,-1,apples,0,NA,northern_mockingbird,NA,standard_error,0,42,NA,0,NA,NA,0.039,51,NA,0.028,NA,NA,Sample size is actually lower than this. They included year in their sample size.,NA,NA,NA
ILUKKWJA,Conover et al. 2009,stream_exclusion_and_buffers,abundance,density (birds/0.2 ha),no field margin,wide-bordered field margin,-1,apples,0,NA,northern_mockingbird,NA,standard_error,0,42,NA,0,NA,NA,0,18,NA,0,NA,NA,Sample size is actually lower than this. They included year in their sample size.,NA,NA,NA
ILUKKWJA,Conover et al. 2009,stream_exclusion_and_buffers,abundance,density (birds/0.2 ha),narrow field margin,wide-bordered field margin,-1,apples,0,NA,northern_mockingbird,NA,standard_error,0.039,51,NA,0.028,NA,NA,0,18,NA,0,NA,NA,Sample size is actually lower than this. They included year in their sample size.,NA,NA,NA
ILUKKWJA,Conover et al. 2009,stream_exclusion_and_buffers,abundance,density (birds/0.2 ha),no field margin,narrow field margin,-1,apples,0,NA,red_tailed_hawk,NA,standard_error,0,42,NA,0,NA,NA,0.02,51,NA,0.02,NA,NA,Sample size is actually lower than this. They included year in their sample size.,NA,NA,NA
ILUKKWJA,Conover et al. 2009,stream_exclusion_and_buffers,abundance,density (birds/0.2 ha),no field margin,wide-bordered field margin,-1,apples,0,NA,red_tailed_hawk,NA,standard_error,0,42,NA,0,NA,NA,0,18,NA,0,NA,NA,Sample size is actually lower than this. They included year in their sample size.,NA,NA,NA
ILUKKWJA,Conover et al. 2009,stream_exclusion_and_buffers,abundance,density (birds/0.2 ha),narrow field margin,wide-bordered field margin,-1,apples,0,NA,red_tailed_hawk,NA,standard_error,0.02,51,NA,0.02,NA,NA,0,18,NA,0,NA,NA,Sample size is actually lower than this. They included year in their sample size.,NA,NA,NA
ILUKKWJA,Conover et al. 2009,stream_exclusion_and_buffers,abundance,density (birds/0.2 ha),no field margin,narrow field margin,-1,apples,0,NA,wild_turkey,NA,standard_error,0,42,NA,0,NA,NA,0.02,51,NA,0.02,NA,NA,Sample size is actually lower than this. They included year in their sample size.,NA,NA,NA
ILUKKWJA,Conover et al. 2009,stream_exclusion_and_buffers,abundance,density (birds/0.2 ha),no field margin,wide-bordered field margin,-1,apples,0,NA,wild_turkey,NA,standard_error,0,42,NA,0,NA,NA,0,18,NA,0,NA,NA,Sample size is actually lower than this. They included year in their sample size.,NA,NA,NA
ILUKKWJA,Conover et al. 2009,stream_exclusion_and_buffers,abundance,density (birds/0.2 ha),narrow field margin,wide-bordered field margin,-1,apples,0,NA,wild_turkey,NA,standard_error,0.02,51,NA,0.02,NA,NA,0,18,NA,0,NA,NA,Sample size is actually lower than this. They included year in their sample size.,NA,NA,NA
ILUKKWJA,Conover et al. 2009,stream_exclusion_and_buffers,abundance,density (birds/0.2 ha),no field margin,narrow field margin,-1,apples,0,NA,killdeer,NA,standard_error,0,42,NA,0,NA,NA,0.02,51,NA,0.02,NA,NA,Sample size is actually lower than this. They included year in their sample size.,NA,NA,NA
ILUKKWJA,Conover et al. 2009,stream_exclusion_and_buffers,abundance,density (birds/0.2 ha),no field margin,wide-bordered field margin,-1,apples,0,NA,killdeer,NA,standard_error,0,42,NA,0,NA,NA,0,18,NA,0,NA,NA,Sample size is actually lower than this. They included year in their sample size.,NA,NA,NA
ILUKKWJA,Conover et al. 2009,stream_exclusion_and_buffers,abundance,density (birds/0.2 ha),narrow field margin,wide-bordered field margin,-1,apples,0,NA,killdeer,NA,standard_error,0.02,51,NA,0.02,NA,NA,0,18,NA,0,NA,NA,Sample size is actually lower than this. They included year in their sample size.,NA,NA,NA
ILUKKWJA,Conover et al. 2009,stream_exclusion_and_buffers,abundance,density (birds/0.2 ha),no field margin,narrow field margin,-1,apples,0,NA,great_crested_flycatcher,NA,standard_error,0,42,NA,0,NA,NA,0.02,51,NA,0.02,NA,NA,Sample size is actually lower than this. They included year in their sample size.,NA,NA,NA
ILUKKWJA,Conover et al. 2009,stream_exclusion_and_buffers,abundance,density (birds/0.2 ha),no field margin,wide-bordered field margin,-1,apples,0,NA,great_crested_flycatcher,NA,standard_error,0,42,NA,0,NA,NA,0,18,NA,0,NA,NA,Sample size is actually lower than this. They included year in their sample size.,NA,NA,NA
ILUKKWJA,Conover et al. 2009,stream_exclusion_and_buffers,abundance,density (birds/0.2 ha),narrow field margin,wide-bordered field margin,-1,apples,0,NA,great_crested_flycatcher,NA,standard_error,0.02,51,NA,0.02,NA,NA,0,18,NA,0,NA,NA,Sample size is actually lower than this. They included year in their sample size.,NA,NA,NA
ILUKKWJA,Conover et al. 2009,stream_exclusion_and_buffers,abundance,density (birds/0.2 ha),no field margin,narrow field margin,-1,apples,0,NA,horned_lark,NA,standard_error,0,42,NA,0,NA,NA,0.02,51,NA,0.02,NA,NA,Sample size is actually lower than this. They included year in their sample size.,NA,NA,NA
ILUKKWJA,Conover et al. 2009,stream_exclusion_and_buffers,abundance,density (birds/0.2 ha),no field margin,wide-bordered field margin,-1,apples,0,NA,horned_lark,NA,standard_error,0,42,NA,0,NA,NA,0,18,NA,0,NA,NA,Sample size is actually lower than this. They included year in their sample size.,NA,NA,NA
ILUKKWJA,Conover et al. 2009,stream_exclusion_and_buffers,abundance,density (birds/0.2 ha),narrow field margin,wide-bordered field margin,-1,apples,0,NA,horned_lark,NA,standard_error,0.02,51,NA,0.02,NA,NA,0,18,NA,0,NA,NA,Sample size is actually lower than this. They included year in their sample size.,NA,NA,NA
ILUKKWJA,Conover et al. 2009,stream_exclusion_and_buffers,abundance,density (birds/0.2 ha),no field margin,narrow field margin,-1,apples,0,NA,brown_thrasher,NA,standard_error,0,42,NA,0,NA,NA,0.02,51,NA,0.02,NA,NA,Sample size is actually lower than this. They included year in their sample size.,NA,NA,NA
ILUKKWJA,Conover et al. 2009,stream_exclusion_and_buffers,abundance,density (birds/0.2 ha),no field margin,wide-bordered field margin,-1,apples,0,NA,brown_thrasher,NA,standard_error,0,42,NA,0,NA,NA,0,18,NA,0,NA,NA,Sample size is actually lower than this. They included year in their sample size.,NA,NA,NA
ILUKKWJA,Conover et al. 2009,stream_exclusion_and_buffers,abundance,density (birds/0.2 ha),narrow field margin,wide-bordered field margin,-1,apples,0,NA,brown_thrasher,NA,standard_error,0.02,51,NA,0.02,NA,NA,0,18,NA,0,NA,NA,Sample size is actually lower than this. They included year in their sample size.,NA,NA,NA
ILUKKWJA,Conover et al. 2009,stream_exclusion_and_buffers,abundance,density (birds/0.2 ha),no field margin,narrow field margin,-1,apples,0,NA,blue_grosbeak,NA,standard_error,0,42,NA,0,NA,NA,0,51,NA,0,NA,NA,Sample size is actually lower than this. They included year in their sample size.,NA,NA,NA
ILUKKWJA,Conover et al. 2009,stream_exclusion_and_buffers,abundance,density (birds/0.2 ha),no field margin,wide-bordered field margin,-1,apples,0,NA,blue_grosbeak,NA,standard_error,0,42,NA,0,NA,NA,0.056,18,NA,0.056,NA,NA,Sample size is actually lower than this. They included year in their sample size.,NA,NA,NA
ILUKKWJA,Conover et al. 2009,stream_exclusion_and_buffers,abundance,density (birds/0.2 ha),narrow field margin,wide-bordered field margin,-1,apples,0,NA,blue_grosbeak,NA,standard_error,0,51,NA,0,NA,NA,0.056,18,NA,0.056,NA,NA,Sample size is actually lower than this. They included year in their sample size.,NA,NA,NA
ILUKKWJA,Conover et al. 2009,stream_exclusion_and_buffers,abundance,density (birds/0.2 ha),no field margin,narrow field margin,-1,apples,0,NA,painted_bunting,NA,standard_error,0,42,NA,0,NA,NA,0.02,51,NA,0.02,NA,NA,Sample size is actually lower than this. They included year in their sample size.,NA,NA,NA
ILUKKWJA,Conover et al. 2009,stream_exclusion_and_buffers,abundance,density (birds/0.2 ha),no field margin,wide-bordered field margin,-1,apples,0,NA,painted_bunting,NA,standard_error,0,42,NA,0,NA,NA,0,18,NA,0,NA,NA,Sample size is actually lower than this. They included year in their sample size.,NA,NA,NA
ILUKKWJA,Conover et al. 2009,stream_exclusion_and_buffers,abundance,density (birds/0.2 ha),narrow field margin,wide-bordered field margin,-1,apples,0,NA,painted_bunting,NA,standard_error,0.02,51,NA,0.02,NA,NA,0,18,NA,0,NA,NA,Sample size is actually lower than this. They included year in their sample size.,NA,NA,NA
ILUKKWJA,Conover et al. 2009,stream_exclusion_and_buffers,abundance,density (birds/0.2 ha),no field margin,narrow field margin,-1,apples,0,NA,eastern_towhee,NA,standard_error,0,42,NA,0,NA,NA,0,51,NA,0,NA,NA,Sample size is actually lower than this. They included year in their sample size.,NA,NA,NA
ILUKKWJA,Conover et al. 2009,stream_exclusion_and_buffers,abundance,density (birds/0.2 ha),no field margin,wide-bordered field margin,-1,apples,0,NA,eastern_towhee,NA,standard_error,0,42,NA,0,NA,NA,0.056,18,NA,0.056,NA,NA,Sample size is actually lower than this. They included year in their sample size.,NA,NA,NA
ILUKKWJA,Conover et al. 2009,stream_exclusion_and_buffers,abundance,density (birds/0.2 ha),narrow field margin,wide-bordered field margin,-1,apples,0,NA,eastern_towhee,NA,standard_error,0,51,NA,0,NA,NA,0.056,18,NA,0.056,NA,NA,Sample size is actually lower than this. They included year in their sample size.,NA,NA,NA
ILUKKWJA,Conover et al. 2009,stream_exclusion_and_buffers,abundance,density (birds/0.2 ha),no field margin,narrow field margin,-1,apples,0,NA,orchard_oriole,NA,standard_error,0,42,NA,0,NA,NA,0.02,51,NA,0.02,NA,NA,Sample size is actually lower than this. They included year in their sample size.,NA,NA,NA
ILUKKWJA,Conover et al. 2009,stream_exclusion_and_buffers,abundance,density (birds/0.2 ha),no field margin,wide-bordered field margin,-1,apples,0,NA,orchard_oriole,NA,standard_error,0,42,NA,0,NA,NA,0,18,NA,0,NA,NA,Sample size is actually lower than this. They included year in their sample size.,NA,NA,NA
ILUKKWJA,Conover et al. 2009,stream_exclusion_and_buffers,abundance,density (birds/0.2 ha),narrow field margin,wide-bordered field margin,-1,apples,0,NA,orchard_oriole,NA,standard_error,0.02,51,NA,0.02,NA,NA,0,18,NA,0,NA,NA,Sample size is actually lower than this. They included year in their sample size.,NA,NA,NA
ZFUENEQI,Conover et al. 2011,edge_and_shrub_habitat,abundance,nest density (nests/100 ha),Riparian forest buffer adjacent to wooded vegetation,Riparian forest buffer adjacent to non-wooded vegetation,NA,oranges,0,NA,red_winged_blackbird,NA,confidence_intervals,64.81,27,NA,NA,23.61,106.01,103.17,23,NA,NA,43.03,163.31,Does not test the bmp,NA,NA,NA
ZFUENEQI,Conover et al. 2011,edge_and_shrub_habitat,abundance,nest density (nests/100 ha),Riparian forest buffer adjacent to wooded vegetation,Riparian forest buffer adjacent to non-wooded vegetation,NA,oranges,0,NA,dickcissel,NA,confidence_intervals,37.04,27,NA,NA,2.8999999999999986,71.18,65.22,23,NA,NA,32.82,97.62,Does not test the bmp,NA,NA,NA
47D2B23I,Conover et al. 2014,plant_nwsg,species_richness,species_richness,Diverse strips (2005),monotypic filter strips (2005),1,oranges,0,NA,all_species,NA,standard_error,2.45,20,NA,0.1,NA,NA,2.3,20,NA,0.25,NA,NA,Estimated from plot; Review whether this is an appropriate nwsg test,NA,NA,NA
47D2B23I,Conover et al. 2014,plant_nwsg,species_richness,species_richness,Diverse strips (2006),monotypic filter strips (2006),1,oranges,0,NA,all_species,NA,standard_error,1.7,20,NA,0.075,NA,NA,1.25,20,NA,0.1,NA,NA,Estimated from plot,NA,NA,NA
47D2B23I,Conover et al. 2014,plant_nwsg,species_richness,species_richness,Diverse strips (2007),monotypic filter strips (2007),1,oranges,0,NA,all_species,NA,standard_error,1.75,20,NA,0.075,NA,NA,1.7,20,NA,0.1,NA,NA,Estimated from plot,NA,NA,NA
47D2B23I,Conover et al. 2014,stream_exclusion_and_buffers,species_richness,species_richness,Riparian buffer strips (2005),monotypic filter strips (2005),1,apples,0,NA,all_species,NA,standard_error,1.8,20,NA,0.1,NA,NA,2.3,20,NA,0.25,NA,NA,Estimated from plot,NA,NA,NA
47D2B23I,Conover et al. 2014,stream_exclusion_and_buffers,species_richness,species_richness,Riparian buffer strips (2006),monotypic filter strips (2006),1,apples,0,NA,all_species,NA,standard_error,1.25,20,NA,0.1,NA,NA,1.25,20,NA,0.1,NA,NA,Estimated from plot,NA,NA,NA
47D2B23I,Conover et al. 2014,stream_exclusion_and_buffers,species_richness,species_richness,Riparian buffer strips (2007),monotypic filter strips (2007),1,apples,0,NA,all_species,NA,standard_error,1.4,20,NA,0.1,NA,NA,1.7,20,NA,0.1,NA,NA,Estimated from plot,NA,NA,NA
47D2B23I,Conover et al. 2014,plant_nwsg,abundance,abundance,Diverse strips (2005),monotypic filter strips (2005),1,oranges,0,NA,all_species,NA,standard_error,9.75,20,NA,1,NA,NA,4.75,20,NA,0.75,NA,NA,Estimated from plot,NA,NA,NA
47D2B23I,Conover et al. 2014,plant_nwsg,abundance,abundance,Diverse strips (2006),monotypic filter strips (2006),1,oranges,0,NA,all_species,NA,standard_error,4.5,20,NA,0.25,NA,NA,4,20,NA,0.25,NA,NA,Estimated from plot,NA,NA,NA
47D2B23I,Conover et al. 2014,plant_nwsg,abundance,abundance,Diverse strips (2007),monotypic filter strips (2007),1,oranges,0,NA,all_species,NA,standard_error,7.5,20,NA,0.75,NA,NA,4.5,20,NA,0.5,NA,NA,Estimated from plot,NA,NA,NA
47D2B23I,Conover et al. 2014,stream_exclusion_and_buffers,abundance,abundance,Riparian buffer strips (2005),monotypic filter strips (2005),1,apples,0,NA,all_species,NA,standard_error,4.5,20,NA,0.5,NA,NA,4.75,20,NA,0.75,NA,NA,Estimated from plot,NA,NA,NA
47D2B23I,Conover et al. 2014,stream_exclusion_and_buffers,abundance,abundance,Riparian buffer strips (2006),monotypic filter strips (2006),1,apples,0,NA,all_species,NA,standard_error,2.75,20,NA,0.25,NA,NA,4,20,NA,0.25,NA,NA,Estimated from plot,NA,NA,NA
47D2B23I,Conover et al. 2014,stream_exclusion_and_buffers,abundance,abundance,Riparian buffer strips (2007),monotypic filter strips (2007),1,apples,0,NA,all_species,NA,standard_error,3.5,20,NA,0.75,NA,NA,4.5,20,NA,0.5,NA,NA,Estimated from plot,NA,NA,NA
KXCFYIJV,Coppedge et al. 2008,manage_in_patches,species_richness,species_richness,Patch-burn treatment,traditional management (entire pastures annually burned),1,apples,0,NA,all_species,NA,standard_error,9.36,2,NA,0.28,NA,NA,9.33,2,NA,0.32,NA,NA,Depends on what traditional management refers to,NA,NA,NA
KXCFYIJV,Coppedge et al. 2008,manage_in_patches,species_richness,species_richness,Patch-burn treatment,traditional management (entire pastures annually burned),1,apples,0,NA,grassland_obligates,NA,standard_error,4.47,2,NA,0.11,NA,NA,4.11,2,NA,0.1,NA,NA,NA,NA,NA,NA
KXCFYIJV,Coppedge et al. 2008,manage_in_patches,abundance,abundance,Patch-burn treatment,traditional management (entire pastures annually burned),1,apples,0,NA,all_species,NA,standard_error,8.13,2,NA,0.28,NA,NA,7.52,2,NA,0.27,NA,NA,NA,NA,NA,NA
KXCFYIJV,Coppedge et al. 2008,manage_in_patches,abundance,abundance,Patch-burn treatment,traditional management (entire pastures annually burned),1,apples,0,NA,grassland_obligates,NA,standard_error,6.96,2,NA,0.27,NA,NA,6.45,2,NA,0.2,NA,NA,NA,NA,NA,NA
BFQ2PFZ5,Coudrain et al. 2010,install_nest_boxes,occupancy,occupancy,Sites with nest boxes,Sites without nest boxes,1,apples,0,NA,eurasian_wryneck,NA,standard_error,0.949,18,NA,0.059,NA,NA,0.203,133,NA,0.043,NA,NA,NA,NA,NA,NA
LNNCH8TG,Davis 2018,plant_nwsg,nest_success,eggs per nest,native field,planted field,1,apples,1,productivity,spragues_pipit,NA,standard_error,4.5,113,NA,0.01,NA,NA,4.7,76,NA,0.01,NA,NA,Treatment is defined here as the native field,NA,NA,period_survival
LNNCH8TG,Davis 2018,plant_nwsg,nest_success,fledglings per nest,native field,planted field,1,apples,1,productivity,spragues_pipit,NA,standard_error,1.2,113,NA,0.01,NA,NA,0.9,76,NA,0.02,NA,NA,Treatment is defined here as the native field; unsure if number fledged is all nests or only successful nests,NA,NA,period_survival
HZBZKNRR,Davis et al. 2013,plant_nwsg,abundance,abundance,native planted grassland (Saskatchewan),non-native planted grassland (Saskatchewan),1,apples,0,NA,savannah_sparrow,NA,standard_error,5.5,120,NA,0.22,NA,NA,5,120,NA,0.18,NA,NA,NA,NA,NA,NA
HZBZKNRR,Davis et al. 2013,plant_nwsg,abundance,abundance,native planted grassland (Alberta),non-native planted grassland (Alberta),1,apples,0,NA,savannah_sparrow,NA,standard_error,2.1,96,NA,0.15,NA,NA,3.6,96,NA,0.19,NA,NA,NA,NA,NA,NA
HZBZKNRR,Davis et al. 2013,plant_nwsg,abundance,abundance,native planted grassland (Saskatchewan),non-native planted grassland (Saskatchewan),1,apples,0,NA,bobolink,NA,standard_error,0.04,120,NA,0.02,NA,NA,0.5,120,NA,0.08,NA,NA,NA,NA,NA,NA
HZBZKNRR,Davis et al. 2013,plant_nwsg,abundance,abundance,native planted grassland (Saskatchewan),non-native planted grassland (Saskatchewan),1,apples,0,NA,western_meadowlark,NA,standard_error,0.3,120,NA,0.04,NA,NA,0.2,120,NA,0.04,NA,NA,NA,NA,NA,NA
HZBZKNRR,Davis et al. 2013,plant_nwsg,abundance,abundance,native planted grassland (Alberta),non-native planted grassland (Alberta),1,apples,0,NA,western_meadowlark,NA,standard_error,0.4,96,NA,0.07,NA,NA,0.2,96,NA,0.04,NA,NA,NA,NA,NA,NA
SQ8ICKWV,Davis et al. 2016,plant_nwsg,abundance,abundance,native pasture,planted pasture,1,apples,0,NA,savannah_sparrow,NA,confidence_intervals,7.8,14,NA,NA,4.7,10.8,4.7,15,NA,NA,2.5,6.9,NA,NA,NA,NA
SQ8ICKWV,Davis et al. 2016,plant_nwsg,abundance,abundance,native pasture,planted pasture,1,apples,0,NA,grasshopper_sparrow,NA,confidence_intervals,0.6,14,NA,NA,0.1,1,1.5,15,NA,NA,0.4,2.7,NA,NA,NA,NA
SQ8ICKWV,Davis et al. 2016,plant_nwsg,abundance,abundance,native pasture,hay,1,apples,0,NA,savannah_sparrow,NA,confidence_intervals,7.8,14,NA,NA,4.7,10.8,8.4,14,NA,NA,5.9,10.9,"Saskatchewan, Canada",NA,NA,NA
SQ8ICKWV,Davis et al. 2016,plant_nwsg,abundance,abundance,native pasture,hay,1,apples,0,NA,grasshopper_sparrow,NA,confidence_intervals,0.6,14,NA,NA,0.1,1,1.7,14,NA,NA,0.1,3.3,"Saskatchewan, Canada",NA,NA,NA
SQ8ICKWV,Davis et al. 2016,plant_nwsg,nest_success,number of young fledged per nest,native pasture,planted pasture,1,apples,1,productivity,savannah_sparrow,log,standard_error,1.3,61,NA,0.2,NA,NA,0.6,20,NA,0.2,NA,NA,NA,NA,NA,period_survival
SQ8ICKWV,Davis et al. 2016,plant_nwsg,nest_success,number of young fledged per nest,native pasture,hay,1,apples,1,productivity,savannah_sparrow,log,standard_error,1.3,61,NA,0.2,NA,NA,1,24,NA,0.3,NA,NA,NA,NA,NA,period_survival
C8RH4NET,Davis et al. 2020,rotational_grazing,abundance,abundance,Pulse-grazed,Traditional (season-long) grazed,1,apples,0,NA,mccowns_longspur,NA,confidence_intervals,-0.214,18,NA,NA,-0.729,0.291,-1.781,51,NA,NA,-3.822,-0.262,NA,NA,NA,NA
C8RH4NET,Davis et al. 2020,rotational_grazing,abundance,abundance,Pulse-grazed,Traditional (season-long) grazed,1,apples,0,NA,horned_lark,NA,confidence_intervals,0.099,18,NA,NA,-0.034,0.233,0.922,51,NA,NA,0.669,1.164,NA,NA,NA,NA
C8RH4NET,Davis et al. 2020,rotational_grazing,abundance,abundance,Pulse-grazed,Traditional (season-long) grazed,1,apples,0,NA,lark_bunting,NA,confidence_intervals,0.11,18,NA,NA,-0.009,0.228,1.355,51,NA,NA,1.164,1.543,NA,NA,NA,NA
C8RH4NET,Davis et al. 2020,rotational_grazing,abundance,abundance,Pulse-grazed,Traditional (season-long) grazed,1,apples,0,NA,western_meadowlark,NA,confidence_intervals,-0.048,18,NA,NA,-0.19,0.093,-0.275,51,NA,NA,-0.553,0.006,NA,NA,NA,NA
C8RH4NET,Davis et al. 2020,rotational_grazing,abundance,abundance,Pulse-grazed,Traditional (season-long) grazed,1,apples,0,NA,grasshopper_sparrow,NA,confidence_intervals,-0.023,18,NA,NA,-0.218,0.1,-0.768,51,NA,NA,-1.357,-0.164,NA,NA,NA,NA
YXR6499E,Davis et al. 2020b,plant_nwsg,abundance,abundance,Native grassland,Exotic grassland,1,apples,0,NA,horned_lark,NA,standard_error,1.1,192,NA,0.2,NA,NA,2.3,185,NA,0.3,NA,NA,Maximum number of singing males per point count,NA,NA,NA
YXR6499E,Davis et al. 2020b,plant_nwsg,abundance,abundance,Native grassland,Exotic grassland,1,apples,0,NA,spragues_pipit,NA,standard_error,1,192,NA,0.1,NA,NA,0,185,NA,0,NA,NA,Maximum number of singing males per point count,NA,NA,NA
YXR6499E,Davis et al. 2020b,plant_nwsg,abundance,abundance,Native grassland,Exotic grassland,1,apples,0,NA,chestnut_collared_longspur,NA,standard_error,1.1,192,NA,0.2,NA,NA,0.4,185,NA,0.2,NA,NA,Maximum number of singing males per point count,NA,NA,NA
YXR6499E,Davis et al. 2020b,plant_nwsg,abundance,abundance,Native grassland,Exotic grassland,1,apples,0,NA,vesper_sparrow,NA,standard_error,1.6,192,NA,0.2,NA,NA,2.3,185,NA,0.2,NA,NA,Maximum number of singing males per point count,NA,NA,NA
YXR6499E,Davis et al. 2020b,plant_nwsg,abundance,abundance,Native grassland,Exotic grassland,1,apples,0,NA,savannah_sparrow,NA,standard_error,3.4,192,NA,0.1,NA,NA,3.4,185,NA,0.2,NA,NA,Maximum number of singing males per point count,NA,NA,NA
YXR6499E,Davis et al. 2020b,plant_nwsg,abundance,abundance,Native grassland,Exotic grassland,1,apples,0,NA,bairds_sparrow,NA,standard_error,1.9,192,NA,0.2,NA,NA,0.2,185,NA,0.1,NA,NA,Maximum number of singing males per point count,NA,NA,NA
YXR6499E,Davis et al. 2020b,plant_nwsg,abundance,abundance,Native grassland,Exotic grassland,1,apples,0,NA,western_meadowlark,NA,standard_error,0.3,192,NA,0.1,NA,NA,0.3,185,NA,0.1,NA,NA,Maximum number of singing males per point count,NA,NA,NA
YXR6499E,Davis et al. 2020b,plant_nwsg,abundance,abundance,Native grassland,Exotic grassland,1,apples,1,NA,brown_headed_cowbird,NA,standard_error,0.1,192,NA,0,NA,NA,0.3,185,NA,0.1,NA,NA,Maximum number of singing males per point count,NA,NA,NA
926Z83RQ,de Zwaan et al. 2024,edge_and_shrub_habitat,abundance,abundance,farms with woody features,farms without woody features,1,apples,1,NA,all_species,NA,standard_error,8.7,327,NA,1.6,NA,NA,7.557,326,NA,2.531,NA,NA,"653 study sites total contributed to the prediction, but this was based on a projection from proportion of LWF, so I divided it in half",NA,NA,NA
IAAZA5MM,Denny et al. 2021,delay_hay,nest_success,dsr,late hay,early hay,1,apples,0,identity,savannah_sparrow,NA,confidence_intervals,0.96,35,NA,NA,0.954,0.966,0.929,35,NA,NA,0.899,0.96,"Chose Philopatric, sample size is not provide by treatment, so this is assuming an even number of nests per treatment; Unsure of link term, but it is likely logit",NA,NA,daily_survival
IAAZA5MM,Denny et al. 2021,delay_hay,nest_success,nest_success,late hay,early hay,1,apples,0,identity,savannah_sparrow,NA,confidence_intervals,0.377,35,NA,NA,0.323,0.436,0.169,35,NA,NA,0.078,0.292,"Chose Philopatric, sample size is not provide by treatment, so this is assuming an even number of nests per treatment; Unsure of link term, but it is likely logit",NA,NA,period_survival
IAAZA5MM,Denny et al. 2021,delay_hay,nest_success,dsr,late hay,early hay,1,apples,0,identity,bobolink,NA,confidence_intervals,0.967,29,NA,NA,0.957,0.975,0.94,28,NA,NA,0.904,0.963,"Chose Philopatric, sample size is not provide by treatment, so this is assuming an even number of nests per treatment; Unsure of link term, but it is likely logit",NA,NA,daily_survival
IAAZA5MM,Denny et al. 2021,delay_hay,nest_success,nest_success,late hay,early hay,1,apples,0,identity,bobolink,NA,confidence_intervals,0.432,29,NA,NA,0.333,0.531,0.216,28,NA,NA,0.08,0.39,"Chose Philopatric, sample size is not provide by treatment, so this is assuming an even number of nests per treatment; Unsure of link term, but it is likely logit",NA,NA,period_survival
YD99BG64,Duchardt et al. 2016,manage_in_patches,abundance,density,patch-burn graze,graze-and-burn,1,apples,0,NA,dickcissel,NA,standard_error,1.048,4,NA,0.132,NA,NA,0.941,4,NA,0.141,NA,NA,"More ""manage in patches"" than it is a test of prescribed_fire; Four pastures, but between 3 and 9 transects per treatment",NA,NA,NA
YD99BG64,Duchardt et al. 2016,manage_in_patches,abundance,density,patch-burn graze,graze-and-burn,1,apples,0,NA,grasshopper_sparrow,NA,standard_error,1.21,4,NA,0.07,NA,NA,1.004,4,NA,0.132,NA,NA,"Four pastures, but between 3 and 9 transects per treatment",NA,NA,NA
YD99BG64,Duchardt et al. 2016,manage_in_patches,abundance,density,patch-burn graze,graze-and-burn,1,apples,0,NA,bobolink,NA,standard_error,0.936,4,NA,0.102,NA,NA,0.722,4,NA,0.15,NA,NA,"Four pastures, but between 3 and 9 transects per treatment",NA,NA,NA
YD99BG64,Duchardt et al. 2016,manage_in_patches,abundance,density,patch-burn graze,graze-and-burn,1,apples,0,NA,eastern_meadowlark,NA,standard_error,0.909,4,NA,0.102,NA,NA,0.661,4,NA,0.062,NA,NA,"Four pastures, but between 3 and 9 transects per treatment",NA,NA,NA
YD99BG64,Duchardt et al. 2016,manage_in_patches,abundance,density,patch-burn graze,graze-and-burn,1,apples,0,NA,red_winged_blackbird,NA,standard_error,0.625,4,NA,0.127,NA,NA,0.775,4,NA,0.117,NA,NA,"Four pastures, but between 3 and 9 transects per treatment",NA,NA,NA
YD99BG64,Duchardt et al. 2016,manage_in_patches,abundance,density,patch-burn graze,graze-and-burn,1,apples,0,NA,common_yellowthroat,NA,standard_error,0.176,4,NA,0.043,NA,NA,0.256,4,NA,0.066,NA,NA,"Four pastures, but between 3 and 9 transects per treatment",NA,NA,NA
YD99BG64,Duchardt et al. 2016,manage_in_patches,abundance,density,patch-burn graze,graze-and-burn,1,apples,0,NA,northern_bobwhite,NA,standard_error,0.038,4,NA,0.027,NA,NA,0.073,4,NA,0.049,NA,NA,"Four pastures, but between 3 and 9 transects per treatment",NA,NA,NA
YD99BG64,Duchardt et al. 2016,manage_in_patches,abundance,density,patch-burn graze,graze-and-burn,1,apples,0,NA,eastern_bluebird,NA,standard_error,0.028,4,NA,0.016,NA,NA,0.045,4,NA,0.018,NA,NA,"Four pastures, but between 3 and 9 transects per treatment",NA,NA,NA
YD99BG64,Duchardt et al. 2016,manage_in_patches,abundance,density,patch-burn graze,graze-and-burn,1,apples,0,NA,loggerhead_shrike,NA,standard_error,0,4,NA,0,NA,NA,0.079,4,NA,0.028,NA,NA,"Four pastures, but between 3 and 9 transects per treatment",NA,NA,NA
DS5EPZ93,Eggebo et al. 2003,plant_nwsg,abundance,crowing counts (male count),Old NWSG field (planted 10-13 years prior),Old CSG fields (planted 10-13 years prior),1,apples,0,NA,ring_necked_pheasant,NA,standard_error,7.5,8,NA,2.3,NA,NA,13.9,12,NA,3.1,NA,NA,Crowing counts of males,NA,NA,NA
DS5EPZ93,Eggebo et al. 2003,plant_nwsg,abundance,crowing counts (male count),New NWSG field (planted 1-3 years prior),New CSG fields (planted 1-3 years prior),1,apples,0,NA,ring_necked_pheasant,NA,standard_error,4.9,13,NA,1,NA,NA,5.3,8,NA,0.8,NA,NA,Crowing counts of males,NA,NA,NA
N8CXRDSX,Evans et al. 2014,provide_overwintering_habitat,species_richness,species_richness - 2007,buffered,non-buffered,1,apples,0,NA,wintering_species,NA,standard_error,5.687,112,NA,0.34,NA,NA,5.571,110,NA,0.346,NA,NA,Should this also be edge and shrub (buffered)?,NA,NA,NA
N8CXRDSX,Evans et al. 2014,plant_nwsg,species_richness,species_richness - 2007,buffered,non-buffered,1,apples,0,NA,wintering_species,NA,standard_error,5.687,112,NA,0.34,NA,NA,5.571,110,NA,0.346,NA,NA,Should this also be edge and shrub (buffered)?,NA,NA,NA
N8CXRDSX,Evans et al. 2014,edge_and_shrub_habitat,species_richness,species_richness - 2007,buffered,non-buffered,1,apples,0,NA,wintering_species,NA,standard_error,5.687,112,NA,0.34,NA,NA,5.571,110,NA,0.346,NA,NA,Should this also be edge and shrub (buffered)?,NA,NA,NA
N8CXRDSX,Evans et al. 2014,provide_overwintering_habitat,species_richness,species_richness - 2008,buffered,non-buffered,1,apples,0,NA,wintering_species,NA,standard_error,5.338,112,NA,0.397,NA,NA,4.142,110,NA,0.397,NA,NA,NA,NA,NA,NA
N8CXRDSX,Evans et al. 2014,plant_nwsg,species_richness,species_richness - 2008,buffered,non-buffered,1,apples,0,NA,wintering_species,NA,standard_error,5.338,112,NA,0.397,NA,NA,4.142,110,NA,0.397,NA,NA,NA,NA,NA,NA
N8CXRDSX,Evans et al. 2014,edge_and_shrub_habitat,species_richness,species_richness - 2008,buffered,non-buffered,1,apples,0,NA,wintering_species,NA,standard_error,5.338,112,NA,0.397,NA,NA,4.142,110,NA,0.397,NA,NA,NA,NA,NA,NA
VAP55SP2,Fletcher and Koford 2002,plant_nwsg,species_richness,species_richness,Native prairie,restored grassland (CSG and WSG mix),1,apples,0,NA,all_species,NA,standard_error,6.7,10,NA,0.29,NA,NA,6.5,10,NA,0.3,NA,NA,Is this control adequate for a plant nwsg test?; Treatment is defined here as the native prairie,NA,NA,NA
VAP55SP2,Fletcher and Koford 2002,plant_nwsg,abundance,density (male/ha),Native prairie,restored grassland (CSG and WSG mix),1,apples,0,NA,sedge_wren,NA,confidence_intervals,0.79,10,NA,NA,0.54,1.15,0.6,10,NA,NA,0.4,0.91,Treatment is defined here as the native prairie,NA,NA,NA
VAP55SP2,Fletcher and Koford 2002,plant_nwsg,abundance,density (male/ha),Native prairie,restored grassland (CSG and WSG mix),1,apples,0,NA,common_yellowthroat,NA,confidence_intervals,2.68,10,NA,NA,1.41,5.08,1.04,10,NA,NA,0.55,1.96,Treatment is defined here as the native prairie,NA,NA,NA
VAP55SP2,Fletcher and Koford 2002,plant_nwsg,abundance,density (male/ha),Native prairie,restored grassland (CSG and WSG mix),1,apples,0,NA,savannah_sparrow,NA,confidence_intervals,0.07,10,NA,NA,0.03,0.17,0.67,10,NA,NA,0.38,1.17,Treatment is defined here as the native prairie,NA,NA,NA
VAP55SP2,Fletcher and Koford 2002,plant_nwsg,abundance,density (male/ha),Native prairie,restored grassland (CSG and WSG mix),1,apples,0,NA,grasshopper_sparrow,NA,confidence_intervals,0.08,10,NA,NA,0.05,0.15,0.32,10,NA,NA,0.21,0.5,Treatment is defined here as the native prairie,NA,NA,NA
VAP55SP2,Fletcher and Koford 2002,plant_nwsg,abundance,density (male/ha),Native prairie,restored grassland (CSG and WSG mix),1,apples,0,NA,dickcissel,NA,confidence_intervals,0.38,10,NA,NA,0.28,0.52,0.29,10,NA,NA,0.21,0.4,Treatment is defined here as the native prairie,NA,NA,NA
VAP55SP2,Fletcher and Koford 2002,plant_nwsg,abundance,density (male/ha),Native prairie,restored grassland (CSG and WSG mix),1,apples,0,NA,bobolink,NA,confidence_intervals,1.62,10,NA,NA,1.08,2.44,1.46,10,NA,NA,0.97,2.21,Treatment is defined here as the native prairie,NA,NA,NA
VAP55SP2,Fletcher and Koford 2002,plant_nwsg,abundance,density (male/ha),Native prairie,restored grassland (CSG and WSG mix),1,apples,0,NA,red_winged_blackbird,NA,confidence_intervals,0.68,10,NA,NA,0.54,0.87,0.97,10,NA,NA,0.77,1.23,Treatment is defined here as the native prairie,NA,NA,NA
VAP55SP2,Fletcher and Koford 2002,plant_nwsg,abundance,density (male/ha),Native prairie,restored grassland (CSG and WSG mix),1,apples,0,NA,american_goldfinch,NA,confidence_intervals,0.2,10,NA,NA,0.09,0.47,0.07,10,NA,NA,0.02,0.21,Treatment is defined here as the native prairie,NA,NA,NA
DDEKX9E9,Gehlbach 1994,install_nest_boxes,occupancy,occupancy (%),nest box,natural nest,1,apples,0,NA,eastern_screech_owl,NA,standard_deviation,64.2,5,13,NA,NA,NA,75.8,5,19.1,NA,NA,NA,NA,NA,NA,NA
DDEKX9E9,Gehlbach 1994,install_nest_boxes,nest_success,successful nests (%),nest box,natural nest,1,apples,0,identity,eastern_screech_owl,NA,standard_deviation,67.8,5,21.2,NA,NA,NA,81.1,5,12.4,NA,NA,NA,NA,NA,NA,period_survival
KHQAUEP3,Genghini et al. 2006,eliminate_pesticides,abundance,density,Organic farm,Conventional,1,apples,0,NA,all_species,NA,standard_deviation,2.77,15,2.26,NA,NA,NA,1.75,26,1.39,NA,NA,NA,NA,NA,NA,NA
KHQAUEP3,Genghini et al. 2006,eliminate_pesticides,species_richness,shannon diversity,Organic farm,Conventional,1,apples,0,NA,all_species,NA,standard_deviation,0.68,15,0.23,NA,NA,NA,0.4,26,0.24,NA,NA,NA,Alpha diversity expressed as shannon diversity,NA,NA,NA
LU5JZP88,Giuliano and Daves 2002,plant_nwsg,species_richness,species_richness,NWSG,CSG,1,apples,0,NA,all_species,NA,standard_error,11.1,21,NA,0.9,NA,NA,7.1,21,NA,0.7,NA,NA,Treatment is defined as NWSG; sample size is the minimum across years (three more were added),NA,NA,NA
LU5JZP88,Giuliano and Daves 2002,plant_nwsg,nest_success,fledge_rate (number fledged/number eggs),NWSG,CSG,1,apples,1,Number fledged/number eggs,all_species,identity,standard_error,0.7,70,NA,0.1,NA,NA,0.48,98,NA,0.1,NA,NA,Treatment is defined as NWSG; sample size is the number of nests; Review: Two-way randomized block analysis of variance,NA,NA,period_survival
LU5JZP88,Giuliano and Daves 2002,plant_nwsg,nest_success,depredation_rate,NWSG,CSG,-1,apples,0,NA,all_species,identity,standard_error,0.31,70,NA,0.1,NA,NA,0.35,98,NA,0.1,NA,NA,May want to choose either fledge rate *or* depredation rate; Treatment is defined as NWSG; sample size is the number of nests; Review: Two-way randomized block analysis of variance,NA,NA,period_survival
LU5JZP88,Giuliano and Daves 2002,plant_nwsg,abundance,abundance,NWSG,CSG,1,apples,0,NA,all_species,NA,standard_error,11.6,21,NA,1.4,NA,NA,7.1,21,NA,0.8,NA,NA,Treatment is defined as NWSG; sample size is the minimum across years (three more were added),NA,NA,NA
LU5JZP88,Giuliano and Daves 2002,plant_nwsg,abundance,abundance,NWSG,CSG,1,apples,0,NA,bobolink,NA,standard_error,0.19,21,NA,0.15,NA,NA,0.04,21,NA,0.03,NA,NA,Treatment is defined as NWSG; sample size is the minimum across years (three more were added),NA,NA,NA
LU5JZP88,Giuliano and Daves 2002,plant_nwsg,abundance,abundance,NWSG,CSG,1,apples,0,NA,savannah_sparrow,NA,standard_error,1.06,21,NA,0.04,NA,NA,0.61,21,NA,0.13,NA,NA,Treatment is defined as NWSG; sample size is the minimum across years (three more were added),NA,NA,NA
LU5JZP88,Giuliano and Daves 2002,plant_nwsg,abundance,abundance,NWSG,CSG,1,apples,0,NA,grasshopper_sparrow,NA,standard_error,0.56,21,NA,0.18,NA,NA,0.46,21,NA,0.33,NA,NA,Treatment is defined as NWSG; sample size is the minimum across years (three more were added),NA,NA,NA
LU5JZP88,Giuliano and Daves 2002,plant_nwsg,abundance,abundance,NWSG,CSG,1,apples,0,NA,song_sparrow,NA,standard_error,0.96,21,NA,0.27,NA,NA,0.17,21,NA,0.26,NA,NA,Treatment is defined as NWSG; sample size is the minimum across years (three more were added),NA,NA,NA
LU5JZP88,Giuliano and Daves 2002,plant_nwsg,abundance,abundance,NWSG,CSG,1,apples,0,NA,field_sparrow,NA,standard_error,0.72,21,NA,0.26,NA,NA,0.18,21,NA,0.08,NA,NA,Treatment is defined as NWSG; sample size is the minimum across years (three more were added),NA,NA,NA
LU5JZP88,Giuliano and Daves 2002,plant_nwsg,abundance,abundance,NWSG,CSG,1,apples,0,NA,eastern_meadowlark,NA,standard_error,0.31,21,NA,0.11,NA,NA,0.2,21,NA,0.06,NA,NA,Treatment is defined as NWSG; sample size is the minimum across years (three more were added),NA,NA,NA
LU5JZP88,Giuliano and Daves 2002,plant_nwsg,abundance,abundance,NWSG,CSG,1,apples,0,NA,red_winged_blackbird,NA,standard_error,1.86,21,NA,0.4,NA,NA,2.68,21,NA,0.56,NA,NA,Treatment is defined as NWSG; sample size is the minimum across years (three more were added),NA,NA,NA
LU5JZP88,Giuliano and Daves 2002,plant_nwsg,abundance,abundance,NWSG,CSG,1,apples,0,NA,american_goldfinch,NA,standard_error,0.31,21,NA,0.18,NA,NA,0.05,21,NA,0.04,NA,NA,Treatment is defined as NWSG; sample size is the minimum across years (three more were added),NA,NA,NA
LU5JZP88,Giuliano and Daves 2002,plant_nwsg,abundance,abundance,NWSG,CSG,1,apples,0,NA,common_yellowthroat,NA,standard_error,0.29,21,NA,0.12,NA,NA,0.06,21,NA,0.04,NA,NA,Treatment is defined as NWSG; sample size is the minimum across years (three more were added),NA,NA,NA
9VXKLDSA,Gowdy et al. 2022,plant_nwsg,species_richness,species_richness,pre-restoration,post-restoration,-1,apples,0,NA,all_species,NA,standard_error,3.42,23,NA,0.08,NA,NA,1.87,15,NA,0.15,NA,NA,NA,NA,NA,NA
9VXKLDSA,Gowdy et al. 2022,plant_nwsg,abundance,relative abundance,pre-restoration,post-restoration,-1,apples,0,NA,all_species,NA,standard_error,9.36,23,NA,0.13,NA,NA,3.08,15,NA,0.12,NA,NA,NA,NA,NA,NA
JFJNVKAK,Grahmann et al. 2018,prescribed_fire,abundance,density,Patch-burn grazed fields,Grazed fields,1,apples,0,NA,northern_bobwhite,NA,standard_error,2.9,2,NA,0.5,NA,NA,2.6,2,NA,0.6,NA,NA,Might want to think on whether this is a straightforward test of prescribed_fire,NA,NA,NA
JFJNVKAK,Grahmann et al. 2018,prescribed_fire,survival,survival,Patch-burn grazed fields,Grazed fields,1,apples,0,NA,northern_bobwhite,NA,standard_error,25,2,NA,12,NA,NA,30.8,2,NA,13.1,NA,NA,NA,NA,NA,NA
JFJNVKAK,Grahmann et al. 2018,manage_in_patches,survival,survival,Patch-burn grazed fields,Grazed fields,1,apples,0,NA,northern_bobwhite,NA,standard_error,25,2,NA,12,NA,NA,30.8,2,NA,13.1,NA,NA,NA,NA,NA,NA
M8T4QVJ5,Grueebler et al. 2012,delay_hay,nest_success,nest survival probability,Late mowed fields,Early mowed fields,1,apples,0,NA,whinchat,identity,standard_error,0.701,18,NA,0.03,NA,NA,0.085,34,NA,0.004,NA,NA,"Unsure of link term, but it is likely logit",NA,NA,period_survival
3J65GCSW,Harrison et al. 2010,grazing_intensity,abundance,abundance,Moderate intensity grazing,High intensity grazing,1,apples,0,NA,western_meadowlark,NA,standard_error,-1.63,2,NA,0.63,NA,NA,-0.14,3,NA,0.32,NA,NA,Estimates represent betas,NA,NA,NA
9HH6YMIM,Henningsen and Best 2005,plant_nwsg,abundance,density (birds/count/100 ha),WSG non-wooded riparian filter strips,CSG non-wooded riparian filter strips,1,apples,0,NA,ring_necked_pheasant,NA,standard_error,5.6,6,NA,2.3,NA,NA,9.4,14,NA,3.8,NA,NA,NA,NA,NA,NA
9HH6YMIM,Henningsen and Best 2005,plant_nwsg,abundance,density (birds/count/100 ha),WSG non-wooded riparian filter strips,CSG non-wooded riparian filter strips,1,apples,0,NA,barn_swallow,NA,standard_error,39.3,6,NA,8.9,NA,NA,64.7,14,NA,19.2,NA,NA,NA,NA,NA,NA
9HH6YMIM,Henningsen and Best 2005,plant_nwsg,abundance,density (birds/count/100 ha),WSG non-wooded riparian filter strips,CSG non-wooded riparian filter strips,1,apples,0,NA,cliff_swallow,NA,standard_error,49.7,6,NA,22.8,NA,NA,6.4,14,NA,2.6,NA,NA,NA,NA,NA,NA
9HH6YMIM,Henningsen and Best 2005,plant_nwsg,abundance,density (birds/count/100 ha),WSG non-wooded riparian filter strips,CSG non-wooded riparian filter strips,1,apples,0,NA,sedge_wren,NA,standard_error,10.6,6,NA,5,NA,NA,17.5,14,NA,6.2,NA,NA,NA,NA,NA,NA
9HH6YMIM,Henningsen and Best 2005,plant_nwsg,abundance,density (birds/count/100 ha),WSG non-wooded riparian filter strips,CSG non-wooded riparian filter strips,1,apples,0,NA,common_yellowthroat,NA,standard_error,112.2,6,NA,21.3,NA,NA,94,14,NA,18.6,NA,NA,NA,NA,NA,NA
9HH6YMIM,Henningsen and Best 2005,plant_nwsg,abundance,density (birds/count/100 ha) - 2001,WSG non-wooded riparian filter strips,CSG non-wooded riparian filter strips,1,apples,0,NA,eastern_meadowlark,NA,standard_error,2.2,6,NA,1.5,NA,NA,1.4,14,NA,1,NA,NA,NA,NA,NA,NA
9HH6YMIM,Henningsen and Best 2005,plant_nwsg,abundance,density (birds/count/100 ha) - 2002,WSG non-wooded riparian filter strips,CSG non-wooded riparian filter strips,1,apples,0,NA,eastern_meadowlark,NA,standard_error,4.8,6,NA,3.7,NA,NA,6.7,14,NA,2.4,NA,NA,NA,NA,NA,NA
9HH6YMIM,Henningsen and Best 2005,plant_nwsg,abundance,density (birds/count/100 ha),WSG non-wooded riparian filter strips,CSG non-wooded riparian filter strips,1,apples,0,NA,red_winged_blackbird,NA,standard_error,428,6,NA,57,NA,NA,592.3,14,NA,39.6,NA,NA,NA,NA,NA,NA
9HH6YMIM,Henningsen and Best 2005,plant_nwsg,abundance,density (birds/count/100 ha),WSG non-wooded riparian filter strips,CSG non-wooded riparian filter strips,1,apples,0,NA,indigo_bunting,NA,standard_error,1.9,6,NA,1.4,NA,NA,3.6,14,NA,1.9,NA,NA,NA,NA,NA,NA
9HH6YMIM,Henningsen and Best 2005,plant_nwsg,abundance,density (birds/count/100 ha),WSG non-wooded riparian filter strips,CSG non-wooded riparian filter strips,1,apples,0,NA,dickcissel,NA,standard_error,103.3,6,NA,21,NA,NA,76.7,14,NA,16.5,NA,NA,NA,NA,NA,NA
9HH6YMIM,Henningsen and Best 2005,plant_nwsg,abundance,density (birds/count/100 ha),WSG non-wooded riparian filter strips,CSG non-wooded riparian filter strips,1,apples,0,NA,american_goldfinch,NA,standard_error,3.6,6,NA,2.1,NA,NA,6.5,14,NA,2.2,NA,NA,NA,NA,NA,NA
9HH6YMIM,Henningsen and Best 2005,plant_nwsg,abundance,density (birds/count/100 ha),WSG non-wooded riparian filter strips,CSG non-wooded riparian filter strips,1,apples,0,NA,song_sparrow,NA,standard_error,93.5,6,NA,14.5,NA,NA,63,14,NA,11.4,NA,NA,NA,NA,NA,NA
9HH6YMIM,Henningsen and Best 2005,plant_nwsg,species_richness,species_richness,WSG non-wooded riparian filter strips,CSG non-wooded riparian filter strips,1,apples,0,NA,all_species,NA,standard_error,8.6,6,NA,0.4,NA,NA,7.3,14,NA,0.3,NA,NA,NA,NA,NA,NA
9HH6YMIM,Henningsen and Best 2005,plant_nwsg,abundance,density (birds/count/100 ha),WSG wooded riparian filter strips,CSG wooded riparian filter strips,1,apples,0,NA,ring_necked_pheasant,NA,standard_error,5.2,7,NA,3,NA,NA,0.9,6,NA,0.9,NA,NA,NA,NA,NA,NA
9HH6YMIM,Henningsen and Best 2005,plant_nwsg,abundance,density (birds/count/100 ha),WSG wooded riparian filter strips,CSG wooded riparian filter strips,1,apples,0,NA,barn_swallow,NA,standard_error,35,7,NA,12.4,NA,NA,24.4,6,NA,9.7,NA,NA,NA,NA,NA,NA
9HH6YMIM,Henningsen and Best 2005,plant_nwsg,abundance,density (birds/count/100 ha),WSG wooded riparian filter strips,CSG wooded riparian filter strips,1,apples,0,NA,cliff_swallow,NA,standard_error,6.9,7,NA,4.3,NA,NA,0.7,6,NA,0.7,NA,NA,NA,NA,NA,NA
9HH6YMIM,Henningsen and Best 2005,plant_nwsg,abundance,density (birds/count/100 ha),WSG wooded riparian filter strips,CSG wooded riparian filter strips,1,apples,0,NA,sedge_wren,NA,standard_error,4.1,7,NA,2.6,NA,NA,1.3,6,NA,0.9,NA,NA,NA,NA,NA,NA
9HH6YMIM,Henningsen and Best 2005,plant_nwsg,abundance,density (birds/count/100 ha),WSG wooded riparian filter strips,CSG wooded riparian filter strips,1,apples,0,NA,common_yellowthroat,NA,standard_error,30.6,7,NA,9.2,NA,NA,17.7,6,NA,4.8,NA,NA,NA,NA,NA,NA
9HH6YMIM,Henningsen and Best 2005,plant_nwsg,abundance,density (birds/count/100 ha) - 2001,WSG wooded riparian filter strips,CSG wooded riparian filter strips,1,apples,0,NA,eastern_meadowlark,NA,standard_error,0,7,NA,0,NA,NA,0,6,NA,0,NA,NA,NA,NA,NA,NA
9HH6YMIM,Henningsen and Best 2005,plant_nwsg,abundance,density (birds/count/100 ha) - 2002,WSG wooded riparian filter strips,CSG wooded riparian filter strips,1,apples,0,NA,eastern_meadowlark,NA,standard_error,1.4,7,NA,3.4,NA,NA,4.1,6,NA,3.7,NA,NA,NA,NA,NA,NA
9HH6YMIM,Henningsen and Best 2005,plant_nwsg,abundance,density (birds/count/100 ha),WSG wooded riparian filter strips,CSG wooded riparian filter strips,1,apples,0,NA,red_winged_blackbird,NA,standard_error,65.7,7,NA,14.5,NA,NA,27.6,6,NA,8.4,NA,NA,NA,NA,NA,NA
9HH6YMIM,Henningsen and Best 2005,plant_nwsg,abundance,density (birds/count/100 ha),WSG wooded riparian filter strips,CSG wooded riparian filter strips,1,apples,0,NA,indigo_bunting,NA,standard_error,9.5,7,NA,4,NA,NA,4.7,6,NA,2.3,NA,NA,NA,NA,NA,NA
9HH6YMIM,Henningsen and Best 2005,plant_nwsg,abundance,density (birds/count/100 ha),WSG wooded riparian filter strips,CSG wooded riparian filter strips,1,apples,0,NA,dickcissel,NA,standard_error,8,7,NA,3.8,NA,NA,10.6,6,NA,3.8,NA,NA,NA,NA,NA,NA
9HH6YMIM,Henningsen and Best 2005,plant_nwsg,abundance,density (birds/count/100 ha),WSG wooded riparian filter strips,CSG wooded riparian filter strips,1,apples,0,NA,american_goldfinch,NA,standard_error,5.6,7,NA,3.4,NA,NA,3.2,6,NA,3.2,NA,NA,NA,NA,NA,NA
9HH6YMIM,Henningsen and Best 2005,plant_nwsg,abundance,density (birds/count/100 ha),WSG wooded riparian filter strips,CSG wooded riparian filter strips,1,apples,0,NA,song_sparrow,NA,standard_error,43.4,7,NA,10.2,NA,NA,18.1,6,NA,4.5,NA,NA,NA,NA,NA,NA
9HH6YMIM,Henningsen and Best 2005,plant_nwsg,species_richness,species_richness,WSG wooded riparian filter strips,CSG wooded riparian filter strips,1,apples,0,NA,all_species,NA,standard_error,6.4,7,NA,0.5,NA,NA,5.8,6,NA,0.9,NA,NA,NA,NA,NA,NA
9HH6YMIM,Henningsen and Best 2005,edge_and_shrub_habitat,abundance,density (birds/count/100 ha),CSG wooded riparian filter strips,CSG non-wooded riparian filter strips,1,apples,0,NA,ring_necked_pheasant,NA,standard_error,0.9,6,NA,0.9,NA,NA,9.4,14,NA,3.8,NA,NA,NA,NA,NA,NA
9HH6YMIM,Henningsen and Best 2005,edge_and_shrub_habitat,abundance,density (birds/count/100 ha),CSG wooded riparian filter strips,CSG non-wooded riparian filter strips,1,apples,0,NA,barn_swallow,NA,standard_error,24.4,6,NA,9.7,NA,NA,64.7,14,NA,19.2,NA,NA,NA,NA,NA,NA
9HH6YMIM,Henningsen and Best 2005,edge_and_shrub_habitat,abundance,density (birds/count/100 ha),CSG wooded riparian filter strips,CSG non-wooded riparian filter strips,1,apples,0,NA,cliff_swallow,NA,standard_error,0.7,6,NA,0.7,NA,NA,6.4,14,NA,2.6,NA,NA,NA,NA,NA,NA
9HH6YMIM,Henningsen and Best 2005,edge_and_shrub_habitat,abundance,density (birds/count/100 ha),CSG wooded riparian filter strips,CSG non-wooded riparian filter strips,1,apples,0,NA,sedge_wren,NA,standard_error,1.3,6,NA,0.9,NA,NA,17.5,14,NA,6.2,NA,NA,NA,NA,NA,NA
9HH6YMIM,Henningsen and Best 2005,edge_and_shrub_habitat,abundance,density (birds/count/100 ha),CSG wooded riparian filter strips,CSG non-wooded riparian filter strips,1,apples,0,NA,common_yellowthroat,NA,standard_error,17.7,6,NA,4.8,NA,NA,94,14,NA,18.6,NA,NA,NA,NA,NA,NA
9HH6YMIM,Henningsen and Best 2005,edge_and_shrub_habitat,abundance,density (birds/count/100 ha) - 2001,CSG wooded riparian filter strips,CSG non-wooded riparian filter strips,1,apples,0,NA,eastern_meadowlark,NA,standard_error,0,6,NA,0,NA,NA,1.4,14,NA,1,NA,NA,NA,NA,NA,NA
9HH6YMIM,Henningsen and Best 2005,edge_and_shrub_habitat,abundance,density (birds/count/100 ha) - 2002,CSG wooded riparian filter strips,CSG non-wooded riparian filter strips,1,apples,0,NA,eastern_meadowlark,NA,standard_error,4.1,6,NA,3.7,NA,NA,6.7,14,NA,2.4,NA,NA,NA,NA,NA,NA
9HH6YMIM,Henningsen and Best 2005,edge_and_shrub_habitat,abundance,density (birds/count/100 ha),CSG wooded riparian filter strips,CSG non-wooded riparian filter strips,1,apples,0,NA,red_winged_blackbird,NA,standard_error,27.6,6,NA,8.4,NA,NA,592.3,14,NA,39.6,NA,NA,NA,NA,NA,NA
9HH6YMIM,Henningsen and Best 2005,edge_and_shrub_habitat,abundance,density (birds/count/100 ha),CSG wooded riparian filter strips,CSG non-wooded riparian filter strips,1,apples,0,NA,indigo_bunting,NA,standard_error,4.7,6,NA,2.3,NA,NA,3.6,14,NA,1.9,NA,NA,NA,NA,NA,NA
9HH6YMIM,Henningsen and Best 2005,edge_and_shrub_habitat,abundance,density (birds/count/100 ha),CSG wooded riparian filter strips,CSG non-wooded riparian filter strips,1,apples,0,NA,dickcissel,NA,standard_error,10.6,6,NA,3.8,NA,NA,76.7,14,NA,16.5,NA,NA,NA,NA,NA,NA
9HH6YMIM,Henningsen and Best 2005,edge_and_shrub_habitat,abundance,density (birds/count/100 ha),CSG wooded riparian filter strips,CSG non-wooded riparian filter strips,1,apples,0,NA,american_goldfinch,NA,standard_error,3.2,6,NA,3.2,NA,NA,6.5,14,NA,2.2,NA,NA,NA,NA,NA,NA
9HH6YMIM,Henningsen and Best 2005,edge_and_shrub_habitat,abundance,density (birds/count/100 ha),CSG wooded riparian filter strips,CSG non-wooded riparian filter strips,1,apples,0,NA,song_sparrow,NA,standard_error,18.1,6,NA,4.5,NA,NA,63,14,NA,11.4,NA,NA,NA,NA,NA,NA
9HH6YMIM,Henningsen and Best 2005,edge_and_shrub_habitat,species_richness,species_richness,CSG wooded riparian filter strips,CSG non-wooded riparian filter strips,1,apples,0,NA,all_species,NA,standard_error,5.8,6,NA,0.9,NA,NA,7.3,14,NA,0.3,NA,NA,NA,NA,NA,NA
9HH6YMIM,Henningsen and Best 2005,plant_nwsg,abundance,density (birds/count/100 ha),WSG wooded riparian filter strips,WSG non-wooded riparian filter strips,1,apples,0,NA,ring_necked_pheasant,NA,standard_error,5.2,7,NA,3,NA,NA,5.6,6,NA,2.3,NA,NA,"Because the comparison is wooded WSG vs. non-wooded CSG, I included plant_nwsg and edge_and_shrub as the bmp",NA,NA,NA
9HH6YMIM,Henningsen and Best 2005,edge_and_shrub_habitat,abundance,density (birds/count/100 ha),WSG wooded riparian filter strips,WSG non-wooded riparian filter strips,1,apples,0,NA,ring_necked_pheasant,NA,standard_error,5.2,7,NA,3,NA,NA,5.6,6,NA,2.3,NA,NA,"Because the comparison is wooded WSG vs. non-wooded CSG, I included plant_nwsg and edge_and_shrub as the bmp",NA,NA,NA
9HH6YMIM,Henningsen and Best 2005,plant_nwsg,abundance,density (birds/count/100 ha),WSG wooded riparian filter strips,WSG non-wooded riparian filter strips,1,apples,0,NA,barn_swallow,NA,standard_error,35,7,NA,12.4,NA,NA,39.3,6,NA,8.9,NA,NA,NA,NA,NA,NA
9HH6YMIM,Henningsen and Best 2005,edge_and_shrub_habitat,abundance,density (birds/count/100 ha),WSG wooded riparian filter strips,WSG non-wooded riparian filter strips,1,apples,0,NA,barn_swallow,NA,standard_error,35,7,NA,12.4,NA,NA,39.3,6,NA,8.9,NA,NA,NA,NA,NA,NA
9HH6YMIM,Henningsen and Best 2005,plant_nwsg,abundance,density (birds/count/100 ha),WSG wooded riparian filter strips,WSG non-wooded riparian filter strips,1,apples,0,NA,cliff_swallow,NA,standard_error,6.9,7,NA,4.3,NA,NA,49.7,6,NA,22.8,NA,NA,NA,NA,NA,NA
9HH6YMIM,Henningsen and Best 2005,edge_and_shrub_habitat,abundance,density (birds/count/100 ha),WSG wooded riparian filter strips,WSG non-wooded riparian filter strips,1,apples,0,NA,cliff_swallow,NA,standard_error,6.9,7,NA,4.3,NA,NA,49.7,6,NA,22.8,NA,NA,NA,NA,NA,NA
9HH6YMIM,Henningsen and Best 2005,plant_nwsg,abundance,density (birds/count/100 ha),WSG wooded riparian filter strips,WSG non-wooded riparian filter strips,1,apples,0,NA,sedge_wren,NA,standard_error,4.1,7,NA,2.6,NA,NA,10.6,6,NA,5,NA,NA,NA,NA,NA,NA
9HH6YMIM,Henningsen and Best 2005,edge_and_shrub_habitat,abundance,density (birds/count/100 ha),WSG wooded riparian filter strips,WSG non-wooded riparian filter strips,1,apples,0,NA,sedge_wren,NA,standard_error,4.1,7,NA,2.6,NA,NA,10.6,6,NA,5,NA,NA,NA,NA,NA,NA
9HH6YMIM,Henningsen and Best 2005,plant_nwsg,abundance,density (birds/count/100 ha),WSG wooded riparian filter strips,WSG non-wooded riparian filter strips,1,apples,0,NA,common_yellowthroat,NA,standard_error,30.6,7,NA,9.2,NA,NA,112.2,6,NA,21.3,NA,NA,NA,NA,NA,NA
9HH6YMIM,Henningsen and Best 2005,edge_and_shrub_habitat,abundance,density (birds/count/100 ha),WSG wooded riparian filter strips,WSG non-wooded riparian filter strips,1,apples,0,NA,common_yellowthroat,NA,standard_error,30.6,7,NA,9.2,NA,NA,112.2,6,NA,21.3,NA,NA,NA,NA,NA,NA
9HH6YMIM,Henningsen and Best 2005,plant_nwsg,abundance,density (birds/count/100 ha) - 2001,WSG wooded riparian filter strips,WSG non-wooded riparian filter strips,1,apples,0,NA,eastern_meadowlark,NA,standard_error,0,7,NA,0,NA,NA,2.2,6,NA,1.5,NA,NA,NA,NA,NA,NA
9HH6YMIM,Henningsen and Best 2005,edge_and_shrub_habitat,abundance,density (birds/count/100 ha) - 2001,WSG wooded riparian filter strips,WSG non-wooded riparian filter strips,1,apples,0,NA,eastern_meadowlark,NA,standard_error,0,7,NA,0,NA,NA,2.2,6,NA,1.5,NA,NA,NA,NA,NA,NA
9HH6YMIM,Henningsen and Best 2005,plant_nwsg,abundance,density (birds/count/100 ha) - 2002,WSG wooded riparian filter strips,WSG non-wooded riparian filter strips,1,apples,0,NA,eastern_meadowlark,NA,standard_error,1.4,7,NA,3.4,NA,NA,4.8,6,NA,3.7,NA,NA,NA,NA,NA,NA
9HH6YMIM,Henningsen and Best 2005,edge_and_shrub_habitat,abundance,density (birds/count/100 ha) - 2002,WSG wooded riparian filter strips,WSG non-wooded riparian filter strips,1,apples,0,NA,eastern_meadowlark,NA,standard_error,1.4,7,NA,3.4,NA,NA,4.8,6,NA,3.7,NA,NA,NA,NA,NA,NA
9HH6YMIM,Henningsen and Best 2005,plant_nwsg,abundance,density (birds/count/100 ha),WSG wooded riparian filter strips,WSG non-wooded riparian filter strips,1,apples,0,NA,red_winged_blackbird,NA,standard_error,65.7,7,NA,14.5,NA,NA,428,6,NA,57,NA,NA,NA,NA,NA,NA
9HH6YMIM,Henningsen and Best 2005,edge_and_shrub_habitat,abundance,density (birds/count/100 ha),WSG wooded riparian filter strips,WSG non-wooded riparian filter strips,1,apples,0,NA,red_winged_blackbird,NA,standard_error,65.7,7,NA,14.5,NA,NA,428,6,NA,57,NA,NA,NA,NA,NA,NA
9HH6YMIM,Henningsen and Best 2005,plant_nwsg,abundance,density (birds/count/100 ha),WSG wooded riparian filter strips,WSG non-wooded riparian filter strips,1,apples,0,NA,indigo_bunting,NA,standard_error,9.5,7,NA,4,NA,NA,1.9,6,NA,1.4,NA,NA,NA,NA,NA,NA
9HH6YMIM,Henningsen and Best 2005,edge_and_shrub_habitat,abundance,density (birds/count/100 ha),WSG wooded riparian filter strips,WSG non-wooded riparian filter strips,1,apples,0,NA,indigo_bunting,NA,standard_error,9.5,7,NA,4,NA,NA,1.9,6,NA,1.4,NA,NA,NA,NA,NA,NA
9HH6YMIM,Henningsen and Best 2005,plant_nwsg,abundance,density (birds/count/100 ha),WSG wooded riparian filter strips,WSG non-wooded riparian filter strips,1,apples,0,NA,dickcissel,NA,standard_error,8,7,NA,3.8,NA,NA,103.3,6,NA,21,NA,NA,NA,NA,NA,NA
9HH6YMIM,Henningsen and Best 2005,edge_and_shrub_habitat,abundance,density (birds/count/100 ha),WSG wooded riparian filter strips,WSG non-wooded riparian filter strips,1,apples,0,NA,dickcissel,NA,standard_error,8,7,NA,3.8,NA,NA,103.3,6,NA,21,NA,NA,NA,NA,NA,NA
9HH6YMIM,Henningsen and Best 2005,plant_nwsg,abundance,density (birds/count/100 ha),WSG wooded riparian filter strips,WSG non-wooded riparian filter strips,1,apples,0,NA,american_goldfinch,NA,standard_error,5.6,7,NA,3.4,NA,NA,3.6,6,NA,2.1,NA,NA,NA,NA,NA,NA
9HH6YMIM,Henningsen and Best 2005,edge_and_shrub_habitat,abundance,density (birds/count/100 ha),WSG wooded riparian filter strips,WSG non-wooded riparian filter strips,1,apples,0,NA,american_goldfinch,NA,standard_error,5.6,7,NA,3.4,NA,NA,3.6,6,NA,2.1,NA,NA,NA,NA,NA,NA
9HH6YMIM,Henningsen and Best 2005,plant_nwsg,abundance,density (birds/count/100 ha),WSG wooded riparian filter strips,WSG non-wooded riparian filter strips,1,apples,0,NA,song_sparrow,NA,standard_error,43.4,7,NA,10.2,NA,NA,93.5,6,NA,14.5,NA,NA,NA,NA,NA,NA
9HH6YMIM,Henningsen and Best 2005,edge_and_shrub_habitat,abundance,density (birds/count/100 ha),WSG wooded riparian filter strips,WSG non-wooded riparian filter strips,1,apples,0,NA,song_sparrow,NA,standard_error,43.4,7,NA,10.2,NA,NA,93.5,6,NA,14.5,NA,NA,NA,NA,NA,NA
9HH6YMIM,Henningsen and Best 2005,plant_nwsg,species_richness,species_richness,WSG wooded riparian filter strips,WSG non-wooded riparian filter strips,1,apples,0,NA,all_species,NA,standard_error,6.4,7,NA,0.5,NA,NA,8.6,6,NA,0.4,NA,NA,NA,NA,NA,NA
9HH6YMIM,Henningsen and Best 2005,edge_and_shrub_habitat,species_richness,species_richness,WSG wooded riparian filter strips,WSG non-wooded riparian filter strips,1,apples,0,NA,all_species,NA,standard_error,6.4,7,NA,0.5,NA,NA,8.6,6,NA,0.4,NA,NA,NA,NA,NA,NA
9HH6YMIM,Henningsen and Best 2005,plant_nwsg,abundance,nest density (nests/100 ha),WSG non-wooded riparian filter strips,CSG non-wooded riparian filter strips,1,apples,0,NA,ring_necked_pheasant,NA,standard_error,0,4,NA,0,NA,NA,2.8,11,NA,7,NA,NA,NA,NA,NA,NA
9HH6YMIM,Henningsen and Best 2005,plant_nwsg,abundance,nest density (nests/100 ha),WSG non-wooded riparian filter strips,CSG non-wooded riparian filter strips,1,apples,0,NA,common_yellowthroat,NA,standard_error,34.2,4,NA,18.1,NA,NA,10.2,11,NA,10.9,NA,NA,NA,NA,NA,NA
9HH6YMIM,Henningsen and Best 2005,plant_nwsg,abundance,nest density (nests/100 ha),WSG non-wooded riparian filter strips,CSG non-wooded riparian filter strips,1,apples,0,NA,red_winged_blackbird,NA,standard_error,1141.9,4,NA,248.9,NA,NA,835.8,11,NA,150.1,NA,NA,NA,NA,NA,NA
9HH6YMIM,Henningsen and Best 2005,plant_nwsg,abundance,nest density (nests/100 ha),WSG non-wooded riparian filter strips,CSG non-wooded riparian filter strips,1,apples,0,NA,dickcissel,NA,standard_error,153.8,4,NA,38.1,NA,NA,68.5,11,NA,23,NA,NA,NA,NA,NA,NA
9HH6YMIM,Henningsen and Best 2005,plant_nwsg,abundance,nest density (nests/100 ha),WSG non-wooded riparian filter strips,CSG non-wooded riparian filter strips,1,apples,0,NA,song_sparrow,NA,standard_error,6.4,4,NA,20.3,NA,NA,26.6,11,NA,12.2,NA,NA,NA,NA,NA,NA
9HH6YMIM,Henningsen and Best 2005,plant_nwsg,abundance,nest density (nests/100 ha),WSG wooded riparian filter strips,CSG wooded riparian filter strips,1,apples,0,NA,ring_necked_pheasant,NA,standard_error,18.7,5,NA,10.4,NA,NA,15.8,4,NA,11.7,NA,NA,NA,NA,NA,NA
9HH6YMIM,Henningsen and Best 2005,plant_nwsg,abundance,nest density (nests/100 ha),WSG wooded riparian filter strips,CSG wooded riparian filter strips,1,apples,0,NA,common_yellowthroat,NA,standard_error,35,5,NA,16.2,NA,NA,34.4,4,NA,18.1,NA,NA,NA,NA,NA,NA
9HH6YMIM,Henningsen and Best 2005,plant_nwsg,abundance,nest density (nests/100 ha),WSG wooded riparian filter strips,CSG wooded riparian filter strips,1,apples,0,NA,red_winged_blackbird,NA,standard_error,181.6,5,NA,222.6,NA,NA,154.7,4,NA,248.9,NA,NA,NA,NA,NA,NA
9HH6YMIM,Henningsen and Best 2005,plant_nwsg,abundance,nest density (nests/100 ha),WSG wooded riparian filter strips,CSG wooded riparian filter strips,1,apples,0,NA,dickcissel,NA,standard_error,0,5,NA,0,NA,NA,0,4,NA,0,NA,NA,NA,NA,NA,NA
9HH6YMIM,Henningsen and Best 2005,plant_nwsg,abundance,nest density (nests/100 ha),WSG wooded riparian filter strips,CSG wooded riparian filter strips,1,apples,0,NA,song_sparrow,NA,standard_error,45.6,5,NA,18.1,NA,NA,18.6,4,NA,20.3,NA,NA,NA,NA,NA,NA
9HH6YMIM,Henningsen and Best 2005,edge_and_shrub_habitat,abundance,nest density (nests/100 ha),CSG wooded riparian filter strips,CSG non-wooded riparian filter strips,1,apples,0,NA,ring_necked_pheasant,NA,standard_error,15.8,4,NA,11.7,NA,NA,2.8,11,NA,7,NA,NA,NA,NA,NA,NA
9HH6YMIM,Henningsen and Best 2005,edge_and_shrub_habitat,abundance,nest density (nests/100 ha),CSG wooded riparian filter strips,CSG non-wooded riparian filter strips,1,apples,0,NA,common_yellowthroat,NA,standard_error,34.4,4,NA,18.1,NA,NA,20.2,11,NA,10.9,NA,NA,NA,NA,NA,NA
9HH6YMIM,Henningsen and Best 2005,edge_and_shrub_habitat,abundance,nest density (nests/100 ha),CSG wooded riparian filter strips,CSG non-wooded riparian filter strips,1,apples,0,NA,red_winged_blackbird,NA,standard_error,154.7,4,NA,248.9,NA,NA,834.8,11,NA,150.1,NA,NA,NA,NA,NA,NA
9HH6YMIM,Henningsen and Best 2005,edge_and_shrub_habitat,abundance,nest density (nests/100 ha),CSG wooded riparian filter strips,CSG non-wooded riparian filter strips,1,apples,0,NA,dickcissel,NA,standard_error,0,4,NA,0,NA,NA,68.5,11,NA,23,NA,NA,NA,NA,NA,NA
9HH6YMIM,Henningsen and Best 2005,edge_and_shrub_habitat,abundance,nest density (nests/100 ha),CSG wooded riparian filter strips,CSG non-wooded riparian filter strips,1,apples,0,NA,song_sparrow,NA,standard_error,18.6,4,NA,10.3,NA,NA,26.6,11,NA,12.2,NA,NA,NA,NA,NA,NA
9HH6YMIM,Henningsen and Best 2005,edge_and_shrub_habitat,abundance,nest density (nests/100 ha),WSG wooded riparian filter strips,WSG non-wooded riparian filter strips,1,apples,0,NA,ring_necked_pheasant,NA,standard_error,18.7,5,NA,10.4,NA,NA,0,4,NA,0,NA,NA,NA,NA,NA,NA
9HH6YMIM,Henningsen and Best 2005,edge_and_shrub_habitat,abundance,nest density (nests/100 ha),WSG wooded riparian filter strips,WSG non-wooded riparian filter strips,1,apples,0,NA,common_yellowthroat,NA,standard_error,35,5,NA,16.2,NA,NA,34.2,4,NA,18.1,NA,NA,NA,NA,NA,NA
9HH6YMIM,Henningsen and Best 2005,edge_and_shrub_habitat,abundance,nest density (nests/100 ha),WSG wooded riparian filter strips,WSG non-wooded riparian filter strips,1,apples,0,NA,red_winged_blackbird,NA,standard_error,181.6,5,NA,222.6,NA,NA,1141.9,4,NA,248.9,NA,NA,NA,NA,NA,NA
9HH6YMIM,Henningsen and Best 2005,edge_and_shrub_habitat,abundance,nest density (nests/100 ha),WSG wooded riparian filter strips,WSG non-wooded riparian filter strips,1,apples,0,NA,dickcissel,NA,standard_error,0,5,NA,0,NA,NA,153.8,4,NA,38.1,NA,NA,NA,NA,NA,NA
9HH6YMIM,Henningsen and Best 2005,edge_and_shrub_habitat,abundance,nest density (nests/100 ha),WSG wooded riparian filter strips,WSG non-wooded riparian filter strips,1,apples,0,NA,song_sparrow,NA,standard_error,45.6,5,NA,18.1,NA,NA,6.4,4,NA,20.3,NA,NA,NA,NA,NA,NA
6L2Y9PFL,Herakovich et al. 2021,prescribed_fire,abundance,detection frequency,Sites burned that year,Sites not burned that year,1,apples,1,NA,grasshopper_sparrow,NA,standard_deviation,0.38,12,0.27,NA,NA,NA,0.1,6,0.18,NA,NA,NA,At one point Amy asked to remove the year-of-burn ... should we?,NA,NA,NA
6L2Y9PFL,Herakovich et al. 2021,prescribed_fire,abundance,detection frequency,Sites burned that year,Sites not burned that year,1,apples,1,NA,dickcissel,NA,standard_deviation,0.98,12,0.03,NA,NA,NA,0.93,6,0.09,NA,NA,NA,NA,NA,NA,NA
QI6DHMSY,Holcomb et al. 2014,prescribed_fire,abundance,density (birds/ha),Patch-burn-graze sites,Traditional sites (summer-long grazing only),1,apples,1,NA,brown_headed_cowbird,NA,standard_error,0.09,3,NA,0.02,NA,NA,0.28,2,NA,0.05,NA,NA,"Review what is meant by traditional -- if traditional is burn, but not patch burn, this may be manage in patches",NA,NA,NA
QI6DHMSY,Holcomb et al. 2014,prescribed_fire,abundance,density (birds/ha),Patch-burn-graze sites,Traditional sites (summer-long grazing only),1,apples,0,NA,cassins_sparrow,NA,standard_error,1.63,3,NA,0.4,NA,NA,1.02,2,NA,0.3,NA,NA,NA,NA,NA,NA
QI6DHMSY,Holcomb et al. 2014,prescribed_fire,abundance,density (birds/ha),Patch-burn-graze sites,Traditional sites (summer-long grazing only),1,apples,0,NA,dickcissel,NA,standard_error,0.63,3,NA,0.18,NA,NA,1.08,2,NA,0.39,NA,NA,NA,NA,NA,NA
QI6DHMSY,Holcomb et al. 2014,prescribed_fire,abundance,density (birds/ha),Patch-burn-graze sites,Traditional sites (summer-long grazing only),1,apples,0,NA,eastern_meadowlark,NA,standard_error,0.04,3,NA,0.02,NA,NA,0.13,2,NA,0.05,NA,NA,NA,NA,NA,NA
QI6DHMSY,Holcomb et al. 2014,prescribed_fire,abundance,density (birds/ha),Patch-burn-graze sites,Traditional sites (summer-long grazing only),1,apples,0,NA,field_sparrow,NA,standard_error,1.54,3,NA,0.41,NA,NA,1.49,2,NA,0.45,NA,NA,NA,NA,NA,NA
QI6DHMSY,Holcomb et al. 2014,prescribed_fire,abundance,density (birds/ha),Patch-burn-graze sites,Traditional sites (summer-long grazing only),1,apples,0,NA,grasshopper_sparrow,NA,standard_error,0.13,3,NA,0.05,NA,NA,0.53,2,NA,0.13,NA,NA,NA,NA,NA,NA
QI6DHMSY,Holcomb et al. 2014,prescribed_fire,abundance,density (birds/ha),Patch-burn-graze sites,Traditional sites (summer-long grazing only),1,apples,0,NA,lark_sparrow,NA,standard_error,3.55,3,NA,1.02,NA,NA,0.7,2,NA,0.38,NA,NA,NA,NA,NA,NA
QI6DHMSY,Holcomb et al. 2014,prescribed_fire,abundance,density (birds/ha),Patch-burn-graze sites,Traditional sites (summer-long grazing only),1,apples,0,NA,mourning_dove,NA,standard_error,0.08,3,NA,0.02,NA,NA,0.06,2,NA,0.01,NA,NA,NA,NA,NA,NA
QI6DHMSY,Holcomb et al. 2014,prescribed_fire,abundance,density (birds/ha),Patch-burn-graze sites,Traditional sites (summer-long grazing only),1,apples,0,NA,northern_bobwhite,NA,standard_error,0.31,3,NA,0.07,NA,NA,0.24,2,NA,0.07,NA,NA,NA,NA,NA,NA
QI6DHMSY,Holcomb et al. 2014,prescribed_fire,abundance,density (birds/ha),Patch-burn-graze sites,Traditional sites (summer-long grazing only),1,apples,0,NA,northern_mockingbird,NA,standard_error,0.04,3,NA,0.02,NA,NA,0.01,2,NA,0.01,NA,NA,NA,NA,NA,NA
QI6DHMSY,Holcomb et al. 2014,prescribed_fire,abundance,density (birds/ha),Patch-burn-graze sites,Traditional sites (summer-long grazing only),1,apples,0,NA,western_meadowlark,NA,standard_error,0.38,3,NA,0.1,NA,NA,0.36,2,NA,0.11,NA,NA,NA,NA,NA,NA
QI6DHMSY,Holcomb et al. 2014,prescribed_fire,nest_success,nest_success,Patch-burn-graze sites,Traditional sites (summer-long grazing only),1,apples,0,NA,cassins_sparrow,logistic_exposure,standard_error,50.9,38,NA,4,NA,NA,57.6,5,NA,5,NA,NA,NA,NA,NA,daily_survival
QI6DHMSY,Holcomb et al. 2014,prescribed_fire,nest_success,nest_success,Patch-burn-graze sites,Traditional sites (summer-long grazing only),1,apples,0,NA,field_sparrow,logistic_exposure,standard_error,17.6,44,NA,7,NA,NA,21.8,20,NA,4,NA,NA,NA,NA,NA,daily_survival
QI6DHMSY,Holcomb et al. 2014,prescribed_fire,nest_success,nest_success,Patch-burn-graze sites,Traditional sites (summer-long grazing only),1,apples,0,NA,lark_sparrow,logistic_exposure,standard_error,14.3,96,NA,6,NA,NA,12.4,8,NA,8,NA,NA,NA,NA,NA,daily_survival
XDNK38QY,Jedlicka et al. 2011,install_nest_boxes,species_richness,species_richness,sites with nest boxes,sites without nest boxes,1,apples,0,NA,all_species,NA,standard_error,4.23,6,NA,0.39,NA,NA,3.67,6,NA,0.16,NA,NA,Treatment is defined here as sites with nest boxes,NA,NA,NA
XDNK38QY,Jedlicka et al. 2011,install_nest_boxes,species_richness,species_richness,sites with nest boxes,sites without nest boxes,1,apples,0,NA,insectivores,NA,standard_error,2.01,6,NA,0.07,NA,NA,1.21,6,NA,0.25,NA,NA,Treatment is defined here as sites with nest boxes,NA,NA,NA
XDNK38QY,Jedlicka et al. 2011,install_nest_boxes,abundance,abundance,sites with nest boxes,sites without nest boxes,1,apples,0,NA,all_species,NA,standard_error,3.71,6,NA,0.43,NA,NA,2.09,6,NA,0.33,NA,NA,Might depend on who the nest boxes are for; Treatment is defined here as sites with nest boxes,NA,NA,NA
XDNK38QY,Jedlicka et al. 2011,install_nest_boxes,abundance,abundance,sites with nest boxes,sites without nest boxes,1,apples,0,NA,omnivores,NA,standard_error,0.14,6,NA,0.09,NA,NA,0.18,6,NA,0.02,NA,NA,Treatment is defined here as sites with nest boxes,NA,NA,NA
XDNK38QY,Jedlicka et al. 2011,install_nest_boxes,abundance,abundance,sites with nest boxes,sites without nest boxes,1,apples,0,NA,granivores,NA,standard_error,1.2,6,NA,0.31,NA,NA,1.23,6,NA,0.11,NA,NA,Treatment is defined here as sites with nest boxes,NA,NA,NA
9YXV6ME8,Johnson et al. 2019,plant_nwsg,species_richness,species_richness,NWSG field,CSG field,1,apples,0,NA,wintering_species,NA,standard_error,5.62,20,NA,0.33,NA,NA,2.78,21,NA,0.35,NA,NA,NA,NA,NA,NA
9YXV6ME8,Johnson et al. 2019,provide_overwintering_habitat,species_richness,species_richness,NWSG field,CSG field,1,apples,0,NA,wintering_species,NA,standard_error,5.62,20,NA,0.33,NA,NA,2.78,21,NA,0.35,NA,NA,NA,NA,NA,NA
2DXYTUJ6,Kempema et al. 2023,rotational_grazing,species_richness,species_richness,Short duration grazing system,Long duration grazing system,1,apples,0,NA,all_species,NA,standard_error,36.3,4,NA,2.8,NA,NA,52.7,4,NA,4,NA,NA,NA,NA,NA,NA
6RIJF37M,Kentie et al. 2015,set_aside_adjacent_unmowed,nest_success,nest_success (%),Nests in unmown large patches (surrounded by mowed),nests in small unmown patches (surrounded by mown),1,oranges,0,NA,black_tailed_godwit,NA,confidence_intervals,32,58,NA,NA,20,46,21,58,NA,NA,12,34,NA,NA,NA,period_survival
9WTCPMT2,King et al. 2009,edge_and_shrub_habitat,abundance,density - 2004,wildlife openings,silvaculture openings,1,oranges,0,NA,common_yellowthroat,NA,standard_error,0.9,21,NA,0.13,NA,NA,0.92,15,NA,0.17,NA,NA,Not sure if this is an adequate edge_and_shrub test (more about the surroundings than the edge),NA,NA,NA
9WTCPMT2,King et al. 2009,edge_and_shrub_habitat,abundance,density - 2005,wildlife openings,silvaculture openings,1,oranges,0,NA,common_yellowthroat,NA,standard_error,1.07,21,NA,0.06,NA,NA,0.88,15,NA,0.08,NA,NA,NA,NA,NA,NA
65GGK69H,Kirk and Lindsay 2017,eliminate_pesticides,species_richness,species_richness,Organic farm,Conventional farm,1,apples,0,NA,all_species,NA,confidence_intervals,8.4,10,NA,NA,6.6,10.8,7.6,10,NA,NA,5.9,9.7,NA,NA,NA,NA
65GGK69H,Kirk and Lindsay 2017,eliminate_pesticides,species_richness,species_richness,Organic farm,Conventional farm,1,apples,0,NA,grassland_species,NA,confidence_intervals,3.3,10,NA,NA,2.7,3.9,3.4,10,NA,NA,2.7,4,NA,NA,NA,NA
65GGK69H,Kirk and Lindsay 2017,eliminate_pesticides,species_richness,species_richness,Organic farm,Conventional farm,1,apples,0,NA,insectivores,NA,confidence_intervals,2.9,10,NA,NA,1.9,4.3,2.4,10,NA,NA,1.6,3.7,NA,NA,NA,NA
65GGK69H,Kirk and Lindsay 2017,eliminate_pesticides,species_richness,species_richness,Organic farm,Conventional farm,1,apples,0,NA,omnivores,NA,confidence_intervals,5.2,10,NA,NA,3.9,6.8,5,10,NA,NA,3.7,6.6,NA,NA,NA,NA
65GGK69H,Kirk and Lindsay 2017,eliminate_pesticides,abundance,abundance,Organic farm,Conventional farm,1,apples,0,NA,all_species,NA,confidence_intervals,3,10,NA,NA,2.7,3.3,2.8,10,NA,NA,2.6,3.1,NA,NA,NA,NA
65GGK69H,Kirk and Lindsay 2017,eliminate_pesticides,abundance,abundance,Organic farm,Conventional farm,1,apples,0,NA,grassland_species,NA,confidence_intervals,10.8,10,NA,NA,8.7,13.3,10.4,10,NA,NA,8.4,12.9,NA,NA,NA,NA
65GGK69H,Kirk and Lindsay 2017,eliminate_pesticides,abundance,abundance,Organic farm,Conventional farm,1,apples,0,NA,insectivores,NA,confidence_intervals,6.7,10,NA,NA,4.2,10.5,5.4,10,NA,NA,3.4,8.6,NA,NA,NA,NA
65GGK69H,Kirk and Lindsay 2017,eliminate_pesticides,abundance,abundance,Organic farm,Conventional farm,1,apples,0,NA,omnivores,NA,confidence_intervals,14.6,10,NA,NA,12.1,17.5,14,10,NA,NA,11.6,16.8,NA,NA,NA,NA
4KV5TD3V,Korpimaki 1984,install_nest_boxes,nest_success,number of fledglings,nest boxes,natural cavities,1,apples,1,productivity,boreal_owl,NA,standard_error,2.88,231,NA,2.17,NA,NA,2.47,30,NA,1.85,NA,NA,Number of fledglings isn't really nest success; Not sure if this is a strong case for the install_nest_boxes bmp; Treatment is defined here as nest boxes,NA,NA,period_survival
H9PA8BNU,Kragten and de Snoo 2007,eliminate_pesticides,abundance,nest density - 2005,Organic farm,Conventional farm,1,apples,0,NA,northern_lapwing,NA,standard_deviation,11.9,80,16.1,NA,NA,NA,6,45,7.6,NA,NA,NA,NA,NA,NA,NA
H9PA8BNU,Kragten and de Snoo 2007,eliminate_pesticides,abundance,nest density - 2006,Organic farm,Conventional farm,1,apples,0,NA,northern_lapwing,NA,standard_deviation,11,71,14.8,NA,NA,NA,6.3,46,8.3,NA,NA,NA,NA,NA,NA,NA
H9PA8BNU,Kragten and de Snoo 2007,eliminate_pesticides,nest_success,successful nests per 100 ha - 2005,Organic farm,Conventional farm,1,apples,1,productivity,northern_lapwing,NA,standard_error,3.3,80,NA,1,NA,NA,2.8,45,NA,0.8,NA,NA,Response isn't really nest success (perhaps productivity instead),NA,NA,period_survival
H9PA8BNU,Kragten and de Snoo 2007,eliminate_pesticides,nest_success,successful nests per 100 ha - 2006,Organic farm,Conventional farm,1,apples,1,productivity,northern_lapwing,NA,standard_error,2.6,71,NA,0.8,NA,NA,1.7,46,NA,0.5,NA,NA,Response isn't really nest success (perhaps productivity instead),NA,NA,period_survival
H9PA8BNU,Kragten and de Snoo 2007,eliminate_pesticides,nest_success,successful nests per breeding pair - 2005,Organic farm,Conventional farm,1,apples,1,productivity,northern_lapwing,NA,confidence_intervals,0.26,80,NA,NA,0.098,0.5,0.35,45,NA,NA,0.141,0.673,Response isn't really nest success (perhaps productivity instead),NA,NA,period_survival
7DEL2BXP,Lautenbach et al. 2020,remove_non_native_species,abundance,density (birds/ha),Herbicide-only treated sites,Untreated (with invasive shrubs),1,apples,0,NA,eastern_meadowlark,NA,standard_error_confidence_intervals,0.15,28,NA,0.09,0.05,0.47,0.04,28,NA,0.03,0.01,0.17,NA,NA,NA,NA
7DEL2BXP,Lautenbach et al. 2020,remove_non_native_species,abundance,density (birds/ha),Herbicide-only treated sites,Untreated (with invasive shrubs),1,apples,0,NA,eastern_towhee,NA,standard_error_confidence_intervals,0.12,28,NA,0.04,0.06,0.25,0.27,28,NA,0.08,0.15,0.49,NA,NA,NA,NA
7DEL2BXP,Lautenbach et al. 2020,remove_non_native_species,abundance,density (birds/ha),Herbicide-only treated sites,Untreated (with invasive shrubs),1,apples,0,NA,field_sparrow,NA,standard_error_confidence_intervals,3.74,28,NA,2.42,1.05,13.32,5.2,28,NA,3.34,1.48,18.33,NA,NA,NA,NA
7DEL2BXP,Lautenbach et al. 2020,remove_non_native_species,abundance,density (birds/ha),Herbicide-only treated sites,Untreated (with invasive shrubs),1,apples,0,NA,gray_catbird,NA,standard_error_confidence_intervals,0.16,28,NA,0.1,0.05,0.57,0.5,28,NA,0.29,0.16,1.57,NA,NA,NA,NA
7DEL2BXP,Lautenbach et al. 2020,remove_non_native_species,abundance,density (birds/ha),Herbicide-only treated sites,Untreated (with invasive shrubs),1,apples,0,NA,grasshopper_sparrow,NA,standard_error_confidence_intervals,0.33,28,NA,0.09,0.19,0.58,0.04,28,NA,0.03,0.01,0.17,NA,NA,NA,NA
7DEL2BXP,Lautenbach et al. 2020,remove_non_native_species,abundance,density (birds/ha),Herbicide-only treated sites,Untreated (with invasive shrubs),1,apples,0,NA,henslows_sparrow,NA,standard_error_confidence_intervals,2.35,28,NA,0.35,1.76,3.15,0.92,28,NA,0.19,0.61,1.39,NA,NA,NA,NA
7DEL2BXP,Lautenbach et al. 2020,remove_non_native_species,abundance,density (birds/ha),Herbicide-only treated sites,Untreated (with invasive shrubs),1,apples,0,NA,prairie_warbler,NA,standard_error_confidence_intervals,0.05,28,NA,0.01,0.03,0.09,0.14,28,NA,0.03,0.09,0.2,NA,NA,NA,NA
7DEL2BXP,Lautenbach et al. 2020,remove_non_native_species,abundance,density (birds/ha),Herbicide-only treated sites,Untreated (with invasive shrubs),1,apples,0,NA,willow_flycatcher,NA,standard_error_confidence_intervals,0.22,28,NA,0.04,0.16,0.32,0.23,28,NA,0.04,0.16,0.33,NA,NA,NA,NA
7DEL2BXP,Lautenbach et al. 2020,remove_non_native_species,abundance,density (birds/ha),Herbicide-only treated sites,Untreated (with invasive shrubs),1,apples,0,NA,yellow_breasted_chat,NA,standard_error_confidence_intervals,0.07,28,NA,0.02,0.04,0.11,0.11,28,NA,0.02,0.08,0.17,NA,NA,NA,NA
7DEL2BXP,Lautenbach et al. 2020,remove_non_native_species,abundance,density (birds/ha),Herbicide-only treated sites,Untreated (with invasive shrubs),1,apples,0,NA,yellow_warbler,NA,standard_error_confidence_intervals,0.32,28,NA,0.08,0.2,0.5,0.39,28,NA,0.09,0.25,0.59,NA,NA,NA,NA
7DEL2BXP,Lautenbach et al. 2020,remove_non_native_species,abundance,density (birds/ha),Herbicide and shredded sites,Untreated (with invasive shrubs),1,apples,0,NA,common_yellowthroat,NA,standard_error_confidence_intervals,2.95,28,NA,3.42,0.3,28.6,2.21,28,NA,2.54,0.23,21.03,NA,NA,NA,NA
7DEL2BXP,Lautenbach et al. 2020,remove_non_native_species,abundance,density (birds/ha),Herbicide and shredded sites,Untreated (with invasive shrubs),1,apples,0,NA,eastern_meadowlark,NA,standard_error_confidence_intervals,0.3,28,NA,0.17,0.1,0.92,0.04,28,NA,0.03,0.01,0.17,NA,NA,NA,NA
7DEL2BXP,Lautenbach et al. 2020,remove_non_native_species,abundance,density (birds/ha),Herbicide and shredded sites,Untreated (with invasive shrubs),1,apples,0,NA,eastern_towhee,NA,standard_error_confidence_intervals,0.16,28,NA,0.05,0.09,0.3,0.27,28,NA,0.08,0.15,0.49,NA,NA,NA,NA
7DEL2BXP,Lautenbach et al. 2020,remove_non_native_species,abundance,density (birds/ha),Herbicide and shredded sites,Untreated (with invasive shrubs),1,apples,0,NA,field_sparrow,NA,standard_error_confidence_intervals,5.53,28,NA,3.45,1.63,18.8,5.2,28,NA,3.34,1.48,18.33,NA,NA,NA,NA
7DEL2BXP,Lautenbach et al. 2020,remove_non_native_species,abundance,density (birds/ha),Herbicide and shredded sites,Untreated (with invasive shrubs),1,apples,0,NA,gray_catbird,NA,standard_error_confidence_intervals,0.16,28,NA,0.1,0.05,0.53,0.5,28,NA,0.29,0.16,1.57,NA,NA,NA,NA
7DEL2BXP,Lautenbach et al. 2020,remove_non_native_species,abundance,density (birds/ha),Herbicide and shredded sites,Untreated (with invasive shrubs),1,apples,0,NA,grasshopper_sparrow,NA,standard_error_confidence_intervals,0.46,28,NA,0.12,0.28,0.75,0.04,28,NA,0.03,0.01,0.17,NA,NA,NA,NA
7DEL2BXP,Lautenbach et al. 2020,remove_non_native_species,abundance,density (birds/ha),Herbicide and shredded sites,Untreated (with invasive shrubs),1,apples,0,NA,henslows_sparrow,NA,standard_error_confidence_intervals,2.78,28,NA,0.38,2.12,3.63,0.92,28,NA,0.19,0.61,1.39,NA,NA,NA,NA
7DEL2BXP,Lautenbach et al. 2020,remove_non_native_species,abundance,density (birds/ha),Herbicide and shredded sites,Untreated (with invasive shrubs),1,apples,0,NA,prairie_warbler,NA,standard_error_confidence_intervals,0.03,28,NA,0.01,0.02,0.06,0.14,28,NA,0.03,0.09,0.2,NA,NA,NA,NA
7DEL2BXP,Lautenbach et al. 2020,remove_non_native_species,abundance,density (birds/ha),Herbicide and shredded sites,Untreated (with invasive shrubs),1,apples,0,NA,willow_flycatcher,NA,standard_error_confidence_intervals,0.18,28,NA,0.04,0.12,0.27,0.23,28,NA,0.04,0.16,0.33,NA,NA,NA,NA
7DEL2BXP,Lautenbach et al. 2020,remove_non_native_species,abundance,density (birds/ha),Herbicide and shredded sites,Untreated (with invasive shrubs),1,apples,0,NA,yellow_breasted_chat,NA,standard_error_confidence_intervals,0.07,28,NA,0.02,0.04,0.11,0.11,28,NA,0.02,0.08,0.17,NA,NA,NA,NA
7DEL2BXP,Lautenbach et al. 2020,remove_non_native_species,abundance,density (birds/ha),Herbicide and shredded sites,Untreated (with invasive shrubs),1,apples,0,NA,yellow_warbler,NA,standard_error_confidence_intervals,0.22,28,NA,0.06,0.13,0.39,0.39,28,NA,0.09,0.25,0.59,NA,NA,NA,NA
7DEL2BXP,Lautenbach et al. 2020,remove_non_native_species,abundance,density (birds/ha),Herbicide-only treated sites,Untreated (with invasive shrubs),1,apples,0,NA,common_yellowthroat,NA,standard_error_confidence_intervals,2.87,28,NA,3.35,0.29,28.21,2.21,28,NA,2.54,0.23,21.03,NA,NA,NA,NA
8IQ6TE6A,Lituma et al. 2012,plant_nwsg,abundance,abundance,NWSG restored sites,Exotic sites,1,apples,0,NA,dickcissel,NA,standard_error,0.323,8,NA,0.082,NA,NA,0.181,8,NA,0.067,NA,NA,NA,NA,NA,NA
8IQ6TE6A,Lituma et al. 2012,plant_nwsg,nest_success,Daily nest survival,NWSG restored sites,Exotic sites,1,apples,0,logistic exposure,dickcissel,NA,standard_error,0.895,63,NA,0.013,NA,NA,0.93,23,NA,0.017,NA,NA,NA,NA,NA,daily_survival
GE3868HZ,Lloyd and Martin 2005,plant_nwsg,abundance,breeding pairs/ha,Native NSWG prairie,CSG plots,1,apples,0,NA,chestnut_collared_longspur,NA,confidence_intervals,1.8,3,NA,NA,1.7,1.9,1.2,3,NA,NA,0.6,1.8,Treatment is defined here as the NWSG prairie,NA,NA,NA
GE3868HZ,Lloyd and Martin 2005,plant_nwsg,nest_success,clutch size,Native NSWG prairie,CSG,1,apples,1,productivity,chestnut_collared_longspur,NA,confidence_intervals,4,116,NA,NA,3.8,4.1,4,98,NA,NA,3.8,4.1,Response not really nest success; Treatment is defined here as the NWSG prairie,NA,NA,period_survival
J6EY9D55,Lokemoen and Beiser 1997,eliminate_pesticides,species_richness,species per field,Organic farm,Conventional farm,1,apples,0,NA,all_species,NA,standard_error,1.6,45,NA,0.18,NA,NA,0.9,45,NA,0.18,NA,NA,Sample size estimated based on the degrees of freedom in their anova for summer fields,NA,NA,NA
J6EY9D55,Lokemoen and Beiser 1997,eliminate_pesticides,abundance,nest density,Organic farm,Conventional farm,1,apples,0,NA,all_species,NA,standard_error,1,45,NA,0.02,NA,NA,0.5,45,NA,0.02,NA,NA,Sample size estimated based on the degrees of freedom in their anova for summer fields,NA,NA,NA
K2FW7NWY,Madden et al. 1999,prescribed_fire,abundance,number of singing males - 1993,Time since fire (<1 year),More than 80 years since fire,1,apples,0,NA,bairds_sparrow,NA,standard_error,0,10,NA,0,NA,NA,0,32,NA,0,NA,NA,At one point Amy asked to remove the year-of-burn ... should we? Sample size is number of point counts,NA,NA,NA
K2FW7NWY,Madden et al. 1999,prescribed_fire,abundance,number of singing males - 1993,Time since fire (<1 year),More than 80 years since fire,1,apples,0,NA,brown_headed_cowbird,NA,standard_error,0.27,10,NA,0.2,NA,NA,0.03,32,NA,0.02,NA,NA,Sample size is number of point counts,NA,NA,NA
K2FW7NWY,Madden et al. 1999,prescribed_fire,abundance,number of singing males - 1993,Time since fire (<1 year),More than 80 years since fire,1,apples,0,NA,bobolink,NA,standard_error,0,10,NA,0,NA,NA,0.04,32,NA,0.04,NA,NA,Sample size is number of point counts,NA,NA,NA
K2FW7NWY,Madden et al. 1999,prescribed_fire,abundance,number of singing males - 1993,Time since fire (<1 year),More than 80 years since fire,1,apples,0,NA,clay_colored_sparrow,NA,standard_error,33,10,NA,0.12,NA,NA,0.57,32,NA,0.08,NA,NA,Sample size is number of point counts,NA,NA,NA
K2FW7NWY,Madden et al. 1999,prescribed_fire,abundance,number of singing males - 1993,Time since fire (<1 year),More than 80 years since fire,1,apples,0,NA,common_yellowthroat,NA,standard_error,0,10,NA,0,NA,NA,0.24,32,NA,0.04,NA,NA,Sample size is number of point counts,NA,NA,NA
K2FW7NWY,Madden et al. 1999,prescribed_fire,abundance,number of singing males - 1993,Time since fire (<1 year),More than 80 years since fire,1,apples,0,NA,grasshopper_sparrow,NA,standard_error,0,10,NA,0,NA,NA,0,32,NA,0,NA,NA,Sample size is number of point counts,NA,NA,NA
K2FW7NWY,Madden et al. 1999,prescribed_fire,abundance,number of singing males - 1993,Time since fire (<1 year),More than 80 years since fire,1,apples,0,NA,savannah_sparrow,NA,standard_error,0.17,10,NA,0.07,NA,NA,0.25,32,NA,0.06,NA,NA,Sample size is number of point counts,NA,NA,NA
K2FW7NWY,Madden et al. 1999,prescribed_fire,abundance,number of singing males - 1993,Time since fire (<1 year),More than 80 years since fire,1,apples,0,NA,spragues_pipit,NA,standard_error,0,10,NA,0,NA,NA,0,32,NA,0,NA,NA,Sample size is number of point counts,NA,NA,NA
K2FW7NWY,Madden et al. 1999,prescribed_fire,abundance,number of singing males - 1993,Time since fire (<1 year),More than 80 years since fire,1,apples,0,NA,western_meadowlark,NA,standard_error,0,10,NA,0,NA,NA,0,32,NA,0,NA,NA,Sample size is number of point counts,NA,NA,NA
K2FW7NWY,Madden et al. 1999,prescribed_fire,abundance,number of singing males - 1993,Time since fire (<1 year),More than 80 years since fire,1,apples,0,NA,all_species,NA,standard_error,0.97,10,NA,0.29,NA,NA,1.22,32,NA,0.14,NA,NA,Sample size is number of point counts,NA,NA,NA
K2FW7NWY,Madden et al. 1999,prescribed_fire,species_richness,species_richness - 1993,Time since fire (<1 year),More than 80 years since fire,1,apples,0,NA,all_species,NA,standard_error,2.1,10,NA,0.31,NA,NA,2.25,32,NA,0.2,NA,NA,Sample size is number of point counts,NA,NA,NA
K2FW7NWY,Madden et al. 1999,prescribed_fire,abundance,number of singing males - 1993,Time since fire (1 year),More than 80 years since fire,1,apples,0,NA,bairds_sparrow,NA,standard_error,0.13,42,NA,0.03,NA,NA,0,32,NA,0,NA,NA,Sample size is number of point counts,NA,NA,NA
K2FW7NWY,Madden et al. 1999,prescribed_fire,abundance,number of singing males - 1993,Time since fire (1 year),More than 80 years since fire,1,apples,0,NA,brown_headed_cowbird,NA,standard_error,0.14,42,NA,0.04,NA,NA,0.03,32,NA,0.02,NA,NA,Sample size is number of point counts,NA,NA,NA
K2FW7NWY,Madden et al. 1999,prescribed_fire,abundance,number of singing males - 1993,Time since fire (1 year),More than 80 years since fire,1,apples,0,NA,bobolink,NA,standard_error,0.48,42,NA,0.06,NA,NA,0.04,32,NA,0.04,NA,NA,Sample size is number of point counts,NA,NA,NA
K2FW7NWY,Madden et al. 1999,prescribed_fire,abundance,number of singing males - 1993,Time since fire (1 year),More than 80 years since fire,1,apples,0,NA,clay_colored_sparrow,NA,standard_error,0.25,42,NA,0.06,NA,NA,0.57,32,NA,0.08,NA,NA,Sample size is number of point counts,NA,NA,NA
K2FW7NWY,Madden et al. 1999,prescribed_fire,abundance,number of singing males - 1993,Time since fire (1 year),More than 80 years since fire,1,apples,0,NA,common_yellowthroat,NA,standard_error,0.02,42,NA,0.01,NA,NA,0.24,32,NA,0.04,NA,NA,Sample size is number of point counts,NA,NA,NA
K2FW7NWY,Madden et al. 1999,prescribed_fire,abundance,number of singing males - 1993,Time since fire (1 year),More than 80 years since fire,1,apples,0,NA,grasshopper_sparrow,NA,standard_error,0.17,42,NA,0.04,NA,NA,0,32,NA,0,NA,NA,Sample size is number of point counts,NA,NA,NA
K2FW7NWY,Madden et al. 1999,prescribed_fire,abundance,number of singing males - 1993,Time since fire (1 year),More than 80 years since fire,1,apples,0,NA,savannah_sparrow,NA,standard_error,0.32,42,NA,0.05,NA,NA,0.25,32,NA,0.06,NA,NA,Sample size is number of point counts,NA,NA,NA
K2FW7NWY,Madden et al. 1999,prescribed_fire,abundance,number of singing males - 1993,Time since fire (1 year),More than 80 years since fire,1,apples,0,NA,spragues_pipit,NA,standard_error,0.08,42,NA,0.03,NA,NA,0,32,NA,0,NA,NA,Sample size is number of point counts,NA,NA,NA
K2FW7NWY,Madden et al. 1999,prescribed_fire,abundance,number of singing males - 1993,Time since fire (1 year),More than 80 years since fire,1,apples,0,NA,western_meadowlark,NA,standard_error,0.09,42,NA,0.03,NA,NA,0,32,NA,0,NA,NA,Sample size is number of point counts,NA,NA,NA
K2FW7NWY,Madden et al. 1999,prescribed_fire,abundance,number of singing males - 1993,Time since fire (1 year),More than 80 years since fire,1,apples,0,NA,all_species,NA,standard_error,1.82,42,NA,0.12,NA,NA,1.22,32,NA,0.14,NA,NA,Sample size is number of point counts,NA,NA,NA
K2FW7NWY,Madden et al. 1999,prescribed_fire,species_richness,species_richness- 1993,Time since fire (1 year),More than 80 years since fire,1,apples,0,NA,all_species,NA,standard_error,3.55,42,NA,0.19,NA,NA,2.25,32,NA,0.2,NA,NA,Sample size is number of point counts,NA,NA,NA
K2FW7NWY,Madden et al. 1999,prescribed_fire,abundance,number of singing males - 1993,Time since fire (3 years),More than 80 years since fire,1,apples,0,NA,bairds_sparrow,NA,standard_error,0.13,23,NA,0.06,NA,NA,0,32,NA,0,NA,NA,Sample size is number of point counts,NA,NA,NA
K2FW7NWY,Madden et al. 1999,prescribed_fire,abundance,number of singing males - 1993,Time since fire (3 years),More than 80 years since fire,1,apples,0,NA,brown_headed_cowbird,NA,standard_error,0.08,23,NA,0.03,NA,NA,0.03,32,NA,0.02,NA,NA,Sample size is number of point counts,NA,NA,NA
K2FW7NWY,Madden et al. 1999,prescribed_fire,abundance,number of singing males - 1993,Time since fire (3 years),More than 80 years since fire,1,apples,0,NA,bobolink,NA,standard_error,0.07,23,NA,0.03,NA,NA,0.04,32,NA,0.04,NA,NA,Sample size is number of point counts,NA,NA,NA
K2FW7NWY,Madden et al. 1999,prescribed_fire,abundance,number of singing males - 1993,Time since fire (3 years),More than 80 years since fire,1,apples,0,NA,clay_colored_sparrow,NA,standard_error,0.34,23,NA,7,NA,NA,0.57,32,NA,0.08,NA,NA,Sample size is number of point counts,NA,NA,NA
K2FW7NWY,Madden et al. 1999,prescribed_fire,abundance,number of singing males - 1993,Time since fire (3 years),More than 80 years since fire,1,apples,0,NA,common_yellowthroat,NA,standard_error,0,23,NA,0,NA,NA,0.24,32,NA,0.04,NA,NA,Sample size is number of point counts,NA,NA,NA
K2FW7NWY,Madden et al. 1999,prescribed_fire,abundance,number of singing males - 1993,Time since fire (3 years),More than 80 years since fire,1,apples,0,NA,grasshopper_sparrow,NA,standard_error,0.3,23,NA,0.08,NA,NA,0,32,NA,0,NA,NA,Sample size is number of point counts,NA,NA,NA
K2FW7NWY,Madden et al. 1999,prescribed_fire,abundance,number of singing males - 1993,Time since fire (3 years),More than 80 years since fire,1,apples,0,NA,savannah_sparrow,NA,standard_error,0.57,23,NA,0.09,NA,NA,0.25,32,NA,0.06,NA,NA,Sample size is number of point counts,NA,NA,NA
K2FW7NWY,Madden et al. 1999,prescribed_fire,abundance,number of singing males - 1993,Time since fire (3 years),More than 80 years since fire,1,apples,0,NA,spragues_pipit,NA,standard_error,0.1,23,NA,0.04,NA,NA,0,32,NA,0,NA,NA,Sample size is number of point counts,NA,NA,NA
K2FW7NWY,Madden et al. 1999,prescribed_fire,abundance,number of singing males - 1993,Time since fire (3 years),More than 80 years since fire,1,apples,0,NA,western_meadowlark,NA,standard_error,0.1,23,NA,0.04,NA,NA,0,32,NA,0,NA,NA,Sample size is number of point counts,NA,NA,NA
K2FW7NWY,Madden et al. 1999,prescribed_fire,abundance,number of singing males - 1993,Time since fire (3 years),More than 80 years since fire,1,apples,0,NA,all_species,NA,standard_error,1.73,23,NA,0.16,NA,NA,1.22,32,NA,0.14,NA,NA,Sample size is number of point counts,NA,NA,NA
K2FW7NWY,Madden et al. 1999,prescribed_fire,species_richness,species_richness - 1993,Time since fire (3 years),More than 80 years since fire,1,apples,0,NA,all_species,NA,standard_error,3.04,23,NA,0.26,NA,NA,2.25,32,NA,0.2,NA,NA,Sample size is number of point counts,NA,NA,NA
K2FW7NWY,Madden et al. 1999,prescribed_fire,abundance,number of singing males - 1993,Time since fire (5 years),More than 80 years since fire,1,apples,0,NA,bairds_sparrow,NA,standard_error,0.11,34,NA,0.04,NA,NA,0,32,NA,0,NA,NA,Sample size is number of point counts,NA,NA,NA
K2FW7NWY,Madden et al. 1999,prescribed_fire,abundance,number of singing males - 1993,Time since fire (5 years),More than 80 years since fire,1,apples,0,NA,brown_headed_cowbird,NA,standard_error,0.1,34,NA,0.05,NA,NA,0.03,32,NA,0.02,NA,NA,Sample size is number of point counts,NA,NA,NA
K2FW7NWY,Madden et al. 1999,prescribed_fire,abundance,number of singing males - 1993,Time since fire (5 years),More than 80 years since fire,1,apples,0,NA,bobolink,NA,standard_error,0.05,34,NA,0.02,NA,NA,0.04,32,NA,0.04,NA,NA,Sample size is number of point counts,NA,NA,NA
K2FW7NWY,Madden et al. 1999,prescribed_fire,abundance,number of singing males - 1993,Time since fire (5 years),More than 80 years since fire,1,apples,0,NA,clay_colored_sparrow,NA,standard_error,0.53,34,NA,0.09,NA,NA,0.57,32,NA,0.08,NA,NA,Sample size is number of point counts,NA,NA,NA
K2FW7NWY,Madden et al. 1999,prescribed_fire,abundance,number of singing males - 1993,Time since fire (5 years),More than 80 years since fire,1,apples,0,NA,common_yellowthroat,NA,standard_error,0.05,34,NA,0.02,NA,NA,0.24,32,NA,0.04,NA,NA,Sample size is number of point counts,NA,NA,NA
K2FW7NWY,Madden et al. 1999,prescribed_fire,abundance,number of singing males - 1993,Time since fire (5 years),More than 80 years since fire,1,apples,0,NA,grasshopper_sparrow,NA,standard_error,0.06,34,NA,0.02,NA,NA,0,32,NA,0,NA,NA,Sample size is number of point counts,NA,NA,NA
K2FW7NWY,Madden et al. 1999,prescribed_fire,abundance,number of singing males - 1993,Time since fire (5 years),More than 80 years since fire,1,apples,0,NA,savannah_sparrow,NA,standard_error,0.32,34,NA,0.06,NA,NA,0.25,32,NA,0.06,NA,NA,Sample size is number of point counts,NA,NA,NA
K2FW7NWY,Madden et al. 1999,prescribed_fire,abundance,number of singing males - 1993,Time since fire (5 years),More than 80 years since fire,1,apples,0,NA,spragues_pipit,NA,standard_error,0.02,34,NA,0.01,NA,NA,0,32,NA,0,NA,NA,Sample size is number of point counts,NA,NA,NA
K2FW7NWY,Madden et al. 1999,prescribed_fire,abundance,number of singing males - 1993,Time since fire (5 years),More than 80 years since fire,1,apples,0,NA,western_meadowlark,NA,standard_error,0.07,34,NA,0.02,NA,NA,0,32,NA,0,NA,NA,Sample size is number of point counts,NA,NA,NA
K2FW7NWY,Madden et al. 1999,prescribed_fire,abundance,number of singing males - 1993,Time since fire (5 years),More than 80 years since fire,1,apples,0,NA,all_species,NA,standard_error,1.35,34,NA,0.14,NA,NA,1.22,32,NA,0.14,NA,NA,Sample size is number of point counts,NA,NA,NA
K2FW7NWY,Madden et al. 1999,prescribed_fire,species_richness,species_richness - 1993,Time since fire (5 years),More than 80 years since fire,1,apples,0,NA,all_species,NA,standard_error,2.59,34,NA,0.2,NA,NA,2.25,32,NA,0.2,NA,NA,Sample size is number of point counts,NA,NA,NA
K2FW7NWY,Madden et al. 1999,prescribed_fire,abundance,number of singing males - 1993,Time since fire (6 years),More than 80 years since fire,1,apples,0,NA,bairds_sparrow,NA,standard_error,0,11,NA,0,NA,NA,0,32,NA,0,NA,NA,Sample size is number of point counts,NA,NA,NA
K2FW7NWY,Madden et al. 1999,prescribed_fire,abundance,number of singing males - 1993,Time since fire (6 years),More than 80 years since fire,1,apples,0,NA,brown_headed_cowbird,NA,standard_error,0,11,NA,0,NA,NA,0.03,32,NA,0.02,NA,NA,Sample size is number of point counts,NA,NA,NA
K2FW7NWY,Madden et al. 1999,prescribed_fire,abundance,number of singing males - 1993,Time since fire (6 years),More than 80 years since fire,1,apples,0,NA,bobolink,NA,standard_error,0.06,11,NA,0.04,NA,NA,0.04,32,NA,0.04,NA,NA,Sample size is number of point counts,NA,NA,NA
K2FW7NWY,Madden et al. 1999,prescribed_fire,abundance,number of singing males - 1993,Time since fire (6 years),More than 80 years since fire,1,apples,0,NA,clay_colored_sparrow,NA,standard_error,0.61,11,NA,0.12,NA,NA,0.57,32,NA,0.08,NA,NA,Sample size is number of point counts,NA,NA,NA
K2FW7NWY,Madden et al. 1999,prescribed_fire,abundance,number of singing males - 1993,Time since fire (6 years),More than 80 years since fire,1,apples,0,NA,common_yellowthroat,NA,standard_error,0.03,11,NA,0.03,NA,NA,0.24,32,NA,0.04,NA,NA,Sample size is number of point counts,NA,NA,NA
K2FW7NWY,Madden et al. 1999,prescribed_fire,abundance,number of singing males - 1993,Time since fire (6 years),More than 80 years since fire,1,apples,0,NA,grasshopper_sparrow,NA,standard_error,0.03,11,NA,0.03,NA,NA,0,32,NA,0,NA,NA,Sample size is number of point counts,NA,NA,NA
K2FW7NWY,Madden et al. 1999,prescribed_fire,abundance,number of singing males - 1993,Time since fire (6 years),More than 80 years since fire,1,apples,0,NA,savannah_sparrow,NA,standard_error,0.79,11,NA,0.09,NA,NA,0.25,32,NA,0.06,NA,NA,Sample size is number of point counts,NA,NA,NA
K2FW7NWY,Madden et al. 1999,prescribed_fire,abundance,number of singing males - 1993,Time since fire (6 years),More than 80 years since fire,1,apples,0,NA,spragues_pipit,NA,standard_error,0.03,11,NA,0.03,NA,NA,0,32,NA,0,NA,NA,Sample size is number of point counts,NA,NA,NA
K2FW7NWY,Madden et al. 1999,prescribed_fire,abundance,number of singing males - 1993,Time since fire (6 years),More than 80 years since fire,1,apples,0,NA,western_meadowlark,NA,standard_error,0,11,NA,0,NA,NA,0,32,NA,0,NA,NA,Sample size is number of point counts,NA,NA,NA
K2FW7NWY,Madden et al. 1999,prescribed_fire,abundance,number of singing males - 1993,Time since fire (6 years),More than 80 years since fire,1,apples,0,NA,all_species,NA,standard_error,1.61,11,NA,0.15,NA,NA,1.22,32,NA,0.14,NA,NA,Sample size is number of point counts,NA,NA,NA
K2FW7NWY,Madden et al. 1999,prescribed_fire,species_richness,species_richness - 1993,Time since fire (6 years),More than 80 years since fire,1,apples,0,NA,all_species,NA,standard_error,2.55,11,NA,0.25,NA,NA,2.25,32,NA,0.2,NA,NA,Sample size is number of point counts,NA,NA,NA
K2FW7NWY,Madden et al. 1999,prescribed_fire,abundance,number of singing males - 1993,Time since fire (7 years),More than 80 years since fire,1,apples,0,NA,bairds_sparrow,NA,standard_error,0,5,NA,0,NA,NA,0,32,NA,0,NA,NA,Sample size is number of point counts,NA,NA,NA
K2FW7NWY,Madden et al. 1999,prescribed_fire,abundance,number of singing males - 1993,Time since fire (7 years),More than 80 years since fire,1,apples,0,NA,brown_headed_cowbird,NA,standard_error,0,5,NA,0,NA,NA,0.03,32,NA,0.02,NA,NA,Sample size is number of point counts,NA,NA,NA
K2FW7NWY,Madden et al. 1999,prescribed_fire,abundance,number of singing males - 1993,Time since fire (7 years),More than 80 years since fire,1,apples,0,NA,bobolink,NA,standard_error,0.13,5,NA,0.13,NA,NA,0.04,32,NA,0.04,NA,NA,Sample size is number of point counts,NA,NA,NA
K2FW7NWY,Madden et al. 1999,prescribed_fire,abundance,number of singing males - 1993,Time since fire (7 years),More than 80 years since fire,1,apples,0,NA,clay_colored_sparrow,NA,standard_error,0.27,5,NA,0.12,NA,NA,0.57,32,NA,0.08,NA,NA,Sample size is number of point counts,NA,NA,NA
K2FW7NWY,Madden et al. 1999,prescribed_fire,abundance,number of singing males - 1993,Time since fire (7 years),More than 80 years since fire,1,apples,0,NA,common_yellowthroat,NA,standard_error,0.2,5,NA,0.13,NA,NA,0.24,32,NA,0.04,NA,NA,Sample size is number of point counts,NA,NA,NA
K2FW7NWY,Madden et al. 1999,prescribed_fire,abundance,number of singing males - 1993,Time since fire (7 years),More than 80 years since fire,1,apples,0,NA,grasshopper_sparrow,NA,standard_error,0.07,5,NA,0.07,NA,NA,0,32,NA,0,NA,NA,Sample size is number of point counts,NA,NA,NA
K2FW7NWY,Madden et al. 1999,prescribed_fire,abundance,number of singing males - 1993,Time since fire (7 years),More than 80 years since fire,1,apples,0,NA,savannah_sparrow,NA,standard_error,0.73,5,NA,0.12,NA,NA,0.25,32,NA,0.06,NA,NA,Sample size is number of point counts,NA,NA,NA
K2FW7NWY,Madden et al. 1999,prescribed_fire,abundance,number of singing males - 1993,Time since fire (7 years),More than 80 years since fire,1,apples,0,NA,spragues_pipit,NA,standard_error,0.2,5,NA,0.13,NA,NA,0,32,NA,0,NA,NA,Sample size is number of point counts,NA,NA,NA
K2FW7NWY,Madden et al. 1999,prescribed_fire,abundance,number of singing males - 1993,Time since fire (7 years),More than 80 years since fire,1,apples,0,NA,western_meadowlark,NA,standard_error,0,5,NA,0,NA,NA,0,32,NA,0,NA,NA,Sample size is number of point counts,NA,NA,NA
K2FW7NWY,Madden et al. 1999,prescribed_fire,abundance,number of singing males - 1993,Time since fire (7 years),More than 80 years since fire,1,apples,0,NA,all_species,NA,standard_error,1.67,5,NA,0.21,NA,NA,1.22,32,NA,0.14,NA,NA,Sample size is number of point counts,NA,NA,NA
K2FW7NWY,Madden et al. 1999,prescribed_fire,species_richness,species_richness - 1993,Time since fire (7 years),More than 80 years since fire,1,apples,0,NA,all_species,NA,standard_error,3,5,NA,0.32,NA,NA,2.25,32,NA,0.2,NA,NA,Sample size is number of point counts,NA,NA,NA
K2FW7NWY,Madden et al. 1999,prescribed_fire,abundance,number of singing males - 1994,Time since fire (<1 year),More than 80 years since fire,1,apples,0,NA,bairds_sparrow,NA,standard_error,0.3,20,NA,0.1,NA,NA,0,30,NA,0,NA,NA,At one point Amy asked to remove the year-of-burn ... should we? Sample size is number of point counts,NA,NA,NA
K2FW7NWY,Madden et al. 1999,prescribed_fire,abundance,number of singing males - 1994,Time since fire (<1 year),More than 80 years since fire,1,apples,0,NA,brown_headed_cowbird,NA,standard_error,0.08,20,NA,0.05,NA,NA,0.02,30,NA,0.01,NA,NA,Sample size is number of point counts,NA,NA,NA
K2FW7NWY,Madden et al. 1999,prescribed_fire,abundance,number of singing males - 1994,Time since fire (<1 year),More than 80 years since fire,1,apples,0,NA,bobolink,NA,standard_error,0.52,20,NA,0.09,NA,NA,0,30,NA,0,NA,NA,Sample size is number of point counts,NA,NA,NA
K2FW7NWY,Madden et al. 1999,prescribed_fire,abundance,number of singing males - 1994,Time since fire (<1 year),More than 80 years since fire,1,apples,0,NA,clay_colored_sparrow,NA,standard_error,0.68,20,NA,0.14,NA,NA,2.25,30,NA,0.15,NA,NA,Sample size is number of point counts,NA,NA,NA
K2FW7NWY,Madden et al. 1999,prescribed_fire,abundance,number of singing males - 1994,Time since fire (<1 year),More than 80 years since fire,1,apples,0,NA,common_yellowthroat,NA,standard_error,0.02,20,NA,0.02,NA,NA,0.39,30,NA,0.06,NA,NA,Sample size is number of point counts,NA,NA,NA
K2FW7NWY,Madden et al. 1999,prescribed_fire,abundance,number of singing males - 1994,Time since fire (<1 year),More than 80 years since fire,1,apples,0,NA,grasshopper_sparrow,NA,standard_error,0.2,20,NA,0.06,NA,NA,0,30,NA,0,NA,NA,Sample size is number of point counts,NA,NA,NA
K2FW7NWY,Madden et al. 1999,prescribed_fire,abundance,number of singing males - 1994,Time since fire (<1 year),More than 80 years since fire,1,apples,0,NA,lecontes_sparrow,NA,standard_error,0,20,NA,0,NA,NA,0,30,NA,0,NA,NA,Sample size is number of point counts,NA,NA,NA
K2FW7NWY,Madden et al. 1999,prescribed_fire,abundance,number of singing males - 1994,Time since fire (<1 year),More than 80 years since fire,1,apples,0,NA,savannah_sparrow,NA,standard_error,0.93,20,NA,0.16,NA,NA,0.91,30,NA,0.1,NA,NA,Sample size is number of point counts,NA,NA,NA
K2FW7NWY,Madden et al. 1999,prescribed_fire,abundance,number of singing males - 1994,Time since fire (<1 year),More than 80 years since fire,1,apples,0,NA,spragues_pipit,NA,standard_error,0.02,20,NA,0.02,NA,NA,0,30,NA,0,NA,NA,Sample size is number of point counts,NA,NA,NA
K2FW7NWY,Madden et al. 1999,prescribed_fire,abundance,number of singing males - 1994,Time since fire (<1 year),More than 80 years since fire,1,apples,0,NA,western_meadowlark,NA,standard_error,0.07,20,NA,0.04,NA,NA,0,30,NA,0,NA,NA,Sample size is number of point counts,NA,NA,NA
K2FW7NWY,Madden et al. 1999,prescribed_fire,abundance,number of singing males - 1994,Time since fire (<1 year),More than 80 years since fire,1,apples,0,NA,all_species,NA,standard_error,2.93,20,NA,0.28,NA,NA,3.71,30,NA,0.22,NA,NA,Sample size is number of point counts,NA,NA,NA
K2FW7NWY,Madden et al. 1999,prescribed_fire,species_richness,species_richness - 1994,Time since fire (<1 year),More than 80 years since fire,1,apples,0,NA,all_species,NA,standard_error,4.1,20,NA,23,NA,NA,3.03,30,NA,0.18,NA,NA,Sample size is number of point counts,NA,NA,NA
K2FW7NWY,Madden et al. 1999,prescribed_fire,abundance,number of singing males - 1994,Time since fire (2 year),More than 80 years since fire,1,apples,0,NA,bairds_sparrow,NA,standard_error,0.37,60,NA,0.06,NA,NA,0,30,NA,0,NA,NA,Sample size is number of point counts,NA,NA,NA
K2FW7NWY,Madden et al. 1999,prescribed_fire,abundance,number of singing males - 1994,Time since fire (2 year),More than 80 years since fire,1,apples,0,NA,brown_headed_cowbird,NA,standard_error,0.09,60,NA,0.02,NA,NA,0.02,30,NA,0.01,NA,NA,Sample size is number of point counts,NA,NA,NA
K2FW7NWY,Madden et al. 1999,prescribed_fire,abundance,number of singing males - 1994,Time since fire (2 year),More than 80 years since fire,1,apples,0,NA,bobolink,NA,standard_error,0.41,60,NA,0.06,NA,NA,0,30,NA,0,NA,NA,Sample size is number of point counts,NA,NA,NA
K2FW7NWY,Madden et al. 1999,prescribed_fire,abundance,number of singing males - 1994,Time since fire (2 year),More than 80 years since fire,1,apples,0,NA,clay_colored_sparrow,NA,standard_error,0.86,60,NA,0.08,NA,NA,2.25,30,NA,0.15,NA,NA,Sample size is number of point counts,NA,NA,NA
K2FW7NWY,Madden et al. 1999,prescribed_fire,abundance,number of singing males - 1994,Time since fire (2 year),More than 80 years since fire,1,apples,0,NA,common_yellowthroat,NA,standard_error,0.03,60,NA,0.02,NA,NA,0.39,30,NA,0.06,NA,NA,Sample size is number of point counts,NA,NA,NA
K2FW7NWY,Madden et al. 1999,prescribed_fire,abundance,number of singing males - 1994,Time since fire (2 year),More than 80 years since fire,1,apples,0,NA,grasshopper_sparrow,NA,standard_error,0.44,60,NA,0.06,NA,NA,0,30,NA,0,NA,NA,Sample size is number of point counts,NA,NA,NA
K2FW7NWY,Madden et al. 1999,prescribed_fire,abundance,number of singing males - 1994,Time since fire (2 year),More than 80 years since fire,1,apples,0,NA,lecontes_sparrow,NA,standard_error,0.1,60,NA,0.03,NA,NA,0,30,NA,0,NA,NA,Sample size is number of point counts,NA,NA,NA
K2FW7NWY,Madden et al. 1999,prescribed_fire,abundance,number of singing males - 1994,Time since fire (2 year),More than 80 years since fire,1,apples,0,NA,savannah_sparrow,NA,standard_error,0.99,60,NA,0.08,NA,NA,0.91,30,NA,0.1,NA,NA,Sample size is number of point counts,NA,NA,NA
K2FW7NWY,Madden et al. 1999,prescribed_fire,abundance,number of singing males - 1994,Time since fire (2 year),More than 80 years since fire,1,apples,0,NA,spragues_pipit,NA,standard_error,0.1,60,NA,0.03,NA,NA,0,30,NA,0,NA,NA,Sample size is number of point counts,NA,NA,NA
K2FW7NWY,Madden et al. 1999,prescribed_fire,abundance,number of singing males - 1994,Time since fire (2 year),More than 80 years since fire,1,apples,0,NA,western_meadowlark,NA,standard_error,0.11,60,NA,0.02,NA,NA,0,30,NA,0,NA,NA,Sample size is number of point counts,NA,NA,NA
K2FW7NWY,Madden et al. 1999,prescribed_fire,abundance,number of singing males - 1994,Time since fire (2 year),More than 80 years since fire,1,apples,0,NA,all_species,NA,standard_error,3.61,60,NA,0.17,NA,NA,3.71,30,NA,0.22,NA,NA,Sample size is number of point counts,NA,NA,NA
K2FW7NWY,Madden et al. 1999,prescribed_fire,species_richness,species_richness - 1994,Time since fire (2 year),More than 80 years since fire,1,apples,0,NA,all_species,NA,standard_error,4.98,60,NA,0.21,NA,NA,3.03,30,NA,0.18,NA,NA,Sample size is number of point counts,NA,NA,NA
K2FW7NWY,Madden et al. 1999,prescribed_fire,abundance,number of singing males - 1994,Time since fire (6 years),More than 80 years since fire,1,apples,0,NA,bairds_sparrow,NA,standard_error,0.09,25,NA,0.04,NA,NA,0,30,NA,0,NA,NA,Sample size is number of point counts,NA,NA,NA
K2FW7NWY,Madden et al. 1999,prescribed_fire,abundance,number of singing males - 1994,Time since fire (6 years),More than 80 years since fire,1,apples,0,NA,brown_headed_cowbird,NA,standard_error,0.21,25,NA,0.07,NA,NA,0.02,30,NA,0.01,NA,NA,Sample size is number of point counts,NA,NA,NA
K2FW7NWY,Madden et al. 1999,prescribed_fire,abundance,number of singing males - 1994,Time since fire (6 years),More than 80 years since fire,1,apples,0,NA,bobolink,NA,standard_error,0.16,25,NA,0.06,NA,NA,0,30,NA,0,NA,NA,Sample size is number of point counts,NA,NA,NA
K2FW7NWY,Madden et al. 1999,prescribed_fire,abundance,number of singing males - 1994,Time since fire (6 years),More than 80 years since fire,1,apples,0,NA,clay_colored_sparrow,NA,standard_error,1.53,25,NA,0.17,NA,NA,2.25,30,NA,0.15,NA,NA,Sample size is number of point counts,NA,NA,NA
K2FW7NWY,Madden et al. 1999,prescribed_fire,abundance,number of singing males - 1994,Time since fire (6 years),More than 80 years since fire,1,apples,0,NA,common_yellowthroat,NA,standard_error,0.08,25,NA,0.04,NA,NA,0.39,30,NA,0.06,NA,NA,Sample size is number of point counts,NA,NA,NA
K2FW7NWY,Madden et al. 1999,prescribed_fire,abundance,number of singing males - 1994,Time since fire (6 years),More than 80 years since fire,1,apples,0,NA,grasshopper_sparrow,NA,standard_error,0.29,25,NA,0.06,NA,NA,0,30,NA,0,NA,NA,Sample size is number of point counts,NA,NA,NA
K2FW7NWY,Madden et al. 1999,prescribed_fire,abundance,number of singing males - 1994,Time since fire (6 years),More than 80 years since fire,1,apples,0,NA,lecontes_sparrow,NA,standard_error,0.05,25,NA,0.03,NA,NA,0,30,NA,0,NA,NA,Sample size is number of point counts,NA,NA,NA
K2FW7NWY,Madden et al. 1999,prescribed_fire,abundance,number of singing males - 1994,Time since fire (6 years),More than 80 years since fire,1,apples,0,NA,savannah_sparrow,NA,standard_error,1.27,25,NA,0.13,NA,NA,0.91,30,NA,0.1,NA,NA,Sample size is number of point counts,NA,NA,NA
K2FW7NWY,Madden et al. 1999,prescribed_fire,abundance,number of singing males - 1994,Time since fire (6 years),More than 80 years since fire,1,apples,0,NA,spragues_pipit,NA,standard_error,0.01,25,NA,0.01,NA,NA,0,30,NA,0,NA,NA,Sample size is number of point counts,NA,NA,NA
K2FW7NWY,Madden et al. 1999,prescribed_fire,abundance,number of singing males - 1994,Time since fire (6 years),More than 80 years since fire,1,apples,0,NA,western_meadowlark,NA,standard_error,0.11,25,NA,0.04,NA,NA,0,30,NA,0,NA,NA,Sample size is number of point counts,NA,NA,NA
K2FW7NWY,Madden et al. 1999,prescribed_fire,abundance,number of singing males - 1994,Time since fire (6 years),More than 80 years since fire,1,apples,0,NA,all_species,NA,standard_error,4.01,25,NA,0.24,NA,NA,3.71,30,NA,0.22,NA,NA,Sample size is number of point counts,NA,NA,NA
K2FW7NWY,Madden et al. 1999,prescribed_fire,species_richness,species_richness - 1994,Time since fire (6 years),More than 80 years since fire,1,apples,0,NA,all_species,NA,standard_error,4.48,25,NA,0.81,NA,NA,3.03,30,NA,0.18,NA,NA,Sample size is number of point counts,NA,NA,NA
K2FW7NWY,Madden et al. 1999,prescribed_fire,abundance,number of singing males - 1994,Time since fire (7 years),More than 80 years since fire,1,apples,0,NA,bairds_sparrow,NA,standard_error,0.06,6,NA,0.06,NA,NA,0,30,NA,0,NA,NA,Sample size is number of point counts,NA,NA,NA
K2FW7NWY,Madden et al. 1999,prescribed_fire,abundance,number of singing males - 1994,Time since fire (7 years),More than 80 years since fire,1,apples,0,NA,brown_headed_cowbird,NA,standard_error,0,6,NA,0,NA,NA,0.02,30,NA,0.01,NA,NA,Sample size is number of point counts,NA,NA,NA
K2FW7NWY,Madden et al. 1999,prescribed_fire,abundance,number of singing males - 1994,Time since fire (7 years),More than 80 years since fire,1,apples,0,NA,bobolink,NA,standard_error,0.06,6,NA,0.06,NA,NA,0,30,NA,0,NA,NA,Sample size is number of point counts,NA,NA,NA
K2FW7NWY,Madden et al. 1999,prescribed_fire,abundance,number of singing males - 1994,Time since fire (7 years),More than 80 years since fire,1,apples,0,NA,clay_colored_sparrow,NA,standard_error,1.5,6,NA,0.17,NA,NA,2.25,30,NA,0.15,NA,NA,Sample size is number of point counts,NA,NA,NA
K2FW7NWY,Madden et al. 1999,prescribed_fire,abundance,number of singing males - 1994,Time since fire (7 years),More than 80 years since fire,1,apples,0,NA,common_yellowthroat,NA,standard_error,0.22,6,NA,0.14,NA,NA,0.39,30,NA,0.06,NA,NA,Sample size is number of point counts,NA,NA,NA
K2FW7NWY,Madden et al. 1999,prescribed_fire,abundance,number of singing males - 1994,Time since fire (7 years),More than 80 years since fire,1,apples,0,NA,grasshopper_sparrow,NA,standard_error,0.5,6,NA,0.11,NA,NA,0,30,NA,0,NA,NA,Sample size is number of point counts,NA,NA,NA
K2FW7NWY,Madden et al. 1999,prescribed_fire,abundance,number of singing males - 1994,Time since fire (7 years),More than 80 years since fire,1,apples,0,NA,lecontes_sparrow,NA,standard_error,0,6,NA,0,NA,NA,0,30,NA,0,NA,NA,Sample size is number of point counts,NA,NA,NA
K2FW7NWY,Madden et al. 1999,prescribed_fire,abundance,number of singing males - 1994,Time since fire (7 years),More than 80 years since fire,1,apples,0,NA,savannah_sparrow,NA,standard_error,1.61,6,NA,0.38,NA,NA,0.91,30,NA,0.1,NA,NA,Sample size is number of point counts,NA,NA,NA
K2FW7NWY,Madden et al. 1999,prescribed_fire,abundance,number of singing males - 1994,Time since fire (7 years),More than 80 years since fire,1,apples,0,NA,spragues_pipit,NA,standard_error,0.06,6,NA,0.06,NA,NA,0,30,NA,0,NA,NA,Sample size is number of point counts,NA,NA,NA
K2FW7NWY,Madden et al. 1999,prescribed_fire,abundance,number of singing males - 1994,Time since fire (7 years),More than 80 years since fire,1,apples,0,NA,western_meadowlark,NA,standard_error,0,6,NA,0,NA,NA,0,30,NA,0,NA,NA,Sample size is number of point counts,NA,NA,NA
K2FW7NWY,Madden et al. 1999,prescribed_fire,abundance,number of singing males - 1994,Time since fire (7 years),More than 80 years since fire,1,apples,0,NA,all_species,NA,standard_error,4,6,NA,0.56,NA,NA,3.71,30,NA,0.22,NA,NA,Sample size is number of point counts,NA,NA,NA
K2FW7NWY,Madden et al. 1999,prescribed_fire,species_richness,species_richness - 1994,Time since fire (7 years),More than 80 years since fire,1,apples,0,NA,all_species,NA,standard_error,3.67,6,NA,0.49,NA,NA,3.03,30,NA,0.18,NA,NA,Sample size is number of point counts,NA,NA,NA
K2FW7NWY,Madden et al. 1999,prescribed_fire,abundance,number of singing males - 1994,Time since fire (8 years),More than 80 years since fire,1,apples,0,NA,bairds_sparrow,NA,standard_error,0.07,9,NA,0.05,NA,NA,0,30,NA,0,NA,NA,Sample size is number of point counts,NA,NA,NA
K2FW7NWY,Madden et al. 1999,prescribed_fire,abundance,number of singing males - 1994,Time since fire (8 years),More than 80 years since fire,1,apples,0,NA,brown_headed_cowbird,NA,standard_error,0,9,NA,0,NA,NA,0.02,30,NA,0.01,NA,NA,Sample size is number of point counts,NA,NA,NA
K2FW7NWY,Madden et al. 1999,prescribed_fire,abundance,number of singing males - 1994,Time since fire (8 years),More than 80 years since fire,1,apples,0,NA,bobolink,NA,standard_error,0.15,9,NA,0.11,NA,NA,0,30,NA,0,NA,NA,Sample size is number of point counts,NA,NA,NA
K2FW7NWY,Madden et al. 1999,prescribed_fire,abundance,number of singing males - 1994,Time since fire (8 years),More than 80 years since fire,1,apples,0,NA,clay_colored_sparrow,NA,standard_error,1.22,9,NA,0.33,NA,NA,2.25,30,NA,0.15,NA,NA,Sample size is number of point counts,NA,NA,NA
K2FW7NWY,Madden et al. 1999,prescribed_fire,abundance,number of singing males - 1994,Time since fire (8 years),More than 80 years since fire,1,apples,0,NA,common_yellowthroat,NA,standard_error,0.22,9,NA,0.08,NA,NA,0.39,30,NA,0.06,NA,NA,Sample size is number of point counts,NA,NA,NA
K2FW7NWY,Madden et al. 1999,prescribed_fire,abundance,number of singing males - 1994,Time since fire (8 years),More than 80 years since fire,1,apples,0,NA,grasshopper_sparrow,NA,standard_error,0,9,NA,0,NA,NA,0,30,NA,0,NA,NA,Sample size is number of point counts,NA,NA,NA
K2FW7NWY,Madden et al. 1999,prescribed_fire,abundance,number of singing males - 1994,Time since fire (8 years),More than 80 years since fire,1,apples,0,NA,lecontes_sparrow,NA,standard_error,0,9,NA,0,NA,NA,0,30,NA,0,NA,NA,Sample size is number of point counts,NA,NA,NA
K2FW7NWY,Madden et al. 1999,prescribed_fire,abundance,number of singing males - 1994,Time since fire (8 years),More than 80 years since fire,1,apples,0,NA,savannah_sparrow,NA,standard_error,1.52,9,NA,0.19,NA,NA,0.91,30,NA,0.1,NA,NA,Sample size is number of point counts,NA,NA,NA
K2FW7NWY,Madden et al. 1999,prescribed_fire,abundance,number of singing males - 1994,Time since fire (8 years),More than 80 years since fire,1,apples,0,NA,spragues_pipit,NA,standard_error,0,9,NA,0,NA,NA,0,30,NA,0,NA,NA,Sample size is number of point counts,NA,NA,NA
K2FW7NWY,Madden et al. 1999,prescribed_fire,abundance,number of singing males - 1994,Time since fire (8 years),More than 80 years since fire,1,apples,0,NA,western_meadowlark,NA,standard_error,0,9,NA,0,NA,NA,0,30,NA,0,NA,NA,Sample size is number of point counts,NA,NA,NA
K2FW7NWY,Madden et al. 1999,prescribed_fire,abundance,number of singing males - 1994,Time since fire (8 years),More than 80 years since fire,1,apples,0,NA,all_species,NA,standard_error,3.26,9,NA,0.32,NA,NA,3.71,30,NA,0.22,NA,NA,Sample size is number of point counts,NA,NA,NA
K2FW7NWY,Madden et al. 1999,prescribed_fire,species_richness,species_richness - 1994,Time since fire (8 years),More than 80 years since fire,1,apples,0,NA,all_species,NA,standard_error,3.22,9,NA,0.28,NA,NA,3.03,30,NA,0.18,NA,NA,Sample size is number of point counts,NA,NA,NA
IWGJXSTQ,Mangachena and Geerts 2019,remove_non_native_species,species_richness,species_richness,Near-pristine site,Invaded site,1,apples,0,NA,all_species,NA,standard_error,0.754,5,NA,0.241,NA,NA,0.455,5,NA,0.367,NA,NA,This is actually the comparison of the two betas,NA,NA,NA
IWGJXSTQ,Mangachena and Geerts 2019,remove_non_native_species,abundance,abundance,Near-pristine site,Invaded site,1,apples,0,NA,all_species,NA,standard_error,0.823,5,NA,0.165,NA,NA,0.5,5,NA,0.256,NA,NA,This is actually the comparison of the two betas,NA,NA,NA
4RK5Q255,Martinez-Padilla and Fargallo 2008,install_nest_boxes,abundance,abundance,Sites with kestrel nest boxes,sites without kestrel nest boxes,1,apples,1,NA,eurasian_skylark,NA,standard_deviation,1.72,6,0.7,NA,NA,NA,5.26,6,0.66,NA,NA,NA,"Sample size is questionable. Here, we defined it by the number of samples in high density kestrel sites",NA,NA,NA
A4K99KR6,Massa et al. 2024,plant_nwsg,occupancy,occupancy,WSG hayfields,CSG hayfields,1,apples,0,NA,eastern_meadowlark,NA,confidence_intervals,0.46,22,NA,NA,0.27,0.67,0.3,75,NA,NA,0.21,0.42,NA,NA,NA,NA
A4K99KR6,Massa et al. 2024,plant_nwsg,occupancy,occupancy,WSG hayfields,CSG hayfields,1,apples,0,NA,grasshopper_sparrow,NA,confidence_intervals,0.84,22,NA,NA,0.71,0.91,0.73,75,NA,NA,0.66,0.8,NA,NA,NA,NA
BQ6ZPH37,McCusker et al. 2010,remove_non_native_species,abundance,density (birds/ha) - 2006,Native sites,Lonicera sites,1,apples,0,NA,american_robin,NA,standard_error,0.75,18,NA,0.29,NA,NA,2.63,20,NA,0.65,NA,NA,NA,NA,NA,NA
BQ6ZPH37,McCusker et al. 2010,remove_non_native_species,abundance,density (birds/ha) - 2006,Native sites,Lonicera sites,1,apples,0,NA,brown_headed_cowbird,NA,standard_error,3.23,18,NA,0.65,NA,NA,2.39,20,NA,0.32,NA,NA,NA,NA,NA,NA
BQ6ZPH37,McCusker et al. 2010,remove_non_native_species,abundance,density (birds/ha) - 2006,Native sites,Lonicera sites,1,apples,0,NA,carolina_wren,NA,standard_error,0.15,18,NA,0.09,NA,NA,0.3,20,NA,0.1,NA,NA,NA,NA,NA,NA
BQ6ZPH37,McCusker et al. 2010,remove_non_native_species,abundance,density (birds/ha) - 2006,Native sites,Lonicera sites,1,apples,0,NA,common_yellowthroat,NA,standard_error,0.26,18,NA,0.12,NA,NA,0.48,20,NA,0.08,NA,NA,NA,NA,NA,NA
BQ6ZPH37,McCusker et al. 2010,remove_non_native_species,abundance,density (birds/ha) - 2006,Native sites,Lonicera sites,1,apples,0,NA,eastern_towhee,NA,standard_error,1.73,18,NA,0.48,NA,NA,0.8,20,NA,0.26,NA,NA,NA,NA,NA,NA
BQ6ZPH37,McCusker et al. 2010,remove_non_native_species,abundance,density (birds/ha) - 2006,Native sites,Lonicera sites,1,apples,0,NA,gray_catbird,NA,standard_error,0.4,18,NA,0.28,NA,NA,3.47,20,NA,0.82,NA,NA,NA,NA,NA,NA
BQ6ZPH37,McCusker et al. 2010,remove_non_native_species,abundance,density (birds/ha) - 2006,Native sites,Lonicera sites,1,apples,0,NA,great_crested_flycatcher,NA,standard_error,0.47,18,NA,0.14,NA,NA,0.43,20,NA,0.15,NA,NA,NA,NA,NA,NA
BQ6ZPH37,McCusker et al. 2010,remove_non_native_species,abundance,density (birds/ha) - 2006,Native sites,Lonicera sites,1,apples,0,NA,house_wren,NA,standard_error,0.63,18,NA,0.3,NA,NA,1.02,20,NA,0.36,NA,NA,NA,NA,NA,NA
BQ6ZPH37,McCusker et al. 2010,remove_non_native_species,abundance,density (birds/ha) - 2006,Native sites,Lonicera sites,1,apples,0,NA,indigo_bunting,NA,standard_error,2.23,18,NA,0.44,NA,NA,2.74,20,NA,0.41,NA,NA,NA,NA,NA,NA
BQ6ZPH37,McCusker et al. 2010,remove_non_native_species,abundance,density (birds/ha) - 2006,Native sites,Lonicera sites,1,apples,0,NA,northern_cardinal,NA,standard_error,1.49,18,NA,0.35,NA,NA,2.58,20,NA,0.35,NA,NA,NA,NA,NA,NA
BQ6ZPH37,McCusker et al. 2010,remove_non_native_species,abundance,density (birds/ha) - 2007,Native sites,Lonicera sites,1,apples,0,NA,american_robin,NA,standard_error,0.38,18,NA,0.17,NA,NA,2.48,20,NA,1.49,NA,NA,NA,NA,NA,NA
BQ6ZPH37,McCusker et al. 2010,remove_non_native_species,abundance,density (birds/ha) - 2007,Native sites,Lonicera sites,1,apples,0,NA,brown_headed_cowbird,NA,standard_error,1.58,18,NA,0.31,NA,NA,3.05,20,NA,0.84,NA,NA,NA,NA,NA,NA
BQ6ZPH37,McCusker et al. 2010,remove_non_native_species,abundance,density (birds/ha) - 2007,Native sites,Lonicera sites,1,apples,0,NA,carolina_wren,NA,standard_error,0.15,18,NA,0.07,NA,NA,0.41,20,NA,0.11,NA,NA,NA,NA,NA,NA
BQ6ZPH37,McCusker et al. 2010,remove_non_native_species,abundance,density (birds/ha) - 2007,Native sites,Lonicera sites,1,apples,0,NA,common_yellowthroat,NA,standard_error,0.2,18,NA,0.09,NA,NA,0.23,20,NA,0.11,NA,NA,NA,NA,NA,NA
BQ6ZPH37,McCusker et al. 2010,remove_non_native_species,abundance,density (birds/ha) - 2007,Native sites,Lonicera sites,1,apples,0,NA,eastern_towhee,NA,standard_error,1.29,18,NA,0.27,NA,NA,0.89,20,NA,0.21,NA,NA,NA,NA,NA,NA
BQ6ZPH37,McCusker et al. 2010,remove_non_native_species,abundance,density (birds/ha) - 2007,Native sites,Lonicera sites,1,apples,0,NA,gray_catbird,NA,standard_error,0.88,18,NA,0.6,NA,NA,4,20,NA,1.1,NA,NA,NA,NA,NA,NA
BQ6ZPH37,McCusker et al. 2010,remove_non_native_species,abundance,density (birds/ha) - 2007,Native sites,Lonicera sites,1,apples,0,NA,great_crested_flycatcher,NA,standard_error,0.48,18,NA,0.12,NA,NA,0.33,20,NA,0.14,NA,NA,NA,NA,NA,NA
BQ6ZPH37,McCusker et al. 2010,remove_non_native_species,abundance,density (birds/ha) - 2007,Native sites,Lonicera sites,1,apples,0,NA,house_wren,NA,standard_error,0.86,18,NA,0.42,NA,NA,1.94,20,NA,0.59,NA,NA,NA,NA,NA,NA
BQ6ZPH37,McCusker et al. 2010,remove_non_native_species,abundance,density (birds/ha) - 2007,Native sites,Lonicera sites,1,apples,0,NA,indigo_bunting,NA,standard_error,2.98,18,NA,0.38,NA,NA,2.53,20,NA,0.44,NA,NA,NA,NA,NA,NA
BQ6ZPH37,McCusker et al. 2010,remove_non_native_species,abundance,density (birds/ha) - 2007,Native sites,Lonicera sites,1,apples,0,NA,northern_cardinal,NA,standard_error,2.97,18,NA,0.55,NA,NA,4.15,20,NA,0.48,NA,NA,NA,NA,NA,NA
BQ6ZPH37,McCusker et al. 2010,remove_non_native_species,abundance,density (birds/ha) - 2006-2007,Native sites,Lonicera sites,1,apples,0,NA,american_goldfinch,NA,standard_error,0.12,18,NA,0.08,NA,NA,1.2,20,NA,0.75,NA,NA,NA,NA,NA,NA
BQ6ZPH37,McCusker et al. 2010,provide_overwintering_habitat,abundance,density (birds/ha) - 2006-2007,Native sites,Lonicera sites,1,apples,0,NA,american_goldfinch,NA,standard_error,0.12,18,NA,0.08,NA,NA,1.2,20,NA,0.75,NA,NA,NA,NA,NA,NA
BQ6ZPH37,McCusker et al. 2010,remove_non_native_species,abundance,density (birds/ha) - 2006-2007,Native sites,Lonicera sites,1,apples,0,NA,american_robin,NA,standard_error,0.21,18,NA,0.14,NA,NA,1.24,20,NA,0.99,NA,NA,NA,NA,NA,NA
BQ6ZPH37,McCusker et al. 2010,provide_overwintering_habitat,abundance,density (birds/ha) - 2006-2007,Native sites,Lonicera sites,1,apples,0,NA,american_robin,NA,standard_error,0.21,18,NA,0.14,NA,NA,1.24,20,NA,0.99,NA,NA,NA,NA,NA,NA
BQ6ZPH37,McCusker et al. 2010,remove_non_native_species,abundance,density (birds/ha) - 2006-2007,Native sites,Lonicera sites,1,apples,0,NA,carolina_wren,NA,standard_error,0.11,18,NA,0.07,NA,NA,0.13,20,NA,0.07,NA,NA,NA,NA,NA,NA
BQ6ZPH37,McCusker et al. 2010,provide_overwintering_habitat,abundance,density (birds/ha) - 2006-2007,Native sites,Lonicera sites,1,apples,0,NA,carolina_wren,NA,standard_error,0.11,18,NA,0.07,NA,NA,0.13,20,NA,0.07,NA,NA,NA,NA,NA,NA
BQ6ZPH37,McCusker et al. 2010,remove_non_native_species,abundance,density (birds/ha) - 2006-2007,Native sites,Lonicera sites,1,apples,0,NA,northern_cardinal,NA,standard_error,1.17,18,NA,0.4,NA,NA,2.45,20,NA,0.57,NA,NA,NA,NA,NA,NA
BQ6ZPH37,McCusker et al. 2010,provide_overwintering_habitat,abundance,density (birds/ha) - 2006-2007,Native sites,Lonicera sites,1,apples,0,NA,northern_cardinal,NA,standard_error,1.17,18,NA,0.4,NA,NA,2.45,20,NA,0.57,NA,NA,NA,NA,NA,NA
BQ6ZPH37,McCusker et al. 2010,remove_non_native_species,abundance,density (birds/ha) - 2006-2007,Native sites,Lonicera sites,1,apples,0,NA,american_goldfinch,NA,standard_error,0.39,18,NA,0.25,NA,NA,0.49,20,NA,0.16,NA,NA,NA,NA,NA,NA
BQ6ZPH37,McCusker et al. 2010,provide_overwintering_habitat,abundance,density (birds/ha) - 2006-2007,Native sites,Lonicera sites,1,apples,0,NA,american_goldfinch,NA,standard_error,0.39,18,NA,0.25,NA,NA,0.49,20,NA,0.16,NA,NA,NA,NA,NA,NA
BQ6ZPH37,McCusker et al. 2010,remove_non_native_species,abundance,density (birds/ha) - 2006-2007,Native sites,Lonicera sites,1,apples,0,NA,american_robin,NA,standard_error,0.03,18,NA,0.05,NA,NA,0.75,20,NA,0.46,NA,NA,NA,NA,NA,NA
BQ6ZPH37,McCusker et al. 2010,provide_overwintering_habitat,abundance,density (birds/ha) - 2006-2007,Native sites,Lonicera sites,1,apples,0,NA,american_robin,NA,standard_error,0.03,18,NA,0.05,NA,NA,0.75,20,NA,0.46,NA,NA,NA,NA,NA,NA
BQ6ZPH37,McCusker et al. 2010,remove_non_native_species,abundance,density (birds/ha) - 2006-2007,Native sites,Lonicera sites,1,apples,0,NA,carolina_wren,NA,standard_error,0.02,18,NA,0.02,NA,NA,0.11,20,NA,0.05,NA,NA,NA,NA,NA,NA
BQ6ZPH37,McCusker et al. 2010,provide_overwintering_habitat,abundance,density (birds/ha) - 2006-2007,Native sites,Lonicera sites,1,apples,0,NA,carolina_wren,NA,standard_error,0.02,18,NA,0.02,NA,NA,0.11,20,NA,0.05,NA,NA,NA,NA,NA,NA
BQ6ZPH37,McCusker et al. 2010,remove_non_native_species,abundance,density (birds/ha) - 2006-2007,Native sites,Lonicera sites,1,apples,0,NA,northern_cardinal,NA,standard_error,1.42,18,NA,0.55,NA,NA,1.96,20,NA,0.47,NA,NA,NA,NA,NA,NA
BQ6ZPH37,McCusker et al. 2010,provide_overwintering_habitat,abundance,density (birds/ha) - 2006-2007,Native sites,Lonicera sites,1,apples,0,NA,northern_cardinal,NA,standard_error,1.42,18,NA,0.55,NA,NA,1.96,20,NA,0.47,NA,NA,NA,NA,NA,NA
L3NEIUFB,Monroe et al. 2016,plant_nwsg,nest_success,eggs per nest,Grazed mixed native pasture,grazed mixed exotic pasture,1,apples,1,productivity,dickcissel,NA,standard_deviation,4.52,42,0.74,NA,NA,NA,4.37,NA,0.9,NA,NA,NA,"We were not able to find the sample size per treatment ... we know that there were 208 nests and know something about the density distribution of nests, so maybe we can infer?",NA,NA,period_survival
L3NEIUFB,Monroe et al. 2016,plant_nwsg,nest_success,fledglings per successful nest,Grazed mixed native pasture,grazed mixed exotic pasture,1,apples,1,productivity,dickcissel,NA,standard_deviation,3.22,42,0.83,NA,NA,NA,4.2,43,0.84,NA,NA,NA,"We were not able to find the sample size per treatment ... we know that there were 208 nests and know something about the density distribution of nests, so maybe we can infer?",NA,NA,period_survival
5EM6FIBL,Moorman et al. 2017,plant_nwsg,abundance,territory density (territories/40 ha),Grazed NWSG fields,grazed CSG fields,1,apples,0,NA,eastern_meadowlark,NA,standard_deviation,1.98,24,3.31,NA,NA,NA,7.4,24,4.92,NA,NA,NA,Treatment is defined here as the grazed NWSG field,NA,NA,NA
5EM6FIBL,Moorman et al. 2017,plant_nwsg,abundance,territory density (territories/40 ha),Grazed NWSG fields,grazed CSG fields,1,apples,0,NA,grasshopper_sparrow,NA,standard_deviation,6.59,24,11.36,NA,NA,NA,11.56,24,11.14,NA,NA,NA,Treatment is defined here as the grazed NWSG field,NA,NA,NA
5EM6FIBL,Moorman et al. 2017,plant_nwsg,abundance,territory density (territories/40 ha),Grazed NWSG fields,grazed CSG fields,1,apples,0,NA,field_sparrow,NA,standard_deviation,2.6,24,3.46,NA,NA,NA,1.43,24,1.79,NA,NA,NA,Treatment is defined here as the grazed NWSG field,NA,NA,NA
5EM6FIBL,Moorman et al. 2017,plant_nwsg,abundance,territory density (territories/40 ha),Grazed NWSG fields,grazed CSG fields,1,apples,0,NA,indigo_bunting,NA,standard_deviation,13.2,24,5.51,NA,NA,NA,5.79,24,6.21,NA,NA,NA,Treatment is defined here as the grazed NWSG field,NA,NA,NA
5EM6FIBL,Moorman et al. 2017,plant_nwsg,abundance,territory density (territories/40 ha),Hayed NWSG fields,hayed CSG fields,1,apples,0,NA,eastern_meadowlark,NA,standard_deviation,2.48,32,3.73,NA,NA,NA,3.51,32,4.92,NA,NA,NA,Treatment is defined here as the hayed NWSG field,NA,NA,NA
5EM6FIBL,Moorman et al. 2017,plant_nwsg,abundance,territory density (territories/40 ha),Hayed NWSG fields,hayed CSG fields,1,apples,0,NA,grasshopper_sparrow,NA,standard_deviation,8.14,32,10.38,NA,NA,NA,11.42,32,10.94,NA,NA,NA,Treatment is defined here as the hayed NWSG field,NA,NA,NA
5EM6FIBL,Moorman et al. 2017,plant_nwsg,abundance,territory density (territories/40 ha),Hayed NWSG fields,hayed CSG fields,1,apples,0,NA,field_sparrow,NA,standard_deviation,8.29,32,6.78,NA,NA,NA,1.31,32,1.82,NA,NA,NA,Treatment is defined here as the hayed NWSG field,NA,NA,NA
5EM6FIBL,Moorman et al. 2017,plant_nwsg,abundance,territory density (territories/40 ha),Hayed NWSG fields,hayed CSG fields,1,apples,0,NA,indigo_bunting,NA,standard_deviation,21.98,32,23.98,NA,NA,NA,2.22,32,3.63,NA,NA,NA,Treatment is defined here as the hayed NWSG field,NA,NA,NA
LF7LYQ8I,Oppel et al. 2014,keep_cats_indoors,nest_success,nest survival,post-feral cat control - semi-arid,pre-feral cat control - semi-arid,1,apples,0,NA,saint_helena_plover,identity,confidence_intervals,0.77,33,NA,NA,0.53,0.9,0.23,31,NA,NA,0.11,0.39,"Unsure of link function, likely logit",NA,NA,period_survival
LF7LYQ8I,Oppel et al. 2014,keep_cats_indoors,nest_success,nest survival,post-feral cat control - pasture,pre-feral cat control - pasture,1,apples,0,NA,saint_helena_plover,identity,confidence_intervals,0.65,23,NA,NA,0.41,0.82,0.55,22,NA,NA,0.32,0.73,"Unsure of link function, likely logit",NA,NA,period_survival
IXNBX5LG,Perlut 2006,delay_hay,nest_success,dsr,Late hayed field,early hayed field,NA,apples,0,NA,bobolink,logistic_exposure,standard_error,97.184,131,NA,NA,84.482,99.584,88.796,39,NA,NA,58.778000000000006,97.54400000000001,Check sample sizes,NA,NA,daily_survival
IXNBX5LG,Perlut 2006,delay_hay,nest_success,dsr,Late hayed field,early hayed field,NA,apples,0,NA,savannah_sparrow,logistic_exposure,standard_error,96.645,131,NA,NA,89.155,98.74199999999999,90.294,248,NA,NA,75.434,95.926,Check sample sizes,NA,NA,daily_survival
IXNBX5LG,Perlut 2006,delay_hay,nest_success,number of offspring fledged per female,Late hayed field,early hayed field,1,apples,1,productivity,bobolink,NA,standard_error,2.79,127,NA,0.18,NA,NA,0.05,25,NA,0.05,NA,NA,Not really a nest_success metric (productivity); Sample size estimated based on the number of nests with a clutch completion date as provided in figure 1; number of nests/year and number of eggs/year are also provided,NA,NA,period_survival
IXNBX5LG,Perlut 2006,delay_hay,nest_success,number of offspring fledged per female,Late hayed field,early hayed field,1,apples,1,productivity,savannah_sparrow,NA,standard_error,3.29,110,NA,0.3,NA,NA,1.28,168,NA,0.16,NA,NA,Sample size estimated based on the number of nests with a clutch completion date as provided in figure 1; number of nests/year and number of eggs/year are also provided,NA,NA,period_survival
S9JEF6KQ,Pintaric et al. 2019,delay_hay,abundance,abundance,Late-hayed field (2015),Continuously grazed pasture (2015),1,oranges,0,NA,bobolink,NA,standard_deviation,8.52,6,2.43,NA,NA,NA,5.17,10,1.73,NA,NA,NA,Comparison is not appropriate for the bmp,NA,NA,NA
S9JEF6KQ,Pintaric et al. 2019,delay_hay,abundance,abundance,Late-hayed field (2016),Continuously grazed pasture (2016),1,oranges,0,NA,bobolink,NA,standard_deviation,10.56,6,2.82,NA,NA,NA,3.36,8,1.64,NA,NA,NA,NA,NA,NA,NA
S9JEF6KQ,Pintaric et al. 2019,delay_hay,nest_success,dsr,Late-hayed field,Continuously grazed pasture,1,oranges,0,NA,bobolink,NA,standard_error,0.978,29,NA,0.008,NA,NA,0.939,58,NA,0.01,NA,NA,NA,NA,NA,daily_survival
9KZCR9YH,Pirez and Aldabe 2023,rotational_grazing,species_richness,species_richness,Rotational grazing,Continuous grazing,1,apples,0,NA,all_species,NA,standard_error_confidence_intervals,21.52,48,NA,NA,20.31,23.05,18.72,32,NA,NA,17.26,20.27,Rotationally grazed fields were rested for 20 days - 6 months,NA,NA,NA
L2QEJV7P,Port and Schottler 2017,plant_nwsg,species_richness,species_richness,NWSG plot,CSG plot,1,apples,1,NA,all_species,NA,standard_error,9.7,2,NA,0.33,NA,NA,7.14,2,NA,0.17,NA,NA,Treatment is defined here as the NWSG plot,NA,NA,NA
B34SZBUU,Powell 2006,prescribed_fire,abundance,abundance,Annual burn frequency,20-year burn frequency,1,apples,0,NA,upland_sandpiper,NA,standard_error,0.00482,5,NA,0.06963,NA,NA,-0.03639,6,NA,0.06507,NA,NA,I'm not sure whether this is a test of prescribed_fire ... but maybe; Estimate represents a beta coefficient; Sample size is number of sites,NA,NA,NA
B34SZBUU,Powell 2006,prescribed_fire,abundance,abundance,Annual burn frequency,20-year burn frequency,1,apples,0,NA,bells_vireo,NA,standard_error,-0.22364,5,NA,0.06564,NA,NA,0.04682,7,NA,0.06117,NA,NA,Estimate represents a beta coefficient; Sample size is number of sites,NA,NA,NA
B34SZBUU,Powell 2006,prescribed_fire,abundance,abundance,Annual burn frequency,20-year burn frequency,1,apples,0,NA,grasshopper_sparrow,NA,standard_error,0.09331,5,NA,0.06915,NA,NA,-0.13041,7,NA,0.06462,NA,NA,Estimate represents a beta coefficient; Sample size is number of sites,NA,NA,NA
B34SZBUU,Powell 2006,prescribed_fire,abundance,abundance,Annual burn frequency,20-year burn frequency,1,apples,0,NA,henslows_sparrow,NA,standard_error,0.03478,5,NA,0.0798,NA,NA,-0.07804,7,NA,0.07153,NA,NA,Estimate represents a beta coefficient; Sample size is number of sites,NA,NA,NA
B34SZBUU,Powell 2006,prescribed_fire,abundance,abundance,Annual burn frequency,20-year burn frequency,1,apples,0,NA,dickcissel,NA,standard_error,0.12835,5,NA,0.05374,NA,NA,-0.07613,7,NA,0.04604,NA,NA,Estimate represents a beta coefficient; Sample size is number of sites,NA,NA,NA
B34SZBUU,Powell 2006,prescribed_fire,abundance,abundance,Annual burn frequency,20-year burn frequency,1,apples,0,NA,eastern_meadowlark,NA,standard_error,0.11237,5,NA,0.05586,NA,NA,-0.04558,7,NA,0.0522,NA,NA,Estimate represents a beta coefficient; Sample size is number of sites,NA,NA,NA
B34SZBUU,Powell 2006,prescribed_fire,abundance,abundance,Annual burn frequency,20-year burn frequency,1,apples,0,NA,brown_headed_cowbird,NA,standard_error,-0.04652,5,NA,0.0732,NA,NA,0.03838,7,NA,0.06841,NA,NA,Estimate represents a beta coefficient; Sample size is number of sites,NA,NA,NA
B34SZBUU,Powell 2006,prescribed_fire,abundance,abundance,4-year burn frequency,20-year burn frequency,1,apples,0,NA,upland_sandpiper,NA,standard_error,0.03156,5,NA,0.0829,NA,NA,-0.03639,7,NA,0.06507,NA,NA,Estimate represents a beta coefficient; Sample size is number of sites,NA,NA,NA
B34SZBUU,Powell 2006,prescribed_fire,abundance,abundance,4-year burn frequency,20-year burn frequency,1,apples,0,NA,bells_vireo,NA,standard_error,0.17683,5,NA,0.07586,NA,NA,0.04682,7,NA,0.06117,NA,NA,Estimate represents a beta coefficient; Sample size is number of sites,NA,NA,NA
B34SZBUU,Powell 2006,prescribed_fire,abundance,abundance,4-year burn frequency,20-year burn frequency,1,apples,0,NA,grasshopper_sparrow,NA,standard_error,0.0371,5,NA,0.08232,NA,NA,-0.13041,7,NA,0.06462,NA,NA,Estimate represents a beta coefficient; Sample size is number of sites,NA,NA,NA
B34SZBUU,Powell 2006,prescribed_fire,abundance,abundance,4-year burn frequency,20-year burn frequency,1,apples,0,NA,henslows_sparrow,NA,standard_error,0.04326,5,NA,0.08583,NA,NA,-0.07804,7,NA,0.07153,NA,NA,Estimate represents a beta coefficient; Sample size is number of sites,NA,NA,NA
B34SZBUU,Powell 2006,prescribed_fire,abundance,abundance,4-year burn frequency,20-year burn frequency,1,apples,0,NA,dickcissel,NA,standard_error,-0.05222,5,NA,0.06042,NA,NA,-0.07613,7,NA,0.04604,NA,NA,Estimate represents a beta coefficient; Sample size is number of sites,NA,NA,NA
B34SZBUU,Powell 2006,prescribed_fire,abundance,abundance,4-year burn frequency,20-year burn frequency,1,apples,0,NA,eastern_meadowlark,NA,standard_error,-0.06679,5,NA,0.06651,NA,NA,-0.04558,7,NA,0.0522,NA,NA,Estimate represents a beta coefficient; Sample size is number of sites,NA,NA,NA
B34SZBUU,Powell 2006,prescribed_fire,abundance,abundance,4-year burn frequency,20-year burn frequency,1,apples,0,NA,brown_headed_cowbird,NA,standard_error,0.00814,5,NA,0.08715,NA,NA,0.03838,7,NA,0.06841,NA,NA,Estimate represents a beta coefficient; Sample size is number of sites,NA,NA,NA
ABXAGBLU,Purcell et al. 1997,install_nest_boxes,nest_success,daily mortality rate,Nest box,Natural cavity,-1,apples,0,NA,ash_throated_flycatcher,identity,standard_deviation,0.0134,33,0.004,NA,NA,NA,0.017,52,0.0044,NA,NA,NA,"Unsure of link term, only details in text are ""based on Mayfield's methods (1961, 1975)",NA,NA,daily_survival
ABXAGBLU,Purcell et al. 1997,install_nest_boxes,nest_success,daily mortality rate,Nest box,Natural cavity,-1,apples,0,NA,oak_titmouse,identity,standard_deviation,0.0117,111,0.0017,NA,NA,NA,0.0124,171,0.0019,NA,NA,NA,"Unsure of link term, only details in text are ""based on Mayfield's methods (1961, 1975)",NA,NA,daily_survival
ABXAGBLU,Purcell et al. 1997,install_nest_boxes,nest_success,daily mortality rate,Nest box,Natural cavity,-1,apples,0,NA,house_wren,identity,standard_deviation,0.005,36,0.002,NA,NA,NA,0.0126,47,0.0035,NA,NA,NA,"Unsure of link term, only details in text are ""based on Mayfield's methods (1961, 1975)",NA,NA,daily_survival
ABXAGBLU,Purcell et al. 1997,install_nest_boxes,nest_success,daily mortality rate,Nest box,Natural cavity,-1,apples,0,NA,western_bluebird,identity,standard_deviation,0.0133,47,0.003,NA,NA,NA,0.0297,39,0.0071,NA,NA,NA,"Unsure of link term, only details in text are ""based on Mayfield's methods (1961, 1975)",NA,NA,daily_survival
86IBQ28G,Rahmig et al. 2009,prescribed_fire,abundance,density (birds/ha) - 2004,Burned CRP field,Unburned CRP field,1,apples,0,NA,dickcissel,NA,standard_deviation,1.5,4,0.58,NA,NA,NA,2.43,4,1.31,NA,NA,NA,NA,NA,NA,NA
86IBQ28G,Rahmig et al. 2009,prescribed_fire,abundance,density (birds/ha) - 2004,Burned CRP field,Unburned CRP field,1,apples,0,NA,grasshopper_sparrow,NA,standard_deviation,0.12,4,0.15,NA,NA,NA,0.32,4,0.63,NA,NA,NA,NA,NA,NA,NA
86IBQ28G,Rahmig et al. 2009,prescribed_fire,abundance,density (birds/ha) - 2004,Burned CRP field,Unburned CRP field,1,apples,0,NA,eastern_meadowlark,NA,standard_deviation,0.08,4,0.09,NA,NA,NA,0.12,4,0.15,NA,NA,NA,NA,NA,NA,NA
86IBQ28G,Rahmig et al. 2009,prescribed_fire,abundance,density (birds/ha) - 2004,Burned CRP field,Unburned CRP field,1,apples,0,NA,brown_headed_cowbird,NA,standard_deviation,0.14,4,0.12,NA,NA,NA,0.32,4,0.27,NA,NA,NA,NA,NA,NA,NA
86IBQ28G,Rahmig et al. 2009,prescribed_fire,abundance,density (birds/ha) - 2004,Burned CRP field,Unburned CRP field,1,apples,0,NA,red_winged_blackbird,NA,standard_deviation,0.02,4,0.04,NA,NA,NA,0,4,0,NA,NA,NA,NA,NA,NA,NA
86IBQ28G,Rahmig et al. 2009,prescribed_fire,abundance,density (birds/ha) - 2004,Burned CRP field,Unburned CRP field,1,apples,0,NA,henslows_sparrow,NA,standard_deviation,0,4,0,NA,NA,NA,0,4,0,NA,NA,NA,NA,NA,NA,NA
86IBQ28G,Rahmig et al. 2009,prescribed_fire,abundance,density (birds/ha) - 2004,Burned CRP field,Unburned CRP field,1,apples,0,NA,common_nighthawk,NA,standard_deviation,0,4,0,NA,NA,NA,0,4,0,NA,NA,NA,NA,NA,NA,NA
86IBQ28G,Rahmig et al. 2009,prescribed_fire,abundance,density (birds/ha) - 2004,Burned CRP field,Unburned CRP field,1,apples,0,NA,mourning_dove,NA,standard_deviation,0.02,4,0.04,NA,NA,NA,0.06,4,0.12,NA,NA,NA,NA,NA,NA,NA
86IBQ28G,Rahmig et al. 2009,prescribed_fire,abundance,density (birds/ha) - 2004,Burned CRP field,Unburned CRP field,1,apples,0,NA,upland_sandpiper,NA,standard_deviation,0,4,0,NA,NA,NA,0,4,0,NA,NA,NA,NA,NA,NA,NA
86IBQ28G,Rahmig et al. 2009,prescribed_fire,abundance,density (birds/ha) - 2005,Burned CRP field,Unburned CRP field,1,apples,0,NA,dickcissel,NA,standard_deviation,2,4,0.99,NA,NA,NA,3.07,4,2.15,NA,NA,NA,NA,NA,NA,NA
86IBQ28G,Rahmig et al. 2009,prescribed_fire,abundance,density (birds/ha) - 2005,Burned CRP field,Unburned CRP field,1,apples,0,NA,grasshopper_sparrow,NA,standard_deviation,0.14,4,0.28,NA,NA,NA,0.13,4,0.19,NA,NA,NA,NA,NA,NA,NA
86IBQ28G,Rahmig et al. 2009,prescribed_fire,abundance,density (birds/ha) - 2005,Burned CRP field,Unburned CRP field,1,apples,0,NA,eastern_meadowlark,NA,standard_deviation,0.16,4,0.21,NA,NA,NA,0.48,4,0.38,NA,NA,NA,NA,NA,NA,NA
86IBQ28G,Rahmig et al. 2009,prescribed_fire,abundance,density (birds/ha) - 2005,Burned CRP field,Unburned CRP field,1,apples,0,NA,brown_headed_cowbird,NA,standard_deviation,0.1,4,0.2,NA,NA,NA,0.86,4,0.63,NA,NA,NA,NA,NA,NA,NA
86IBQ28G,Rahmig et al. 2009,prescribed_fire,abundance,density (birds/ha) - 2005,Burned CRP field,Unburned CRP field,1,apples,0,NA,red_winged_blackbird,NA,standard_deviation,0.24,4,0.38,NA,NA,NA,0.06,4,0.05,NA,NA,NA,NA,NA,NA,NA
86IBQ28G,Rahmig et al. 2009,prescribed_fire,abundance,density (birds/ha) - 2005,Burned CRP field,Unburned CRP field,1,apples,0,NA,henslows_sparrow,NA,standard_deviation,0,4,0,NA,NA,NA,0.13,4,0.24,NA,NA,NA,NA,NA,NA,NA
86IBQ28G,Rahmig et al. 2009,prescribed_fire,abundance,density (birds/ha) - 2005,Burned CRP field,Unburned CRP field,1,apples,0,NA,mourning_dove,NA,standard_deviation,0.06,4,0.12,NA,NA,NA,0.21,4,0.4,NA,NA,NA,NA,NA,NA,NA
86IBQ28G,Rahmig et al. 2009,prescribed_fire,abundance,density (birds/ha) - 2005,Burned CRP field,Unburned CRP field,1,apples,0,NA,northern_bobwhite,NA,standard_deviation,0,4,0,NA,NA,NA,0.06,4,0.08,NA,NA,NA,NA,NA,NA,NA
86IBQ28G,Rahmig et al. 2009,prescribed_fire,abundance,density (birds/ha) - 2005,Burned CRP field,Unburned CRP field,1,apples,0,NA,upland_sandpiper,NA,standard_deviation,0,4,0,NA,NA,NA,0,4,0,NA,NA,NA,NA,NA,NA,NA
86IBQ28G,Rahmig et al. 2009,prescribed_fire,abundance,density (birds/ha) - 2005,Burned CRP field,Unburned CRP field,1,apples,0,NA,lark_sparrow,NA,standard_deviation,0.08,4,0.01,NA,NA,NA,0,4,0,NA,NA,NA,NA,NA,NA,NA
86IBQ28G,Rahmig et al. 2009,prescribed_fire,abundance,density (birds/ha) - 2004,Burned native hayfield,Unburned hayfield,1,apples,0,NA,dickcissel,NA,standard_deviation,1.08,5,0.49,NA,NA,NA,1.04,5,0.83,NA,NA,NA,NA,NA,NA,NA
86IBQ28G,Rahmig et al. 2009,prescribed_fire,abundance,density (birds/ha) - 2004,Burned native hayfield,Unburned hayfield,1,apples,0,NA,grasshopper_sparrow,NA,standard_deviation,0.47,5,0.3,NA,NA,NA,0.4,5,0.26,NA,NA,NA,NA,NA,NA,NA
86IBQ28G,Rahmig et al. 2009,prescribed_fire,abundance,density (birds/ha) - 2004,Burned native hayfield,Unburned hayfield,1,apples,0,NA,eastern_meadowlark,NA,standard_deviation,0.29,5,0.18,NA,NA,NA,0.43,5,0.17,NA,NA,NA,NA,NA,NA,NA
86IBQ28G,Rahmig et al. 2009,prescribed_fire,abundance,density (birds/ha) - 2004,Burned native hayfield,Unburned hayfield,1,apples,0,NA,brown_headed_cowbird,NA,standard_deviation,0.03,5,0.07,NA,NA,NA,0.02,5,0.04,NA,NA,NA,NA,NA,NA,NA
86IBQ28G,Rahmig et al. 2009,prescribed_fire,abundance,density (birds/ha) - 2004,Burned native hayfield,Unburned hayfield,1,apples,0,NA,red_winged_blackbird,NA,standard_deviation,0.11,5,0.16,NA,NA,NA,0.13,5,0.28,NA,NA,NA,NA,NA,NA,NA
86IBQ28G,Rahmig et al. 2009,prescribed_fire,abundance,density (birds/ha) - 2004,Burned native hayfield,Unburned hayfield,1,apples,0,NA,henslows_sparrow,NA,standard_deviation,0.05,5,0.11,NA,NA,NA,0.06,5,0.14,NA,NA,NA,NA,NA,NA,NA
86IBQ28G,Rahmig et al. 2009,prescribed_fire,abundance,density (birds/ha) - 2004,Burned native hayfield,Unburned hayfield,1,apples,0,NA,common_nighthawk,NA,standard_deviation,0,5,0,NA,NA,NA,0,5,0,NA,NA,NA,NA,NA,NA,NA
86IBQ28G,Rahmig et al. 2009,prescribed_fire,abundance,density (birds/ha) - 2004,Burned native hayfield,Unburned hayfield,1,apples,0,NA,mourning_dove,NA,standard_deviation,0,5,0,NA,NA,NA,0.02,5,0.04,NA,NA,NA,NA,NA,NA,NA
86IBQ28G,Rahmig et al. 2009,prescribed_fire,abundance,density (birds/ha) - 2004,Burned native hayfield,Unburned hayfield,1,apples,0,NA,upland_sandpiper,NA,standard_deviation,0,5,0,NA,NA,NA,0,5,0,NA,NA,NA,NA,NA,NA,NA
86IBQ28G,Rahmig et al. 2009,prescribed_fire,abundance,density (birds/ha) - 2005,Burned native hayfield,Unburned hayfield,1,apples,0,NA,dickcissel,NA,standard_deviation,1.01,5,0.5,NA,NA,NA,1.33,5,0.86,NA,NA,NA,NA,NA,NA,NA
86IBQ28G,Rahmig et al. 2009,prescribed_fire,abundance,density (birds/ha) - 2005,Burned native hayfield,Unburned hayfield,1,apples,0,NA,grasshopper_sparrow,NA,standard_deviation,1.03,5,0.93,NA,NA,NA,1.08,5,0.7,NA,NA,NA,NA,NA,NA,NA
86IBQ28G,Rahmig et al. 2009,prescribed_fire,abundance,density (birds/ha) - 2005,Burned native hayfield,Unburned hayfield,1,apples,0,NA,eastern_meadowlark,NA,standard_deviation,0.62,5,0.31,NA,NA,NA,0.74,5,0.44,NA,NA,NA,NA,NA,NA,NA
86IBQ28G,Rahmig et al. 2009,prescribed_fire,abundance,density (birds/ha) - 2005,Burned native hayfield,Unburned hayfield,1,apples,0,NA,brown_headed_cowbird,NA,standard_deviation,0.13,5,0.16,NA,NA,NA,0.15,5,0.22,NA,NA,NA,NA,NA,NA,NA
86IBQ28G,Rahmig et al. 2009,prescribed_fire,abundance,density (birds/ha) - 2005,Burned native hayfield,Unburned hayfield,1,apples,0,NA,red_winged_blackbird,NA,standard_deviation,0.19,5,0.23,NA,NA,NA,0.05,5,0.07,NA,NA,NA,NA,NA,NA,NA
86IBQ28G,Rahmig et al. 2009,prescribed_fire,abundance,density (birds/ha) - 2005,Burned native hayfield,Unburned hayfield,1,apples,0,NA,henslows_sparrow,NA,standard_deviation,0.02,5,0.04,NA,NA,NA,0.11,5,0.15,NA,NA,NA,NA,NA,NA,NA
86IBQ28G,Rahmig et al. 2009,prescribed_fire,abundance,density (birds/ha) - 2005,Burned native hayfield,Unburned hayfield,1,apples,0,NA,mourning_dove,NA,standard_deviation,0.03,5,0.04,NA,NA,NA,0,5,0,NA,NA,NA,NA,NA,NA,NA
86IBQ28G,Rahmig et al. 2009,prescribed_fire,abundance,density (birds/ha) - 2005,Burned native hayfield,Unburned hayfield,1,apples,0,NA,northern_bobwhite,NA,standard_deviation,0,5,0,NA,NA,NA,0.08,5,0.1,NA,NA,NA,NA,NA,NA,NA
86IBQ28G,Rahmig et al. 2009,prescribed_fire,abundance,density (birds/ha) - 2005,Burned native hayfield,Unburned hayfield,1,apples,0,NA,upland_sandpiper,NA,standard_deviation,0.02,5,0.04,NA,NA,NA,0.08,5,0.16,NA,NA,NA,NA,NA,NA,NA
86IBQ28G,Rahmig et al. 2009,prescribed_fire,abundance,density (birds/ha) - 2005,Burned native hayfield,Unburned hayfield,1,apples,0,NA,lark_sparrow,NA,standard_deviation,0,5,0,NA,NA,NA,0,5,0,NA,NA,NA,NA,NA,NA,NA
86IBQ28G,Rahmig et al. 2009,prescribed_fire,abundance,density (birds/ha) - 2004,Burned season-long grazed pasture,Unburned season-long grazed pasture,1,apples,0,NA,dickcissel,NA,standard_deviation,1,6,0.75,NA,NA,NA,0.74,6,0.53,NA,NA,NA,NA,NA,NA,NA
86IBQ28G,Rahmig et al. 2009,prescribed_fire,abundance,density (birds/ha) - 2004,Burned season-long grazed pasture,Unburned season-long grazed pasture,1,apples,0,NA,grasshopper_sparrow,NA,standard_deviation,0.63,6,0.37,NA,NA,NA,0.86,6,0.73,NA,NA,NA,NA,NA,NA,NA
86IBQ28G,Rahmig et al. 2009,prescribed_fire,abundance,density (birds/ha) - 2004,Burned season-long grazed pasture,Unburned season-long grazed pasture,1,apples,0,NA,eastern_meadowlark,NA,standard_deviation,0.25,6,0.08,NA,NA,NA,0.44,6,0.34,NA,NA,NA,NA,NA,NA,NA
86IBQ28G,Rahmig et al. 2009,prescribed_fire,abundance,density (birds/ha) - 2004,Burned season-long grazed pasture,Unburned season-long grazed pasture,1,apples,0,NA,brown_headed_cowbird,NA,standard_deviation,0.21,6,0.2,NA,NA,NA,0.15,6,0.14,NA,NA,NA,NA,NA,NA,NA
86IBQ28G,Rahmig et al. 2009,prescribed_fire,abundance,density (birds/ha) - 2004,Burned season-long grazed pasture,Unburned season-long grazed pasture,1,apples,0,NA,red_winged_blackbird,NA,standard_deviation,0.04,6,0.1,NA,NA,NA,0.01,6,0.03,NA,NA,NA,NA,NA,NA,NA
86IBQ28G,Rahmig et al. 2009,prescribed_fire,abundance,density (birds/ha) - 2004,Burned season-long grazed pasture,Unburned season-long grazed pasture,1,apples,0,NA,henslows_sparrow,NA,standard_deviation,0.01,6,0.03,NA,NA,NA,0.09,6,0.23,NA,NA,NA,NA,NA,NA,NA
86IBQ28G,Rahmig et al. 2009,prescribed_fire,abundance,density (birds/ha) - 2004,Burned season-long grazed pasture,Unburned season-long grazed pasture,1,apples,0,NA,common_nighthawk,NA,standard_deviation,0.01,6,0.03,NA,NA,NA,0.03,6,0.06,NA,NA,NA,NA,NA,NA,NA
86IBQ28G,Rahmig et al. 2009,prescribed_fire,abundance,density (birds/ha) - 2004,Burned season-long grazed pasture,Unburned season-long grazed pasture,1,apples,0,NA,mourning_dove,NA,standard_deviation,0,6,0,NA,NA,NA,0.01,6,0.03,NA,NA,NA,NA,NA,NA,NA
86IBQ28G,Rahmig et al. 2009,prescribed_fire,abundance,density (birds/ha) - 2004,Burned season-long grazed pasture,Unburned season-long grazed pasture,1,apples,0,NA,upland_sandpiper,NA,standard_deviation,0.01,6,0.03,NA,NA,NA,0.07,6,0.09,NA,NA,NA,NA,NA,NA,NA
86IBQ28G,Rahmig et al. 2009,prescribed_fire,abundance,density (birds/ha) - 2005,Burned season-long grazed pasture,Unburned season-long grazed pasture,1,apples,0,NA,dickcissel,NA,standard_deviation,1.57,6,0.86,NA,NA,NA,1.16,6,0.33,NA,NA,NA,NA,NA,NA,NA
86IBQ28G,Rahmig et al. 2009,prescribed_fire,abundance,density (birds/ha) - 2005,Burned season-long grazed pasture,Unburned season-long grazed pasture,1,apples,0,NA,grasshopper_sparrow,NA,standard_deviation,0.84,6,0.73,NA,NA,NA,1.11,6,0.63,NA,NA,NA,NA,NA,NA,NA
86IBQ28G,Rahmig et al. 2009,prescribed_fire,abundance,density (birds/ha) - 2005,Burned season-long grazed pasture,Unburned season-long grazed pasture,1,apples,0,NA,eastern_meadowlark,NA,standard_deviation,0.51,6,0.2,NA,NA,NA,0.46,6,0.23,NA,NA,NA,NA,NA,NA,NA
86IBQ28G,Rahmig et al. 2009,prescribed_fire,abundance,density (birds/ha) - 2005,Burned season-long grazed pasture,Unburned season-long grazed pasture,1,apples,0,NA,brown_headed_cowbird,NA,standard_deviation,0.29,6,0.36,NA,NA,NA,0.15,6,0.26,NA,NA,NA,NA,NA,NA,NA
86IBQ28G,Rahmig et al. 2009,prescribed_fire,abundance,density (birds/ha) - 2005,Burned season-long grazed pasture,Unburned season-long grazed pasture,1,apples,0,NA,red_winged_blackbird,NA,standard_deviation,0.12,6,0.19,NA,NA,NA,0.01,6,0.03,NA,NA,NA,NA,NA,NA,NA
86IBQ28G,Rahmig et al. 2009,prescribed_fire,abundance,density (birds/ha) - 2005,Burned season-long grazed pasture,Unburned season-long grazed pasture,1,apples,0,NA,henslows_sparrow,NA,standard_deviation,0,6,0,NA,NA,NA,0.29,6,0.56,NA,NA,NA,NA,NA,NA,NA
86IBQ28G,Rahmig et al. 2009,prescribed_fire,abundance,density (birds/ha) - 2005,Burned season-long grazed pasture,Unburned season-long grazed pasture,1,apples,0,NA,mourning_dove,NA,standard_deviation,0,6,0,NA,NA,NA,0,6,0,NA,NA,NA,NA,NA,NA,NA
86IBQ28G,Rahmig et al. 2009,prescribed_fire,abundance,density (birds/ha) - 2005,Burned season-long grazed pasture,Unburned season-long grazed pasture,1,apples,0,NA,northern_bobwhite,NA,standard_deviation,0,6,0,NA,NA,NA,0.03,6,0.04,NA,NA,NA,NA,NA,NA,NA
86IBQ28G,Rahmig et al. 2009,prescribed_fire,abundance,density (birds/ha) - 2005,Burned season-long grazed pasture,Unburned season-long grazed pasture,1,apples,0,NA,upland_sandpiper,NA,standard_deviation,0.04,6,0.04,NA,NA,NA,0,6,0,NA,NA,NA,NA,NA,NA,NA
86IBQ28G,Rahmig et al. 2009,prescribed_fire,abundance,density (birds/ha) - 2005,Burned season-long grazed pasture,Unburned season-long grazed pasture,1,apples,0,NA,lark_sparrow,NA,standard_deviation,0.01,6,0.03,NA,NA,NA,0,6,0,NA,NA,NA,NA,NA,NA,NA
86IBQ28G,Rahmig et al. 2009,grazing_intensity,abundance,density (birds/ha) - 2004,Burned season-long grazed pasture,Burned intensive-early season grazed pasture (1.25 cattle/ha),-1,apples,0,NA,dickcissel,NA,standard_deviation,1,6,0.75,NA,NA,NA,1.07,6,0.69,NA,NA,NA,NA,NA,NA,NA
86IBQ28G,Rahmig et al. 2009,grazing_intensity,abundance,density (birds/ha) - 2004,Burned season-long grazed pasture,Burned intensive-early season grazed pasture (1.25 cattle/ha),-1,apples,0,NA,grasshopper_sparrow,NA,standard_deviation,0.63,6,0.37,NA,NA,NA,0.88,6,0.33,NA,NA,NA,NA,NA,NA,NA
86IBQ28G,Rahmig et al. 2009,grazing_intensity,abundance,density (birds/ha) - 2004,Burned season-long grazed pasture,Burned intensive-early season grazed pasture (1.25 cattle/ha),-1,apples,0,NA,eastern_meadowlark,NA,standard_deviation,0.25,6,0.08,NA,NA,NA,0.3,6,0.19,NA,NA,NA,NA,NA,NA,NA
86IBQ28G,Rahmig et al. 2009,grazing_intensity,abundance,density (birds/ha) - 2004,Burned season-long grazed pasture,Burned intensive-early season grazed pasture (1.25 cattle/ha),-1,apples,0,NA,brown_headed_cowbird,NA,standard_deviation,0.21,6,0.2,NA,NA,NA,0.2,6,0.33,NA,NA,NA,NA,NA,NA,NA
86IBQ28G,Rahmig et al. 2009,grazing_intensity,abundance,density (birds/ha) - 2004,Burned season-long grazed pasture,Burned intensive-early season grazed pasture (1.25 cattle/ha),-1,apples,0,NA,red_winged_blackbird,NA,standard_deviation,0.04,6,0.1,NA,NA,NA,0.03,6,0.04,NA,NA,NA,NA,NA,NA,NA
86IBQ28G,Rahmig et al. 2009,grazing_intensity,abundance,density (birds/ha) - 2004,Burned season-long grazed pasture,Burned intensive-early season grazed pasture (1.25 cattle/ha),-1,apples,0,NA,henslows_sparrow,NA,standard_deviation,0.01,6,0.03,NA,NA,NA,0,6,0,NA,NA,NA,NA,NA,NA,NA
86IBQ28G,Rahmig et al. 2009,grazing_intensity,abundance,density (birds/ha) - 2004,Burned season-long grazed pasture,Burned intensive-early season grazed pasture (1.25 cattle/ha),-1,apples,0,NA,common_nighthawk,NA,standard_deviation,0.01,6,0.03,NA,NA,NA,0.07,6,0.09,NA,NA,NA,NA,NA,NA,NA
86IBQ28G,Rahmig et al. 2009,grazing_intensity,abundance,density (birds/ha) - 2004,Burned season-long grazed pasture,Burned intensive-early season grazed pasture (1.25 cattle/ha),-1,apples,0,NA,mourning_dove,NA,standard_deviation,0,6,0,NA,NA,NA,0.01,6,0.03,NA,NA,NA,NA,NA,NA,NA
86IBQ28G,Rahmig et al. 2009,grazing_intensity,abundance,density (birds/ha) - 2004,Burned season-long grazed pasture,Burned intensive-early season grazed pasture (1.25 cattle/ha),-1,apples,0,NA,upland_sandpiper,NA,standard_deviation,0.01,6,0.03,NA,NA,NA,0.01,6,0.04,NA,NA,NA,NA,NA,NA,NA
86IBQ28G,Rahmig et al. 2009,grazing_intensity,abundance,density (birds/ha) - 2005,Burned season-long grazed pasture,Burned intensive-early season grazed pasture (1.25 cattle/ha),-1,apples,0,NA,dickcissel,NA,standard_deviation,1.57,6,0.86,NA,NA,NA,1.28,6,0.94,NA,NA,NA,NA,NA,NA,NA
86IBQ28G,Rahmig et al. 2009,grazing_intensity,abundance,density (birds/ha) - 2005,Burned season-long grazed pasture,Burned intensive-early season grazed pasture (1.25 cattle/ha),-1,apples,0,NA,grasshopper_sparrow,NA,standard_deviation,0.84,6,0.73,NA,NA,NA,1.36,6,0.55,NA,NA,NA,NA,NA,NA,NA
86IBQ28G,Rahmig et al. 2009,grazing_intensity,abundance,density (birds/ha) - 2005,Burned season-long grazed pasture,Burned intensive-early season grazed pasture (1.25 cattle/ha),-1,apples,0,NA,eastern_meadowlark,NA,standard_deviation,0.51,6,0.2,NA,NA,NA,0.83,6,0.44,NA,NA,NA,NA,NA,NA,NA
86IBQ28G,Rahmig et al. 2009,grazing_intensity,abundance,density (birds/ha) - 2005,Burned season-long grazed pasture,Burned intensive-early season grazed pasture (1.25 cattle/ha),-1,apples,0,NA,brown_headed_cowbird,NA,standard_deviation,0.29,6,0.36,NA,NA,NA,0.07,6,0.06,NA,NA,NA,NA,NA,NA,NA
86IBQ28G,Rahmig et al. 2009,grazing_intensity,abundance,density (birds/ha) - 2005,Burned season-long grazed pasture,Burned intensive-early season grazed pasture (1.25 cattle/ha),-1,apples,0,NA,red_winged_blackbird,NA,standard_deviation,0.12,6,0.19,NA,NA,NA,0.01,6,0.03,NA,NA,NA,NA,NA,NA,NA
86IBQ28G,Rahmig et al. 2009,grazing_intensity,abundance,density (birds/ha) - 2005,Burned season-long grazed pasture,Burned intensive-early season grazed pasture (1.25 cattle/ha),-1,apples,0,NA,henslows_sparrow,NA,standard_deviation,0,6,0,NA,NA,NA,0.01,6,0.03,NA,NA,NA,NA,NA,NA,NA
86IBQ28G,Rahmig et al. 2009,grazing_intensity,abundance,density (birds/ha) - 2005,Burned season-long grazed pasture,Burned intensive-early season grazed pasture (1.25 cattle/ha),-1,apples,0,NA,mourning_dove,NA,standard_deviation,0,6,0,NA,NA,NA,0,6,0,NA,NA,NA,NA,NA,NA,NA
86IBQ28G,Rahmig et al. 2009,grazing_intensity,abundance,density (birds/ha) - 2005,Burned season-long grazed pasture,Burned intensive-early season grazed pasture (1.25 cattle/ha),-1,apples,0,NA,northern_bobwhite,NA,standard_deviation,0,6,0,NA,NA,NA,0.05,6,0.1,NA,NA,NA,NA,NA,NA,NA
86IBQ28G,Rahmig et al. 2009,grazing_intensity,abundance,density (birds/ha) - 2005,Burned season-long grazed pasture,Burned intensive-early season grazed pasture (1.25 cattle/ha),-1,apples,0,NA,upland_sandpiper,NA,standard_deviation,0.04,6,0.04,NA,NA,NA,0.02,6,0.04,NA,NA,NA,NA,NA,NA,NA
86IBQ28G,Rahmig et al. 2009,grazing_intensity,abundance,density (birds/ha) - 2005,Burned season-long grazed pasture,Burned intensive-early season grazed pasture (1.25 cattle/ha),-1,apples,0,NA,lark_sparrow,NA,standard_deviation,0.01,6,0.03,NA,NA,NA,0,6,0,NA,NA,NA,NA,NA,NA,NA
A9QQKZTZ,Raynor et al. 2017,remove_non_native_species,occupancy,community occupancy probability,Treated shrub,Untreated shrub,1,apples,0,NA,all_species,NA,confidence_intervals,0.34,3,NA,NA,0.14,0.62,0.52,3,NA,NA,0.27,0.76,Occupancy estimate based on unmarked model,NA,NA,NA
A9QQKZTZ,Raynor et al. 2017,remove_non_native_species,occupancy,community occupancy probability,Treated mid-canopy,Untreated mid-canopy,1,apples,0,NA,all_species,NA,confidence_intervals,0.22,3,NA,NA,0.12,0.38,0.17,3,NA,NA,0.08,0.33,Occupancy estimate based on unmarked model,NA,NA,NA
A9QQKZTZ,Raynor et al. 2017,remove_non_native_species,occupancy,community occupancy probability,Treated High-canopy,Untreated high-canopy,1,apples,0,NA,all_species,NA,confidence_intervals,0.61,3,NA,NA,0.45,0.63,0.46,3,NA,NA,0.32,0.61,Occupancy estimate based on unmarked model,NA,NA,NA
A9QQKZTZ,Raynor et al. 2017,remove_non_native_species,abundance,abundance - 2006,Treated,Untreated,1,apples,0,NA,lark_sparrow,NA,standard_error,0.83,3,NA,0.6,NA,NA,0.16,3,NA,0.16,NA,NA,NA,NA,NA,NA
A9QQKZTZ,Raynor et al. 2017,remove_non_native_species,abundance,abundance - 2006,Treated,Untreated,1,apples,0,NA,western_meadowlark,NA,standard_error,0.66,3,NA,0.16,NA,NA,0.16,3,NA,0.16,NA,NA,NA,NA,NA,NA
A9QQKZTZ,Raynor et al. 2017,remove_non_native_species,abundance,abundance - 2006,Treated,Untreated,1,apples,0,NA,northern_flicker,NA,standard_error,0.16,3,NA,0.16,NA,NA,0.16,3,NA,0.16,NA,NA,NA,NA,NA,NA
A9QQKZTZ,Raynor et al. 2017,remove_non_native_species,abundance,abundance - 2006,Treated,Untreated,1,apples,0,NA,mourning_dove,NA,standard_error,2.67,3,NA,0.6,NA,NA,7.5,3,NA,1.04,NA,NA,NA,NA,NA,NA
A9QQKZTZ,Raynor et al. 2017,remove_non_native_species,abundance,abundance - 2007,Treated,Untreated,1,apples,0,NA,mourning_dove,NA,standard_error,3.5,3,NA,1.04,NA,NA,5.5,3,NA,0.58,NA,NA,NA,NA,NA,NA
A9QQKZTZ,Raynor et al. 2017,remove_non_native_species,abundance,abundance - 2006,Treated,Untreated,1,apples,0,NA,western_kingbird,NA,standard_error,2.16,3,NA,0.6,NA,NA,1.5,3,NA,0.29,NA,NA,NA,NA,NA,NA
A9QQKZTZ,Raynor et al. 2017,remove_non_native_species,abundance,abundance - 2007,Treated,Untreated,1,apples,0,NA,western_kingbird,NA,standard_error,3.16,3,NA,2.18,NA,NA,1.16,3,NA,0.33,NA,NA,NA,NA,NA,NA
A9QQKZTZ,Raynor et al. 2017,remove_non_native_species,abundance,abundance - 2006,Treated,Untreated,1,apples,0,NA,western_kingbird,NA,standard_error,1,3,NA,0.29,NA,NA,1,3,NA,0.5,NA,NA,NA,NA,NA,NA
A9QQKZTZ,Raynor et al. 2017,remove_non_native_species,abundance,abundance - 2007,Treated,Untreated,1,apples,0,NA,western_kingbird,NA,standard_error,0.83,3,NA,0.83,NA,NA,0.33,3,NA,0.16,NA,NA,NA,NA,NA,NA
A9QQKZTZ,Raynor et al. 2017,remove_non_native_species,abundance,abundance - 2006,Treated,Untreated,1,apples,0,NA,orchard_oriole,NA,standard_error,1,3,NA,0.76,NA,NA,2.33,3,NA,1.16,NA,NA,NA,NA,NA,NA
A9QQKZTZ,Raynor et al. 2017,remove_non_native_species,abundance,abundance - 2007,Treated,Untreated,1,apples,0,NA,orchard_oriole,NA,standard_error,1,3,NA,1,NA,NA,1.33,3,NA,0.33,NA,NA,NA,NA,NA,NA
A9QQKZTZ,Raynor et al. 2017,remove_non_native_species,abundance,abundance - 2006,Treated,Untreated,1,apples,0,NA,northern_mockingbird,NA,standard_error,0.83,3,NA,0.16,NA,NA,2.83,3,NA,1.01,NA,NA,NA,NA,NA,NA
A9QQKZTZ,Raynor et al. 2017,remove_non_native_species,abundance,abundance - 2007,Treated,Untreated,1,apples,0,NA,northern_mockingbird,NA,standard_error,0.33,3,NA,0.33,NA,NA,2.16,3,NA,0.93,NA,NA,NA,NA,NA,NA
A9QQKZTZ,Raynor et al. 2017,remove_non_native_species,abundance,abundance - 2006,Treated,Untreated,1,apples,0,NA,brown_thrasher,NA,standard_error,0.33,3,NA,0.33,NA,NA,0.67,3,NA,0.44,NA,NA,NA,NA,NA,NA
A9QQKZTZ,Raynor et al. 2017,remove_non_native_species,abundance,abundance - 2006,Treated,Untreated,1,apples,0,NA,yellow_warbler,NA,standard_error,0.33,3,NA,0.16,NA,NA,1.16,3,NA,1.16,NA,NA,NA,NA,NA,NA
A9QQKZTZ,Raynor et al. 2017,remove_non_native_species,abundance,abundance - 2006,Treated,Untreated,1,apples,0,NA,red_winged_blackbird,NA,standard_error,1.67,3,NA,0.73,NA,NA,0.5,3,NA,0.5,NA,NA,NA,NA,NA,NA
A9QQKZTZ,Raynor et al. 2017,remove_non_native_species,abundance,abundance - 2007,Treated,Untreated,1,apples,0,NA,red_winged_blackbird,NA,standard_error,1.33,3,NA,0.73,NA,NA,0.5,3,NA,0.5,NA,NA,NA,NA,NA,NA
A9QQKZTZ,Raynor et al. 2017,remove_non_native_species,abundance,abundance - 2006,Treated,Untreated,1,apples,0,NA,brown_headed_cowbird,NA,standard_error,1,3,NA,0.76,NA,NA,1,3,NA,0,NA,NA,NA,NA,NA,NA
A9QQKZTZ,Raynor et al. 2017,remove_non_native_species,abundance,abundance - 2007,Treated,Untreated,1,apples,0,NA,brown_headed_cowbird,NA,standard_error,0.33,3,NA,0.33,NA,NA,1.67,3,NA,0.44,NA,NA,NA,NA,NA,NA
A9QQKZTZ,Raynor et al. 2017,remove_non_native_species,abundance,abundance - 2008,Treated,Untreated,1,apples,0,NA,lark_sparrow,NA,standard_error,0.16,3,NA,0.16,NA,NA,0.16,3,NA,0.16,NA,NA,NA,NA,NA,NA
A9QQKZTZ,Raynor et al. 2017,remove_non_native_species,abundance,abundance - 2009,Treated,Untreated,1,apples,0,NA,lark_sparrow,NA,standard_error,0.5,3,NA,0.29,NA,NA,1.83,3,NA,1.16,NA,NA,NA,NA,NA,NA
A9QQKZTZ,Raynor et al. 2017,remove_non_native_species,abundance,abundance - 2008,Treated,Untreated,1,apples,0,NA,northern_flicker,NA,standard_error,0.16,3,NA,0.16,NA,NA,0.5,3,NA,0.5,NA,NA,NA,NA,NA,NA
A9QQKZTZ,Raynor et al. 2017,remove_non_native_species,abundance,abundance - 2008,Treated,Untreated,1,apples,0,NA,mourning_dove,NA,standard_error,3.83,3,NA,1.36,NA,NA,6.66,3,NA,0.16,NA,NA,NA,NA,NA,NA
A9QQKZTZ,Raynor et al. 2017,remove_non_native_species,abundance,abundance - 2009,Treated,Untreated,1,apples,0,NA,mourning_dove,NA,standard_error,4,3,NA,0.28,NA,NA,7.33,3,NA,1.36,NA,NA,NA,NA,NA,NA
A9QQKZTZ,Raynor et al. 2017,remove_non_native_species,abundance,abundance - 2008,Treated,Untreated,1,apples,0,NA,western_kingbird,NA,standard_error,2.66,3,NA,1.69,NA,NA,3.33,3,NA,0.6,NA,NA,NA,NA,NA,NA
A9QQKZTZ,Raynor et al. 2017,remove_non_native_species,abundance,abundance - 2009,Treated,Untreated,1,apples,0,NA,western_kingbird,NA,standard_error,2,3,NA,1.5,NA,NA,2.83,3,NA,1.36,NA,NA,NA,NA,NA,NA
A9QQKZTZ,Raynor et al. 2017,remove_non_native_species,abundance,abundance - 2009,Treated,Untreated,1,apples,0,NA,eastern_kingbird,NA,standard_error,0.66,3,NA,0.66,NA,NA,0.67,3,NA,0.44,NA,NA,NA,NA,NA,NA
A9QQKZTZ,Raynor et al. 2017,remove_non_native_species,abundance,abundance - 2008,Treated,Untreated,1,apples,0,NA,orchard_oriole,NA,standard_error,0.83,3,NA,0.44,NA,NA,1.67,3,NA,0.72,NA,NA,NA,NA,NA,NA
A9QQKZTZ,Raynor et al. 2017,remove_non_native_species,abundance,abundance - 2009,Treated,Untreated,1,apples,0,NA,orchard_oriole,NA,standard_error,0.5,3,NA,0.5,NA,NA,1,3,NA,0.76,NA,NA,NA,NA,NA,NA
A9QQKZTZ,Raynor et al. 2017,remove_non_native_species,abundance,abundance - 2008,Treated,Untreated,1,apples,0,NA,northern_mockingbird,NA,standard_error,1.66,3,NA,0.44,NA,NA,2.83,3,NA,0.6,NA,NA,NA,NA,NA,NA
A9QQKZTZ,Raynor et al. 2017,remove_non_native_species,abundance,abundance - 2009,Treated,Untreated,1,apples,0,NA,northern_mockingbird,NA,standard_error,2,3,NA,0.29,NA,NA,6,3,NA,0.87,NA,NA,NA,NA,NA,NA
A9QQKZTZ,Raynor et al. 2017,remove_non_native_species,abundance,abundance - 2008,Treated,Untreated,1,apples,0,NA,blue_grosbeak,NA,standard_error,0.5,3,NA,0.29,NA,NA,0.5,3,NA,0.5,NA,NA,NA,NA,NA,NA
A9QQKZTZ,Raynor et al. 2017,remove_non_native_species,abundance,abundance - 2009,Treated,Untreated,1,apples,0,NA,red_winged_blackbird,NA,standard_error,0.16,3,NA,0.16,NA,NA,0.16,3,NA,0.16,NA,NA,NA,NA,NA,NA
A9QQKZTZ,Raynor et al. 2017,remove_non_native_species,abundance,abundance - 2009,Treated,Untreated,1,apples,0,NA,brown_headed_cowbird,NA,standard_error,0.83,3,NA,0.6,NA,NA,0.66,3,NA,0.16,NA,NA,NA,NA,NA,NA
U2MLB3CF,Reif et al. 2016,remove_non_native_species,species_richness,species_richness,Native stands,R. pseudacacia stands,1,apples,0,NA,all_species,NA,standard_error,11.1,20,NA,3.1,NA,NA,11.8,19,NA,2.7,NA,NA,NA,NA,NA,NA
U2MLB3CF,Reif et al. 2016,remove_non_native_species,species_richness,species_richness,Native stands,R. pseudacacia stands,1,apples,0,NA,specialists,NA,standard_error,6.25,20,NA,0.507,NA,NA,4.53,19,NA,0.442,NA,NA,NA,NA,NA,NA
U2MLB3CF,Reif et al. 2016,remove_non_native_species,species_richness,species_richness,Native stands,R. pseudacacia stands,1,apples,0,NA,generalists,NA,standard_error,4.8,20,NA,0.329,NA,NA,7.263,19,NA,0.396,NA,NA,NA,NA,NA,NA
LIZQ6R64,Renfrew and Ribic 2001,rotational_grazing,species_richness,species_richness - 1996,Rotational grazing,Continuous grazing,1,apples,0,NA,all_species,NA,standard_error,4.3,4,NA,0.5,NA,NA,5.5,4,NA,2.13,NA,NA,NA,NA,NA,NA
LIZQ6R64,Renfrew and Ribic 2001,rotational_grazing,species_richness,species_richness - 1997,Rotational grazing,Continuous grazing,1,apples,0,NA,all_species,NA,standard_error,3,4,NA,0.9,NA,NA,5.3,4,NA,1.3,NA,NA,NA,NA,NA,NA
LIZQ6R64,Renfrew and Ribic 2001,rotational_grazing,species_richness,species_richness - 1998,Rotational grazing,Continuous grazing,1,apples,0,NA,all_species,NA,standard_error,1.8,4,NA,0.8,NA,NA,3.5,4,NA,1.2,NA,NA,NA,NA,NA,NA
LIZQ6R64,Renfrew and Ribic 2001,rotational_grazing,abundance,density - 1996,Rotational grazing,Continuous grazing,1,apples,0,NA,all_species,NA,standard_error,1.89,4,NA,0.57,NA,NA,2.35,4,NA,0.83,NA,NA,NA,NA,NA,NA
LIZQ6R64,Renfrew and Ribic 2001,rotational_grazing,abundance,density - 1997,Rotational grazing,Continuous grazing,1,apples,0,NA,all_species,NA,standard_error,2.78,4,NA,0.88,NA,NA,3.31,4,NA,1.18,NA,NA,NA,NA,NA,NA
LIZQ6R64,Renfrew and Ribic 2001,rotational_grazing,abundance,density - 1998,Rotational grazing,Continuous grazing,1,apples,0,NA,all_species,NA,standard_error,1.73,4,NA,1.03,NA,NA,1.72,4,NA,0.56,NA,NA,NA,NA,NA,NA
GP94VHUQ,Riffell et al. 2015,edge_and_shrub_habitat,abundance,log abundance of males,Near forest edges with adjacent herbaceous buffers,Near forest edges without adjacent herbaceous buffers,1,apples,1,NA,american_goldfinch,NA,standard_deviation_confidence_intervals,0.92,51,0.56,NA,-0.26,2,0.21,51,0.8,NA,-1.44,1.69,Need to consider whether this represents edge and shrub; Questionable sample size,NA,NA,NA
GP94VHUQ,Riffell et al. 2015,edge_and_shrub_habitat,abundance,log abundance of males,Near forest edges with adjacent herbaceous buffers,Near forest edges without adjacent herbaceous buffers,1,apples,1,NA,blue_grosbeak,NA,standard_deviation_confidence_intervals,1.1,51,0.41,NA,0.32,1.96,1.03,51,0.41,NA,0.26,1.91,Questionable sample size,NA,NA,NA
GP94VHUQ,Riffell et al. 2015,edge_and_shrub_habitat,abundance,log abundance of males,Near forest edges with adjacent herbaceous buffers,Near forest edges without adjacent herbaceous buffers,1,apples,1,NA,brown_thrasher,NA,standard_deviation_confidence_intervals,0.95,51,0.58,NA,-0.22,2.11,-0.25,51,0.77,NA,-1.91,1.17,Questionable sample size,NA,NA,NA
GP94VHUQ,Riffell et al. 2015,edge_and_shrub_habitat,abundance,log abundance of males,Near forest edges with adjacent herbaceous buffers,Near forest edges without adjacent herbaceous buffers,1,apples,1,NA,carolina_wren,NA,standard_deviation_confidence_intervals,1.24,51,0.3,NA,0.72,1.91,1.45,51,0.31,NA,0.93,2.13,Questionable sample size,NA,NA,NA
GP94VHUQ,Riffell et al. 2015,edge_and_shrub_habitat,abundance,log abundance of males,Near forest edges with adjacent herbaceous buffers,Near forest edges without adjacent herbaceous buffers,1,apples,1,NA,eastern_towhee,NA,standard_deviation_confidence_intervals,0.71,51,0.23,NA,0.28,1.2,0.72,51,0.23,NA,0.33,1.21,Questionable sample size,NA,NA,NA
GP94VHUQ,Riffell et al. 2015,edge_and_shrub_habitat,abundance,log abundance of males,Near forest edges with adjacent herbaceous buffers,Near forest edges without adjacent herbaceous buffers,1,apples,1,NA,field_sparrow,NA,standard_deviation_confidence_intervals,0.77,51,0.19,NA,0.41,1.15,-0.98,51,0.29,NA,-1.55,-0.42,Questionable sample size,NA,NA,NA
GP94VHUQ,Riffell et al. 2015,edge_and_shrub_habitat,abundance,log abundance of males,Near forest edges with adjacent herbaceous buffers,Near forest edges without adjacent herbaceous buffers,1,apples,1,NA,gray_catbird,NA,standard_deviation_confidence_intervals,0.42,51,0.71,NA,-1.22,1.59,0.73,51,0.76,NA,-0.8,2.18,Questionable sample size,NA,NA,NA
GP94VHUQ,Riffell et al. 2015,edge_and_shrub_habitat,abundance,log abundance of males,Near forest edges with adjacent herbaceous buffers,Near forest edges without adjacent herbaceous buffers,1,apples,1,NA,indigo_bunting,NA,standard_deviation_confidence_intervals,1.78,51,0.13,NA,1.55,2.04,1.66,51,0.12,NA,1.44,1.92,Questionable sample size,NA,NA,NA
GP94VHUQ,Riffell et al. 2015,edge_and_shrub_habitat,abundance,log abundance of males,Near forest edges with adjacent herbaceous buffers,Near forest edges without adjacent herbaceous buffers,1,apples,1,NA,northern_cardinal,NA,standard_deviation_confidence_intervals,1.54,51,0.16,NA,1.25,1.87,1.52,51,0.15,NA,1.23,1.84,Questionable sample size,NA,NA,NA
GP94VHUQ,Riffell et al. 2015,edge_and_shrub_habitat,abundance,log abundance of males,Near forest edges with adjacent herbaceous buffers,Near forest edges without adjacent herbaceous buffers,1,apples,1,NA,painted_bunting,NA,standard_deviation_confidence_intervals,0.88,51,0.66,NA,-0.56,2.13,0.04,51,1.06,NA,-2.25,1.99,Questionable sample size,NA,NA,NA
GP94VHUQ,Riffell et al. 2015,edge_and_shrub_habitat,abundance,log abundance of males,Near forest edges with adjacent herbaceous buffers,Near forest edges without adjacent herbaceous buffers,1,apples,1,NA,prairie_warbler,NA,standard_deviation_confidence_intervals,0.85,51,0.58,NA,-0.39,1.93,0.3,51,0.79,NA,-1.34,1.78,Questionable sample size,NA,NA,NA
GP94VHUQ,Riffell et al. 2015,edge_and_shrub_habitat,abundance,log abundance of males,Near forest edges with adjacent herbaceous buffers,Near forest edges without adjacent herbaceous buffers,1,apples,1,NA,white_eyed_vireo,NA,standard_deviation_confidence_intervals,0.34,51,0.4,NA,-0.42,1.17,0.42,51,0.42,NA,-0.34,1.35,Questionable sample size,NA,NA,NA
GP94VHUQ,Riffell et al. 2015,edge_and_shrub_habitat,abundance,log abundance of males,Near forest edges with adjacent herbaceous buffers,Near forest edges without adjacent herbaceous buffers,1,apples,1,NA,yellow_breasted_chat,NA,standard_deviation_confidence_intervals,1.22,51,0.17,NA,0.9,1.58,0.77,51,0.18,NA,0.43,1.15,Questionable sample size,NA,NA,NA
GP94VHUQ,Riffell et al. 2015,edge_and_shrub_habitat,abundance,log abundance of males,Near forest edges with adjacent herbaceous buffers,Near forest edges without adjacent herbaceous buffers,1,apples,1,NA,eastern_phoebe,NA,standard_deviation_confidence_intervals,0.02,51,0.71,NA,-1.52,1.29,0.13,51,0.66,NA,-1.27,1.33,Questionable sample size,NA,NA,NA
GP94VHUQ,Riffell et al. 2015,edge_and_shrub_habitat,abundance,log abundance of males,Near forest edges with adjacent herbaceous buffers,Near forest edges without adjacent herbaceous buffers,1,apples,1,NA,hooded_warbler,NA,standard_deviation_confidence_intervals,-0.28,51,0.87,NA,-2.28,1.11,0.25,51,0.68,NA,-1.25,1.5,Questionable sample size,NA,NA,NA
GP94VHUQ,Riffell et al. 2015,edge_and_shrub_habitat,abundance,log abundance of males,Near forest edges with adjacent herbaceous buffers,Near forest edges without adjacent herbaceous buffers,1,apples,1,NA,northern_flicker,NA,standard_deviation_confidence_intervals,0.24,51,0.7,NA,-1.31,1.53,-0.24,51,0.8,NA,-2.07,1.07,Questionable sample size,NA,NA,NA
GP94VHUQ,Riffell et al. 2015,edge_and_shrub_habitat,abundance,log abundance of males,Near forest edges with adjacent herbaceous buffers,Near forest edges without adjacent herbaceous buffers,1,apples,1,NA,orchard_oriole,NA,standard_deviation_confidence_intervals,0.7,51,0.51,NA,-0.28,1.75,0.17,51,0.52,NA,-0.89,1.18,Questionable sample size,NA,NA,NA
GP94VHUQ,Riffell et al. 2015,edge_and_shrub_habitat,abundance,log abundance of males,Near forest edges with adjacent herbaceous buffers,Near forest edges without adjacent herbaceous buffers,1,apples,1,NA,red_headed_woodpecker,NA,standard_deviation_confidence_intervals,-0.26,51,0.72,NA,-1.83,0.97,0.28,51,0.6,NA,-0.95,1.44,Questionable sample size,NA,NA,NA
GP94VHUQ,Riffell et al. 2015,edge_and_shrub_habitat,abundance,log abundance of males,Near forest edges with adjacent herbaceous buffers,Near forest edges without adjacent herbaceous buffers,1,apples,1,NA,ruby_throated_hummingbird,NA,standard_deviation_confidence_intervals,-0.04,51,0.71,NA,-1.65,1.21,0.18,51,0.67,NA,-1.28,1.4,Questionable sample size,NA,NA,NA
GP94VHUQ,Riffell et al. 2015,edge_and_shrub_habitat,abundance,log abundance of males,Near forest edges with adjacent herbaceous buffers,Near forest edges without adjacent herbaceous buffers,1,apples,1,NA,wild_turkey,NA,standard_deviation_confidence_intervals,0.64,51,0.61,NA,-0.54,1.91,-0.08,51,0.69,NA,-1.62,1.12,Questionable sample size,NA,NA,NA
GP94VHUQ,Riffell et al. 2015,edge_and_shrub_habitat,abundance,log abundance of males,Near forest edges with adjacent herbaceous buffers,Near forest edges without adjacent herbaceous buffers,1,apples,1,NA,yellow_billed_cuckoo,NA,standard_deviation_confidence_intervals,0.71,51,0.27,NA,0.22,1.29,0.64,51,0.27,NA,0.16,1.21,Questionable sample size,NA,NA,NA
GP94VHUQ,Riffell et al. 2015,edge_and_shrub_habitat,abundance,log abundance of males,Near forest edges with adjacent herbaceous buffers,Near forest edges without adjacent herbaceous buffers,1,apples,1,NA,yellow_throated_vireo,NA,standard_deviation_confidence_intervals,0.04,51,0.73,NA,-1.55,1.33,-0.17,51,0.8,NA,-1.97,1.17,Questionable sample size,NA,NA,NA
GP94VHUQ,Riffell et al. 2015,edge_and_shrub_habitat,abundance,log abundance of males,Near forest edges with adjacent herbaceous buffers,Near forest edges without adjacent herbaceous buffers,1,apples,1,NA,great_crested_flycatcher,NA,standard_deviation_confidence_intervals,0.17,51,0.53,NA,-1.04,1.09,-0.49,51,0.59,NA,-1.81,0.48,Questionable sample size,NA,NA,NA
GP94VHUQ,Riffell et al. 2015,edge_and_shrub_habitat,abundance,log abundance of males,Near forest edges with adjacent herbaceous buffers,Near forest edges without adjacent herbaceous buffers,1,apples,1,NA,summer_tanager,NA,standard_deviation_confidence_intervals,0.24,51,0.41,NA,-0.65,1,-0.12,51,0.42,NA,-1.01,0.66,Questionable sample size,NA,NA,NA
Y95E74XD,Roberts et al. 2012,prescribed_fire,species_richness,shannon diversity index,Burned short-grass fields (1-year post-fire),Unburned short-grass fields,1,apples,0,NA,all_species,NA,standard_error,1.165,5,NA,0.119,NA,NA,1.336,5,NA,0.092,NA,NA,NA,NA,NA,NA
Y95E74XD,Roberts et al. 2012,prescribed_fire,species_richness,shannon diversity index,Burned short-grass fields (2-years post-fire),Unburned short-grass fields,1,apples,0,NA,all_species,NA,standard_error,1.669,5,NA,0.071,NA,NA,1.582,5,NA,0.07,NA,NA,NA,NA,NA,NA
Y95E74XD,Roberts et al. 2012,prescribed_fire,species_richness,shannon diversity index,Burned mixed-grass fields (1-year post-fire),Unburned short-grass fields,1,apples,0,NA,all_species,NA,standard_error,1.47,5,NA,0.075,NA,NA,1.442,5,NA,0.067,NA,NA,NA,NA,NA,NA
Y95E74XD,Roberts et al. 2012,prescribed_fire,species_richness,shannon diversity index,Burned mixed-grass fields (2-years post-fire),Unburned short-grass fields,1,apples,0,NA,all_species,NA,standard_error,1.605,5,NA,0.078,NA,NA,1.804,5,NA,0.061,NA,NA,NA,NA,NA,NA
LUTCPDZB,Rodewald et al. 2015,remove_non_native_species,abundance,relative abundance,Urban removal,Urban control,1,apples,0,NA,american_robin,NA,standard_error,3,4,NA,0.26,NA,NA,2.1,8,NA,0.139,NA,NA,NA,NA,NA,NA
LUTCPDZB,Rodewald et al. 2015,remove_non_native_species,abundance,relative abundance,Urban removal,Urban control,1,apples,0,NA,brown_headed_cowbird,NA,standard_error,1.06,4,NA,0.097,NA,NA,0.86,8,NA,0.06,NA,NA,NA,NA,NA,NA
LUTCPDZB,Rodewald et al. 2015,remove_non_native_species,abundance,relative abundance,Urban removal,Urban control,1,apples,0,NA,gray_catbird,NA,standard_error,1.72,4,NA,0.228,NA,NA,1.68,8,NA,0.183,NA,NA,NA,NA,NA,NA
LUTCPDZB,Rodewald et al. 2015,remove_non_native_species,abundance,relative abundance,Urban removal,Urban control,1,apples,0,NA,indigo_bunting,NA,standard_error,1.31,4,NA,0.198,NA,NA,1.03,8,NA,0.11,NA,NA,NA,NA,NA,NA
LUTCPDZB,Rodewald et al. 2015,remove_non_native_species,abundance,relative abundance,Urban removal,Urban control,1,apples,0,NA,northern_cardinal,NA,standard_error,4.47,4,NA,0.357,NA,NA,4.32,8,NA,0.314,NA,NA,NA,NA,NA,NA
FQ4DXWJU,Saalfeld et al. 2016,provide_overwintering_habitat,species_richness,species_richness,Grazed and burned (<1 growing season post-fire),Non-grazed and non-burned (>= 2 growing seasons post-fire),-1,apples,0,NA,grassland_obligates,NA,standard_deviation,4.7,7,2.2,NA,NA,NA,2,7,1.4,NA,NA,NA,We might want to consider this only associated with provide_overwintering_habitat since grazing and burning cannot be separated,NA,NA,NA
FQ4DXWJU,Saalfeld et al. 2016,provide_overwintering_habitat,species_richness,species_richness,Grazed and burned (1 growing season post-fire),Non-grazed and non-burned (>= 2 growing seasons post-fire),-1,apples,0,NA,grassland_obligates,NA,standard_deviation,1.3,7,1.3,NA,NA,NA,2,7,1.4,NA,NA,NA,NA,NA,NA,NA
FQ4DXWJU,Saalfeld et al. 2016,provide_overwintering_habitat,species_richness,species_richness,Grazed and burned (2 growing season post-fire),Non-grazed and non-burned (>= 2 growing seasons post-fire),-1,apples,0,NA,grassland_obligates,NA,standard_deviation,1.6,7,2.2,NA,NA,NA,2,7,1.4,NA,NA,NA,NA,NA,NA,NA
FQ4DXWJU,Saalfeld et al. 2016,provide_overwintering_habitat,species_richness,facultative species_richness,Grazed and burned (<1 growing season post-fire),Non-grazed and non-burned (>= 2 growing seasons post-fire),-1,apples,0,NA,grassland_facultative_species,NA,standard_deviation,16.8,7,6.2,NA,NA,NA,32,7,13.8,NA,NA,NA,NA,NA,NA,NA
FQ4DXWJU,Saalfeld et al. 2016,provide_overwintering_habitat,species_richness,facultative species_richness,Grazed and burned (1 growing season post-fire),Non-grazed and non-burned (>= 2 growing seasons post-fire),-1,apples,0,NA,grassland_facultative_species,NA,standard_deviation,26.1,7,12.1,NA,NA,NA,32,7,13.8,NA,NA,NA,NA,NA,NA,NA
FQ4DXWJU,Saalfeld et al. 2016,provide_overwintering_habitat,species_richness,facultative species_richness,Grazed and burned (2 growing season post-fire),Non-grazed and non-burned (>= 2 growing seasons post-fire),-1,apples,0,NA,grassland_facultative_species,NA,standard_deviation,30.8,7,12.3,NA,NA,NA,32,7,13.8,NA,NA,NA,NA,NA,NA,NA
FQ4DXWJU,Saalfeld et al. 2016,provide_overwintering_habitat,species_richness,total species_richness,Grazed and burned (<1 growing season post-fire),Non-grazed and non-burned (>= 2 growing seasons post-fire),-1,apples,0,NA,all_species,NA,standard_deviation,23.2,7,8,NA,NA,NA,37.8,7,17.4,NA,NA,NA,NA,NA,NA,NA
FQ4DXWJU,Saalfeld et al. 2016,provide_overwintering_habitat,species_richness,total species_richness,Grazed and burned (1 growing season post-fire),Non-grazed and non-burned (>= 2 growing seasons post-fire),-1,apples,0,NA,all_species,NA,standard_deviation,28.6,7,12.3,NA,NA,NA,37.8,7,17.4,NA,NA,NA,NA,NA,NA,NA
FQ4DXWJU,Saalfeld et al. 2016,provide_overwintering_habitat,species_richness,total species_richness,Grazed and burned (2 growing season post-fire),Non-grazed and non-burned (>= 2 growing seasons post-fire),-1,apples,0,NA,all_species,NA,standard_deviation,33.3,7,12.8,NA,NA,NA,37.8,7,17.4,NA,NA,NA,NA,NA,NA,NA
FQ4DXWJU,Saalfeld et al. 2016,provide_overwintering_habitat,species_richness,obligate species_richness,Native prairie,Sites containing primarily exotic invasive species,1,apples,0,NA,grassland_obligates,NA,standard_deviation,3.4,4,2.8,NA,NA,NA,3.9,6,6.3,NA,NA,NA,NA,NA,NA,NA
FQ4DXWJU,Saalfeld et al. 2016,plant_nwsg,species_richness,obligate species_richness,Native prairie,Sites containing primarily exotic invasive species,1,apples,0,NA,grassland_obligates,NA,standard_deviation,3.4,4,2.8,NA,NA,NA,3.9,6,6.3,NA,NA,NA,NA,NA,NA,NA
FQ4DXWJU,Saalfeld et al. 2016,provide_overwintering_habitat,species_richness,facultative species_richness,Native prairie,Sites containing primarily exotic invasive species,1,apples,0,NA,grassland_facultative_species,NA,standard_deviation,26.5,4,6.2,NA,NA,NA,19.8,6,8,NA,NA,NA,NA,NA,NA,NA
FQ4DXWJU,Saalfeld et al. 2016,plant_nwsg,species_richness,facultative species_richness,Native prairie,Sites containing primarily exotic invasive species,1,apples,0,NA,grassland_facultative_species,NA,standard_deviation,26.5,4,6.2,NA,NA,NA,19.8,6,8,NA,NA,NA,NA,NA,NA,NA
FQ4DXWJU,Saalfeld et al. 2016,provide_overwintering_habitat,species_richness,total species_richness,Native prairie,Sites containing primarily exotic invasive species,1,apples,0,NA,all_species,NA,standard_deviation,31.9,4,3.8,NA,NA,NA,28.3,6,8.1,NA,NA,NA,NA,NA,NA,NA
FQ4DXWJU,Saalfeld et al. 2016,plant_nwsg,species_richness,total species_richness,Native prairie,Sites containing primarily exotic invasive species,1,apples,0,NA,all_species,NA,standard_deviation,31.9,4,3.8,NA,NA,NA,28.3,6,8.1,NA,NA,NA,NA,NA,NA,NA
VGVWR7ZM,Sandercock et al. 2015,prescribed_fire,nest_success,nest survival,Burned annually and grazed,Unburned and grazed,1,apples,0,NA,upland_sandpiper,logit,standard_error,0.068,35,NA,0.035,NA,NA,0.247,61,NA,0.057,NA,NA,NA,NA,NA,period_survival
VGVWR7ZM,Sandercock et al. 2015,prescribed_fire,nest_success,nest survival,Burned annually and ungrazed,Unburned and ungrazed,1,apples,0,NA,upland_sandpiper,logit,standard_error,0.21,40,NA,0.065,NA,NA,0.201,71,NA,0.049,NA,NA,NA,NA,NA,period_survival
VGVWR7ZM,Sandercock et al. 2015,prescribed_fire,nest_success,dsr,Burned (Year of burn),Unburned,1,apples,0,NA,upland_sandpiper,logit,standard_error,0.9326,75,NA,0.0075,NA,NA,0.9495,132,NA,0.0056,NA,NA,Might want to choose *either* dsr or nest survival,NA,NA,daily_survival
VGVWR7ZM,Sandercock et al. 2015,prescribed_fire,nest_success,nest survival,Burned (Year of burn),Unburned,1,apples,0,NA,upland_sandpiper,logit,standard_error,0.132,75,NA,0.031,NA,NA,0.223,132,NA,0.038,NA,NA,Might want to choose *either* dsr or nest survival; Extrapolated DSR to a 29 day exposure period,NA,NA,period_survival
SUGK7SWB,Sasvari and Hegyi 1998,install_nest_boxes,nest_success,number of fledglings per successful nest,tit nest boxes with Tawny owl nest boxes (1993),Tit nest boxes without owl nest boxes (1993),1,oranges,1,productivity,great_tit,NA,standard_error,7.55,41,NA,0.72,NA,NA,8.42,39,NA,0.65,NA,NA,Specific application of nest boxes here that may not be appropriate for the bmp,NA,NA,period_survival
SUGK7SWB,Sasvari and Hegyi 1998,install_nest_boxes,nest_success,number of fledglings per successful nest,tit nest boxes with Tawny owl nest boxes (1994),Tit nest boxes without owl nest boxes (1994),1,oranges,1,productivity,great_tit,NA,standard_error,7.88,43,NA,0.64,NA,NA,8.47,43,NA,0.71,NA,NA,NA,NA,NA,period_survival
SUGK7SWB,Sasvari and Hegyi 1998,install_nest_boxes,nest_success,number of fledglings per successful nest,tit nest boxes with Tawny owl nest boxes (1995),Tit nest boxes without owl nest boxes (1995),1,oranges,1,productivity,great_tit,NA,standard_error,8.15,44,NA,0.44,NA,NA,8.57,43,NA,0.9,NA,NA,NA,NA,NA,period_survival
SUGK7SWB,Sasvari and Hegyi 1998,install_nest_boxes,nest_success,number of fledglings per successful nest,tit nest boxes with Tawny owl nest boxes (1996),Tit nest boxes without owl nest boxes (1996),1,oranges,1,productivity,great_tit,NA,standard_error,7.76,45,NA,0.68,NA,NA,9.04,38,NA,0.82,NA,NA,NA,NA,NA,period_survival
SUGK7SWB,Sasvari and Hegyi 1998,install_nest_boxes,nest_success,number of fledglings per successful nest,tit nest boxes with Tawny owl nest boxes (1997),Tit nest boxes without owl nest boxes (1997),1,oranges,1,productivity,great_tit,NA,standard_error,8.46,40,NA,0.4,NA,NA,8.83,34,NA,0.54,NA,NA,NA,NA,NA,period_survival
SUGK7SWB,Sasvari and Hegyi 1998,install_nest_boxes,nest_success,number of fledglings per successful nest,tit nest boxes with Tawny owl nest boxes (1993),Tit nest boxes without owl nest boxes (1993),1,oranges,1,productivity,eurasian_blue_tit,NA,standard_error,8.07,22,NA,0.8,NA,NA,9.32,21,NA,0.83,NA,NA,NA,NA,NA,period_survival
SUGK7SWB,Sasvari and Hegyi 1998,install_nest_boxes,nest_success,number of fledglings per successful nest,tit nest boxes with Tawny owl nest boxes (1994),Tit nest boxes without owl nest boxes (1994),1,oranges,1,productivity,eurasian_blue_tit,NA,standard_error,9.33,19,NA,0.74,NA,NA,9.27,20,NA,0.53,NA,NA,NA,NA,NA,period_survival
SUGK7SWB,Sasvari and Hegyi 1998,install_nest_boxes,nest_success,number of fledglings per successful nest,tit nest boxes with Tawny owl nest boxes (1995),Tit nest boxes without owl nest boxes (1995),1,oranges,1,productivity,eurasian_blue_tit,NA,standard_error,8.68,25,NA,0.6,NA,NA,9.17,21,NA,0.8,NA,NA,NA,NA,NA,period_survival
SUGK7SWB,Sasvari and Hegyi 1998,install_nest_boxes,nest_success,number of fledglings per successful nest,tit nest boxes with Tawny owl nest boxes (1996),Tit nest boxes without owl nest boxes (1996),1,oranges,1,productivity,eurasian_blue_tit,NA,standard_error,7.73,22,NA,0.7,NA,NA,9.08,19,NA,0.75,NA,NA,NA,NA,NA,period_survival
SUGK7SWB,Sasvari and Hegyi 1998,install_nest_boxes,nest_success,number of fledglings per successful nest,tit nest boxes with Tawny owl nest boxes (1997),Tit nest boxes without owl nest boxes (1997),1,oranges,1,productivity,eurasian_blue_tit,NA,standard_error,8.91,20,NA,0.95,NA,NA,9.64,16,NA,0.86,NA,NA,NA,NA,NA,period_survival
PNLEJZJE,Scheiman et al. 2003,remove_non_native_species,abundance,density (birds/100 ha),Low-spurge points,High-spurge points,1,oranges,0,NA,grasshopper_sparrow,NA,standard_deviation,45.7,2,27.4,NA,NA,NA,28.4,2,26.2,NA,NA,NA,NA,NA,NA,NA
PNLEJZJE,Scheiman et al. 2003,remove_non_native_species,abundance,density (birds/100 ha),Low-spurge points,High-spurge points,1,oranges,0,NA,savannah_sparrow,NA,standard_deviation,26.7,2,17.9,NA,NA,NA,12.1,2,17.1,NA,NA,NA,NA,NA,NA,NA
D7FXG82E,Schmidt et al. 2013,plant_nwsg,abundance,number of birds per count,NWSG grassland plot,airfield (not NWSG) grassland plots,1,apples,0,NA,all_species,NA,standard_error,3.04,432,NA,0.3,NA,NA,2,391,NA,0.17,NA,NA,Treatment is defined here as the NWSG plot,NA,NA,NA
D7FXG82E,Schmidt et al. 2013,plant_nwsg,abundance,number of birds per count,NWSG grassland plot,airfield (not NWSG) grassland plots,1,apples,0,NA,american_goldfinch,NA,standard_error,0.84,432,NA,0.24,NA,NA,0.05,391,NA,0.02,NA,NA,Treatment is defined here as the NWSG plot,NA,NA,NA
D7FXG82E,Schmidt et al. 2013,plant_nwsg,abundance,number of birds per count,NWSG grassland plot,airfield (not NWSG) grassland plots,1,apples,0,NA,field_sparrow,NA,standard_error,0.29,432,NA,0.04,NA,NA,0,391,NA,0,NA,NA,Treatment is defined here as the NWSG plot,NA,NA,NA
D7FXG82E,Schmidt et al. 2013,plant_nwsg,abundance,number of birds per count,NWSG grassland plot,airfield (not NWSG) grassland plots,1,apples,0,NA,song_sparrow,NA,standard_error,0.26,432,NA,0.03,NA,NA,0.01,391,NA,0.01,NA,NA,Treatment is defined here as the NWSG plot,NA,NA,NA
D7FXG82E,Schmidt et al. 2013,plant_nwsg,abundance,number of birds per count,NWSG grassland plot,airfield (not NWSG) grassland plots,1,apples,0,NA,savannah_sparrow,NA,standard_error,0,432,NA,0,NA,NA,0.37,391,NA,0.06,NA,NA,Treatment is defined here as the NWSG plot,NA,NA,NA
D7FXG82E,Schmidt et al. 2013,plant_nwsg,abundance,number of birds per count,NWSG grassland plot,airfield (not NWSG) grassland plots,1,apples,0,NA,grasshopper_sparrow,NA,standard_error,0,432,NA,0,NA,NA,0.14,391,NA,0.03,NA,NA,Treatment is defined here as the NWSG plot,NA,NA,NA
D7FXG82E,Schmidt et al. 2013,plant_nwsg,abundance,number of birds per count,NWSG grassland plot,airfield (not NWSG) grassland plots,1,apples,0,NA,red_winged_blackbird,NA,standard_error,0.43,432,NA,0.07,NA,NA,0.2,391,NA,0.04,NA,NA,Treatment is defined here as the NWSG plot,NA,NA,NA
D7FXG82E,Schmidt et al. 2013,plant_nwsg,abundance,number of birds per count,NWSG grassland plot,airfield (not NWSG) grassland plots,1,apples,0,NA,eastern_meadowlark,NA,standard_error,0.03,432,NA,0.01,NA,NA,0.17,391,NA,0.03,NA,NA,Treatment is defined here as the NWSG plot,NA,NA,NA
D7FXG82E,Schmidt et al. 2013,plant_nwsg,abundance,number of birds per count,NWSG grassland plot,airfield (not NWSG) grassland plots,1,apples,0,NA,bobolink,NA,standard_error,0.07,432,NA,0.02,NA,NA,0.02,391,NA,0.01,NA,NA,Treatment is defined here as the NWSG plot,NA,NA,NA
D7FXG82E,Schmidt et al. 2013,plant_nwsg,abundance,number of birds per count,NWSG grassland plot,airfield (not NWSG) grassland plots,1,apples,0,NA,common_yellowthroat,NA,standard_error,0.31,432,NA,0.04,NA,NA,0.02,391,NA,0.01,NA,NA,Treatment is defined here as the NWSG plot,NA,NA,NA
D7FXG82E,Schmidt et al. 2013,plant_nwsg,abundance,number of birds per count,NWSG grassland plot,airfield (not NWSG) grassland plots,1,apples,0,NA,horned_lark,NA,standard_error,0,432,NA,0,NA,NA,0.28,391,NA,0.08,NA,NA,Treatment is defined here as the NWSG plot,NA,NA,NA
9I8F9LQV,Shochat et al. 2005,prescribed_fire,nest_success,nest_success,Burned roadsides,Unburned roadsides,1,apples,0,NA,all_species,NA,standard_error,-0.001,33,NA,4e-4,NA,NA,-0.0016,82,NA,4e-4,NA,NA,"Estimate represents a beta coefficient; Unsure of link function, details provided in text are ""failure time analysis (or survival analysis) with Cox proportional hazard regression models to calculate cumulateive survival probabilities ... compared nest survival curves using a log-rank test""",NA,NA,period_survival
JUHBU5DS,Sinnot et al. 2022,prescribed_fire,survival,juvenile survival,Native grass burned,Native grass idle,1,apples,0,NA,northern_bobwhite,NA,confidence_intervals,0.227,212,NA,NA,-0.144,0.596,-0.064,212,NA,NA,-0.293,0.175,NA,NA,NA,NA
JUHBU5DS,Sinnot et al. 2022,prescribed_fire,survival,juvenile survival,Mixed grass burned,Mixed grass idle,1,apples,0,NA,northern_bobwhite,NA,confidence_intervals,-0.279,212,NA,NA,-0.57,0.011,0.126,212,NA,NA,-0.268,0.592,NA,NA,NA,NA
JUHBU5DS,Sinnot et al. 2022,plant_nwsg,survival,juvenile survival,Native grass burned,Mixed grass burned,1,apples,0,NA,northern_bobwhite,NA,confidence_intervals,0.227,212,NA,NA,-0.144,0.596,-0.279,212,NA,NA,-0.57,0.011,NA,NA,NA,NA
JUHBU5DS,Sinnot et al. 2022,plant_nwsg,survival,juvenile survival,Native grass idle,Mixed grass idle,1,apples,0,NA,northern_bobwhite,NA,confidence_intervals,-0.064,212,NA,NA,-0.293,0.175,0.126,212,NA,NA,-0.268,0.592,NA,NA,NA,NA
JUHBU5DS,Sinnot et al. 2022,plant_nwsg,survival,juvenile survival,Native grass grazed,Mixed grass grazed,1,apples,0,NA,northern_bobwhite,NA,confidence_intervals,0.126,212,NA,NA,-0.095,0.353,0.214,212,NA,NA,0.021,0.41,NA,NA,NA,NA
JUHBU5DS,Sinnot et al. 2022,plant_nwsg,survival,juvenile survival,Native grass burned and grazed,Mixed grass burned and grazed,1,apples,0,NA,northern_bobwhite,NA,confidence_intervals,0.707,212,NA,NA,0.295,1.145,0.019,212,NA,NA,-0.0186,0.244,NA,NA,NA,NA
TIFDVC4W,Smith et al. 2005,edge_and_shrub_habitat,abundance,winter density (birds/ha),Bordered grass block,Non-bordered grass block,1,apples,0,NA,song_sparrow,NA,standard_error,30.86,10,NA,4.19,NA,NA,8.29,7,NA,2.58,NA,NA,NA,NA,NA,NA
TIFDVC4W,Smith et al. 2005,provide_overwintering_habitat,abundance,winter density (birds/ha),Bordered grass block,Non-bordered grass block,1,apples,0,NA,song_sparrow,NA,standard_error,30.86,10,NA,4.19,NA,NA,8.29,7,NA,2.58,NA,NA,NA,NA,NA,NA
TIFDVC4W,Smith et al. 2005,edge_and_shrub_habitat,abundance,winter density (birds/ha),Bordered grass block,Non-bordered grass block,1,apples,0,NA,savannah_sparrow,NA,standard_error,14.95,10,NA,6.14,NA,NA,4.74,7,NA,1.45,NA,NA,NA,NA,NA,NA
TIFDVC4W,Smith et al. 2005,provide_overwintering_habitat,abundance,winter density (birds/ha),Bordered grass block,Non-bordered grass block,1,apples,0,NA,savannah_sparrow,NA,standard_error,14.95,10,NA,6.14,NA,NA,4.74,7,NA,1.45,NA,NA,NA,NA,NA,NA
TIFDVC4W,Smith et al. 2005,edge_and_shrub_habitat,abundance,winter density (birds/ha),Bordered wood block,Non-bordered wood block,1,apples,0,NA,song_sparrow,NA,standard_error,25.34,10,NA,3.68,NA,NA,28.2,10,NA,6.38,NA,NA,NA,NA,NA,NA
TIFDVC4W,Smith et al. 2005,provide_overwintering_habitat,abundance,winter density (birds/ha),Bordered wood block,Non-bordered wood block,1,apples,0,NA,song_sparrow,NA,standard_error,25.34,10,NA,3.68,NA,NA,28.2,10,NA,6.38,NA,NA,NA,NA,NA,NA
TIFDVC4W,Smith et al. 2005,edge_and_shrub_habitat,abundance,winter density (birds/ha),Bordered wood block,Non-bordered wood block,1,apples,0,NA,savannah_sparrow,NA,standard_error,5.4,10,NA,2.44,NA,NA,2.35,10,NA,1.23,NA,NA,NA,NA,NA,NA
TIFDVC4W,Smith et al. 2005,provide_overwintering_habitat,abundance,winter density (birds/ha),Bordered wood block,Non-bordered wood block,1,apples,0,NA,savannah_sparrow,NA,standard_error,5.4,10,NA,2.44,NA,NA,2.35,10,NA,1.23,NA,NA,NA,NA,NA,NA
XRV7BSRZ,Sutter and Brigham 1998,plant_nwsg,species_richness,species_richness,Native vegetation fields,Introduced vegetation fields,1,apples,0,NA,all_species,NA,standard_error,1.9,5,NA,0.7,NA,NA,2,5,NA,0.3,NA,NA,NA,NA,NA,NA
XRV7BSRZ,Sutter and Brigham 1998,plant_nwsg,species_richness,species diversity,Native vegetation fields,Introduced vegetation fields,1,apples,0,NA,all_species,NA,standard_error,1.8,5,NA,0.6,NA,NA,1.8,5,NA,0.3,NA,NA,NA,NA,NA,NA
XRV7BSRZ,Sutter and Brigham 1998,plant_nwsg,species_richness,species evenness,Native vegetation fields,Introduced vegetation fields,1,apples,1,NA,all_species,NA,standard_error,0.95,5,NA,0.004,NA,NA,0.93,5,NA,0.01,NA,NA,Evenness not comparable to species richness,NA,NA,NA
XRV7BSRZ,Sutter and Brigham 1998,plant_nwsg,abundance,abundance,Native vegetation fields,Introduced vegetation fields,1,apples,0,NA,savannah_sparrow,NA,standard_error,1.3,5,NA,0.5,NA,NA,0.5,5,NA,0.2,NA,NA,NA,NA,NA,NA
XRV7BSRZ,Sutter and Brigham 1998,plant_nwsg,abundance,abundance,Native vegetation fields,Introduced vegetation fields,1,apples,0,NA,western_meadowlark,NA,standard_error,2.8,5,NA,0.1,NA,NA,2.8,5,NA,0.2,NA,NA,NA,NA,NA,NA
5H9BFCB2,Swengel 1996,prescribed_fire,abundance,abundance,Fire management,Hay management,1,apples,0,NA,grasshopper_sparrow,NA,standard_deviation,2.5,41,6.3,NA,NA,NA,4,171,4.8,NA,NA,NA,Could be a reasonable treatment vs. control; Unknown time-since fire (could be anywhere from 1.5 to 4 years),NA,NA,NA
5H9BFCB2,Swengel 1996,prescribed_fire,abundance,abundance,Fire management,Hay management,1,apples,0,NA,dickcissel,NA,standard_deviation,7.4,41,7.2,NA,NA,NA,8.5,171,6.5,NA,NA,NA,Unknown time-since fire (could be anywhere from 1.5 to 4 years),NA,NA,NA
GGQGCAKN,Twedt and Henne-kerr 2001,install_nest_boxes,species_richness,species_richness,Sites with nest boxes,Sites without nest boxes,1,apples,0,NA,all_species,NA,standard_error,20.2,16,NA,1,NA,NA,18,22,NA,0.9,NA,NA,NA,NA,NA,NA
GGQGCAKN,Twedt and Henne-kerr 2001,install_nest_boxes,abundance,territories/40 ha,Sites with nest boxes,Sites without nest boxes,1,apples,0,NA,northern_bobwhite,NA,standard_error,1.87,16,NA,0.47,NA,NA,1.63,22,NA,0.38,NA,NA,NA,NA,NA,NA
GGQGCAKN,Twedt and Henne-kerr 2001,install_nest_boxes,abundance,territories/40 ha,Sites with nest boxes,Sites without nest boxes,1,apples,0,NA,yellow_billed_cuckoo,NA,standard_error,5.96,16,NA,0.59,NA,NA,2.74,22,NA,0.56,NA,NA,NA,NA,NA,NA
GGQGCAKN,Twedt and Henne-kerr 2001,install_nest_boxes,abundance,territories/40 ha,Sites with nest boxes,Sites without nest boxes,1,apples,0,NA,white_eyed_vireo,NA,standard_error,2.5,16,NA,1.17,NA,NA,2.36,22,NA,0.73,NA,NA,NA,NA,NA,NA
GGQGCAKN,Twedt and Henne-kerr 2001,install_nest_boxes,abundance,territories/40 ha,Sites with nest boxes,Sites without nest boxes,1,apples,0,NA,eastern_bluebird,NA,standard_error,1.09,16,NA,0.36,NA,NA,0.28,22,NA,0.27,NA,NA,NA,NA,NA,NA
GGQGCAKN,Twedt and Henne-kerr 2001,install_nest_boxes,abundance,territories/40 ha,Sites with nest boxes,Sites without nest boxes,1,apples,0,NA,common_yellowthroat,NA,standard_error,8.26,16,NA,1.4,NA,NA,4.7,22,NA,1.01,NA,NA,NA,NA,NA,NA
GGQGCAKN,Twedt and Henne-kerr 2001,install_nest_boxes,abundance,territories/40 ha,Sites with nest boxes,Sites without nest boxes,1,apples,0,NA,yellow_breasted_chat,NA,standard_error,18.93,16,NA,4.16,NA,NA,20.77,22,NA,4.74,NA,NA,NA,NA,NA,NA
GGQGCAKN,Twedt and Henne-kerr 2001,install_nest_boxes,abundance,territories/40 ha,Sites with nest boxes,Sites without nest boxes,1,apples,0,NA,eastern_towhee,NA,standard_error,12.13,16,NA,2.03,NA,NA,10.51,22,NA,2.01,NA,NA,NA,NA,NA,NA
GGQGCAKN,Twedt and Henne-kerr 2001,install_nest_boxes,abundance,territories/40 ha,Sites with nest boxes,Sites without nest boxes,1,apples,0,NA,indigo_bunting,NA,standard_error,31.57,16,NA,1.93,NA,NA,23.91,22,NA,2.51,NA,NA,NA,NA,NA,NA
GGQGCAKN,Twedt and Henne-kerr 2001,install_nest_boxes,abundance,territories/40 ha,Sites with nest boxes,Sites without nest boxes,1,apples,0,NA,dickcissel,NA,standard_error,0.06,16,NA,0.03,NA,NA,2.34,22,NA,1.72,NA,NA,NA,NA,NA,NA
GGQGCAKN,Twedt and Henne-kerr 2001,install_nest_boxes,abundance,territories/40 ha,Sites with nest boxes,Sites without nest boxes,1,apples,0,NA,red_winged_blackbird,NA,standard_error,18.96,16,NA,4.45,NA,NA,14.34,22,NA,5.42,NA,NA,NA,NA,NA,NA
5SEWHNW8,Valente et al. 2019,remove_non_native_species,occupancy,occupancy,Removal of Russian olive,No removal of Russian olive,1,apples,0,NA,lazuli_bunting,NA,confidence_intervals,0.73,27,NA,NA,0.58,0.87,0.61,27,NA,NA,0.41,0.8,NA,NA,NA,NA
5SEWHNW8,Valente et al. 2019,remove_non_native_species,occupancy,occupancy,Removal of Russian olive,No removal of Russian olive,1,apples,0,NA,yellow_breasted_chat,NA,confidence_intervals,0.67,27,NA,NA,0.49,0.84,0.71,27,NA,NA,0.51,0.88,NA,NA,NA,NA
5SEWHNW8,Valente et al. 2019,remove_non_native_species,occupancy,occupancy,Removal of Russian olive,No removal of Russian olive,1,apples,0,NA,brown_headed_cowbird,NA,confidence_intervals,0.92,27,NA,NA,0.78,1,0.92,27,NA,NA,0.75,1,NA,NA,NA,NA
5SEWHNW8,Valente et al. 2019,remove_non_native_species,occupancy,occupancy,Removal of Russian olive,No removal of Russian olive,1,apples,0,NA,song_sparrow,NA,confidence_intervals,0.69,27,NA,NA,0.49,0.88,0.64,27,NA,NA,0.41,0.86,NA,NA,NA,NA
5SEWHNW8,Valente et al. 2019,remove_non_native_species,occupancy,occupancy,Removal of Russian olive,No removal of Russian olive,1,apples,0,NA,mourning_dove,NA,confidence_intervals,0.61,27,NA,NA,0.41,0.84,0.64,27,NA,NA,0.42,0.87,NA,NA,NA,NA
5SEWHNW8,Valente et al. 2019,remove_non_native_species,occupancy,occupancy,Removal of Russian olive,No removal of Russian olive,1,apples,0,NA,house_wren,NA,confidence_intervals,0.27,27,NA,NA,0.13,0.44,0.29,27,NA,NA,0.14,0.48,NA,NA,NA,NA
5SEWHNW8,Valente et al. 2019,remove_non_native_species,occupancy,occupancy,Removal of Russian olive,No removal of Russian olive,1,apples,1,NA,american_robin,NA,confidence_intervals,0.67,27,NA,NA,0.47,0.87,0.8,27,NA,NA,0.62,0.94,"xbar_e outside of bounds, probably 0.67 (changed as such because occupancy bounds are 0 to 1)",NA,NA,NA
5SEWHNW8,Valente et al. 2019,remove_non_native_species,occupancy,occupancy,Removal of Russian olive,No removal of Russian olive,1,apples,0,NA,american_goldfinch,NA,confidence_intervals,0.49,27,NA,NA,0.28,0.72,0.54,27,NA,NA,0.31,0.79,NA,NA,NA,NA
5SEWHNW8,Valente et al. 2019,remove_non_native_species,occupancy,occupancy,Removal of Russian olive,No removal of Russian olive,1,apples,0,NA,eastern_kingbird,NA,confidence_intervals,0.55,27,NA,NA,0.34,0.77,0.56,27,NA,NA,0.33,0.79,NA,NA,NA,NA
5SEWHNW8,Valente et al. 2019,remove_non_native_species,occupancy,occupancy,Removal of Russian olive,No removal of Russian olive,1,apples,0,NA,black_billed_magpie,NA,confidence_intervals,0.57,27,NA,NA,0.38,0.76,0.58,27,NA,NA,0.38,0.78,NA,NA,NA,NA
5SEWHNW8,Valente et al. 2019,remove_non_native_species,occupancy,occupancy,Removal of Russian olive,No removal of Russian olive,1,apples,0,NA,california_quail,NA,confidence_intervals,0.36,27,NA,NA,0.16,0.64,0.46,27,NA,NA,0.22,0.75,NA,NA,NA,NA
5SEWHNW8,Valente et al. 2019,remove_non_native_species,occupancy,occupancy,Removal of Russian olive,No removal of Russian olive,1,apples,0,NA,ring_necked_pheasant,NA,confidence_intervals,0.59,27,NA,NA,0.27,0.92,0.63,27,NA,NA,0.29,0.94,NA,NA,NA,NA
5SEWHNW8,Valente et al. 2019,remove_non_native_species,occupancy,occupancy,Removal of Russian olive,No removal of Russian olive,1,apples,0,NA,american_crow,NA,confidence_intervals,0.06,27,NA,NA,0.01,0.15,0.06,27,NA,NA,0.01,0.16,NA,NA,NA,NA
5SEWHNW8,Valente et al. 2019,remove_non_native_species,occupancy,occupancy,Removal of Russian olive,No removal of Russian olive,1,apples,0,NA,gray_catbird,NA,confidence_intervals,0.14,27,NA,NA,0.02,0.39,0.15,27,NA,NA,0.02,0.43,NA,NA,NA,NA
5SEWHNW8,Valente et al. 2019,remove_non_native_species,occupancy,occupancy,Removal of Russian olive,No removal of Russian olive,1,apples,0,NA,house_finch,NA,confidence_intervals,0.13,27,NA,NA,0.02,0.37,0.21,27,NA,NA,0.04,0.55,NA,NA,NA,NA
5SEWHNW8,Valente et al. 2019,remove_non_native_species,occupancy,occupancy,Removal of Russian olive,No removal of Russian olive,1,apples,0,NA,bewicks_wren,NA,confidence_intervals,0.47,27,NA,NA,0.14,0.97,0.57,27,NA,NA,0.22,0.98,NA,NA,NA,NA
5SEWHNW8,Valente et al. 2019,remove_non_native_species,occupancy,occupancy,Removal of Russian olive,No removal of Russian olive,1,apples,0,NA,western_meadowlark,NA,confidence_intervals,0.35,27,NA,NA,0.11,0.77,0.47,27,NA,NA,0.18,0.85,NA,NA,NA,NA
5SEWHNW8,Valente et al. 2019,remove_non_native_species,occupancy,occupancy,Removal of Russian olive,No removal of Russian olive,1,apples,0,NA,western_kingbird,NA,confidence_intervals,0.29,27,NA,NA,0.1,0.63,0.39,27,NA,NA,0.15,0.74,NA,NA,NA,NA
5SEWHNW8,Valente et al. 2019,remove_non_native_species,occupancy,occupancy,Removal of Russian olive,No removal of Russian olive,1,apples,0,NA,red_winged_blackbird,NA,confidence_intervals,0.05,27,NA,NA,0.01,0.15,0.08,27,NA,NA,0.01,0.23,NA,NA,NA,NA
5SEWHNW8,Valente et al. 2019,remove_non_native_species,occupancy,occupancy,Removal of Russian olive,No removal of Russian olive,1,apples,0,NA,northern_flicker,NA,confidence_intervals,0.3,27,NA,NA,0.08,0.81,0.38,27,NA,NA,0.1,0.87,NA,NA,NA,NA
5SEWHNW8,Valente et al. 2019,remove_non_native_species,occupancy,occupancy,Removal of Russian olive,No removal of Russian olive,1,apples,0,NA,yellow_warbler,NA,confidence_intervals,0.09,27,NA,NA,0,0.35,0.14,27,NA,NA,0.01,0.5,NA,NA,NA,NA
5SEWHNW8,Valente et al. 2019,remove_non_native_species,occupancy,occupancy,Removal of Russian olive,No removal of Russian olive,1,apples,0,NA,warbling_vireo,NA,confidence_intervals,0.08,27,NA,NA,0,0.33,0.1,27,NA,NA,0,0.39,NA,NA,NA,NA
5SEWHNW8,Valente et al. 2019,remove_non_native_species,occupancy,occupancy,Removal of Russian olive,No removal of Russian olive,1,apples,0,NA,wild_turkey,NA,confidence_intervals,0.06,27,NA,NA,0,0.21,0.06,27,NA,NA,0,0.22,NA,NA,NA,NA
5SEWHNW8,Valente et al. 2019,remove_non_native_species,occupancy,occupancy,Removal of Russian olive,No removal of Russian olive,1,apples,0,NA,spotted_towhee,NA,confidence_intervals,0.16,27,NA,NA,0.02,0.59,0.17,27,NA,NA,0.02,0.63,NA,NA,NA,NA
5SEWHNW8,Valente et al. 2019,remove_non_native_species,occupancy,occupancy,Removal of Russian olive,No removal of Russian olive,1,apples,0,NA,common_yellowthroat,NA,confidence_intervals,0.02,27,NA,NA,0,0.08,0.02,27,NA,NA,0,0.1,NA,NA,NA,NA
5SEWHNW8,Valente et al. 2019,remove_non_native_species,occupancy,occupancy,Removal of Russian olive,No removal of Russian olive,1,apples,0,NA,eurasian_collared_dove,NA,confidence_intervals,0.09,27,NA,NA,0,0.39,0.1,27,NA,NA,0,0.42,NA,NA,NA,NA
5SEWHNW8,Valente et al. 2019,remove_non_native_species,occupancy,occupancy,Removal of Russian olive,No removal of Russian olive,1,apples,0,NA,willow_flycatcher,NA,confidence_intervals,0.02,27,NA,NA,0,0.13,0.02,27,NA,NA,0,0.14,NA,NA,NA,NA
5SEWHNW8,Valente et al. 2019,remove_non_native_species,occupancy,occupancy,Removal of Russian olive,No removal of Russian olive,1,apples,0,NA,yellow_rumped_warbler,NA,confidence_intervals,0.01,27,NA,NA,0,0.07,0.03,27,NA,NA,0,0.14,NA,NA,NA,NA
5SEWHNW8,Valente et al. 2019,remove_non_native_species,occupancy,occupancy,Removal of Russian olive,No removal of Russian olive,1,apples,0,NA,european_starling,NA,confidence_intervals,0.03,27,NA,NA,0,0.15,0.03,27,NA,NA,0,0.17,NA,NA,NA,NA
5SEWHNW8,Valente et al. 2019,remove_non_native_species,occupancy,occupancy,Removal of Russian olive,No removal of Russian olive,1,apples,0,NA,common_raven,NA,confidence_intervals,0.02,27,NA,NA,0,0.09,0.02,27,NA,NA,0,0.12,NA,NA,NA,NA
5SEWHNW8,Valente et al. 2019,remove_non_native_species,occupancy,occupancy,Removal of Russian olive,No removal of Russian olive,1,apples,0,NA,gray_flycatcher,NA,confidence_intervals,0.02,27,NA,NA,0,0.12,0.03,27,NA,NA,0,0.14,NA,NA,NA,NA
5SEWHNW8,Valente et al. 2019,remove_non_native_species,occupancy,occupancy,Removal of Russian olive,No removal of Russian olive,1,apples,0,NA,white_crowned_sparrow,NA,confidence_intervals,0.02,27,NA,NA,0,0.1,0.02,27,NA,NA,0,0.13,NA,NA,NA,NA
5SEWHNW8,Valente et al. 2019,remove_non_native_species,occupancy,occupancy,Removal of Russian olive,No removal of Russian olive,1,apples,0,NA,brewers_blackbird,NA,confidence_intervals,0.02,27,NA,NA,0,0.09,0.02,27,NA,NA,0,0.13,NA,NA,NA,NA
5SEWHNW8,Valente et al. 2019,remove_non_native_species,occupancy,occupancy,Removal of Russian olive,No removal of Russian olive,1,apples,0,NA,dark_eyed_junco,NA,confidence_intervals,0.01,27,NA,NA,0,0.08,0.02,27,NA,NA,0,0.12,NA,NA,NA,NA
5SEWHNW8,Valente et al. 2019,remove_non_native_species,occupancy,occupancy,Removal of Russian olive,No removal of Russian olive,1,apples,0,NA,says_phoebe,NA,confidence_intervals,0.02,27,NA,NA,0,0.08,0.02,27,NA,NA,0,0.13,NA,NA,NA,NA
597YV2YF,Van Dyke et al. 2004,prescribed_fire,species_richness,species_richness,Burned,Mowed,1,apples,0,NA,residents,NA,standard_error,10.13,4,NA,0.69,NA,NA,12,4,NA,0.27,NA,NA,NA,NA,NA,NA
597YV2YF,Van Dyke et al. 2004,prescribed_fire,species_richness,species_richness,Burned,Untreated,1,apples,0,NA,residents,NA,standard_error,10.13,4,NA,0.69,NA,NA,11.38,4,NA,0.5,NA,NA,NA,NA,NA,NA
597YV2YF,Van Dyke et al. 2004,prescribed_fire,species_richness,species_richness,Burned,Mowed,1,apples,0,NA,edge_species,NA,standard_error,16.25,4,NA,1.15,NA,NA,16.25,4,NA,1.63,NA,NA,NA,NA,NA,NA
597YV2YF,Van Dyke et al. 2004,prescribed_fire,species_richness,species_richness,Burned,Untreated,1,apples,0,NA,edge_species,NA,standard_error,16.25,4,NA,1.15,NA,NA,13,4,NA,1.4,NA,NA,NA,NA,NA,NA
IWRX5UBB,Van Dyke et al. 2006,prescribed_fire,species_richness,species_richness,Burned sites (Year of burn),Unburned sites,1,apples,0,NA,resident_species,NA,standard_error,9,5,NA,1.6,NA,NA,6.6,5,NA,1,NA,NA,At one point Amy asked to remove the year-of-burn ... should we?,NA,NA,NA
IWRX5UBB,Van Dyke et al. 2006,prescribed_fire,species_richness,species_richness,Burned sites (1-year post-burn),Unburned sites,1,apples,0,NA,resident_species,NA,standard_error,10.6,5,NA,0.5,NA,NA,9.8,5,NA,0.5,NA,NA,NA,NA,NA,NA
IWRX5UBB,Van Dyke et al. 2006,prescribed_fire,species_richness,species_richness,Burned sites (2-years post-burn),Unburned sites,1,apples,0,NA,resident_species,NA,standard_error,11.8,5,NA,0.8,NA,NA,9,5,NA,0.7,NA,NA,NA,NA,NA,NA
IWRX5UBB,Van Dyke et al. 2006,prescribed_fire,abundance,density (males/10 ha),Burned sites (Year of burn),Unburned sites,1,apples,0,NA,all_species,NA,standard_error,13,5,NA,2.5,NA,NA,15,5,NA,1.7,NA,NA,At one point Amy asked to remove the year-of-burn ... should we?,NA,NA,NA
IWRX5UBB,Van Dyke et al. 2006,prescribed_fire,abundance,density (males/10 ha),Burned sites (1-year post-burn),Unburned sites,1,apples,0,NA,all_species,NA,standard_error,35.6,5,NA,6.6,NA,NA,43,5,NA,8.2,NA,NA,NA,NA,NA,NA
IWRX5UBB,Van Dyke et al. 2006,prescribed_fire,abundance,density (males/10 ha),Burned sites (2-years post-burn),Unburned sites,1,apples,0,NA,all_species,NA,standard_error,25.8,5,NA,3.9,NA,NA,23.6,5,NA,3.6,NA,NA,NA,NA,NA,NA
IWRX5UBB,Van Dyke et al. 2006,prescribed_fire,abundance,density (males/10 ha),Burned sites (1-year post-burn),Unburned sites,1,apples,0,NA,american_goldfinch,NA,standard_error,2.1,5,NA,0.7,NA,NA,1.9,5,NA,0.5,NA,NA,NA,NA,NA,NA
IWRX5UBB,Van Dyke et al. 2006,prescribed_fire,abundance,density (males/10 ha),Burned sites (1-year post-burn),Unburned sites,1,apples,0,NA,brown_headed_cowbird,NA,standard_error,1.7,5,NA,0.5,NA,NA,2.4,5,NA,1,NA,NA,NA,NA,NA,NA
IWRX5UBB,Van Dyke et al. 2006,prescribed_fire,abundance,density (males/10 ha),Burned sites (1-year post-burn),Unburned sites,1,apples,0,NA,common_yellowthroat,NA,standard_error,16.4,5,NA,4,NA,NA,17,5,NA,7.3,NA,NA,NA,NA,NA,NA
IWRX5UBB,Van Dyke et al. 2006,prescribed_fire,abundance,density (males/10 ha),Burned sites (1-year post-burn),Unburned sites,1,apples,0,NA,dickcissel,NA,standard_error,3.2,5,NA,1.1,NA,NA,2.6,5,NA,0.8,NA,NA,NA,NA,NA,NA
IWRX5UBB,Van Dyke et al. 2006,prescribed_fire,abundance,density (males/10 ha),Burned sites (1-year post-burn),Unburned sites,1,apples,0,NA,eastern_kingbird,NA,standard_error,0.9,5,NA,0.2,NA,NA,2.3,5,NA,0.6,NA,NA,NA,NA,NA,NA
IWRX5UBB,Van Dyke et al. 2006,prescribed_fire,abundance,density (males/10 ha),Burned sites (1-year post-burn),Unburned sites,1,apples,0,NA,field_sparrow,NA,standard_error,5,5,NA,0.9,NA,NA,10.1,5,NA,2.6,NA,NA,NA,NA,NA,NA
IWRX5UBB,Van Dyke et al. 2006,prescribed_fire,abundance,density (males/10 ha),Burned sites (1-year post-burn),Unburned sites,1,apples,0,NA,grasshopper_sparrow,NA,standard_error,0.2,5,NA,0.1,NA,NA,0,5,NA,0,NA,NA,NA,NA,NA,NA
IWRX5UBB,Van Dyke et al. 2006,prescribed_fire,abundance,density (males/10 ha),Burned sites (1-year post-burn),Unburned sites,1,apples,0,NA,northern_bobwhite,NA,standard_error,0.8,5,NA,0.3,NA,NA,0.7,5,NA,0.3,NA,NA,NA,NA,NA,NA
IWRX5UBB,Van Dyke et al. 2006,prescribed_fire,abundance,density (males/10 ha),Burned sites (1-year post-burn),Unburned sites,1,apples,0,NA,red_winged_blackbird,NA,standard_error,2.4,5,NA,0.9,NA,NA,2.4,5,NA,2,NA,NA,NA,NA,NA,NA
IWRX5UBB,Van Dyke et al. 2006,prescribed_fire,abundance,density (males/10 ha),Burned sites (1-year post-burn),Unburned sites,1,apples,0,NA,ring_necked_pheasant,NA,standard_error,1.7,5,NA,0.5,NA,NA,1.7,5,NA,0.4,NA,NA,NA,NA,NA,NA
IWRX5UBB,Van Dyke et al. 2006,prescribed_fire,abundance,density (males/10 ha),Burned sites (1-year post-burn),Unburned sites,1,apples,0,NA,vesper_sparrow,NA,standard_error,0.2,5,NA,0.2,NA,NA,1.7,5,NA,1,NA,NA,NA,NA,NA,NA
IWRX5UBB,Van Dyke et al. 2006,prescribed_fire,abundance,density (males/10 ha),Burned sites (1-year post-burn),Unburned sites,1,apples,0,NA,western_meadowlark,NA,standard_error,0.5,5,NA,0.5,NA,NA,0.1,5,NA,0.1,NA,NA,NA,NA,NA,NA
IWRX5UBB,Van Dyke et al. 2006,prescribed_fire,abundance,density (males/10 ha),Burned sites (1-year post-burn),Unburned sites,1,apples,0,NA,all_species,NA,standard_error,35.6,5,NA,6.6,NA,NA,43,5,NA,8.2,NA,NA,NA,NA,NA,NA
IWRX5UBB,Van Dyke et al. 2006,prescribed_fire,abundance,density (males/10 ha),Burned sites (2-years post-burn),Unburned sites,1,apples,0,NA,american_goldfinch,NA,standard_error,2.3,5,NA,0.9,NA,NA,3.1,5,NA,0.8,NA,NA,NA,NA,NA,NA
IWRX5UBB,Van Dyke et al. 2006,prescribed_fire,abundance,density (males/10 ha),Burned sites (2-years post-burn),Unburned sites,1,apples,0,NA,brown_headed_cowbird,NA,standard_error,1.4,5,NA,0.4,NA,NA,1.5,5,NA,0.3,NA,NA,NA,NA,NA,NA
IWRX5UBB,Van Dyke et al. 2006,prescribed_fire,abundance,density (males/10 ha),Burned sites (2-years post-burn),Unburned sites,1,apples,0,NA,common_yellowthroat,NA,standard_error,9.6,5,NA,2.5,NA,NA,7.2,5,NA,1.7,NA,NA,NA,NA,NA,NA
IWRX5UBB,Van Dyke et al. 2006,prescribed_fire,abundance,density (males/10 ha),Burned sites (2-years post-burn),Unburned sites,1,apples,0,NA,dickcissel,NA,standard_error,1.9,5,NA,0.3,NA,NA,2,5,NA,1.2,NA,NA,NA,NA,NA,NA
IWRX5UBB,Van Dyke et al. 2006,prescribed_fire,abundance,density (males/10 ha),Burned sites (2-years post-burn),Unburned sites,1,apples,0,NA,eastern_kingbird,NA,standard_error,0.8,5,NA,0.3,NA,NA,0.6,5,NA,0.2,NA,NA,NA,NA,NA,NA
IWRX5UBB,Van Dyke et al. 2006,prescribed_fire,abundance,density (males/10 ha),Burned sites (2-years post-burn),Unburned sites,1,apples,0,NA,field_sparrow,NA,standard_error,3.8,5,NA,0.6,NA,NA,7,5,NA,2.2,NA,NA,NA,NA,NA,NA
IWRX5UBB,Van Dyke et al. 2006,prescribed_fire,abundance,density (males/10 ha),Burned sites (2-years post-burn),Unburned sites,1,apples,0,NA,grasshopper_sparrow,NA,standard_error,0.3,5,NA,0.2,NA,NA,0.1,5,NA,0.1,NA,NA,NA,NA,NA,NA
IWRX5UBB,Van Dyke et al. 2006,prescribed_fire,abundance,density (males/10 ha),Burned sites (2-years post-burn),Unburned sites,1,apples,0,NA,northern_bobwhite,NA,standard_error,1.4,5,NA,0.3,NA,NA,0.4,5,NA,0.1,NA,NA,NA,NA,NA,NA
IWRX5UBB,Van Dyke et al. 2006,prescribed_fire,abundance,density (males/10 ha),Burned sites (2-years post-burn),Unburned sites,1,apples,0,NA,red_winged_blackbird,NA,standard_error,1.2,5,NA,0.7,NA,NA,1,5,NA,1,NA,NA,NA,NA,NA,NA
IWRX5UBB,Van Dyke et al. 2006,prescribed_fire,abundance,density (males/10 ha),Burned sites (2-years post-burn),Unburned sites,1,apples,0,NA,ring_necked_pheasant,NA,standard_error,2,5,NA,0.6,NA,NA,0.2,5,NA,0.1,NA,NA,NA,NA,NA,NA
IWRX5UBB,Van Dyke et al. 2006,prescribed_fire,abundance,density (males/10 ha),Burned sites (2-years post-burn),Unburned sites,1,apples,0,NA,vesper_sparrow,NA,standard_error,0.3,5,NA,0.1,NA,NA,0.1,5,NA,0.1,NA,NA,NA,NA,NA,NA
IWRX5UBB,Van Dyke et al. 2006,prescribed_fire,abundance,density (males/10 ha),Burned sites (2-years post-burn),Unburned sites,1,apples,0,NA,western_meadowlark,NA,standard_error,0.2,5,NA,0.2,NA,NA,0,5,NA,0,NA,NA,NA,NA,NA,NA
IWRX5UBB,Van Dyke et al. 2006,prescribed_fire,abundance,density (males/10 ha),Burned sites (2-years post-burn),Unburned sites,1,apples,0,NA,all_species,NA,standard_error,25.8,5,NA,3.9,NA,NA,23.6,5,NA,3.6,NA,NA,NA,NA,NA,NA
U5V9ZZEH,Verheijen et al. 2022,manage_in_patches,nest_success,nest survival,Patch-burn graze,Annually burned and grazed,1,apples,0,NA,eastern_meadowlark,NA,standard_error,0.165,118,NA,0.035,NA,NA,0.077,20,NA,0.05,NA,NA,"Changed to manage in patches; Unsure of link term, they used program MARK (wow!) and mention the delta method",NA,NA,period_survival
U5V9ZZEH,Verheijen et al. 2022,manage_in_patches,nest_success,nest survival,Patch-burn graze,Annually burned and ungrazed,1,grapes,0,NA,eastern_meadowlark,NA,standard_error,0.165,118,NA,0.035,NA,NA,0.632,9,NA,0.205,NA,NA,"This one probably has to go, not a direct comparison",NA,NA,period_survival
PH3S49AI,Walk and Warner 2000,plant_nwsg,abundance,abundance,Grazed WSG fields,Grazed CSG fields,1,apples,0,NA,eastern_meadowlark,NA,standard_error,5.59,8,NA,0.42,NA,NA,4.53,8,NA,0.81,NA,NA,NA,NA,NA,NA
PYTISVJ6,Warren and Anderson 2005,delay_hay,nest_success,nest_success,Unmowed field,Mowed field,1,oranges,0,NA,grassland_species,NA,standard_error,0.22,33,NA,0.02,NA,NA,0.4,28,NA,0.15,NA,NA,"Not likely a reasonable comparison of delay_hay; Species were grouped due to small sample sizes, but they were obligate or facultative grassland species. Fields were mowed prior to the nesting period.",NA,NA,period_survival
F8XKUC3R,Washburn and Begier 2024,prescribed_fire,abundance,abundance,Prescribed burn,Untreated control,1,apples,0,NA,eastern_meadowlark,NA,standard_error,2.24,3,NA,0.29,NA,NA,1.7,3,NA,0.24,NA,NA,NA,NA,NA,NA
F8XKUC3R,Washburn and Begier 2024,prescribed_fire,abundance,abundance,Prescribed burn,Untreated control,1,apples,0,NA,song_sparrow,NA,standard_error,1.01,3,NA,0.24,NA,NA,0.28,3,NA,0.09,NA,NA,NA,NA,NA,NA
F8XKUC3R,Washburn and Begier 2024,prescribed_fire,abundance,abundance,Prescribed burn,Untreated control,1,apples,0,NA,european_starling,NA,standard_error,0.1,3,NA,0.06,NA,NA,0.07,3,NA,0.06,NA,NA,NA,NA,NA,NA
F8XKUC3R,Washburn and Begier 2024,prescribed_fire,abundance,abundance,Prescribed burn,Untreated control,1,apples,0,NA,killdeer,NA,standard_error,0.18,3,NA,0.06,NA,NA,0.03,3,NA,0.02,NA,NA,NA,NA,NA,NA
F8XKUC3R,Washburn and Begier 2024,prescribed_fire,abundance,abundance,Prescribed burn,Untreated control,1,apples,0,NA,mourning_dove,NA,standard_error,0.01,3,NA,0.01,NA,NA,0.02,3,NA,0.02,NA,NA,NA,NA,NA,NA
F8XKUC3R,Washburn and Begier 2024,prescribed_fire,abundance,abundance,Prescribed burn,Untreated control,1,apples,0,NA,horned_lark,NA,standard_error,0.21,3,NA,0.11,NA,NA,0.04,3,NA,0.04,NA,NA,NA,NA,NA,NA
F8XKUC3R,Washburn and Begier 2024,prescribed_fire,abundance,abundance,Prescribed burn,Untreated control,1,apples,0,NA,northern_bobwhite,NA,standard_error,0.15,3,NA,0.07,NA,NA,0.09,3,NA,0.04,NA,NA,NA,NA,NA,NA
F8XKUC3R,Washburn and Begier 2024,prescribed_fire,abundance,abundance,Prescribed burn,Untreated control,1,apples,0,NA,brown_headed_cowbird,NA,standard_error,0.1,3,NA,0.07,NA,NA,0.06,3,NA,0.04,NA,NA,NA,NA,NA,NA
F8XKUC3R,Washburn and Begier 2024,prescribed_fire,abundance,abundance,Prescribed burn,Untreated control,1,apples,0,NA,red_winged_blackbird,NA,standard_error,0.09,3,NA,0.06,NA,NA,0.03,3,NA,0.03,NA,NA,NA,NA,NA,NA
F8XKUC3R,Washburn and Begier 2024,prescribed_fire,abundance,abundance,Prescribed burn,Untreated control,1,apples,0,NA,all_species,NA,standard_error,4.54,3,NA,0.47,NA,NA,2.66,3,NA,0.29,NA,NA,NA,NA,NA,NA
UZIU38JN,Palacio 2024,rotational_grazing,abundance,abundance,Rotational grazing,Grazed and burned fields,1,oranges,0,NA,all_species,NA,confidence_intervals,10.6,8,NA,NA,4.8,22,4.5,4,NA,NA,1.9,9,Weird treatments but it might be usable,NA,NA,NA
UZIU38JN,Palacio 2024,rotational_grazing,species_richness,species_richness,Rotational grazing,Grazed and burned fields,1,oranges,0,NA,all_species,NA,confidence_intervals,42.3,8,NA,NA,39,45.7,19.5,4,NA,NA,17.5,21.5,NA,NA,NA,NA
UZIU38JN,Palacio 2024,prescribed_fire,abundance,abundance,Grazed and burned fields,No burning or grazing,1,oranges,0,NA,all_species,NA,confidence_intervals,4.5,4,NA,NA,1.9,9,4.4,4,NA,NA,2.8,6.4,Not sure if the prescribed_fire can adequately be tested here,NA,NA,NA
UZIU38JN,Palacio 2024,prescribed_fire,species_richness,species_richness,Grazed and burned fields,No burning or grazing,1,oranges,0,NA,all_species,NA,confidence_intervals,19.5,4,NA,NA,17.5,21.5,23.2,4,NA,NA,20.3,26.2,NA,NA,NA,NA
XW78AT45,Perkins et al. 2003,edge_and_shrub_habitat,abundance,territories/10 ha,Plots with the center of the plot less than 400 m from edge,Plots with the center of the plot more than 400 m from edge,1,apples,0,NA,grasshopper_sparrow,NA,standard_error,1.34,29,NA,0.23,NA,NA,2.95,30,NA,0.21,NA,NA,Delta/OQ site,NA,NA,NA
XW78AT45,Perkins et al. 2003,edge_and_shrub_habitat,abundance,territories/10 ha,Plots with the center of the plot less than 400 m from edge,Plots with the center of the plot more than 400 m from edge,1,apples,0,NA,grasshopper_sparrow,NA,standard_error,2.64,46,NA,0.29,NA,NA,3.68,20,NA,0.31,NA,NA,Three lakes site,NA,NA,NA
XW78AT45,Perkins et al. 2003,edge_and_shrub_habitat,abundance,territories/10 ha,Plots with the center of the plot less than 400 m from edge,Plots with the center of the plot more than 400 m from edge,1,apples,0,NA,bachmans_sparrow,NA,standard_error,1.13,29,NA,0.19,NA,NA,1.37,30,NA,0.19,NA,NA,Delta/OQ site,NA,NA,NA
XW78AT45,Perkins et al. 2003,edge_and_shrub_habitat,abundance,territories/10 ha,Plots with the center of the plot less than 400 m from edge,Plots with the center of the plot more than 400 m from edge,1,apples,0,NA,bachmans_sparrow,NA,standard_error,2.5,26,NA,0.18,NA,NA,2.62,20,NA,0.14,NA,NA,Three lakes site,NA,NA,NA
FIB2A7IN,Perlut et al. 2008,delay_hay,survival,male survival,Late hay,Early hay,1,apples,0,NA,savannah_sparrow,NA,standard_error,0.78,55,NA,0.03,NA,NA,0.64,73,NA,0.09,NA,NA,NA,NA,NA,NA
FIB2A7IN,Perlut et al. 2008,delay_hay,survival,female survival,Late hay,Early hay,1,apples,0,NA,savannah_sparrow,NA,standard_error,0.65,65,NA,0.07,NA,NA,0.48,81,NA,0.11,NA,NA,NA,NA,NA,NA
FIB2A7IN,Perlut et al. 2008,delay_hay,survival,male survival,Late hay,Early hay,1,apples,0,NA,bobolink,NA,standard_error,0.63,54,NA,0.08,NA,NA,0.43,38,NA,0.11,NA,NA,NA,NA,NA,NA
FIB2A7IN,Perlut et al. 2008,delay_hay,survival,female survival,Late hay,Early hay,1,apples,0,NA,bobolink,NA,standard_error,0.46,83,NA,0.11,NA,NA,0.27,52,NA,0.09,NA,NA,NA,NA,NA,NA
E2DZAQQ4,Perlut et al. 2008b,delay_hay,nest_success,annual productivity (# female young/female/year),Late hay,Early hay,1,apples,1,productivity,savannah_sparrow,NA,standard_error,1.4,152,NA,0.18,NA,NA,0.65,289,NA,0.07,NA,NA,"Productivity measure, not nest success",NA,NA,period_survival
E2DZAQQ4,Perlut et al. 2008b,delay_hay,nest_success,annual productivity (# female young/female/year),Late hay,Early hay,1,apples,1,productivity,bobolink,NA,standard_error,1.4,162,NA,0.11,NA,NA,0.02,41,NA,0.02,NA,NA,NA,NA,NA,period_survival
LVS3NMPI,Perlut et al. 2011,delay_hay,nest_success,Fledglings per female per year,Late hay,"Hayed before 2 June, then again 65 days later",1,apples,1,productivity,bobolink,NA,standard_deviation,3.37,76,2.12,NA,NA,NA,2.83,88,1.61,NA,NA,NA,NA,NA,NA,period_survival
5UK425N9,Powell and Busby 2013,prescribed_fire,species_richness,species_richness,Burned idle fields,Unburned idle fields,1,apples,1,NA,all_species,NA,standard_error,7.7,15,NA,0.49,NA,NA,8.8,15,NA,0.76,NA,NA,We should choose *either* species richness or shannon diversity,NA,NA,NA
5UK425N9,Powell and Busby 2013,prescribed_fire,species_richness,shannon diversity,Burned idle fields,Unburned idle fields,1,apples,1,NA,all_species,NA,standard_error,1.8,15,NA,0.05,NA,NA,1.8,15,NA,0.09,NA,NA,NA,NA,NA,NA
5UK425N9,Powell and Busby 2013,prescribed_fire,abundance,density (individuals/ha),Burned idle fields,Unburned idle fields,1,apples,0,NA,dickcissel,NA,standard_error,0.58,15,NA,0.073,NA,NA,0.92,15,NA,0.085,NA,NA,NA,NA,NA,NA
5UK425N9,Powell and Busby 2013,prescribed_fire,abundance,density (individuals/ha),Burned idle fields,Unburned idle fields,1,apples,0,NA,grasshopper_sparrow,NA,standard_error,0.29,15,NA,0.065,NA,NA,0.48,15,NA,0.044,NA,NA,NA,NA,NA,NA
5UK425N9,Powell and Busby 2013,prescribed_fire,abundance,density (individuals/ha),Burned idle fields,Unburned idle fields,1,apples,0,NA,eastern_meadowlark,NA,standard_error,0.61,15,NA,0.035,NA,NA,0.61,15,NA,0.062,NA,NA,NA,NA,NA,NA
DTKILVPL,Swengel and Swengel 2001,prescribed_fire,abundance,abundance (individuals/km),Patch-burned light litter,Patch-hayed light litter,1,apples,0,NA,henslows_sparrow,NA,standard_deviation,2.49,13,3.28,NA,NA,NA,6.82,17,6.59,NA,NA,NA,NA,NA,NA,NA
DTKILVPL,Swengel and Swengel 2001,prescribed_fire,abundance,abundance (individuals/km),Patch-burned medium litter,Patch-hayed medium litter,1,apples,0,NA,henslows_sparrow,NA,standard_deviation,2.72,15,4.94,NA,NA,NA,10.74,126,11.87,NA,NA,NA,NA,NA,NA,NA
DTKILVPL,Swengel and Swengel 2001,prescribed_fire,abundance,abundance (individuals/km),Patch-burned heavy litter,Patch-hayed heavy litter,1,apples,0,NA,henslows_sparrow,NA,standard_deviation,4.27,9,8.93,NA,NA,NA,15.78,99,10.58,NA,NA,NA,NA,NA,NA,NA
DTKILVPL,Swengel and Swengel 2001,prescribed_fire,abundance,abundance (individuals/km),Patch-burned light litter,Patch-hayed light litter,1,apples,0,NA,grasshopper_sparrow,NA,standard_deviation,2.02,13,2.06,NA,NA,NA,4.98,17,5.33,NA,NA,NA,NA,NA,NA,NA
DTKILVPL,Swengel and Swengel 2001,prescribed_fire,abundance,abundance (individuals/km),Patch-burned medium litter,Patch-hayed medium litter,1,apples,0,NA,grasshopper_sparrow,NA,standard_deviation,0.21,15,0.8,NA,NA,NA,5.46,126,5.59,NA,NA,NA,NA,NA,NA,NA
DTKILVPL,Swengel and Swengel 2001,prescribed_fire,abundance,abundance (individuals/km),Patch-burned heavy litter,Patch-hayed heavy litter,1,apples,0,NA,grasshopper_sparrow,NA,standard_deviation,0,9,0,NA,NA,NA,1.56,99,2.6,NA,NA,NA,NA,NA,NA,NA
DTKILVPL,Swengel and Swengel 2001,prescribed_fire,abundance,abundance (individuals/km),Patch-burned light litter,Patch-hayed light litter,1,apples,0,NA,dickcissel,NA,standard_deviation,11.58,13,5,NA,NA,NA,12.64,17,6.59,NA,NA,NA,NA,NA,NA,NA
DTKILVPL,Swengel and Swengel 2001,prescribed_fire,abundance,abundance (individuals/km),Patch-burned medium litter,Patch-hayed medium litter,1,apples,0,NA,dickcissel,NA,standard_deviation,7.68,15,7.11,NA,NA,NA,10.48,126,7.44,NA,NA,NA,NA,NA,NA,NA
DTKILVPL,Swengel and Swengel 2001,prescribed_fire,abundance,abundance (individuals/km),Patch-burned heavy litter,Patch-hayed heavy litter,1,apples,0,NA,dickcissel,NA,standard_deviation,9.83,9,6.39,NA,NA,NA,11.55,99,7.16,NA,NA,NA,NA,NA,NA,NA
RNPH5E8K,Swicegood et al. 2023,plant_nwsg,abundance,abundance (2020),Native sites,Crop sites,1,oranges,0,NA,mccowns_longspur,NA,standard_deviation,4.2,22,3.3,NA,NA,NA,5.4,24,4.4,NA,NA,NA,This seems like the deck is stacked -- of course an NWSG field should have higher abundance than row crops,NA,NA,NA
RNPH5E8K,Swicegood et al. 2023,plant_nwsg,abundance,abundance (2021),Native sites,Crop sites,1,oranges,0,NA,mccowns_longspur,NA,standard_deviation,3.2,25,2.3,NA,NA,NA,3.8,25,3.2,NA,NA,NA,NA,NA,NA,NA
RNPH5E8K,Swicegood et al. 2023,plant_nwsg,nest_success,Number of young fledged per successful nest,Native sites,Crop sites,1,oranges,1,productivity,mccowns_longspur,NA,standard_deviation,2.8,129,0.9,NA,NA,NA,3,111,1.1,NA,NA,NA,"Productivity measure, not nest success",NA,NA,period_survival
43J4RKSJ,Vold et al. 2019,rotational_grazing,abundance,abundance,Summer rotation grazing,Season long grazing,1,apples,0,NA,vesper_sparrow,NA,standard_error,0.25,190,NA,0.1,NA,NA,-0.17,120,NA,0.14,NA,NA,NA,NA,NA,NA
CZREXXY9,Broyer et al. 2020,delay_hay,abundance,territories,Late mow,Early mow,1,apples,0,NA,whinchat,NA,standard_deviation,25.3,4,10.2,NA,NA,NA,7.9,2,3.8,NA,NA,NA,NA,NA,NA,NA
CZREXXY9,Broyer et al. 2020,delay_hay,abundance,territories,Late mow,Early mow,1,apples,0,NA,corn_bunting,NA,standard_deviation,21.4,4,6.4,NA,NA,NA,12.9,2,3.8,NA,NA,NA,NA,NA,NA,NA
CZREXXY9,Broyer et al. 2020,delay_hay,abundance,territories,Late mow,Early mow,1,apples,0,NA,western_yellow_wagtail,NA,standard_deviation,9.7,4,6.7,NA,NA,NA,5.1,2,2.5,NA,NA,NA,NA,NA,NA,NA
RZ8PLSVX,Best et al. 1990,edge_and_shrub_habitat,species_richness,species_richness (Iowa),Edge,Field center,1,apples,0,NA,all_species,NA,standard_deviation,15,9,3.6,NA,NA,NA,11.3,9,4.6,NA,NA,NA,NA,NA,NA,NA
RZ8PLSVX,Best et al. 1990,edge_and_shrub_habitat,abundance,abundance (birds/100 ha) (Iowa),Edge,Field center,1,apples,0,NA,all_species,NA,standard_deviation,408.4,9,102.9,NA,NA,NA,22.5,9,13.5,NA,NA,NA,NA,NA,NA,NA
RZ8PLSVX,Best et al. 1990,edge_and_shrub_habitat,species_richness,species_richness (Illinois),Edge,Field center,1,apples,0,NA,all_species,NA,standard_deviation,34.3,9,3.8,NA,NA,NA,9.3,9,2.3,NA,NA,NA,NA,NA,NA,NA
RZ8PLSVX,Best et al. 1990,edge_and_shrub_habitat,abundance,abundance (birds/100 ha) (Illinois),Edge,Field center,1,apples,0,NA,all_species,NA,standard_deviation,3118.1,9,766.6,NA,NA,NA,21.3,9,13.4,NA,NA,NA,NA,NA,NA,NA
DJXGBKZP,Conover et al. 2011b,edge_and_shrub_habitat,abundance,nest density (nests/ha) (2003),Wide buffer adjacent to edge,Narrow buffer adjacent to edge,1,apples,0,NA,red_winged_blackbird,NA,confidence_intervals,12.5,7,NA,NA,-6.940000000000001,31.94,0.78,27,NA,NA,0.45,1.11,T: This might be moreso buffers instead of edge and shrub?; Worth revisiting to determine whether it should be included,NA,NA,NA
DJXGBKZP,Conover et al. 2011b,edge_and_shrub_habitat,abundance,nest density (nests/ha) (2004),Wide buffer adjacent to edge,Narrow buffer adjacent to edge,1,apples,0,NA,red_winged_blackbird,NA,confidence_intervals,14.47,11,NA,NA,-9.019999999999998,37.96,3.47,24,NA,NA,2.1900000000000004,4.75,NA,NA,NA,NA
DJXGBKZP,Conover et al. 2011b,edge_and_shrub_habitat,nest_success,fledglings per successful nest,Wide buffer adjacent to edge,Narrow buffer adjacent to edge,1,apples,1,productivity,red_winged_blackbird,NA,standard_error,2.49,51,NA,0.14,NA,NA,2.3,10,NA,0.34,NA,NA,"Productivity measure, not nest success",NA,NA,period_survival
CXWJRPTX,Ellison et al. 2013,edge_and_shrub_habitat,abundance,Density (males/ha),Edge pre-tree row removal,Interior pre-tree row removal,1,apples,0,NA,bobolink,NA,standard_error,0.449,3,NA,0.162,NA,NA,0.585,3,NA,0.324,NA,NA,What does this treatment and control represent?,NA,NA,NA
CXWJRPTX,Ellison et al. 2013,edge_and_shrub_habitat,abundance,Density (males/ha),Edge pre-tree row removal,Interior pre-tree row removal,1,apples,0,NA,eastern_meadowlark,NA,standard_error,0.343,3,NA,0.166,NA,NA,0.12,3,NA,0.029,NA,NA,NA,NA,NA,NA
CXWJRPTX,Ellison et al. 2013,edge_and_shrub_habitat,abundance,Density (males/ha),Edge pre-tree row removal,Interior pre-tree row removal,1,apples,0,NA,henslows_sparrow,NA,standard_error,0.015,3,NA,0.015,NA,NA,0.206,3,NA,0.046,NA,NA,NA,NA,NA,NA
CXWJRPTX,Ellison et al. 2013,edge_and_shrub_habitat,abundance,nest density (nests/ha),Edge pre-tree row removal,Interior pre-tree row removal,1,apples,0,NA,bobolink,NA,standard_error,0.129,3,NA,0.065,NA,NA,0.249,3,NA,0.145,NA,NA,NA,NA,NA,NA
CXWJRPTX,Ellison et al. 2013,edge_and_shrub_habitat,abundance,nest density (nests/ha),Edge pre-tree row removal,Interior pre-tree row removal,1,apples,0,NA,eastern_meadowlark,NA,standard_error,0.148,3,NA,0.148,NA,NA,0.132,3,NA,0.093,NA,NA,NA,NA,NA,NA
CXWJRPTX,Ellison et al. 2013,edge_and_shrub_habitat,abundance,nest density (nests/ha),Edge pre-tree row removal,Interior pre-tree row removal,1,apples,0,NA,henslows_sparrow,NA,standard_error,0,3,NA,0,NA,NA,0.051,3,NA,0.051,NA,NA,NA,NA,NA,NA
V8UPXK6I,Fleming and Giuliano 1998,edge_and_shrub_habitat,abundance,abundance (individuals/100 m of edge),Border-edge cut,Uncut edge,1,apples,0,NA,all_species,NA,standard_error,7.69,12,NA,0.75,NA,NA,5.76,12,NA,0.55,NA,NA,Revisit to determine what is the treatment and control here (or direction of sign); Border-edge cuts are defined as transitional shrub zones ... the comparison is abrupt edge (see Table 2 and 3),NA,NA,NA
V8UPXK6I,Fleming and Giuliano 1998,edge_and_shrub_habitat,species_richness,species_richness,Border-edge cut,Uncut edge,1,apples,0,NA,all_species,NA,standard_error,13.9,12,NA,0.9,NA,NA,14.6,12,NA,1.1,NA,NA,Border-edge cuts are defined as transitional shrub zones ... the comparison is abrupt edge (see Table 2 and 3),NA,NA,NA
V8UPXK6I,Fleming and Giuliano 1998,edge_and_shrub_habitat,nest_success,DSR,Border-edge cut,Uncut edge,1,apples,0,NA,all_species,NA,standard_error,0.95,35,NA,0.01,NA,NA,0.8,25,NA,0.01,NA,NA,"Border-edge cuts are defined as transitional shrub zones ... the comparison is abrupt edge (see Table 2 and 3); Unsure of link term, only details provided are ""calculated nest success probabilities with the Mayfield method (Mayfield 1975)""",NA,NA,daily_survival
V8UPXK6I,Fleming and Giuliano 1998,edge_and_shrub_habitat,nest_success,Depredation rate,Border-edge cut,Uncut edge,-1,apples,1,not independent of DSR,all_species,NA,standard_error,0.47,35,NA,0.13,NA,NA,0.4,25,NA,0.1,NA,NA,Border-edge cuts are defined as transitional shrub zones ... the comparison is abrupt edge (see Table 2 and 3),NA,NA,period_survival
V8UPXK6I,Fleming and Giuliano 1998,edge_and_shrub_habitat,abundance,Nest density,Border-edge cut,Uncut edge,1,apples,0,NA,all_species,NA,standard_error,3.9,12,NA,1.26,NA,NA,2.4,12,NA,0.45,NA,NA,Border-edge cuts are defined as transitional shrub zones ... the comparison is abrupt edge (see Table 2 and 3),NA,NA,NA
V8UPXK6I,Fleming and Giuliano 1998,edge_and_shrub_habitat,abundance,Abundance,Border-edge cut,Uncut edge,1,apples,0,NA,blue_winged_warbler,NA,standard_error,0.112,12,NA,0.037,NA,NA,0.028,12,NA,0.019,NA,NA,Border-edge cuts are defined as transitional shrub zones ... the comparison is abrupt edge (see Table 2 and 3),NA,NA,NA
V8UPXK6I,Fleming and Giuliano 1998,edge_and_shrub_habitat,abundance,Abundance,Border-edge cut,Uncut edge,1,apples,0,NA,yellow_breasted_chat,NA,standard_error,0.679,12,NA,0.152,NA,NA,0.042,12,NA,0.03,NA,NA,Border-edge cuts are defined as transitional shrub zones ... the comparison is abrupt edge (see Table 2 and 3),NA,NA,NA
V8UPXK6I,Fleming and Giuliano 1998,edge_and_shrub_habitat,abundance,Abundance,Border-edge cut,Uncut edge,1,apples,0,NA,common_yellowthroat,NA,standard_error,0.847,12,NA,0.141,NA,NA,0.403,12,NA,0.119,NA,NA,Border-edge cuts are defined as transitional shrub zones ... the comparison is abrupt edge (see Table 2 and 3),NA,NA,NA
V8UPXK6I,Fleming and Giuliano 1998,edge_and_shrub_habitat,abundance,Abundance,Border-edge cut,Uncut edge,1,apples,0,NA,brown_headed_cowbird,NA,standard_error,0.209,12,NA,0.077,NA,NA,0.014,12,NA,0.014,NA,NA,Border-edge cuts are defined as transitional shrub zones ... the comparison is abrupt edge (see Table 2 and 3),NA,NA,NA
V8UPXK6I,Fleming and Giuliano 1998,edge_and_shrub_habitat,abundance,Abundance,Border-edge cut,Uncut edge,1,apples,0,NA,chipping_sparrow,NA,standard_error,0.043,12,NA,0.022,NA,NA,0,12,NA,0,NA,NA,Border-edge cuts are defined as transitional shrub zones ... the comparison is abrupt edge (see Table 2 and 3),NA,NA,NA
V8UPXK6I,Fleming and Giuliano 1998,edge_and_shrub_habitat,abundance,Abundance,Border-edge cut,Uncut edge,1,apples,0,NA,song_sparrow,NA,standard_error,0.966,12,NA,0.2,NA,NA,0.153,12,NA,0.092,NA,NA,Border-edge cuts are defined as transitional shrub zones ... the comparison is abrupt edge (see Table 2 and 3),NA,NA,NA
V8UPXK6I,Fleming and Giuliano 1998,edge_and_shrub_habitat,abundance,Abundance,Border-edge cut,Uncut edge,1,apples,0,NA,acadian_flycatcher,NA,standard_error,0,12,NA,0,NA,NA,0.098,12,NA,0.056,NA,NA,Border-edge cuts are defined as transitional shrub zones ... the comparison is abrupt edge (see Table 2 and 3),NA,NA,NA
V8UPXK6I,Fleming and Giuliano 1998,edge_and_shrub_habitat,abundance,Abundance,Border-edge cut,Uncut edge,1,apples,0,NA,blue_jay,NA,standard_error,0.028,12,NA,0.019,NA,NA,0.112,12,NA,0.047,NA,NA,Border-edge cuts are defined as transitional shrub zones ... the comparison is abrupt edge (see Table 2 and 3),NA,NA,NA
V8UPXK6I,Fleming and Giuliano 1998,edge_and_shrub_habitat,abundance,Abundance,Border-edge cut,Uncut edge,1,apples,0,NA,carolina_chickadee,NA,standard_error,0.014,12,NA,0.014,NA,NA,0.139,12,NA,0.068,NA,NA,Border-edge cuts are defined as transitional shrub zones ... the comparison is abrupt edge (see Table 2 and 3),NA,NA,NA
V8UPXK6I,Fleming and Giuliano 1998,edge_and_shrub_habitat,abundance,Abundance,Border-edge cut,Uncut edge,1,apples,0,NA,wood_thrush,NA,standard_error,0,12,NA,0,NA,NA,0.111,12,NA,0.042,NA,NA,Border-edge cuts are defined as transitional shrub zones ... the comparison is abrupt edge (see Table 2 and 3),NA,NA,NA
V8UPXK6I,Fleming and Giuliano 1998,edge_and_shrub_habitat,abundance,Abundance,Border-edge cut,Uncut edge,1,apples,0,NA,red_eyed_vireo,NA,standard_error,0.014,12,NA,0.014,NA,NA,0.223,12,NA,0.051,NA,NA,Border-edge cuts are defined as transitional shrub zones ... the comparison is abrupt edge (see Table 2 and 3),NA,NA,NA
V8UPXK6I,Fleming and Giuliano 1998,edge_and_shrub_habitat,abundance,Abundance,Border-edge cut,Uncut edge,1,apples,0,NA,rose_breasted_grosbeak,NA,standard_error,0.014,12,NA,0.014,NA,NA,0.249,12,NA,0.043,NA,NA,Border-edge cuts are defined as transitional shrub zones ... the comparison is abrupt edge (see Table 2 and 3),NA,NA,NA
LZ7R9ETU,Fleming and Giuliano 2001,edge_and_shrub_habitat,nest_success,Nest predation rate (number of nests depredated after 14 days/total nests in edge),Border-edge cut,Uncut edge,-1,apples,0,identity,artificial_nests,NA,standard_error,36,46,NA,11,NA,NA,88,50,NA,7,NA,NA,Artificial nests,NA,NA,period_survival
ZDBASF6Z,Greenberg and Drew Lanham 2001,edge_and_shrub_habitat,abundance,density (birds/ha),Small incomplete gaps,Closed canopy forest,1,apples,0,NA,ruffed_grouse,NA,standard_error,0.03,12,NA,0.03,NA,NA,0,12,NA,0,NA,NA,Not sure this qualifies as the bmp ... but maybe? T: I think it does? Could maybe be manage in patches?,NA,NA,NA
ZDBASF6Z,Greenberg and Drew Lanham 2001,edge_and_shrub_habitat,abundance,density (birds/ha),Small incomplete gaps,Closed canopy forest,1,apples,0,NA,yellow_billed_cuckoo,NA,standard_error,0,12,NA,0,NA,NA,0.03,12,NA,0.03,NA,NA,NA,NA,NA,NA
ZDBASF6Z,Greenberg and Drew Lanham 2001,edge_and_shrub_habitat,abundance,density (birds/ha),Small incomplete gaps,Closed canopy forest,1,apples,0,NA,ruby_throated_hummingbird,NA,standard_error,0.22,12,NA,0.09,NA,NA,0.05,12,NA,0.05,NA,NA,NA,NA,NA,NA
ZDBASF6Z,Greenberg and Drew Lanham 2001,edge_and_shrub_habitat,abundance,density (birds/ha),Small incomplete gaps,Closed canopy forest,1,apples,0,NA,northern_flicker,NA,standard_error,0.05,12,NA,0.05,NA,NA,0,12,NA,0,NA,NA,NA,NA,NA,NA
ZDBASF6Z,Greenberg and Drew Lanham 2001,edge_and_shrub_habitat,abundance,density (birds/ha),Small incomplete gaps,Closed canopy forest,1,apples,0,NA,great_crested_flycatcher,NA,standard_error,0,12,NA,0,NA,NA,0.15,12,NA,0.08,NA,NA,NA,NA,NA,NA
ZDBASF6Z,Greenberg and Drew Lanham 2001,edge_and_shrub_habitat,abundance,density (birds/ha),Small incomplete gaps,Closed canopy forest,1,apples,0,NA,american_crow,NA,standard_error,0.37,12,NA,0.27,NA,NA,0.03,12,NA,0.03,NA,NA,NA,NA,NA,NA
ZDBASF6Z,Greenberg and Drew Lanham 2001,edge_and_shrub_habitat,abundance,density (birds/ha),Small incomplete gaps,Closed canopy forest,1,apples,0,NA,blue_jay,NA,standard_error,0.14,12,NA,0.17,NA,NA,0.18,12,NA,0.08,NA,NA,NA,NA,NA,NA
ZDBASF6Z,Greenberg and Drew Lanham 2001,edge_and_shrub_habitat,abundance,density (birds/ha),Small incomplete gaps,Closed canopy forest,1,apples,0,NA,carolina_wren,NA,standard_error,1.94,12,NA,0.58,NA,NA,0.06,12,NA,0.04,NA,NA,NA,NA,NA,NA
ZDBASF6Z,Greenberg and Drew Lanham 2001,edge_and_shrub_habitat,abundance,density (birds/ha),Small incomplete gaps,Closed canopy forest,1,apples,0,NA,yellow_throated_vireo,NA,standard_error,0.03,12,NA,0.03,NA,NA,0.03,12,NA,0.03,NA,NA,NA,NA,NA,NA
ZDBASF6Z,Greenberg and Drew Lanham 2001,edge_and_shrub_habitat,abundance,density (birds/ha),Small incomplete gaps,Closed canopy forest,1,apples,0,NA,american_goldfinch,NA,standard_error,0.07,12,NA,0.07,NA,NA,0,12,NA,0,NA,NA,NA,NA,NA,NA
ZDBASF6Z,Greenberg and Drew Lanham 2001,edge_and_shrub_habitat,abundance,density (birds/ha),Small incomplete gaps,Closed canopy forest,1,apples,0,NA,dark_eyed_junco,NA,standard_error,0.04,12,NA,0.04,NA,NA,0,12,NA,0,NA,NA,NA,NA,NA,NA
ZDBASF6Z,Greenberg and Drew Lanham 2001,edge_and_shrub_habitat,abundance,density (birds/ha),Small incomplete gaps,Closed canopy forest,1,apples,0,NA,indigo_bunting,NA,standard_error,0.53,12,NA,0.23,NA,NA,0.04,12,NA,0.04,NA,NA,NA,NA,NA,NA
ZDBASF6Z,Greenberg and Drew Lanham 2001,edge_and_shrub_habitat,abundance,density (birds/ha),Small incomplete gaps,Closed canopy forest,1,apples,0,NA,eastern_towhee,NA,standard_error,0.44,12,NA,0.34,NA,NA,0,12,NA,0,NA,NA,NA,NA,NA,NA
WGSP9SQJ,Knight et al. 2016,edge_and_shrub_habitat,abundance,abundance,Edge,Interior,1,apples,0,NA,american_goldfinch,NA,standard_error,0.22,36,NA,0.55,NA,NA,0.11,36,NA,0.47,NA,NA,Edge is defined as plots adjacent to agriculture (orchards or vineyards),NA,NA,NA
WGSP9SQJ,Knight et al. 2016,edge_and_shrub_habitat,abundance,abundance,Edge,Interior,1,apples,0,NA,american_robin,NA,standard_error,0.5,104,NA,0.71,NA,NA,0.5,104,NA,0.79,NA,NA,Edge is defined as plots adjacent to agriculture (orchards or vineyards),NA,NA,NA
WGSP9SQJ,Knight et al. 2016,edge_and_shrub_habitat,abundance,abundance,Edge,Interior,1,apples,0,NA,bank_swallow,NA,standard_error,0.17,16,NA,0.51,NA,NA,0,16,NA,0,NA,NA,Edge is defined as plots adjacent to agriculture (orchards or vineyards),NA,NA,NA
WGSP9SQJ,Knight et al. 2016,edge_and_shrub_habitat,abundance,abundance,Edge,Interior,1,apples,0,NA,black_billed_magpie,NA,standard_error,0.11,16,NA,0.32,NA,NA,0,16,NA,0,NA,NA,Edge is defined as plots adjacent to agriculture (orchards or vineyards),NA,NA,NA
WGSP9SQJ,Knight et al. 2016,edge_and_shrub_habitat,abundance,abundance,Edge,Interior,1,apples,0,NA,black_capped_chickadee,NA,standard_error,0.17,16,NA,0.51,NA,NA,0,16,NA,0,NA,NA,Edge is defined as plots adjacent to agriculture (orchards or vineyards),NA,NA,NA
WGSP9SQJ,Knight et al. 2016,edge_and_shrub_habitat,abundance,abundance,Edge,Interior,1,apples,0,NA,brown_headed_cowbird,NA,standard_error,0.67,72,NA,1.08,NA,NA,0.17,72,NA,0.51,NA,NA,Edge is defined as plots adjacent to agriculture (orchards or vineyards),NA,NA,NA
WGSP9SQJ,Knight et al. 2016,edge_and_shrub_habitat,abundance,abundance,Edge,Interior,1,apples,0,NA,brewers_sparrow,NA,standard_error,0.33,72,NA,0.77,NA,NA,0.56,72,NA,1.42,NA,NA,Edge is defined as plots adjacent to agriculture (orchards or vineyards),NA,NA,NA
WGSP9SQJ,Knight et al. 2016,edge_and_shrub_habitat,abundance,abundance,Edge,Interior,1,apples,0,NA,bullocks_oriole,NA,standard_error,0.5,48,NA,1.04,NA,NA,0.06,48,NA,0.24,NA,NA,Edge is defined as plots adjacent to agriculture (orchards or vineyards),NA,NA,NA
WGSP9SQJ,Knight et al. 2016,edge_and_shrub_habitat,abundance,abundance,Edge,Interior,1,apples,0,NA,calliope_hummingbird,NA,standard_error,0.22,48,NA,0.43,NA,NA,0.11,48,NA,0.32,NA,NA,Edge is defined as plots adjacent to agriculture (orchards or vineyards),NA,NA,NA
WGSP9SQJ,Knight et al. 2016,edge_and_shrub_habitat,abundance,abundance,Edge,Interior,1,apples,0,NA,california_quail,NA,standard_error,0.67,96,NA,0.77,NA,NA,0.17,96,NA,0.38,NA,NA,Edge is defined as plots adjacent to agriculture (orchards or vineyards),NA,NA,NA
WGSP9SQJ,Knight et al. 2016,edge_and_shrub_habitat,abundance,abundance,Edge,Interior,1,apples,0,NA,clay_colored_sparrow,NA,standard_error,0.06,16,NA,0.24,NA,NA,0.06,16,NA,0.24,NA,NA,Edge is defined as plots adjacent to agriculture (orchards or vineyards),NA,NA,NA
WGSP9SQJ,Knight et al. 2016,edge_and_shrub_habitat,abundance,abundance,Edge,Interior,1,apples,0,NA,cedar_waxwing,NA,standard_error,0.33,32,NA,0.69,NA,NA,0,32,NA,0,NA,NA,Edge is defined as plots adjacent to agriculture (orchards or vineyards),NA,NA,NA
WGSP9SQJ,Knight et al. 2016,edge_and_shrub_habitat,abundance,abundance,Edge,Interior,1,apples,0,NA,chipping_sparrow,NA,standard_error,1.22,200,NA,0.73,NA,NA,0.94,200,NA,1.16,NA,NA,Edge is defined as plots adjacent to agriculture (orchards or vineyards),NA,NA,NA
WGSP9SQJ,Knight et al. 2016,edge_and_shrub_habitat,abundance,abundance,Edge,Interior,1,apples,0,NA,dusky_flycatcher,NA,standard_error,0.06,8,NA,0.24,NA,NA,0,8,NA,0,NA,NA,Edge is defined as plots adjacent to agriculture (orchards or vineyards),NA,NA,NA
WGSP9SQJ,Knight et al. 2016,edge_and_shrub_habitat,abundance,abundance,Edge,Interior,1,apples,0,NA,eastern_kingbird,NA,standard_error,0,8,NA,0,NA,NA,0.11,8,NA,0.47,NA,NA,Edge is defined as plots adjacent to agriculture (orchards or vineyards),NA,NA,NA
WGSP9SQJ,Knight et al. 2016,edge_and_shrub_habitat,abundance,abundance,Edge,Interior,1,apples,0,NA,gray_partridge,NA,standard_error,0.06,8,NA,0.24,NA,NA,0,8,NA,0,NA,NA,Edge is defined as plots adjacent to agriculture (orchards or vineyards),NA,NA,NA
WGSP9SQJ,Knight et al. 2016,edge_and_shrub_habitat,abundance,abundance,Edge,Interior,1,apples,0,NA,grasshopper_sparrow,NA,standard_error,0,8,NA,0,NA,NA,0.06,8,NA,0.24,NA,NA,Edge is defined as plots adjacent to agriculture (orchards or vineyards),NA,NA,NA
WGSP9SQJ,Knight et al. 2016,edge_and_shrub_habitat,abundance,abundance,Edge,Interior,1,apples,0,NA,house_finch,NA,standard_error,1.17,32,NA,2.98,NA,NA,0,32,NA,0,NA,NA,Edge is defined as plots adjacent to agriculture (orchards or vineyards),NA,NA,NA
WGSP9SQJ,Knight et al. 2016,edge_and_shrub_habitat,abundance,abundance,Edge,Interior,1,apples,0,NA,house_wren,NA,standard_error,0.11,16,NA,0.32,NA,NA,0,16,NA,0,NA,NA,Edge is defined as plots adjacent to agriculture (orchards or vineyards),NA,NA,NA
WGSP9SQJ,Knight et al. 2016,edge_and_shrub_habitat,abundance,abundance,Edge,Interior,1,apples,0,NA,lark_sparrow,NA,standard_error,0.61,112,NA,0.61,NA,NA,0.22,112,NA,0.43,NA,NA,Edge is defined as plots adjacent to agriculture (orchards or vineyards),NA,NA,NA
WGSP9SQJ,Knight et al. 2016,edge_and_shrub_habitat,abundance,abundance,Edge,Interior,1,apples,0,NA,lazuli_bunting,NA,standard_error,0.89,112,NA,0.96,NA,NA,0.39,112,NA,0.78,NA,NA,Edge is defined as plots adjacent to agriculture (orchards or vineyards),NA,NA,NA
WGSP9SQJ,Knight et al. 2016,edge_and_shrub_habitat,abundance,abundance,Edge,Interior,1,apples,0,NA,lewiss_woodpecker,NA,standard_error,0,8,NA,0,NA,NA,0.06,8,NA,0.24,NA,NA,Edge is defined as plots adjacent to agriculture (orchards or vineyards),NA,NA,NA
WGSP9SQJ,Knight et al. 2016,edge_and_shrub_habitat,abundance,abundance,Edge,Interior,1,apples,0,NA,mountain_bluebird,NA,standard_error,0,24,NA,0,NA,NA,0.22,24,NA,0.55,NA,NA,Edge is defined as plots adjacent to agriculture (orchards or vineyards),NA,NA,NA
WGSP9SQJ,Knight et al. 2016,edge_and_shrub_habitat,abundance,abundance,Edge,Interior,1,apples,0,NA,mourning_dove,NA,standard_error,0.06,8,NA,0.24,NA,NA,0,8,NA,0,NA,NA,Edge is defined as plots adjacent to agriculture (orchards or vineyards),NA,NA,NA
WGSP9SQJ,Knight et al. 2016,edge_and_shrub_habitat,abundance,abundance,Edge,Interior,1,apples,0,NA,northern_flicker,NA,standard_error,0,24,NA,0,NA,NA,0.17,24,NA,0.38,NA,NA,Edge is defined as plots adjacent to agriculture (orchards or vineyards),NA,NA,NA
WGSP9SQJ,Knight et al. 2016,edge_and_shrub_habitat,abundance,abundance,Edge,Interior,1,apples,0,NA,red_naped_sapsucker,NA,standard_error,0.11,8,NA,0.47,NA,NA,0,8,NA,0,NA,NA,Edge is defined as plots adjacent to agriculture (orchards or vineyards),NA,NA,NA
WGSP9SQJ,Knight et al. 2016,edge_and_shrub_habitat,abundance,abundance,Edge,Interior,1,apples,0,NA,ruby_crowned_kinglet,NA,standard_error,0.06,8,NA,0.24,NA,NA,0,8,NA,0,NA,NA,Edge is defined as plots adjacent to agriculture (orchards or vineyards),NA,NA,NA
WGSP9SQJ,Knight et al. 2016,edge_and_shrub_habitat,abundance,abundance,Edge,Interior,1,apples,0,NA,rufous_hummingbird,NA,standard_error,0.06,8,NA,0.24,NA,NA,0,8,NA,0,NA,NA,Edge is defined as plots adjacent to agriculture (orchards or vineyards),NA,NA,NA
WGSP9SQJ,Knight et al. 2016,edge_and_shrub_habitat,abundance,abundance,Edge,Interior,1,apples,0,NA,says_phoebe,NA,standard_error,0.28,56,NA,0.46,NA,NA,0.11,56,NA,0.32,NA,NA,Edge is defined as plots adjacent to agriculture (orchards or vineyards),NA,NA,NA
WGSP9SQJ,Knight et al. 2016,edge_and_shrub_habitat,abundance,abundance,Edge,Interior,1,apples,0,NA,savannah_sparrow,NA,standard_error,0.11,8,NA,0.47,NA,NA,0,8,NA,0,NA,NA,Edge is defined as plots adjacent to agriculture (orchards or vineyards),NA,NA,NA
WGSP9SQJ,Knight et al. 2016,edge_and_shrub_habitat,abundance,abundance,Edge,Interior,1,apples,0,NA,spotted_towhee,NA,standard_error,0.44,80,NA,0.78,NA,NA,0.44,80,NA,0.86,NA,NA,Edge is defined as plots adjacent to agriculture (orchards or vineyards),NA,NA,NA
WGSP9SQJ,Knight et al. 2016,edge_and_shrub_habitat,abundance,abundance,Edge,Interior,1,apples,0,NA,tree_swallow,NA,standard_error,0.28,24,NA,0.83,NA,NA,0.06,24,NA,0.24,NA,NA,Edge is defined as plots adjacent to agriculture (orchards or vineyards),NA,NA,NA
WGSP9SQJ,Knight et al. 2016,edge_and_shrub_habitat,abundance,abundance,Edge,Interior,1,apples,0,NA,vesper_sparrow,NA,standard_error,0.28,152,NA,0.46,NA,NA,1.06,152,NA,0.87,NA,NA,Edge is defined as plots adjacent to agriculture (orchards or vineyards),NA,NA,NA
WGSP9SQJ,Knight et al. 2016,edge_and_shrub_habitat,abundance,abundance,Edge,Interior,1,apples,0,NA,white_crowned_sparrow,NA,standard_error,1.11,48,NA,3.6,NA,NA,0.83,48,NA,2.64,NA,NA,Edge is defined as plots adjacent to agriculture (orchards or vineyards),NA,NA,NA
WGSP9SQJ,Knight et al. 2016,edge_and_shrub_habitat,abundance,abundance,Edge,Interior,1,apples,0,NA,western_bluebird,NA,standard_error,0.06,24,NA,0.24,NA,NA,0.33,24,NA,1.19,NA,NA,Edge is defined as plots adjacent to agriculture (orchards or vineyards),NA,NA,NA
WGSP9SQJ,Knight et al. 2016,edge_and_shrub_habitat,abundance,abundance,Edge,Interior,1,apples,0,NA,western_kingbird,NA,standard_error,0.28,48,NA,0.46,NA,NA,0.06,48,NA,0.24,NA,NA,Edge is defined as plots adjacent to agriculture (orchards or vineyards),NA,NA,NA
WGSP9SQJ,Knight et al. 2016,edge_and_shrub_habitat,abundance,abundance,Edge,Interior,1,apples,0,NA,western_meadowlark,NA,standard_error,0.39,104,NA,0.78,NA,NA,0.78,104,NA,1.06,NA,NA,Edge is defined as plots adjacent to agriculture (orchards or vineyards),NA,NA,NA
WGSP9SQJ,Knight et al. 2016,edge_and_shrub_habitat,abundance,abundance,Edge,Interior,1,apples,0,NA,western_wood_pewee,NA,standard_error,0.11,16,NA,0.32,NA,NA,0,16,NA,0,NA,NA,Edge is defined as plots adjacent to agriculture (orchards or vineyards),NA,NA,NA
WGSP9SQJ,Knight et al. 2016,edge_and_shrub_habitat,abundance,abundance,Edge,Interior,1,apples,0,NA,yellow_rumped_warbler,NA,standard_error,0.17,40,NA,0.38,NA,NA,0.28,40,NA,0.83,NA,NA,Edge is defined as plots adjacent to agriculture (orchards or vineyards),NA,NA,NA
EF9SGNSA,Patten et al. 2006,edge_and_shrub_habitat,nest_success,Brood parasitism rate,Distance to woody vegetation <= 21 m,Distance to woody vegetation > 21 m,-1,apples,1,brood parasitism,dickcissel,NA,standard_error,29.06,203,NA,3.19,NA,NA,8.89,45,NA,4.24,NA,NA,Consider whether this is an adequate proxy for nest success,NA,NA,period_survival
EF9SGNSA,Patten et al. 2006,prescribed_fire,nest_success,Brood parasitism rate,Burned,Unburned,-1,apples,1,brood parasitism,eastern_meadowlark,NA,standard_error,7.54,252,NA,1.66,NA,NA,2.99,234,NA,1.11,NA,NA,NA,NA,NA,period_survival
EF9SGNSA,Patten et al. 2006,prescribed_fire,nest_success,Brood parasitism rate,Burned,Unburned,-1,apples,1,brood parasitism,red_winged_blackbird,NA,standard_error,27.27,11,NA,13.43,NA,NA,2.6,77,NA,1.81,NA,NA,NA,NA,NA,period_survival
RYCYMRRZ,Riddle and Moorman 2010,edge_and_shrub_habitat,nest_success,Nest survival probability,Post-field border establishment,Pre-field border establishment,1,apples,0,NA,indigo_bunting_blue_grosbeak,NA,standard_error,0.3,290,NA,0.08,NA,NA,0.26,42,NA,0.11,NA,NA,NA,NA,NA,period_survival
RYCYMRRZ,Riddle and Moorman 2010,edge_and_shrub_habitat,nest_success,Proportion of brood parasitized nests,Post-field border establishment,Pre-field border establishment,-1,apples,1,brood parasitism,indigo_bunting_blue_grosbeak,NA,standard_error,0.32,290,NA,0.08,NA,NA,0.35,42,NA,0.11,NA,NA,Consider whether this is an adequate proxy for nest success,NA,NA,period_survival
UCK86GY9,Skagen et al. 2005,edge_and_shrub_habitat,nest_success,daily survival rate,Edge nests,Interior nests,1,apples,0,NA,artificial_nests,NA,standard_error,0.841,156,NA,0.013,NA,NA,0.826,156,NA,0.014,NA,NA,NA,NA,NA,daily_survival
NMR6JN8N,Suarez et al. 1997,edge_and_shrub_habitat,nest_success,Daily percent predation rate (Dutch Creek),Gradual edge,Abrupt edge,-1,apples,0,NA,indigo_bunting,NA,standard_deviation,4.2,601.5,0.8,NA,NA,NA,7.7,207.5,1.8,NA,NA,NA,NA,NA,NA,daily_survival
NMR6JN8N,Suarez et al. 1997,edge_and_shrub_habitat,nest_success,Daily percent predation rate (Trail of Tears),Gradual edge,Abrupt edge,-1,apples,0,NA,indigo_bunting,NA,standard_deviation,3.6,250.5,1.2,NA,NA,NA,6.6,30.5,4.5,NA,NA,NA,NA,NA,NA,daily_survival
NMR6JN8N,Suarez et al. 1997,edge_and_shrub_habitat,nest_success,Daily percent predation rate (Pine Hills),Gradual edge,Abrupt edge,-1,apples,0,NA,indigo_bunting,NA,standard_deviation,2.2,226,1,NA,NA,NA,8.1,37,4.5,NA,NA,NA,NA,NA,NA,daily_survival
NMR6JN8N,Suarez et al. 1997,edge_and_shrub_habitat,nest_success,Daily percent predation rate (S. Ripple Hollow),Gradual edge,Abrupt edge,-1,apples,0,NA,indigo_bunting,NA,standard_deviation,3.6,84,2,NA,NA,NA,2.5,40,2.5,NA,NA,NA,NA,NA,NA,daily_survival
NMR6JN8N,Suarez et al. 1997,edge_and_shrub_habitat,nest_success,Daily percent predation rate (Section II),Gradual edge,Abrupt edge,-1,apples,0,NA,indigo_bunting,NA,standard_deviation,4.3,47,3,NA,NA,NA,18.2,6,15.8,NA,NA,NA,NA,NA,NA,daily_survival
TY9UGHCS,Valentine et al. 2019,edge_and_shrub_habitat,abundance,abundance (birds/point),Edge,Interior,1,apples,0,NA,american_crow,NA,standard_deviation,0.25,2,0.53,NA,NA,NA,0.04,2,0.2,NA,NA,NA,NA,NA,NA,NA
TY9UGHCS,Valentine et al. 2019,edge_and_shrub_habitat,abundance,abundance (birds/point),Edge,Interior,1,apples,0,NA,blue_jay,NA,standard_deviation,1.46,2,0.93,NA,NA,NA,0.67,2,0.76,NA,NA,NA,NA,NA,NA,NA
TY9UGHCS,Valentine et al. 2019,edge_and_shrub_habitat,abundance,abundance (birds/point),Edge,Interior,1,apples,0,NA,common_grackle,NA,standard_deviation,0,2,0,NA,NA,NA,0.04,2,0.2,NA,NA,NA,NA,NA,NA,NA
GS4TG5A4,Augustine and Derner 2015,prescribed_fire,abundance,density (birds/km^2),Recently burned patches,Unburned patches,1,apples,0,NA,lark_bunting,NA,standard_error,23.4633,3,NA,6.7395,NA,NA,76.2559,6,NA,5.6162,NA,NA,Traced from plot,NA,NA,NA
GS4TG5A4,Augustine and Derner 2015,prescribed_fire,abundance,density (birds/km^2),Recently burned patches,Unburned patches,1,apples,0,NA,horned_lark,NA,standard_error,27.3795,3,NA,1.9931,NA,NA,31.49,6,NA,1.6042,NA,NA,Traced from plot,NA,NA,NA
GS4TG5A4,Augustine and Derner 2015,prescribed_fire,abundance,density (birds/km^2),Recently burned patches,Unburned patches,1,apples,0,NA,western_meadowlark,NA,standard_error,3.8542,3,NA,1.56,NA,NA,10.6659,6,NA,1.3252,NA,NA,Traced from plot,NA,NA,NA
GS4TG5A4,Augustine and Derner 2015,prescribed_fire,abundance,density (birds/km^2),Recently burned patches,Unburned patches,1,apples,0,NA,mccowns_longspur,NA,standard_error,21.9008,3,NA,11.955,NA,NA,8.4561,6,NA,4.0725,NA,NA,Traced from plot; upper and lower error bars were not symmetrical for treatment,NA,NA,NA
GS4TG5A4,Augustine and Derner 2015,prescribed_fire,abundance,density (birds/km^2),Recently burned patches,Unburned patches,1,apples,0,NA,grasshopper_sparrow,NA,standard_error,0,3,NA,0,NA,NA,6.5079,6,NA,1.4796,NA,NA,Traced from plot,NA,NA,NA
GS4TG5A4,Augustine and Derner 2015,prescribed_fire,abundance,density (birds/km^2),Recently burned patches,Unburned patches,1,apples,0,NA,mountain_plover,NA,standard_error,6.4704,3,NA,0.7666,NA,NA,0,6,NA,0,NA,NA,Traced from plot,NA,NA,NA
W9HAEBRV,Batáry et al. 2007,grazing_intensity,abundance,Number of territories,Extensively grazed pastures,Intensively grazed pastures,1,apples,0,NA,grassland_species,NA,standard_error,19.4113,21,NA,6.9606,NA,NA,10.1848,21,NA,3.4806,NA,NA,"Traced from plot; extensive and intensive represent low and high grazing pressure, respectively",NA,NA,NA
FE9EGUNZ,Bouvier et al. 2011,eliminate_pesticides,abundance,abundance,organic (2003),conventionional (2003),1,apples,0,NA,all_species,NA,standard_error,43.5737,5,NA,3.2073,NA,NA,14.3705,5,NA,2.9112,NA,NA,Traced from plot,NA,NA,NA
FE9EGUNZ,Bouvier et al. 2011,eliminate_pesticides,abundance,abundance,organic (2004),conventionional (2004),1,apples,0,NA,all_species,NA,standard_error,49.0177,5,NA,4.1941,NA,NA,18.6303,5,NA,3.75,NA,NA,Traced from plot,NA,NA,NA
FE9EGUNZ,Bouvier et al. 2011,eliminate_pesticides,abundance,abundance,organic (2005),conventionional (2005),1,apples,0,NA,all_species,NA,standard_error,45.2842,5,NA,4.8848,NA,NA,15.3408,5,NA,2.3684,NA,NA,Traced from plot,NA,NA,NA
FE9EGUNZ,Bouvier et al. 2011,eliminate_pesticides,species_richness,species_richness,organic (2003),conventionional (2003),1,apples,0,NA,all_species,NA,standard_error,23.2625,5,NA,1.1826,NA,NA,9.3184,5,NA,1.138,NA,NA,Traced from plot,NA,NA,NA
FE9EGUNZ,Bouvier et al. 2011,eliminate_pesticides,species_richness,species_richness,organic (2004),conventionional (2004),1,apples,0,NA,all_species,NA,standard_error,24.8281,5,NA,1.1602,NA,NA,10.1477,5,NA,1.1602,NA,NA,Traced from plot,NA,NA,NA
FE9EGUNZ,Bouvier et al. 2011,eliminate_pesticides,species_richness,species_richness,organic (2005),conventionional (2005),1,apples,0,NA,all_species,NA,standard_error,22.7344,5,NA,1.1602,NA,NA,8.768,5,NA,1.138,NA,NA,Traced from plot,NA,NA,NA
FE9EGUNZ,Bouvier et al. 2011,eliminate_pesticides,abundance,abundance,organic,conventionional,1,apples,0,NA,insectivores,NA,standard_error,23.5516,5,NA,1.5491,NA,NA,7.133,5,NA,0.6663,NA,NA,Traced from plot,NA,NA,NA
FE9EGUNZ,Bouvier et al. 2011,eliminate_pesticides,abundance,abundance,organic,conventionional,1,apples,0,NA,granivores,NA,standard_error,13.2724,5,NA,1.5657,NA,NA,7.0647,5,NA,1.0994,NA,NA,Traced from plot,NA,NA,NA
QX25INTP,Buckley et al. 2022,rotational_grazing,nest_success,daily survival rate,Rotational grazing,Pre-treatment,1,apples,0,NA,red_winged_blackbird,NA,standard_error,0.9435,14,NA,0.009993,NA,NA,0.9775,18,NA,0.019,NA,NA,Traced from plot,NA,NA,daily_survival
QX25INTP,Buckley et al. 2022,rotational_grazing,nest_success,daily survival rate,Rotational grazing,Pre-treatment,1,apples,0,NA,field_sparrow,NA,standard_error,0.9455,56,NA,0.0111,NA,NA,0.954,41,NA,0.028,NA,NA,Traced from plot,NA,NA,daily_survival
QX25INTP,Buckley et al. 2022,rotational_grazing,nest_success,daily survival rate,Rotational grazing,Pre-treatment,1,apples,0,NA,indigo_bunting,NA,standard_error,0.9327,8,NA,0.0099937,NA,NA,0.9231,13,NA,0.024,NA,NA,Traced from plot,NA,NA,daily_survival
QX25INTP,Buckley et al. 2022,rotational_grazing,nest_success,daily survival rate,Patch-burn grazed,Pre-treatment,1,oranges,0,NA,field_sparrow,NA,standard_error,0.9239,84,NA,0.0202,NA,NA,0.954,41,NA,0.028,NA,NA,Consider changing the bmp or dropping; Traced from plot; Could migrate to patch-burn vs. rotation grazing with a new trace,NA,NA,daily_survival
QX25INTP,Buckley et al. 2022,rotational_grazing,nest_success,daily survival rate,Patch-burn grazed,Pre-treatment,1,oranges,0,NA,indigo_bunting,NA,standard_error,0.9327,23,NA,0.0079947,NA,NA,0.9231,13,NA,0.024,NA,NA,Traced from plot,NA,NA,daily_survival
QX25INTP,Buckley et al. 2022,rotational_grazing,nest_success,Percent nest_success,Rotational grazing,Pre-treatment,1,apples,0,NA,red_winged_blackbird,NA,standard_error,27.7012,14,NA,4.5762,NA,NA,60.5786,18,NA,5.3215,NA,NA,Traced from plot,NA,NA,period_survival
QX25INTP,Buckley et al. 2022,rotational_grazing,nest_success,Percent nest_success,Rotational grazing,Pre-treatment,1,apples,0,NA,field_sparrow,NA,standard_error,42.9747,56,NA,5.7466,NA,NA,49.0299,41,NA,5.4275,NA,NA,Traced from plot,NA,NA,period_survival
QX25INTP,Buckley et al. 2022,rotational_grazing,nest_success,Percent nest_success,Rotational grazing,Pre-treatment,1,apples,0,NA,indigo_bunting,NA,standard_error,26.4236,8,NA,6.1722,NA,NA,21.7283,13,NA,4.8936,NA,NA,Traced from plot,NA,NA,period_survival
QX25INTP,Buckley et al. 2022,rotational_grazing,nest_success,Percent nest_success,Patch-burn grazed,Pre-treatment,1,oranges,0,NA,field_sparrow,NA,standard_error,30.3206,84,NA,7.3432,NA,NA,49.0299,41,NA,5.4275,NA,NA,Consider changing the bmp or dropping; Traced from plot,NA,NA,period_survival
QX25INTP,Buckley et al. 2022,rotational_grazing,nest_success,Percent nest_success,Patch-burn grazed,Pre-treatment,1,oranges,0,NA,indigo_bunting,NA,standard_error,26.3288,23,NA,9.0462,NA,NA,21.7283,13,NA,4.8936,NA,NA,Traced from plot,NA,NA,period_survival
2WJYSYDE,Cassidy and Kleppel 2017,rotational_grazing,abundance,abundance,Holistic resource managment,Continuous grazing,1,apples,0,NA,grassland_obligates,NA,standard_error,2.1172,13,NA,0.3997,NA,NA,0.4183,4,NA,0.3997,NA,NA,"Traced from plot; Holistic resource management is defined as frequent rotation, long rest periods, and high stocking density",NA,NA,NA
2WJYSYDE,Cassidy and Kleppel 2017,rotational_grazing,abundance,abundance,Holistic resource managment,Continuous grazing,1,apples,0,NA,savannah_sparrow,NA,standard_error,1.1444,13,NA,0.2404,NA,NA,0.1636,4,NA,0.1543,NA,NA,"Traced from plot; Holistic resource management is defined as frequent rotation, long rest periods, and high stocking density",NA,NA,NA
2WJYSYDE,Cassidy and Kleppel 2017,rotational_grazing,abundance,abundance,Holistic resource managment,Continuous grazing,1,apples,0,NA,bobolink,NA,standard_error,0.9003,13,NA,0.3445,NA,NA,0.2533,4,NA,0.2404,NA,NA,"Traced from plot; Holistic resource management is defined as frequent rotation, long rest periods, and high stocking density",NA,NA,NA
2WJYSYDE,Cassidy and Kleppel 2017,rotational_grazing,abundance,abundance,Holistic resource managment,Continuous grazing,1,apples,0,NA,eastern_meadowlark,NA,standard_error,0.0685,13,NA,0.0689,NA,NA,0,4,NA,0,NA,NA,"Traced from plot; Holistic resource management is defined as frequent rotation, long rest periods, and high stocking density",NA,NA,NA
2WJYSYDE,Cassidy and Kleppel 2017,rotational_grazing,abundance,abundance,Holistic resource managment,Continuous grazing,1,apples,0,NA,killdeer,NA,standard_error,0,13,NA,0,NA,NA,0.2511,4,NA,0.1295,NA,NA,"Traced from plot; Holistic resource management is defined as frequent rotation, long rest periods, and high stocking density",NA,NA,NA
ECUBV53L,Delisle and Savidge 1997,plant_nwsg,abundance,abundance (individuals/100 ha),CP2 (NWSG) fields,CP1 (CSG) fields,1,apples,0,NA,dickcissel,NA,standard_error,198.6758,5,NA,28.3834,NA,NA,135.9061,5,NA,28.111,NA,NA,Traced from plot,NA,NA,NA
ECUBV53L,Delisle and Savidge 1997,plant_nwsg,abundance,abundance (individuals/100 ha),CP2 (NWSG) fields,CP1 (CSG) fields,1,apples,0,NA,grasshopper_sparrow,NA,standard_error,40.7762,5,NA,18.0128,NA,NA,62.3401,5,NA,11.1896,NA,NA,Traced from plot,NA,NA,NA
ECUBV53L,Delisle and Savidge 1997,plant_nwsg,abundance,abundance (individuals/100 ha),CP2 (NWSG) fields,CP1 (CSG) fields,1,apples,0,NA,common_yellowthroat,NA,standard_error,27.6634,5,NA,7.6416,NA,NA,0,5,NA,0,NA,NA,Traced from plot,NA,NA,NA
ECUBV53L,Delisle and Savidge 1997,plant_nwsg,abundance,abundance (individuals/100 ha),CP2 (NWSG) fields,CP1 (CSG) fields,1,apples,0,NA,bobolink,NA,standard_error,0,5,NA,0,NA,NA,25.7435,5,NA,8.7332,NA,NA,Traced from plot,NA,NA,NA
ECUBV53L,Delisle and Savidge 1997,plant_nwsg,abundance,abundance (individuals/100 ha),CP2 (NWSG) fields,CP1 (CSG) fields,1,apples,0,NA,brown_headed_cowbird,NA,standard_error,24.0903,5,NA,7.0958,NA,NA,31.1895,5,NA,7.0959,NA,NA,Traced from plot,NA,NA,NA
ECUBV53L,Delisle and Savidge 1997,plant_nwsg,abundance,abundance (individuals/100 ha),CP2 (NWSG) fields,CP1 (CSG) fields,1,apples,0,NA,red_winged_blackbird,NA,standard_error,19.4383,5,NA,7.6416,NA,NA,34.1796,5,NA,14.1915,NA,NA,Traced from plot,NA,NA,NA
ECUBV53L,Delisle and Savidge 1997,plant_nwsg,abundance,abundance (individuals/100 ha),CP2 (NWSG) fields,CP1 (CSG) fields,1,apples,0,NA,sedge_wren,NA,standard_error,20.7906,5,NA,5.7311,NA,NA,7.1473,5,NA,3.8208,NA,NA,Traced from plot,NA,NA,NA
ECUBV53L,Delisle and Savidge 1997,plant_nwsg,abundance,abundance (individuals/100 ha),CP2 (NWSG) fields,CP1 (CSG) fields,1,apples,0,NA,mourning_dove,NA,standard_error,7.9506,5,NA,1.9104,NA,NA,8.2266,5,NA,3.5479,NA,NA,Traced from plot,NA,NA,NA
ECUBV53L,Delisle and Savidge 1997,plant_nwsg,abundance,abundance (individuals/100 ha),CP2 (NWSG) fields,CP1 (CSG) fields,1,apples,0,NA,northern_bobwhite,NA,standard_error,9.3031,5,NA,6.823,NA,NA,7.1227,5,NA,3.0021,NA,NA,Traced from plot,NA,NA,NA
ECUBV53L,Delisle and Savidge 1997,plant_nwsg,abundance,abundance (individuals/100 ha),CP2 (NWSG) fields,CP1 (CSG) fields,1,apples,0,NA,meadowlark_spp,NA,standard_error,7.38,5,NA,2.4563,NA,NA,6.5642,5,NA,1.9104,NA,NA,Traced from plot,NA,NA,NA
ECUBV53L,Delisle and Savidge 1997,plant_nwsg,abundance,abundance (individuals/100 ha),CP2 (NWSG) fields,CP1 (CSG) fields,1,apples,0,NA,ring_necked_pheasant,NA,standard_error,6.2756,5,NA,2.1833,NA,NA,3.8224,5,NA,1.9104,NA,NA,Traced from plot,NA,NA,NA
ZXCUY5K9,Duquette et al. 2022,prescribed_fire,species_richness,shannon diversity,season-long grazing with dormant season patch-burning,season long grazing (no fire),1,apples,0,NA,all_species,NA,confidence_intervals,1.4998,4,NA,NA,1.4191,1.5691,1.5192,4,NA,NA,1.4392,1.5992000000000002,Traced from plot; treatment: one-fourth pasture burned late April–early May at a 4-year return interval,NA,NA,NA
ZXCUY5K9,Duquette et al. 2022,prescribed_fire,species_richness,shannon diversity,season-long grazing with dormant season and growing season patch-burning at a 4-year return interval,season long grazing (no fire),1,apples,0,NA,all_species,NA,confidence_intervals,1.5697,4,NA,NA,1.4896,1.6498000000000002,1.5192,4,NA,NA,1.4392,1.5992000000000002,Traced from plot; treatment: one-eighth pasture burned late April–early May and one-eighth pasture burned late August–late September at a 4-year return interval,NA,NA,NA
ZXCUY5K9,Duquette et al. 2022,rotational_grazing,species_richness,shannon diversity,modified twice-over rest rotation,season long grazing,1,apples,0,NA,all_species,NA,confidence_intervals,1.35,4,NA,NA,1.2611,1.4392,1.5192,4,NA,NA,1.4392,1.5992000000000002,Traced from plot; treatment: variably stocked paddocks,NA,NA,NA
ZXCUY5K9,Duquette et al. 2022,prescribed_fire,abundance,density (individuals/ha),season-long grazing with dormant season patch-burning,season long grazing (no fire),1,apples,0,NA,bobolink,NA,confidence_intervals,0.8394,4,NA,NA,0.6173000000000001,1.1407,0.8002,4,NA,NA,0.5882000000000001,1.1004,"Traced from plot; treatment: one-fourth pasture burned late April–early May at a 4-year return interval; Error type is not given, but assumed to be confidence intervals",NA,NA,NA
ZXCUY5K9,Duquette et al. 2022,prescribed_fire,abundance,density (individuals/ha),season-long grazing with dormant season and growing season patch-burning at a 4-year return interval,season long grazing (no fire),1,apples,0,NA,bobolink,NA,confidence_intervals,0.488,4,NA,NA,0.3474,0.6878,0.8002,4,NA,NA,0.5882000000000001,1.1004,"Traced from plot; treatment: one-eighth pasture burned late April–early May and one-eighth pasture burned late August–late September at a 4-year return interval; Error type is not given, but assumed to be confidence intervals",NA,NA,NA
ZXCUY5K9,Duquette et al. 2022,rotational_grazing,abundance,density (individuals/ha),modified twice-over rest rotation,season long grazing,1,apples,0,NA,bobolink,NA,confidence_intervals,0.7995,4,NA,NA,0.5674,1.1109,0.8002,4,NA,NA,0.5882000000000001,1.1004,"Traced from plot; treatment: variably stocked paddocks; Error type is not given, but assumed to be confidence intervals",NA,NA,NA
ZXCUY5K9,Duquette et al. 2022,prescribed_fire,abundance,density (individuals/ha),season-long grazing with dormant season patch-burning,season long grazing (no fire),1,apples,0,NA,chestnut_collared_longspur,NA,confidence_intervals,0.5098,4,NA,NA,0.36030000000000006,0.6986,0.1495,4,NA,NA,0.08909999999999998,0.23959999999999998,"Traced from plot; treatment: one-fourth pasture burned late April–early May at a 4-year return interval; Error type is not given, but assumed to be confidence intervals",NA,NA,NA
ZXCUY5K9,Duquette et al. 2022,prescribed_fire,abundance,density (individuals/ha),season-long grazing with dormant season and growing season patch-burning at a 4-year return interval,season long grazing (no fire),1,apples,0,NA,chestnut_collared_longspur,NA,confidence_intervals,0.2997,4,NA,NA,0.2,0.42910000000000004,0.1495,4,NA,NA,0.08909999999999998,0.23959999999999998,"Traced from plot; treatment: one-eighth pasture burned late April–early May and one-eighth pasture burned late August–late September at a 4-year return interval; Error type is not given, but assumed to be confidence intervals",NA,NA,NA
ZXCUY5K9,Duquette et al. 2022,rotational_grazing,abundance,density (individuals/ha),modified twice-over rest rotation,season long grazing,1,apples,0,NA,chestnut_collared_longspur,NA,confidence_intervals,0.666,4,NA,NA,0.6363000000000001,0.7350000000000001,0.1495,4,NA,NA,0.08909999999999998,0.23959999999999998,"Traced from plot; treatment: variably stocked paddocks; Error type is not given, but assumed to be confidence intervals",NA,NA,NA
ZXCUY5K9,Duquette et al. 2022,prescribed_fire,abundance,density (individuals/ha),season-long grazing with dormant season patch-burning,season long grazing (no fire),1,apples,0,NA,clay_colored_sparrow,NA,confidence_intervals,1.4132,4,NA,NA,1.0906,1.8058,2.543,4,NA,NA,2.0269000000000004,3.1935000000000002,"Traced from plot; treatment: one-fourth pasture burned late April–early May at a 4-year return interval; Error type is not given, but assumed to be confidence intervals",NA,NA,NA
ZXCUY5K9,Duquette et al. 2022,prescribed_fire,abundance,density (individuals/ha),season-long grazing with dormant season and growing season patch-burning at a 4-year return interval,season long grazing (no fire),1,apples,0,NA,clay_colored_sparrow,NA,confidence_intervals,1.1114,4,NA,NA,0.8533,1.4394,2.543,4,NA,NA,2.0269000000000004,3.1935000000000002,"Traced from plot; treatment: one-eighth pasture burned late April–early May and one-eighth pasture burned late August–late September at a 4-year return interval; Error type is not given, but assumed to be confidence intervals",NA,NA,NA
ZXCUY5K9,Duquette et al. 2022,rotational_grazing,abundance,density (individuals/ha),modified twice-over rest rotation,season long grazing,1,apples,0,NA,clay_colored_sparrow,NA,confidence_intervals,3.7343,4,NA,NA,2.9868,4.6646,2.543,4,NA,NA,2.0269000000000004,3.1935000000000002,"Traced from plot; treatment: variably stocked paddocks; Error type is not given, but assumed to be confidence intervals",NA,NA,NA
ZXCUY5K9,Duquette et al. 2022,prescribed_fire,abundance,density (individuals/ha),season-long grazing with dormant season patch-burning,season long grazing (no fire),1,apples,0,NA,grasshopper_sparrow,NA,confidence_intervals,1.459,4,NA,NA,1.1986,1.7790000000000001,1.3504,4,NA,NA,1.1117000000000001,1.6571,"Traced from plot; treatment: one-fourth pasture burned late April–early May at a 4-year return interval; Error type is not given, but assumed to be confidence intervals",NA,NA,NA
ZXCUY5K9,Duquette et al. 2022,prescribed_fire,abundance,density (individuals/ha),season-long grazing with dormant season and growing season patch-burning at a 4-year return interval,season long grazing (no fire),1,apples,0,NA,grasshopper_sparrow,NA,confidence_intervals,1.3139,4,NA,NA,1.0752000000000002,1.6035000000000001,1.3504,4,NA,NA,1.1117000000000001,1.6571,"Traced from plot; treatment: one-eighth pasture burned late April–early May and one-eighth pasture burned late August–late September at a 4-year return interval; Error type is not given, but assumed to be confidence intervals",NA,NA,NA
ZXCUY5K9,Duquette et al. 2022,rotational_grazing,abundance,density (individuals/ha),modified twice-over rest rotation,season long grazing,1,apples,0,NA,grasshopper_sparrow,NA,confidence_intervals,0.7429,4,NA,NA,0.5734,0.9599,1.3504,4,NA,NA,1.1117000000000001,1.6571,"Traced from plot; treatment: variably stocked paddocks; Error type is not given, but assumed to be confidence intervals",NA,NA,NA
ZXCUY5K9,Duquette et al. 2022,prescribed_fire,abundance,density (individuals/ha),season-long grazing with dormant season patch-burning,season long grazing (no fire),1,apples,0,NA,savannah_sparrow,NA,confidence_intervals,0.8375,4,NA,NA,0.6273,1.1153,0.7473,4,NA,NA,0.5586,0.9961,"Traced from plot; treatment: one-fourth pasture burned late April–early May at a 4-year return interval; Error type is not given, but assumed to be confidence intervals",NA,NA,NA
ZXCUY5K9,Duquette et al. 2022,prescribed_fire,abundance,density (individuals/ha),season-long grazing with dormant season and growing season patch-burning at a 4-year return interval,season long grazing (no fire),1,apples,0,NA,savannah_sparrow,NA,confidence_intervals,0.6394,4,NA,NA,0.4695,0.8664999999999999,0.7473,4,NA,NA,0.5586,0.9961,"Traced from plot; treatment: one-eighth pasture burned late April–early May and one-eighth pasture burned late August–late September at a 4-year return interval; Error type is not given, but assumed to be confidence intervals",NA,NA,NA
ZXCUY5K9,Duquette et al. 2022,rotational_grazing,abundance,density (individuals/ha),modified twice-over rest rotation,season long grazing,1,apples,0,NA,savannah_sparrow,NA,confidence_intervals,0.8394,4,NA,NA,0.6198,1.1379000000000001,0.7473,4,NA,NA,0.5586,0.9961,"Traced from plot; treatment: variably stocked paddocks; Error type is not given, but assumed to be confidence intervals",NA,NA,NA
ZXCUY5K9,Duquette et al. 2022,prescribed_fire,abundance,density (individuals/ha),season-long grazing with dormant season patch-burning,season long grazing (no fire),1,apples,0,NA,western_meadowlark,NA,confidence_intervals,2.6681,4,NA,NA,1.3466,5.2803,2.7893,4,NA,NA,1.4084999999999999,5.5372,"Traced from plot; treatment: one-fourth pasture burned late April–early May at a 4-year return interval; Error type is not given, but assumed to be confidence intervals",NA,NA,NA
ZXCUY5K9,Duquette et al. 2022,prescribed_fire,abundance,density (individuals/ha),season-long grazing with dormant season and growing season patch-burning at a 4-year return interval,season long grazing (no fire),1,apples,0,NA,western_meadowlark,NA,confidence_intervals,2.9795,4,NA,NA,1.5064999999999997,5.8565,2.7893,4,NA,NA,1.4084999999999999,5.5372,"Traced from plot; treatment: one-eighth pasture burned late April–early May and one-eighth pasture burned late August–late September at a 4-year return interval; Error type is not given, but assumed to be confidence intervals",NA,NA,NA
ZXCUY5K9,Duquette et al. 2022,rotational_grazing,abundance,density (individuals/ha),modified twice-over rest rotation,season long grazing,1,apples,0,NA,western_meadowlark,NA,confidence_intervals,0.9988,4,NA,NA,0.4678,2.0616,2.7893,4,NA,NA,1.4084999999999999,5.5372,"Traced from plot; treatment: variably stocked paddocks; Error type is not given, but assumed to be confidence intervals",NA,NA,NA
AGDXXJXK,George et al. 2013,plant_nwsg,abundance,density (birds/ha),Native mixed grass prairie,Old world bluestem monoculture,1,apples,0,NA,grasshopper_sparrow,NA,standard_error,0.9466,6,NA,0.2469,NA,NA,1.6972,6,NA,0.2768,NA,NA,Traced from plot,NA,NA,NA
AGDXXJXK,George et al. 2013,plant_nwsg,abundance,density (birds/ha),Native mixed grass prairie,Old world bluestem monoculture,1,apples,0,NA,dickcissel,NA,standard_error,0.7974,6,NA,0.2444,NA,NA,0.5106,6,NA,0.2619,NA,NA,Traced from plot,NA,NA,NA
AGDXXJXK,George et al. 2013,plant_nwsg,abundance,density (birds/ha),Native mixed grass prairie,Old world bluestem monoculture,1,apples,0,NA,eastern_meadowlark,NA,standard_error,0.4538,6,NA,0.1198,NA,NA,0.511,6,NA,0.1222,NA,NA,Traced from plot,NA,NA,NA
AGDXXJXK,George et al. 2013,plant_nwsg,abundance,density (birds/ha),Native mixed grass prairie,Old world bluestem monoculture,1,apples,0,NA,brown_headed_cowbird,NA,standard_error,0.0552,6,NA,0.02,NA,NA,0.1199,6,NA,0.0798,NA,NA,Traced from plot,NA,NA,NA
AGDXXJXK,George et al. 2013,plant_nwsg,abundance,density (birds/ha),Native mixed grass prairie,Old world bluestem monoculture,1,apples,0,NA,killdeer,NA,standard_error,0.0108,6,NA,0.0099865,NA,NA,0.0879,6,NA,0.0424,NA,NA,Traced from plot,NA,NA,NA
AGDXXJXK,George et al. 2013,plant_nwsg,abundance,density (birds/ha),Native mixed grass prairie,Old world bluestem monoculture,1,apples,0,NA,common_nighthawk,NA,standard_error,0.0312,6,NA,0.0175,NA,NA,0.0684,6,NA,0.0574,NA,NA,Traced from plot,NA,NA,NA
AGDXXJXK,George et al. 2013,plant_nwsg,abundance,density (birds/ha),Native mixed grass prairie,Old world bluestem monoculture,1,apples,0,NA,mourning_dove,NA,standard_error,0.0765,6,NA,0.0524,NA,NA,0.0789,6,NA,0.0474,NA,NA,Traced from plot,NA,NA,NA
AGDXXJXK,George et al. 2013,plant_nwsg,abundance,density (birds/ha),Native mixed grass prairie,Old world bluestem monoculture,1,apples,1,NA,northern_bobwhite,NA,standard_error,0.0594,6,NA,0.0274,NA,NA,0.0019289,6,NA,3.817e-6,NA,NA,Traced from plot,NA,NA,NA
AGDXXJXK,George et al. 2013,plant_nwsg,abundance,density (birds/ha),Native mixed grass prairie,Old world bluestem monoculture,1,apples,0,NA,lark_sparrow,NA,standard_error,0.1123,6,NA,0.0848,NA,NA,0.0224,6,NA,0.0175,NA,NA,Traced from plot,NA,NA,NA
5LF5W5A9,Glass and Eichholz 2023,prescribed_fire,abundance,nest density (nests/ha),Sites burned that year or the previous year,Unburned sites,1,apples,0,NA,dickcissel,NA,confidence_intervals,1.3164,3,NA,NA,0.8240000000000001,1.8088,0.2374,37,NA,NA,0.0758,0.399,Traced from plot; Sample size is sites and years,NA,NA,NA
5LF5W5A9,Glass and Eichholz 2023,edge_and_shrub_habitat,abundance,nest density (nests/ha),Distance to edge (0 - 20 m),Distance to edge (>40 m),1,apples,0,NA,field_sparrow,NA,confidence_intervals,1.1499,10,NA,NA,0.8489,1.4508999999999999,0.5672,10,NA,NA,0.22850000000000004,0.9059,Traced from plot; Sample size is number of sites,NA,NA,NA
5LF5W5A9,Glass and Eichholz 2023,edge_and_shrub_habitat,abundance,nest density (nests/ha),Distance to edge (0 - 20 m),Distance to edge (>40 m),1,apples,0,NA,dickcissel,NA,confidence_intervals,0.2657,10,NA,NA,0.03849999999999998,0.4929,0.3184,10,NA,NA,0.09840000000000002,0.5384,Traced from plot; Sample size is number of sites,NA,NA,NA
5LF5W5A9,Glass and Eichholz 2023,edge_and_shrub_habitat,abundance,nest density (nests/ha),Distance to edge (0 - 20 m),Distance to edge (>40 m),1,apples,0,NA,common_yellowthroat,NA,confidence_intervals,0.2875,10,NA,NA,0.05739999999999998,0.5176,0.236,10,NA,NA,0.06969999999999998,0.4023,Traced from plot; Sample size is number of sites,NA,NA,NA
FFFPKYB5,Jensen and Finck 2004,edge_and_shrub_habitat,nest_success,daily nest predation rate,Distance to woodland edge (<= 50 m),Distance to woodland edge (>100 m),-1,apples,0,NA,dickcissel,NA,standard_error,0.1621,37,NA,0.061,NA,NA,0.0737,476,NA,0.0118,NA,NA,Traced from plot; Error is assumed to be standard error; Sample size is exposure days,NA,NA,daily_survival
FFFPKYB5,Jensen and Finck 2004,edge_and_shrub_habitat,abundance,nest density (nests/ha),Distance to woodland edge (<= 50 m),Distance to woodland edge (>100 m),1,apples,0,NA,dickcissel,NA,standard_error,0.0399,7,NA,0.0154,NA,NA,0.1475,7,NA,0.0515,NA,NA,Traced from plot; Error is assumed to be standard error,NA,NA,NA
H9PA8BNU,Kragten and de Snoo 2007,eliminate_pesticides,nest_success,mayfield daily nest survival rate,Organic farms (2005),Conventional farms (2005),1,apples,0,NA,northern_lapwing,NA,standard_error,0.9605,80,NA,0.0062167,NA,NA,0.976,45,NA,0.0060227,NA,NA,Traced from plot,NA,NA,daily_survival
H9PA8BNU,Kragten and de Snoo 2007,eliminate_pesticides,nest_success,mayfield daily nest survival rate,Organic farms (2006),Conventional farms (2006),1,apples,0,NA,northern_lapwing,NA,standard_error,0.9557,71,NA,0.0066052,NA,NA,0.9585,46,NA,0.0079645,NA,NA,Traced from plot,NA,NA,daily_survival
JGT3P9TP,Bollinger and Gavin 2004,edge_and_shrub_habitat,nest_success,DSR,Nests <=50 m from forest edge,Nests >100 m from forest edge,1,apples,0,NA,bobolink,NA,standard_error,0.9519,501,NA,0.0094157,NA,NA,0.9788,1237,NA,0.0040393,NA,NA,Traced from plot; Sample size is exposure days,NA,NA,daily_survival
XXILUEDP,Plush et al. 2013,provide_overwintering_habitat,abundance,density (birds/.08 ha),NWSG/flowers field borders (2009),Mowed field borders (2009),1,apples,0,NA,sparrows,NA,standard_error,4.4107,9,NA,1.645,NA,NA,0.83,9,NA,0.5953,NA,NA,Traced from plot,NA,NA,NA
XXILUEDP,Plush et al. 2013,edge_and_shrub_habitat,abundance,density (birds/.08 ha),NWSG/flowers field borders (2009),Mowed field borders (2009),1,apples,0,NA,sparrows,NA,standard_error,4.4107,9,NA,1.645,NA,NA,0.83,9,NA,0.5953,NA,NA,Traced from plot,NA,NA,NA
XXILUEDP,Plush et al. 2013,provide_overwintering_habitat,abundance,density (birds/.08 ha),NWSG/flowers field borders (2010),Mowed field borders (2010),1,apples,0,NA,sparrows,NA,standard_error,5.4923,9,NA,2.0367,NA,NA,0.8776,9,NA,0.7207,NA,NA,Traced from plot,NA,NA,NA
XXILUEDP,Plush et al. 2013,edge_and_shrub_habitat,abundance,density (birds/.08 ha),NWSG/flowers field borders (2010),Mowed field borders (2010),1,apples,0,NA,sparrows,NA,standard_error,5.4923,9,NA,2.0367,NA,NA,0.8776,9,NA,0.7207,NA,NA,Traced from plot,NA,NA,NA
XXILUEDP,Plush et al. 2013,provide_overwintering_habitat,abundance,density (birds/.08 ha),Fallow field borders (2009),Mowed field borders (2009),1,apples,0,NA,sparrows,NA,standard_error,5.0418,9,NA,2.8199,NA,NA,0.83,9,NA,0.5953,NA,NA,Traced from plot,NA,NA,NA
XXILUEDP,Plush et al. 2013,edge_and_shrub_habitat,abundance,density (birds/.08 ha),Fallow field borders (2009),Mowed field borders (2009),1,apples,0,NA,sparrows,NA,standard_error,5.0418,9,NA,2.8199,NA,NA,0.83,9,NA,0.5953,NA,NA,Traced from plot,NA,NA,NA
XXILUEDP,Plush et al. 2013,provide_overwintering_habitat,abundance,density (birds/.08 ha),Fallow field borders (2010),Mowed field borders (2010),1,apples,0,NA,sparrows,NA,standard_error,8.5359,9,NA,3.1961,NA,NA,0.8776,9,NA,0.7207,NA,NA,Traced from plot,NA,NA,NA
XXILUEDP,Plush et al. 2013,edge_and_shrub_habitat,abundance,density (birds/.08 ha),Fallow field borders (2010),Mowed field borders (2010),1,apples,0,NA,sparrows,NA,standard_error,8.5359,9,NA,3.1961,NA,NA,0.8776,9,NA,0.7207,NA,NA,Traced from plot,NA,NA,NA
VXQYBKJ5,Carnochan et al. 2018,rotational_grazing,nest_success,Probability of nesting success,Twice-over rotational grazing (2011),Season-long grazing (2011),1,apples,0,NA,clay_colored_sparrow,NA,confidence_intervals,0.0979,9,NA,NA,-0.12319999999999999,0.319,0.2155,3,NA,NA,-0.3448,0.7758,Traced from plot; Sample size calculated,NA,NA,period_survival
VXQYBKJ5,Carnochan et al. 2018,rotational_grazing,nest_success,Probability of nesting success,Twice-over rotational grazing (2012),Season-long grazing (2012),1,apples,0,NA,clay_colored_sparrow,NA,confidence_intervals,0.4588,21,NA,NA,-0.08520000000000005,1.0028000000000001,0.5981,8,NA,NA,0.19509999999999994,1.0011,Traced from plot; Sample size calculated,NA,NA,period_survival
VXQYBKJ5,Carnochan et al. 2018,rotational_grazing,nest_success,Probability of nesting success,Twice-over rotational grazing (2011),Season-long grazing (2011),1,apples,0,NA,vesper_sparrow,NA,confidence_intervals,0.0196,5,NA,NA,-0.08310000000000001,0.12229999999999999,0.0801,5,NA,NA,-0.1446,0.3048,Traced from plot; Sample size calculated; we had to remove groundnesters as a category because it includes these values,NA,NA,period_survival
VXQYBKJ5,Carnochan et al. 2018,rotational_grazing,nest_success,Probability of nesting success,Twice-over rotational grazing (2012),Season-long grazing (2012),1,apples,0,NA,vesper_sparrow,NA,confidence_intervals,0.2071,11,NA,NA,-0.19319999999999998,0.6073999999999999,0.351,11,NA,NA,-0.268,0.97,Traced from plot; Sample size calculated; we had to remove groundnesters as a category because it includes these values,NA,NA,period_survival
VXQYBKJ5,Carnochan et al. 2018,rotational_grazing,nest_success,Probability of nesting success,Twice-over rotational grazing (2011),Season-long grazing (2011),1,apples,0,NA,savannah_sparrow,NA,confidence_intervals,0.0219,12,NA,NA,-0.05009999999999999,0.0939,0.1411,8,NA,NA,-0.1632,0.4454,Traced from plot; Sample size calculated; we had to remove groundnesters as a category because it includes these values,NA,NA,period_survival
VXQYBKJ5,Carnochan et al. 2018,rotational_grazing,nest_success,Probability of nesting success,Twice-over rotational grazing (2012),Season-long grazing (2012),1,apples,0,NA,savannah_sparrow,NA,confidence_intervals,0.1293,12,NA,NA,-0.15319999999999998,0.41179999999999994,0.3422,9,NA,NA,-0.24320000000000003,0.9276,Traced from plot; Sample size calculated; we had to remove groundnesters as a category because it includes these values,NA,NA,period_survival
T8JD6C6I,Hausmann et al. 2005,edge_and_shrub_habitat,nest_success,Percent of nests predated,Edge nests,Interior nests,-1,apples,1,cannot be put on log hazard,artificial_nests,identity,standard_error,65.1168,7,NA,7.0401,NA,NA,73.1275,7,NA,5.3735,NA,NA,Traced from plot,NA,NA,period_survival
4HKVZM4T,Jacobs et al. 2012,plant_nwsg,abundance,Number of detections,Warm-season CRP fields,Cool-season CRP fields,1,apples,0,NA,grasshopper_sparrow,NA,confidence_intervals,0.2288,268,NA,NA,0.1264,0.4242,0.2395,268,NA,NA,-0.007200000000000012,0.48619999999999997,Traced from plot. Sample size (number of point counts) is assumed to be equal across treatments. Treated CSCRP error bars as symmetrical because lower error bar is not visible.,NA,NA,NA
4HKVZM4T,Jacobs et al. 2012,plant_nwsg,abundance,Number of detections,Warm-season CRP fields,Cool-season CRP fields,1,apples,0,NA,henslows_sparrow,NA,confidence_intervals,0.3109,268,NA,NA,0.1293,0.7438,0.5822,268,NA,NA,-0.3161999999999999,1.4806,Traced from plot. Sample size (number of point counts) is assumed to be equal across treatments. Treated CSCRP error bars as symmetrical because lower error bar is not visible.,NA,NA,NA
4HKVZM4T,Jacobs et al. 2012,plant_nwsg,abundance,Number of detections,Warm-season CRP fields,Cool-season CRP fields,1,apples,0,NA,dickcissel,NA,confidence_intervals,2.7626,268,NA,NA,1.7059,4.4756,2.3263,268,NA,NA,0.9718999999999998,3.6807,Traced from plot. Sample size (number of point counts) is assumed to be equal across treatments. Treated CSCRP error bars as symmetrical because lower error bar is not visible.,NA,NA,NA
4HKVZM4T,Jacobs et al. 2012,plant_nwsg,abundance,Number of detections,Warm-season CRP fields,Cool-season CRP fields,1,apples,0,NA,eastern_meadowlark,NA,confidence_intervals,0.5215,268,NA,NA,0.34459999999999996,0.7822,0.7416,268,NA,NA,0.38320000000000004,1.1,Traced from plot. Sample size (number of point counts) is assumed to be equal across treatments. Treated CSCRP error bars as symmetrical because lower error bar is not visible.,NA,NA,NA
ERL3H2FK,Monroe et al. 2019,plant_nwsg,nest_success,DSR,Grazed mixed NWSG (2011),Grazed mixed exotic (2011),1,apples,0,NA,dickcissel,NA,confidence_intervals,0.9422,18,NA,NA,0.8987,0.9724,0.8994,17,NA,NA,0.8345,0.948,Traced from plot; Sample size calculated,NA,NA,daily_survival
ERL3H2FK,Monroe et al. 2019,plant_nwsg,nest_success,DSR,Grazed mixed NWSG (2012),Grazed mixed exotic (2012),1,apples,0,NA,dickcissel,NA,confidence_intervals,0.8705,25,NA,NA,0.7968000000000001,0.9279000000000001,0.8609,25,NA,NA,0.785,0.9191,Traced from plot; Sample size calculated,NA,NA,daily_survival
JY7UF4YC,Perkins et al. 2013,edge_and_shrub_habitat,nest_success,Daily nest survival,Nests <50 m from edge,Nests >100 m from edge,1,apples,0,NA,savannah_sparrow,NA,standard_error,0.8016,265,NA,0.0193,NA,NA,0.8558,293,NA,0.0228,NA,NA,"Traced from plot; Sample size calculated from total and percents, but the total value may include nests that they did not use in their calculations",NA,NA,daily_survival
JY7UF4YC,Perkins et al. 2013,edge_and_shrub_habitat,nest_success,Daily nest survival,Nests <50 m from edge,Nests >100 m from edge,1,apples,0,NA,bobolink,NA,standard_error,0.8916,111,NA,0.0324,NA,NA,0.9011,244,NA,0.0228,NA,NA,"Traced from plot; Sample size calculated from total and percents, but the total value may include nests that they did not use in their calculations",NA,NA,daily_survival
WQDZ5GX5,Piha et al. 2007,eliminate_pesticides,abundance,density (territories/ha),Presence (>.5 ha) of organic farming in a 250 x 250 m area (2000),Absence (<=.5 ha) of organic farming in a 250 x 250 m area (2000),1,apples,0,NA,all_species,NA,standard_error,0.366,190,NA,0.0341,NA,NA,0.2391,137,NA,0.0207,NA,NA,Traced from plot,NA,NA,NA
WQDZ5GX5,Piha et al. 2007,eliminate_pesticides,abundance,density (territories/ha),Presence (>.5 ha) of organic farming in a 250 x 250 m area (2001),Absence (<=.5 ha) of organic farming in a 250 x 250 m area (2001),1,apples,0,NA,all_species,NA,standard_error,0.3527,260,NA,0.0219,NA,NA,0.2561,157,NA,0.0243,NA,NA,Traced from plot,NA,NA,NA
WQDZ5GX5,Piha et al. 2007,eliminate_pesticides,abundance,density (territories/ha),Presence (>.5 ha) of organic farming in a 250 x 250 m area (2000),Absence (<=.5 ha) of organic farming in a 250 x 250 m area (2000),1,apples,0,NA,eurasian_skylark,NA,standard_error,0.3542,190,NA,0.0203,NA,NA,0.3136,137,NA,0.0219,NA,NA,Traced from plot,NA,NA,NA
WQDZ5GX5,Piha et al. 2007,eliminate_pesticides,abundance,density (territories/ha),Presence (>.5 ha) of organic farming in a 250 x 250 m area (2001),Absence (<=.5 ha) of organic farming in a 250 x 250 m area (2001),1,apples,0,NA,eurasian_skylark,NA,standard_error,0.3338,260,NA,0.0166,NA,NA,0.2662,157,NA,0.0174,NA,NA,Traced from plot,NA,NA,NA
WQDZ5GX5,Piha et al. 2007,eliminate_pesticides,abundance,density (territories/ha),Presence (>.5 ha) of organic farming in a 250 x 250 m area (2000),Absence (<=.5 ha) of organic farming in a 250 x 250 m area (2000),1,apples,0,NA,meadow_pipit,NA,standard_error,0.0681,190,NA,0.0093281,NA,NA,0.0434,137,NA,0.0073012,NA,NA,Traced from plot,NA,NA,NA
WQDZ5GX5,Piha et al. 2007,eliminate_pesticides,abundance,density (territories/ha),Presence (>.5 ha) of organic farming in a 250 x 250 m area (2001),Absence (<=.5 ha) of organic farming in a 250 x 250 m area (2001),1,apples,0,NA,meadow_pipit,NA,standard_error,0.0737,260,NA,0.0085,NA,NA,0.381,157,NA,0.0073,NA,NA,Traced from plot,NA,NA,NA
WQDZ5GX5,Piha et al. 2007,eliminate_pesticides,abundance,density (territories/ha),Presence (>.5 ha) of organic farming in a 250 x 250 m area (2000),Absence (<=.5 ha) of organic farming in a 250 x 250 m area (2000),1,apples,0,NA,ortolan_bunting,NA,standard_error,0.0359,190,NA,0.0093,NA,NA,0.0392,137,NA,0.0114,NA,NA,Traced from plot,NA,NA,NA
WQDZ5GX5,Piha et al. 2007,eliminate_pesticides,abundance,density (territories/ha),Presence (>.5 ha) of organic farming in a 250 x 250 m area (2001),Absence (<=.5 ha) of organic farming in a 250 x 250 m area (2001),1,apples,0,NA,ortolan_bunting,NA,standard_error,0.0566,260,NA,0.0085,NA,NA,0.0379,157,NA,0.0085,NA,NA,Traced from plot,NA,NA,NA
WQDZ5GX5,Piha et al. 2007,eliminate_pesticides,abundance,density (territories/ha),Presence (>.5 ha) of organic farming in a 250 x 250 m area (2000),Absence (<=.5 ha) of organic farming in a 250 x 250 m area (2000),1,apples,0,NA,whinchat,NA,standard_error,0.0804,190,NA,0.0097,NA,NA,0.0294,137,NA,0.0089,NA,NA,Traced from plot,NA,NA,NA
WQDZ5GX5,Piha et al. 2007,eliminate_pesticides,abundance,density (territories/ha),Presence (>.5 ha) of organic farming in a 250 x 250 m area (2001),Absence (<=.5 ha) of organic farming in a 250 x 250 m area (2001),1,apples,0,NA,whinchat,NA,standard_error,0.0719,260,NA,0.0081,NA,NA,0.0516,157,NA,0.0101,NA,NA,Traced from plot,NA,NA,NA
WQDZ5GX5,Piha et al. 2007,eliminate_pesticides,abundance,density (territories/ha),Presence (>.5 ha) of organic farming in a 250 x 250 m area (2000),Absence (<=.5 ha) of organic farming in a 250 x 250 m area (2000),1,apples,0,NA,northern_lapwing,NA,standard_error,0.0552,190,NA,0.0101,NA,NA,0.0666,137,NA,0.0097,NA,NA,Traced from plot,NA,NA,NA
WQDZ5GX5,Piha et al. 2007,eliminate_pesticides,abundance,density (territories/ha),Presence (>.5 ha) of organic farming in a 250 x 250 m area (2001),Absence (<=.5 ha) of organic farming in a 250 x 250 m area (2001),1,apples,0,NA,northern_lapwing,NA,standard_error,0.0397,260,NA,0.00649,NA,NA,0.06,157,NA,0.0089,NA,NA,Traced from plot,NA,NA,NA
WQDZ5GX5,Piha et al. 2007,eliminate_pesticides,species_richness,species_richness,Presence (>.5 ha) of organic farming in a 250 x 250 m area (2000),Absence (<=.5 ha) of organic farming in a 250 x 250 m area (2000),1,apples,0,NA,all_species,NA,standard_error,2.1718,190,NA,0.1056,NA,NA,1.7942,137,NA,0.1056,NA,NA,Traced from plot,NA,NA,NA
WQDZ5GX5,Piha et al. 2007,eliminate_pesticides,species_richness,species_richness,Presence (>.5 ha) of organic farming in a 250 x 250 m area (2001),Absence (<=.5 ha) of organic farming in a 250 x 250 m area (2001),1,apples,0,NA,all_species,NA,standard_error,2.2035,260,NA,0.0894,NA,NA,1.8136,157,NA,0.1219,NA,NA,Traced from plot,NA,NA,NA
6Q5B6N44,Russell et al. 2009,prescribed_fire,species_richness,species_richness,Burned (1 year post-fire),Unburned,1,apples,0,NA,all_species,NA,confidence_intervals,26.4595,3,NA,NA,21.9869,30.9321,26.9095,3,NA,NA,22.8885,30.930500000000002,Traced from plot,NA,NA,NA
6Q5B6N44,Russell et al. 2009,prescribed_fire,species_richness,species_richness,Burned (2 years post-fire),Unburned,1,apples,0,NA,all_species,NA,confidence_intervals,27.3265,3,NA,NA,22.813,31.84,27.161,3,NA,NA,22.975700000000003,31.3463,Traced from plot,NA,NA,NA
TY9UGHCS,Valentine et al. 2019,edge_and_shrub_habitat,nest_success,Mean nest survival (days),Nests near edge,Nests in forest interior,1,apples,1,artificial nests; mean days survived during the 10 day trail,artificial_nests_northern_bobwhite,binomial,standard_error,6.4925,3,NA,0.6411,NA,NA,7.2127,3,NA,0.6677,NA,NA,Not sure this qualifies as a test of edge_and_shrub_habitat; Traced from plot; Response is the mean days survived during the 10 day deployment of artificial nests,NA,NA,period_survival
TY9UGHCS,Valentine et al. 2019,edge_and_shrub_habitat,nest_success,Mean nest survival (days),Nests near edge,Nests in forest interior,1,apples,1,artificial nests; mean days survived during the 10 day trail,artificial_nests_chestnut_sided_warbler,binomial,standard_error,5.221,6,NA,0.4007,NA,NA,7.0521,6,NA,0.4006,NA,NA,Not sure this qualifies as a test of edge_and_shrub_habitat; Traced from plot; Response is the mean days survived during the 10 day deployment of artificial nests,NA,NA,period_survival
TY9UGHCS,Valentine et al. 2019,edge_and_shrub_habitat,nest_success,Mean nest survival (days),Nests near edge,Nests in forest interior,1,apples,1,artificial nests; mean days survived during the 10 day trail,artificial_nests_ovenbird,binomial,standard_error,3.0417,6,NA,0.2349,NA,NA,3.1638,6,NA,0.2349,NA,NA,Not sure this qualifies as a test of edge_and_shrub_habitat; Traced from plot; Response is the mean days survived during the 10 day deployment of artificial nests,NA,NA,period_survival
CRBK6BMU,Willcox et al. 2010,grazing_intensity,species_richness,species_richness,low grazing intensity (monoculture pasture),high grazing intensity (monoculture pasture),1,apples,0,NA,all_species,NA,standard_error,9.7795,2,NA,0.1008,NA,NA,9.089,2,NA,0.1259,NA,NA,Traced from plot,NA,NA,NA
CRBK6BMU,Willcox et al. 2010,grazing_intensity,species_richness,species_richness,low grazing intensity (monoculture pasture),high grazing intensity (monoculture pasture),1,apples,0,NA,shrub_species,NA,standard_error,1.491,2,NA,0.1973,NA,NA,1.2991,2,NA,0.1973,NA,NA,Traced from plot,NA,NA,NA
CRBK6BMU,Willcox et al. 2010,grazing_intensity,abundance,abundance,low grazing intensity (monoculture pasture),high grazing intensity (monoculture pasture),1,apples,0,NA,grassland_species,NA,standard_error,22.4381,2,NA,2.9744,NA,NA,14.8293,2,NA,2.3942,NA,NA,Traced from plot,NA,NA,NA
CRBK6BMU,Willcox et al. 2010,provide_overwintering_habitat,abundance,abundance,low grazing intensity (monoculture pasture),high grazing intensity (monoculture pasture),1,apples,0,NA,grassland_species,NA,standard_error,22.4381,2,NA,2.9744,NA,NA,14.8293,2,NA,2.3942,NA,NA,Traced from plot,NA,NA,NA
CRBK6BMU,Willcox et al. 2010,grazing_intensity,abundance,abundance,low grazing intensity (monoculture pasture),high grazing intensity (monoculture pasture),1,apples,0,NA,grassland_species,NA,standard_error,17.9062,2,NA,1.8138,NA,NA,17.0427,2,NA,1.6688,NA,NA,Traced from plot,NA,NA,NA
CRBK6BMU,Willcox et al. 2010,grazing_intensity,abundance,abundance,low grazing intensity (monoculture pasture),high grazing intensity (monoculture pasture),1,apples,0,NA,woodland_species,NA,standard_error,2.7974,2,NA,1.2062,NA,NA,1.3859,2,NA,0.6159,NA,NA,Traced from plot,NA,NA,NA
CRBK6BMU,Willcox et al. 2010,provide_overwintering_habitat,abundance,abundance,low grazing intensity (monoculture pasture),high grazing intensity (monoculture pasture),1,apples,0,NA,woodland_species,NA,standard_error,2.7974,2,NA,1.2062,NA,NA,1.3859,2,NA,0.6159,NA,NA,Traced from plot,NA,NA,NA
CRBK6BMU,Willcox et al. 2010,grazing_intensity,abundance,abundance,low grazing intensity (monoculture pasture),high grazing intensity (monoculture pasture),1,apples,0,NA,woodland_species,NA,standard_error,0.4748,2,NA,0.2181,NA,NA,0.2951,2,NA,0.2053,NA,NA,Traced from plot,NA,NA,NA
CRBK6BMU,Willcox et al. 2010,grazing_intensity,species_richness,species_richness,low grazing intensity (monoculture pasture),high grazing intensity (monoculture pasture),1,apples,0,NA,woodland_species,NA,standard_error,2.2206,2,NA,0.8551,NA,NA,2.2206,2,NA,0.8423,NA,NA,Traced from plot,NA,NA,NA
CRBK6BMU,Willcox et al. 2010,provide_overwintering_habitat,species_richness,species_richness,low grazing intensity (monoculture pasture),high grazing intensity (monoculture pasture),1,apples,0,NA,woodland_species,NA,standard_error,2.2206,2,NA,0.8551,NA,NA,2.2206,2,NA,0.8423,NA,NA,Traced from plot,NA,NA,NA
CRBK6BMU,Willcox et al. 2010,grazing_intensity,species_richness,species_richness,low grazing intensity (monoculture pasture),high grazing intensity (monoculture pasture),1,apples,0,NA,woodland_species,NA,standard_error,1.0975,2,NA,0.5615,NA,NA,0.804,2,NA,0.5615,NA,NA,Traced from plot,NA,NA,NA
CRBK6BMU,Willcox et al. 2010,grazing_intensity,abundance,abundance,low grazing intensity (mixed pasture; grazed during winter),high grazing intensity (mixed pasture; grazed during winter),1,apples,0,NA,all_species,NA,standard_error,86.5932,2,NA,5.3995,NA,NA,59.737,2,NA,3.1272,NA,NA,Traced from plot,NA,NA,NA
CRBK6BMU,Willcox et al. 2010,grazing_intensity,abundance,abundance,low grazing intensity (mixed pasture; grazed during winter),high grazing intensity (mixed pasture; grazed during winter),1,apples,0,NA,grassland_species,NA,standard_error,31.362,2,NA,2.2401,NA,NA,15.1826,2,NA,1.2806,NA,NA,Traced from plot,NA,NA,NA
CRBK6BMU,Willcox et al. 2010,grazing_intensity,abundance,abundance,low grazing intensity (mixed pasture; grazed during winter),high grazing intensity (mixed pasture; grazed during winter),1,apples,0,NA,shrub_species,NA,standard_error,6.6539,2,NA,0.7546,NA,NA,3.0635,2,NA,0.5534,NA,NA,Traced from plot,NA,NA,NA
CRBK6BMU,Willcox et al. 2010,grazing_intensity,species_richness,species_richness,low grazing intensity (mixed pasture; grazed during winter),high grazing intensity (mixed pasture; grazed during winter),1,apples,0,NA,shrub_species,NA,standard_error,2.0961,2,NA,0.0961,NA,NA,1.1892,2,NA,0.2042,NA,NA,Traced from plot,NA,NA,NA
CRBK6BMU,Willcox et al. 2010,grazing_intensity,abundance,abundance,low grazing intensity (mixed pasture; grazed during winter),high grazing intensity (mixed pasture; grazed during winter),1,apples,0,NA,woodland_species,NA,standard_error,5.31,2,NA,1.7814,NA,NA,2.787,2,NA,0.7976,NA,NA,Traced from plot,NA,NA,NA
CRBK6BMU,Willcox et al. 2010,provide_overwintering_habitat,abundance,abundance,low grazing intensity (mixed pasture; grazed during winter),high grazing intensity (mixed pasture; grazed during winter),1,apples,0,NA,woodland_species,NA,standard_error,5.31,2,NA,1.7814,NA,NA,2.787,2,NA,0.7976,NA,NA,Traced from plot,NA,NA,NA
CRBK6BMU,Willcox et al. 2010,grazing_intensity,abundance,abundance,low grazing intensity (mixed pasture; grazed during winter),high grazing intensity (mixed pasture; grazed during winter),1,apples,0,NA,woodland_species,NA,standard_error,1.5131,2,NA,0.9965,NA,NA,1.2066,2,NA,0.2993,NA,NA,Traced from plot,NA,NA,NA
CRBK6BMU,Willcox et al. 2010,grazing_intensity,species_richness,species_richness,low grazing intensity (mixed pasture; grazed during winter),high grazing intensity (mixed pasture; grazed during winter),1,apples,0,NA,all_species,NA,standard_error,13.9007,2,NA,1.2766,NA,NA,15.3191,2,NA,0.6808,NA,NA,Traced from plot,NA,NA,NA
CRBK6BMU,Willcox et al. 2010,provide_overwintering_habitat,species_richness,species_richness,low grazing intensity (mixed pasture; grazed during winter),high grazing intensity (mixed pasture; grazed during winter),1,apples,0,NA,all_species,NA,standard_error,13.9007,2,NA,1.2766,NA,NA,15.3191,2,NA,0.6808,NA,NA,Traced from plot,NA,NA,NA
CRBK6BMU,Willcox et al. 2010,grazing_intensity,species_richness,species_richness,low grazing intensity (mixed pasture; grazed during winter),high grazing intensity (mixed pasture; grazed during winter),1,apples,0,NA,all_species,NA,standard_error,7.1206,2,NA,1.0213,NA,NA,6.3262,2,NA,0.5106,NA,NA,Traced from plot,NA,NA,NA
CRBK6BMU,Willcox et al. 2010,grazing_intensity,species_richness,species_richness,low grazing intensity (mixed pasture; grazed during winter),high grazing intensity (mixed pasture; grazed during winter),1,apples,0,NA,woodland_species,NA,standard_error,1.9952,2,NA,0.5976,NA,NA,1.5953,2,NA,0.2965,NA,NA,Traced from plot,NA,NA,NA
CRBK6BMU,Willcox et al. 2010,provide_overwintering_habitat,species_richness,species_richness,low grazing intensity (mixed pasture; grazed during winter),high grazing intensity (mixed pasture; grazed during winter),1,apples,0,NA,woodland_species,NA,standard_error,1.9952,2,NA,0.5976,NA,NA,1.5953,2,NA,0.2965,NA,NA,Traced from plot,NA,NA,NA
CRBK6BMU,Willcox et al. 2010,grazing_intensity,species_richness,species_richness,low grazing intensity (mixed pasture; grazed during winter),high grazing intensity (mixed pasture; grazed during winter),1,apples,0,NA,woodland_species,NA,standard_error,0.6965,2,NA,0.2965,NA,NA,0.7953,2,NA,0.1976,NA,NA,Traced from plot,NA,NA,NA
PAM2R2T8,Broyer et al. 2016,delay_hay,nest_success,hatching_success,Delayed hay,Early hay,1,apples,0,NA,whinchat,NA,standard_deviation,72.7,204.82,11.9,NA,NA,NA,47.5,213.18,20.1,NA,NA,NA,Used total number of nests and proportional territory density across years as a proxy to determine sample size,NA,NA,period_survival
PAM2R2T8,Broyer et al. 2016,delay_hay,nest_success,hatching_success,Delayed hay,Early hay,1,apples,0,NA,corn_bunting,NA,standard_deviation,66.8,171,13.1,NA,NA,NA,34.9,263,16.4,NA,NA,NA,Used total number of nests and proportional territory density across years as a proxy to determine sample size,NA,NA,period_survival
PAM2R2T8,Broyer et al. 2016,delay_hay,nest_success,hatching_success,Delayed hay,Early hay,1,apples,0,NA,western_yellow_wagtail,NA,standard_deviation,68.2,111,23.6,NA,NA,NA,57.6,84,16.8,NA,NA,NA,Used total number of nests and proportional territory density across years as a proxy to determine sample size,NA,NA,period_survival
SQ8ICKWV,Davis et al. 2016,plant_nwsg,nest_success,incubation DSR,native pasture,planted pasture,1,apples,0,NA,gadwall,logistic_exposure,confidence_intervals,0.917,25,NA,NA,0.887,0.939,0.926,21,NA,NA,0.897,0.947,Appendix table 5 also includes exposure days that were used to calculate DSR; Error is 85% confidence intervals,NA,NA,daily_survival
SQ8ICKWV,Davis et al. 2016,plant_nwsg,nest_success,incubation DSR,native pasture,planted pasture,1,apples,0,NA,american_wigeon,logistic_exposure,confidence_intervals,0.747,5,NA,NA,0.527,0.887,0.754,9,NA,NA,0.533,0.892,Appendix table 5 also includes exposure days that were used to calculate DSR; Error is 85% confidence intervals,NA,NA,daily_survival
SQ8ICKWV,Davis et al. 2016,plant_nwsg,nest_success,incubation DSR,native pasture,planted pasture,1,apples,0,NA,mallard,logistic_exposure,confidence_intervals,0.923,33,NA,NA,0.906,0.938,0.922,21,NA,NA,0.903,0.938,Appendix table 5 also includes exposure days that were used to calculate DSR; Error is 85% confidence intervals,NA,NA,daily_survival
SQ8ICKWV,Davis et al. 2016,plant_nwsg,nest_success,incubation DSR,native pasture,planted pasture,1,apples,0,NA,blue_winged_teal,logistic_exposure,confidence_intervals,0.951,22,NA,NA,0.935,0.963,0.953,21,NA,NA,0.937,0.965,Appendix table 5 also includes exposure days that were used to calculate DSR; Error is 85% confidence intervals,NA,NA,daily_survival
SQ8ICKWV,Davis et al. 2016,plant_nwsg,nest_success,incubation DSR,native pasture,planted pasture,1,apples,0,NA,northern_shoveler,logistic_exposure,confidence_intervals,0.962,11,NA,NA,0.917,0.982,0.981,16,NA,NA,0.79,0.999,Appendix table 5 also includes exposure days that were used to calculate DSR; Error is 85% confidence intervals,NA,NA,daily_survival
SQ8ICKWV,Davis et al. 2016,plant_nwsg,nest_success,incubation DSR,native pasture,planted pasture,1,apples,0,NA,northern_pintail,logistic_exposure,confidence_intervals,0.961,11,NA,NA,0.935,0.977,0.955,16,NA,NA,0.927,0.973,Appendix table 5 also includes exposure days that were used to calculate DSR; Error is 85% confidence intervals,NA,NA,daily_survival
SQ8ICKWV,Davis et al. 2016,plant_nwsg,nest_success,incubation DSR,native pasture,planted pasture,1,apples,0,NA,chestnut_collared_longspur,logistic_exposure,confidence_intervals,0.97,46,NA,NA,0.951,0.982,0.968,20,NA,NA,0.947,0.981,Appendix table 5 also includes exposure days that were used to calculate DSR; Error is 85% confidence intervals,NA,NA,daily_survival
SQ8ICKWV,Davis et al. 2016,plant_nwsg,nest_success,incubation DSR,native pasture,planted pasture,1,apples,0,NA,clay_colored_sparrow,logistic_exposure,confidence_intervals,0.954,143,NA,NA,0.942,0.963,0.964,16,NA,NA,0.938,0.979,Appendix table 5 also includes exposure days that were used to calculate DSR; Error is 85% confidence intervals,NA,NA,daily_survival
SQ8ICKWV,Davis et al. 2016,plant_nwsg,nest_success,incubation DSR,native pasture,planted pasture,1,apples,0,NA,vesper_sparrow,logistic_exposure,confidence_intervals,0.96,29,NA,NA,0.948,0.969,0.958,130,NA,NA,0.949,0.966,Appendix table 5 also includes exposure days that were used to calculate DSR; Error is 85% confidence intervals,NA,NA,daily_survival
SQ8ICKWV,Davis et al. 2016,plant_nwsg,nest_success,incubation DSR,native pasture,planted pasture,1,apples,0,NA,lark_bunting,logistic_exposure,confidence_intervals,0.984,9,NA,NA,0.954,0.994,0.922,31,NA,NA,0.894,0.943,Appendix table 5 also includes exposure days that were used to calculate DSR; Error is 85% confidence intervals,NA,NA,daily_survival
SQ8ICKWV,Davis et al. 2016,plant_nwsg,nest_success,incubation DSR,native pasture,planted pasture,1,apples,0,NA,savannah_sparrow,logistic_exposure,confidence_intervals,0.948,58,NA,NA,0.927,0.963,0.941,19,NA,NA,0.914,0.959,Appendix table 5 also includes exposure days that were used to calculate DSR; Error is 85% confidence intervals,NA,NA,daily_survival
SQ8ICKWV,Davis et al. 2016,plant_nwsg,nest_success,incubation DSR,native pasture,planted pasture,1,apples,0,NA,bairds_sparrow,logistic_exposure,confidence_intervals,0.971,55,NA,NA,0.951,0.982,0.949,10,NA,NA,0.907,0.973,Appendix table 5 also includes exposure days that were used to calculate DSR; Error is 85% confidence intervals,NA,NA,daily_survival
SQ8ICKWV,Davis et al. 2016,plant_nwsg,nest_success,incubation DSR,native pasture,planted pasture,1,apples,0,NA,western_meadowlark,logistic_exposure,confidence_intervals,0.937,41,NA,NA,0.919,0.952,0.938,19,NA,NA,0.918,0.953,Appendix table 5 also includes exposure days that were used to calculate DSR; Error is 85% confidence intervals,NA,NA,daily_survival
SQ8ICKWV,Davis et al. 2016,plant_nwsg,nest_success,nestling DSR,native pasture,planted pasture,1,apples,0,NA,chestnut_collared_longspur,logistic_exposure,confidence_intervals,0.944,46,NA,NA,0.922,0.96,0.941,20,NA,NA,0.916,0.959,Appendix table 5 also includes exposure days that were used to calculate DSR; Error is 85% confidence intervals,NA,NA,daily_survival
SQ8ICKWV,Davis et al. 2016,plant_nwsg,nest_success,nestling DSR,native pasture,planted pasture,1,apples,0,NA,clay_colored_sparrow,logistic_exposure,confidence_intervals,0.921,143,NA,NA,0.904,0.936,0.938,16,NA,NA,0.897,0.963,Appendix table 5 also includes exposure days that were used to calculate DSR; Error is 85% confidence intervals,NA,NA,daily_survival
SQ8ICKWV,Davis et al. 2016,plant_nwsg,nest_success,nestling DSR,native pasture,planted pasture,1,apples,0,NA,vesper_sparrow,logistic_exposure,confidence_intervals,0.948,29,NA,NA,0.935,0.959,0.946,130,NA,NA,0.935,0.955,Appendix table 5 also includes exposure days that were used to calculate DSR; Error is 85% confidence intervals,NA,NA,daily_survival
SQ8ICKWV,Davis et al. 2016,plant_nwsg,nest_success,nestling DSR,native pasture,planted pasture,1,apples,0,NA,lark_bunting,logistic_exposure,confidence_intervals,0.984,9,NA,NA,0.954,0.994,0.921,31,NA,NA,0.89,0.944,Appendix table 5 also includes exposure days that were used to calculate DSR; Error is 85% confidence intervals,NA,NA,daily_survival
SQ8ICKWV,Davis et al. 2016,plant_nwsg,nest_success,nestling DSR,native pasture,planted pasture,1,apples,0,NA,savannah_sparrow,logistic_exposure,confidence_intervals,0.926,58,NA,NA,0.901,0.945,0.916,19,NA,NA,0.878,0.943,Appendix table 5 also includes exposure days that were used to calculate DSR; Error is 85% confidence intervals,NA,NA,daily_survival
SQ8ICKWV,Davis et al. 2016,plant_nwsg,nest_success,nestling DSR,native pasture,planted pasture,1,apples,0,NA,bairds_sparrow,logistic_exposure,confidence_intervals,0.94,55,NA,NA,0.916,0.958,0.9,10,NA,NA,0.827,0.944,Appendix table 5 also includes exposure days that were used to calculate DSR; Error is 85% confidence intervals,NA,NA,daily_survival
SQ8ICKWV,Davis et al. 2016,plant_nwsg,nest_success,nestling DSR,native pasture,planted pasture,1,apples,0,NA,western_meadowlark,logistic_exposure,confidence_intervals,0.93,41,NA,NA,0.908,0.947,0.931,19,NA,NA,0.907,0.949,Appendix table 5 also includes exposure days that were used to calculate DSR; Error is 85% confidence intervals,NA,NA,daily_survival
KGGBIEC9,Weldon 2006,edge_and_shrub_habitat,nest_success,dsr (early nests),winged patches,rectangular patches,1,apples,0,NA,indigo_bunting,NA,standard_error,0.9414,40,NA,0.0169,NA,NA,0.9755,29,NA,0.0074,NA,NA,NA,NA,NA,daily_survival
KGGBIEC9,Weldon 2006,edge_and_shrub_habitat,nest_success,dsr (late nests),winged patches,rectangular patches,1,apples,0,NA,indigo_bunting,NA,standard_error,0.968,17,NA,0.0156,NA,NA,0.929,14,NA,0.0166,NA,NA,NA,NA,NA,daily_survival
