species,all_about_birds,article-classified,birdbase,birds_of_the_world,hand_entered,partners_in_flight,peterjohn_2006,traitdata,vgbi,vickery_1999,analysis_class,include
aberts_towhee,Deserts,NA,woodland; shrub; desert; artificial; riparian,NA,NA,Aridlands:  Desert Riparian; Aridlands:  Desert Scrub,NA,NA,NA,NA,shrub,FALSE
acadian_flycatcher,Forests,NA,forest; woodland; artificial,NA,NA,Forests:  Temperate Eastern; Forests:  Tropical Lowland Evergreen,NA,NA,NA,NA,other,FALSE
acadian_flycatcher_indigo_bunting,NA,shrub; forest,NA,NA,NA,NA,NA,NA,NA,NA,shrub,FALSE
acorn_woodpecker,Open Woodlands,NA,forest; woodland; grasslands; desert,NA,NA,Forests:  Mesoamerican Pine-Oak; Forests:  Temperate Western,NA,NA,NA,NA,facultative,TRUE
alder_flycatcher,NA,NA,woodland; shrub; grasslands,NA,NA,Wetlands:  Boreal; Wetlands:  Forested; Forests:  Tropical Generalist,shrubland,NA,NA,NA,facultative,TRUE
all_species,NA,NA,NA,NA,NA,NA,NA,NA,NA,NA,NA,TRUE
allens_hummingbird,Open Woodlands,NA,forest; shrub; artificial; riparian,NA,NA,Aridlands:  Chaparral; Forests:  Mesoamerican Pine-Oak,NA,NA,NA,NA,shrub,FALSE
altamira_oriole,Open Woodlands,NA,forest; woodland; shrub; savannah; wetlands_lakes_marsh,NA,NA,Forests:  Tropical Dry,NA,NA,NA,NA,facultative,TRUE
american_avocet,Marshes,NA,coastal; wetlands_lakes_marsh,NA,NA,Wetlands:  Freshwater Marsh; Coasts:  Beach and Estuary; Wetlands:  Lakes and Rivers,NA,NA,NA,NA,other,FALSE
american_bittern,Marshes,NA,grasslands; wetlands_lakes_marsh,NA,NA,Wetlands:  Freshwater Marsh; Coasts:  Saltmarsh,NA,NA,NA,facultative grassland,facultative,TRUE
american_black_duck,Lakes and Ponds,NA,forest; riparian; coastal; wetlands_lakes_marsh,NA,NA,Wetlands:  Boreal; Coasts:  Saltmarsh; Wetlands:  Lakes and Rivers,NA,NA,NA,NA,other,FALSE
american_coot,Lakes and Ponds,NA,riparian; coastal; wetlands_lakes_marsh,NA,NA,Wetlands:  Freshwater Marsh; Wetlands:  Lakes and Rivers; Coasts:  Saltmarsh,NA,NA,NA,NA,other,FALSE
american_crow,Open Woodlands,NA,forest; woodland; shrub; savannah; artificial; riparian; coastal; wetlands_lakes_marsh,NA,NA,Open Country:  Habitat Mosaic; Open Country:  Developed/Disturbed,NA,NA,facultative grassland,NA,facultative,TRUE
american_dipper,Rivers and Streams,NA,riparian,NA,NA,Wetlands:  Lakes and Rivers,NA,NA,NA,NA,other,FALSE
american_golden_plover,Grasslands,NA,grasslands; artificial; coastal; wetlands_lakes_marsh,NA,NA,Tundra:  Arctic; Grasslands:  Pampas and Campos,NA,NA,NA,grassland obligate,obligate,TRUE
american_goldfinch,Open Woodlands,NA,forest; woodland; shrub; artificial,NA,NA,Open Country:  Habitat Mosaic,NA,NA,facultative grassland,NA,facultative,TRUE
american_kestrel,Grasslands,NA,forest; woodland; shrub; grasslands; artificial,NA,NA,Open Country:  Habitat Mosaic; Open Country:  Developed/Disturbed,NA,NA,facultative grassland,facultative grassland,facultative,TRUE
american_oystercatcher,Shorelines,NA,coastal,NA,NA,Coasts:  Beach and Estuary,NA,NA,NA,NA,other,FALSE
american_pipit,Tundra,NA,NA,NA,NA,Tundra:  Alpine; Tundra:  Arctic; Open Country:  Developed/Disturbed; Coasts:  Beach and Estuary,NA,NA,facultative grassland,grassland obligate,obligate,TRUE
american_redstart,Forests,NA,woodland; shrub; coastal,NA,NA,Forests:  Temperate Generalist; Forests:  Tropical Generalist; Coasts:  Mangroves,NA,NA,NA,NA,other,FALSE
american_robin,Open Woodlands,NA,forest; woodland; shrub; grasslands; artificial; riparian; wetlands_lakes_marsh,NA,NA,Forests:  Temperate Generalist,NA,NA,facultative grassland,NA,facultative,TRUE
american_three_toed_woodpecker,Forests,NA,forest,NA,NA,Forests:  Boreal; Forests:  Temperate Western,NA,NA,NA,NA,other,FALSE
american_tree_sparrow,Open Woodlands,NA,woodland; shrub; grasslands; artificial; riparian; wetlands_lakes_marsh,NA,NA,Tundra:  Arctic; Forests:  Boreal; Open Country:  Habitat Mosaic,NA,NA,facultative grassland,NA,facultative,TRUE
american_white_pelican,Lakes and Ponds,NA,riparian; coastal; wetlands_lakes_marsh,NA,NA,Wetlands:  Lakes and Rivers; Coasts:  Saltmarsh,NA,NA,NA,NA,other,FALSE
american_wigeon,Lakes and Ponds,NA,woodland; grasslands; coastal; wetlands_lakes_marsh,NA,NA,Wetlands:  Seasonally Wet Grasslands; Wetlands:  Freshwater Marsh; Wetlands:  Generalist,NA,NA,NA,facultative grassland,facultative,TRUE
american_woodcock,Forests,NA,forest; woodland; shrub; artificial,NA,NA,Forests:  Temperate Eastern; Forests:  Boreal,NA,NA,facultative grassland,NA,facultative,TRUE
anhinga,Marshes,NA,riparian; coastal; wetlands_lakes_marsh,NA,NA,Wetlands:  Generalist,NA,NA,NA,NA,other,FALSE
annas_hummingbird,Open Woodlands,NA,woodland; shrub; savannah; riparian; coastal,NA,NA,Aridlands:  Chaparral; Forests:  Temperate Western,NA,NA,NA,NA,facultative,TRUE
antillean_nighthawk,NA,NA,forest; shrub; savannah; artificial; coastal,NA,NA,Open Country Aerial:  Habitat Mosaic; Unknown,NA,NA,NA,NA,facultative,TRUE
aplomado_falcon,NA,NA,shrub; savannah; grasslands; artificial,NA,NA,Grasslands:  Tropical; Grasslands:  Chihuahuan,NA,NA,NA,grassland obligate,obligate,TRUE
arctic_tern,Shorelines,NA,grasslands; artificial; coastal; wetlands_lakes_marsh,NA,NA,Wetlands:  Tundra; Forests:  Boreal; Coasts:  Marine Waters; Oceans:  Pelagic,NA,NA,NA,NA,facultative,TRUE
arctic_warbler,Forests,NA,forest; woodland; shrub; artificial; riparian; coastal,NA,NA,Tundra:  Arctic; Forests:  Tropical Generalist,NA,NA,NA,NA,other,FALSE
arizona_woodpecker,Open Woodlands,NA,forest; woodland; artificial; riparian,NA,NA,Forests:  Mesoamerican Pine-Oak,NA,NA,NA,NA,other,FALSE
artificial_nests,NA,NA,NA,NA,NA,NA,NA,NA,NA,NA,NA,NA
artificial_nests_chestnut_sided_warbler,NA,NA,NA,NA,NA,NA,NA,NA,NA,NA,NA,NA
artificial_nests_northern_bobwhite,NA,NA,NA,NA,NA,NA,NA,NA,NA,NA,NA,NA
artificial_nests_ovenbird,NA,NA,NA,NA,NA,NA,NA,NA,NA,NA,NA,NA
ash_throated_flycatcher,Open Woodlands,NA,forest; woodland; shrub; riparian,NA,NA,Aridlands:  Desert Scrub; Forests:  Temperate Western; Forests:  Tropical Dry,NA,NA,NA,facultative grassland,facultative,TRUE
audubons_oriole,Open Woodlands,NA,forest; woodland; shrub,NA,NA,Forests:  Tropical Dry; Forests:  Mesoamerican Pine-Oak,NA,NA,NA,NA,other,FALSE
bachmans_sparrow,Open Woodlands,NA,woodland; shrub,NA,NA,Forests:  Temperate Eastern,NA,NA,NA,grassland obligate,obligate,TRUE
bairds_sandpiper,NA,NA,grasslands; artificial; coastal; wetlands_lakes_marsh,NA,NA,Tundra:  Arctic; Grasslands:  Pampas and Campos; Wetlands:  Lakes and Rivers,NA,NA,NA,grassland obligate,obligate,TRUE
bairds_sparrow,Grasslands,NA,shrub; grasslands; artificial,NA,NA,Grasslands:  Temperate; Grasslands:  Chihuahuan,NA,NA,NA,grassland obligate,obligate,TRUE
bald_eagle,Forests,NA,forest; grasslands; riparian; coastal; wetlands_lakes_marsh,NA,NA,Wetlands:  Generalist; Coasts:  Beach and Estuary; Coasts:  Saltmarsh,NA,NA,NA,NA,facultative,TRUE
baltimore_oriole,Forests,NA,forest; woodland; grasslands; desert; artificial,NA,NA,Forests:  Temperate Eastern; Forests:  Tropical Generalist,NA,NA,NA,NA,facultative,TRUE
band_tailed_pigeon,Forests,NA,NA,NA,NA,Forests:  Temperate Western; Forests:  Mesoamerican Highland; Forests:  Mesoamerican Pine-Oak,NA,NA,NA,NA,other,FALSE
bank_swallow,Lakes and Ponds,NA,NA,NA,NA,Wetlands Aerial:  Lakes and Rivers; Open Country Aerial:  Habitat Mosaic,NA,NA,NA,NA,facultative,TRUE
bar_tailed_godwit,Tundra,NA,woodland; grasslands; riparian; coastal; wetlands_lakes_marsh,NA,NA,Tundra:  Arctic; Coasts:  Beach and Estuary,NA,NA,NA,NA,facultative,TRUE
barn_owl,Grasslands,NA,NA,NA,NA,Open Country:  Habitat Mosaic; Open Country:  Developed/Disturbed,NA,NA,facultative grassland,facultative grassland,facultative,TRUE
barn_swallow,Grasslands,NA,grasslands; plains; artificial; riparian; coastal; wetlands_lakes_marsh,NA,NA,Open Country Aerial:  Habitat Mosaic,NA,NA,facultative grassland,NA,facultative,TRUE
barred_owl,Forests,NA,forest; woodland; riparian,NA,NA,Forests:  Temperate Eastern; Forests:  Temperate Western,NA,NA,NA,NA,other,FALSE
barrows_goldeneye,Lakes and Ponds,NA,riparian; coastal; wetlands_lakes_marsh,NA,NA,Wetlands:  Forested; Wetlands:  Lakes and Rivers; Coasts:  Marine Waters,NA,NA,NA,NA,other,FALSE
bay_breasted_warbler,Forests,NA,forest; woodland; wetlands_lakes_marsh,NA,NA,Forests:  Boreal; Forests:  Tropical Lowland Evergreen,NA,NA,NA,NA,other,FALSE
bells_sparrow,NA,NA,shrub; desert; coastal,NA,NA,Aridlands:  Chaparral; Aridlands:  Desert Scrub,NA,NA,NA,NA,shrub,FALSE
bells_vireo,Scrub,NA,woodland; shrub,NA,NA,Aridlands:  Desert Riparian; Forests:  Temperate Eastern; Forests:  Tropical Dry,NA,NA,NA,NA,other,FALSE
belted_flycatcher,NA,NA,woodland; shrub,NA,NA,Forests:  Mesoamerican Pine-Oak; Aridlands:  Tropical Arid Scrub,NA,NA,NA,NA,shrub,FALSE
belted_kingfisher,Lakes and Ponds,NA,riparian; coastal; wetlands_lakes_marsh,NA,NA,Wetlands:  Generalist; Coasts:  Saltmarsh,NA,NA,NA,NA,other,FALSE
bendires_thrasher,Deserts,NA,grasslands; desert,NA,NA,Aridlands:  Desert Scrub,NA,NA,NA,facultative grassland,facultative,TRUE
bewicks_wren,Open Woodlands,NA,shrub; artificial,NA,NA,Aridlands:  Desert Scrub; Forests:  Temperate Western,NA,NA,NA,NA,shrub,FALSE
bicknells_thrush,Forests,NA,forest,NA,NA,Forests:  Boreal; Forests:  Tropical Montane Evergreen,NA,NA,NA,NA,other,FALSE
bird_and_mammal_species,NA,NA,NA,NA,NA,NA,NA,NA,NA,NA,shrub,FALSE
black_and_white_warbler,Forests,NA,woodland; shrub,NA,NA,Forests:  Temperate Eastern; Forests:  Boreal; Forests:  Tropical Generalist; Coasts:  Mangroves,NA,NA,NA,NA,other,FALSE
black_backed_woodpecker,Forests,NA,forest,NA,NA,Forests:  Boreal; Forests:  Temperate Western,NA,NA,NA,NA,other,FALSE
black_bellied_plover,NA,NA,NA,NA,NA,Wetlands:  Tundra; Tundra:  Arctic; Coasts:  Beach and Estuary,NA,NA,NA,facultative grassland,facultative,TRUE
black_bellied_whistling_duck,Marshes,NA,artificial; riparian; wetlands_lakes_marsh,NA,NA,Wetlands:  Generalist,NA,NA,NA,NA,other,FALSE
black_billed_cuckoo,Forests,NA,forest; woodland; shrub; artificial; riparian,NA,NA,Forests:  Temperate Eastern; Forests:  Tropical Dry; Forests:  Tropical Lowland Evergreen,shrubland,NA,facultative grassland,NA,facultative,TRUE
black_billed_magpie,Open Woodlands,NA,forest; shrub; grasslands; plains; artificial; riparian,NA,NA,Open Country:  Habitat Mosaic,NA,NA,NA,NA,facultative,TRUE
black_capped_chickadee,Forests,NA,forest; woodland; artificial; riparian,NA,NA,Forests:  Temperate Generalist,NA,NA,NA,NA,other,FALSE
black_capped_gnatcatcher,NA,NA,shrub,NA,NA,Aridlands:  Desert Scrub; Forests:  Tropical Dry,NA,NA,NA,NA,shrub,FALSE
black_capped_vireo,Scrub,NA,shrub,NA,NA,Aridlands:  Desert Scrub; Forests:  Tropical Dry,NA,NA,NA,NA,shrub,FALSE
black_chinned_hummingbird,Open Woodlands,NA,forest; woodland; shrub; desert,NA,NA,Forests:  Temperate Western; Aridlands:  Desert Riparian; Forests:  Tropical Dry,NA,NA,NA,NA,other,FALSE
black_chinned_sparrow,Scrub,NA,shrub; grasslands; artificial,NA,NA,Aridlands:  Chaparral; Aridlands:  Desert Scrub,NA,NA,NA,NA,shrub,FALSE
black_crested_titmouse,Forests,NA,forest; woodland; riparian,NA,NA,Forests:  Tropical Dry,NA,NA,NA,NA,other,FALSE
black_crowned_night_heron,Marshes,NA,artificial; riparian; coastal; wetlands_lakes_marsh,NA,NA,Wetlands:  Generalist; Coasts:  Saltmarsh,NA,NA,NA,NA,other,FALSE
black_guillemot,Oceans,NA,rocky_areas; coastal; pelagic,NA,NA,Coasts:  Cliffs and Islands; Coasts:  Marine Waters,NA,NA,NA,NA,other,FALSE
black_headed_grosbeak,Forests,NA,forest; woodland; shrub; artificial; riparian,NA,NA,Forests:  Temperate Western; Forests:  Mesoamerican Pine-Oak; Forests:  Tropical Dry,NA,NA,NA,NA,other,FALSE
black_legged_kittiwake,Oceans,NA,rocky_areas; coastal; pelagic,NA,NA,Coasts:  Cliffs and Islands; Coasts:  Marine Waters; Oceans:  Pelagic,NA,NA,NA,NA,other,FALSE
black_necked_stilt,Marshes,NA,wetlands_lakes_marsh,NA,NA,Wetlands:  Freshwater Marsh; Wetlands:  Generalist,NA,NA,NA,NA,other,FALSE
black_oystercatcher,Shorelines,NA,NA,NA,NA,Coasts:  Rocky Intertidal,NA,NA,NA,NA,other,FALSE
black_phoebe,Open Woodlands,NA,artificial; riparian; wetlands_lakes_marsh,NA,NA,Wetlands:  Generalist,NA,NA,NA,NA,other,FALSE
black_rail,Marshes,NA,savannah; wetlands_lakes_marsh,NA,NA,Coasts:  Saltmarsh; Wetlands:  Freshwater Marsh,NA,NA,NA,NA,facultative,TRUE
black_rosy_finch,NA,NA,grasslands; rocky_areas; artificial; riparian; coastal,NA,NA,Tundra:  Alpine; Aridlands:  Sagebrush,NA,NA,NA,facultative grassland,facultative,TRUE
black_scoter,Oceans,NA,grasslands; wetlands_lakes_marsh,NA,NA,Wetlands:  Tundra; Coasts:  Marine Waters,NA,NA,NA,NA,facultative,TRUE
black_skimmer,Shorelines,NA,coastal; wetlands_lakes_marsh,NA,NA,Coasts:  Beach and Estuary; Coasts:  Saltmarsh,NA,NA,NA,NA,other,FALSE
black_swift,Forests,NA,rocky_areas; riparian; wetlands_lakes_marsh,NA,NA,Forest Aerial:  Temperate Western; Forests Aerial:  Mesoamerican Highland; Forest Aerial:  Tropical Generalist,NA,NA,NA,NA,other,FALSE
black_tailed_gnatcatcher,Scrub,NA,shrub; riparian,NA,NA,Aridlands:  Desert Scrub,NA,NA,NA,NA,shrub,FALSE
black_tailed_godwit,NA,NA,plains; artificial; coastal; wetlands_lakes_marsh,NA,NA,NA,NA,grassland; swamp,NA,NA,facultative,TRUE
black_tern,Marshes,NA,artificial; coastal; wetlands_lakes_marsh,NA,NA,Wetlands:  Freshwater Marsh; Oceans:  Pelagic; Coasts:  Marine Waters,NA,NA,NA,NA,other,FALSE
black_throated_blue_warbler,Forests,NA,forest; woodland; shrub; artificial,NA,NA,Forests:  Boreal; Forests:  Temperate Eastern; Islands:  Terrestrial Habitats; Coasts:  Mangroves,NA,NA,NA,NA,other,FALSE
black_throated_bobwhite,NA,NA,forest; woodland; shrub; savannah; artificial,NA,NA,Forests:  Tropical Dry; Grasslands:  Tropical,NA,NA,NA,facultative grassland,facultative,TRUE
black_throated_gray_warbler,Forests,NA,NA,NA,NA,Forests:  Temperate Western; Forests:  Mesoamerican Pine-Oak; Forests:  Tropical Dry,NA,NA,NA,NA,other,FALSE
black_throated_green_warbler,Forests,NA,forest; woodland; shrub; rocky_areas; wetlands_lakes_marsh,NA,NA,Forests:  Boreal; Forests:  Temperate Eastern; Forests:  Tropical Montane Evergreen; Forests:  Tropical Lowland Evergreen,NA,NA,NA,NA,other,FALSE
black_throated_mango,NA,NA,shrub; artificial,NA,NA,Open Country:  Habitat Mosaic,NA,NA,NA,NA,facultative,TRUE
black_throated_sparrow,Scrub,NA,shrub; plains; desert,NA,NA,Aridlands:  Desert Scrub,NA,NA,NA,NA,shrub,FALSE
black_vulture,Grasslands,NA,NA,NA,NA,Open Country:  Habitat Mosaic; Open Country:  Developed/Disturbed,NA,NA,NA,NA,facultative,TRUE
black_whiskered_vireo,Forests,NA,forest; woodland; shrub; coastal; wetlands_lakes_marsh,NA,NA,Coasts:  Mangroves; Forests:  Tropical Lowland Evergreen,NA,NA,NA,NA,other,FALSE
blackburnian_warbler,Forests,NA,forest; woodland; shrub,NA,NA,Forests:  Boreal; Forests:  Temperate Eastern; Forests:  Tropical Montane Evergreen,NA,NA,NA,NA,other,FALSE
blackpoll_warbler,Forests,NA,forest; woodland,NA,NA,Forests:  Boreal; Forests:  Tropical Lowland Evergreen,NA,NA,NA,NA,other,FALSE
blue_and_white_swallow,NA,NA,grasslands; artificial; wetlands_lakes_marsh,NA,NA,Open Country Aerial:  Habitat Mosaic; Open Country Aerial:  Developed/Disturbed,NA,NA,NA,NA,facultative,TRUE
blue_black_grassquit,NA,NA,shrub; savannah; artificial,NA,NA,Open Country:  Developed/Disturbed,NA,NA,NA,facultative grassland,facultative,TRUE
blue_gray_gnatcatcher,Forests,NA,NA,NA,NA,Forests:  Generalist,NA,NA,NA,NA,other,FALSE
blue_gray_tanager,NA,NA,NA,NA,NA,Open Country:  Habitat Mosaic; Open Country:  Developed/Disturbed,NA,NA,NA,NA,facultative,TRUE
blue_grosbeak,Open Woodlands,NA,forest; woodland; shrub; savannah; artificial; riparian,NA,NA,Forests:  Temperate Eastern; Aridlands:  Desert Riparian; Open Country:  Habitat Mosaic,shrubland,NA,facultative grassland,NA,facultative,TRUE
blue_headed_vireo,Forests,NA,forest,NA,NA,Forests:  Boreal; Forests:  Temperate Eastern; Forests:  Tropical Generalist,NA,NA,NA,NA,other,FALSE
blue_jay,Forests,NA,forest; woodland; artificial,NA,NA,Forests:  Temperate Eastern,NA,NA,NA,NA,other,FALSE
blue_throated_hummingbird,Open Woodlands,NA,NA,NA,NA,NA,NA,NA,NA,NA,other,FALSE
blue_winged_teal,Marshes,NA,forest; grasslands; coastal; wetlands_lakes_marsh,NA,NA,Wetlands:  Seasonally Wet Grasslands; Wetlands:  Freshwater Marsh; Coasts:  Saltmarsh,NA,NA,NA,facultative grassland,facultative,TRUE
blue_winged_warbler,Open Woodlands,NA,woodland; shrub; riparian,NA,NA,Forests:  Temperate Eastern; Forests:  Tropical Lowland Evergreen; Forests:  Tropical Dry,shrubland,NA,NA,NA,other,FALSE
bluethroat,Tundra,NA,shrub; grasslands; riparian; wetlands_lakes_marsh,NA,NA,Tundra:  Arctic; Wetlands:  Generalist,NA,NA,NA,NA,facultative,TRUE
boat_tailed_grackle,Marshes,NA,artificial; wetlands_lakes_marsh,NA,NA,Coasts:  Saltmarsh; Wetlands:  Freshwater Marsh,NA,NA,NA,NA,other,FALSE
bobolink,Grasslands,NA,grasslands; artificial; wetlands_lakes_marsh,NA,NA,Grasslands:  Temperate; Grasslands:  Pampas and Campos; Grasslands:  Tropical,NA,NA,NA,grassland obligate,obligate,TRUE
bohemian_waxwing,Forests,NA,forest; woodland; shrub; artificial; riparian; wetlands_lakes_marsh,NA,NA,Forests:  Boreal,NA,NA,NA,NA,other,FALSE
bonapartes_gull,Lakes and Ponds,NA,grasslands; coastal; wetlands_lakes_marsh,NA,NA,Wetlands:  Boreal; Coasts:  Marine Waters; Wetlands:  Lakes and Rivers,NA,NA,NA,NA,facultative,TRUE
boreal_chickadee,Forests,NA,forest; woodland,NA,NA,Forests:  Boreal,NA,NA,NA,NA,other,FALSE
boreal_owl,Forests,NA,forest; woodland; artificial,NA,NA,Forests:  Boreal,NA,NA,NA,NA,other,FALSE
botteris_sparrow,Grasslands,NA,shrub; grasslands,NA,NA,Grasslands:  Chihuahuan; Grasslands:  Tropical,NA,NA,NA,grassland obligate,obligate,TRUE
bran_colored_flycatcher,NA,NA,bamboo; woodland; shrub; grasslands; riparian,NA,NA,Open Country:  Habitat Mosaic,NA,NA,NA,NA,facultative,TRUE
brandts_cormorant,Oceans,NA,rocky_areas; coastal; pelagic,NA,NA,Coasts:  Cliffs and Islands; Coasts:  Marine Waters; Coasts:  Rocky Intertidal,NA,NA,NA,NA,other,FALSE
brant,NA,NA,NA,NA,NA,Coasts:  Saltmarsh; Coasts:  Tundra; Coasts:  Marine Waters; Coasts:  Rocky Intertidal,NA,NA,NA,facultative grassland,facultative,TRUE
breeding_grassland_species,NA,obligate,NA,NA,NA,NA,NA,NA,NA,NA,obligate,TRUE
breeding_shrub_scrub_species,NA,NA,NA,NA,shrub,NA,NA,NA,NA,NA,shrub,FALSE
breeding_species,NA,NA,NA,NA,NA,NA,NA,NA,NA,NA,shrub,FALSE
brewers_blackbird,Towns,NA,shrub; grasslands; artificial; coastal; wetlands_lakes_marsh,NA,NA,Open Country:  Habitat Mosaic,NA,NA,NA,facultative grassland,facultative,TRUE
brewers_sparrow,Scrub,NA,shrub; grasslands,NA,NA,Aridlands:  Sagebrush; Aridlands:  Desert Scrub,NA,NA,NA,NA,shrub,FALSE
bridled_titmouse,Forests,NA,forest; grasslands; artificial; riparian,NA,NA,Forests:  Mesoamerican Pine-Oak,NA,NA,NA,NA,facultative,TRUE
bristle_thighed_curlew,NA,NA,shrub; grasslands; coastal; wetlands_lakes_marsh,NA,NA,Tundra:  Arctic; Coasts:  Beach and Estuary,NA,NA,NA,grassland obligate,obligate,TRUE
broad_billed_hummingbird,Forests,NA,woodland; shrub; rocky_areas; desert; riparian,NA,NA,Forests:  Tropical Dry; Aridlands:  Desert Riparian; Aridlands:  Tropical Arid Scrub,NA,NA,NA,NA,other,FALSE
broad_tailed_hummingbird,Open Woodlands,NA,forest; woodland; shrub; grasslands; riparian,NA,NA,Forests:  Temperate Western; Forests:  Mesoamerican Pine-Oak,NA,NA,NA,NA,facultative,TRUE
broad_winged_hawk,Forests,NA,forest; woodland; artificial; riparian,NA,NA,Forests:  Boreal; Forests:  Temperate Eastern; Forests:  Tropical Generalist,NA,NA,NA,NA,other,FALSE
bronzed_cowbird,Towns,NA,forest; woodland; grasslands; desert; artificial,NA,NA,Open Country:  Habitat Mosaic; Forests:  Tropical Dry,NA,NA,NA,facultative grassland,facultative,TRUE
brown_capped_rosy_finch,NA,NA,grasslands; rocky_areas; artificial; riparian; coastal,NA,NA,Tundra:  Alpine; Aridlands:  Sagebrush,NA,NA,NA,facultative grassland,facultative,TRUE
brown_chested_martin,NA,NA,grasslands; artificial; riparian,NA,NA,Open Country Aerial:  Habitat Mosaic; Wetlands Aerial:  Lakes and Rivers,NA,NA,NA,NA,facultative,TRUE
brown_creeper,Forests,NA,NA,NA,NA,Forests:  Temperate Generalist,NA,NA,NA,NA,other,FALSE
brown_crested_flycatcher,Forests,NA,woodland; shrub; riparian; coastal,NA,NA,Forests:  Tropical Dry; Aridlands:  Desert Riparian,NA,NA,NA,NA,other,FALSE
brown_headed_cowbird,Grasslands,NA,forest; woodland; grasslands; riparian,NA,NA,Open Country:  Habitat Mosaic,NA,NA,facultative grassland,facultative grassland,facultative,TRUE
brown_headed_nuthatch,Forests,NA,forest; woodland; artificial; wetlands_lakes_marsh,NA,NA,Forests:  Temperate Eastern,NA,NA,NA,NA,other,FALSE
brown_pelican,Oceans,NA,coastal,NA,NA,Coasts:  Beach and Estuary; Coasts:  Marine Waters,NA,NA,NA,NA,other,FALSE
brown_thrasher,Scrub,NA,shrub; artificial,NA,NA,Forests:  Temperate Eastern,shrubland,NA,facultative grassland,NA,facultative,TRUE
buff_bellied_hummingbird,Open Woodlands,NA,forest; woodland; shrub; riparian; coastal,NA,NA,Forests:  Tropical Dry,NA,NA,NA,NA,other,FALSE
buff_breasted_sandpiper,NA,NA,grasslands; wetlands_lakes_marsh,NA,NA,Tundra:  Arctic; Grasslands:  Pampas and Campos,NA,NA,NA,grassland obligate,obligate,TRUE
bufflehead,Lakes and Ponds,NA,artificial; riparian; coastal; wetlands_lakes_marsh,NA,NA,Wetlands:  Forested; Wetlands:  Lakes and Rivers; Coasts:  Marine Waters,NA,NA,NA,NA,other,FALSE
bullocks_oriole,Open Woodlands,NA,woodland; grasslands; desert,NA,NA,Forests:  Temperate Western; Forests:  Tropical Dry; Forests:  Mesoamerican Pine-Oak,NA,NA,NA,NA,facultative,TRUE
burrowing_owl,Grasslands,NA,savannah; grasslands; desert; artificial,NA,NA,Grasslands:  Temperate; Aridlands:  Desert Scrub,NA,NA,NA,grassland obligate,obligate,TRUE
bushtit,Scrub,NA,NA,NA,NA,Forests:  Temperate Western; Forests:  Mesoamerican Pine-Oak,NA,NA,NA,NA,other,FALSE
cabaniss_ground_sparrow,NA,NA,NA,NA,NA,Open Country:  Habitat Mosaic,NA,NA,NA,NA,facultative,TRUE
cabaniss_wren,NA,NA,NA,NA,NA,Open Country:  Habitat Mosaic,NA,NA,NA,NA,facultative,TRUE
cactus_wren,Deserts,NA,shrub; desert; artificial,NA,NA,Aridlands:  Desert Scrub,NA,NA,NA,NA,shrub,FALSE
california_gnatcatcher,Scrub,NA,shrub,NA,NA,Aridlands:  Chaparral,NA,NA,NA,NA,shrub,FALSE
california_gull,Lakes and Ponds,NA,grasslands; artificial; coastal; wetlands_lakes_marsh,NA,NA,Coasts:  Beach and Estuary; Wetlands:  Lakes and Rivers; Coasts:  Marine Waters,NA,NA,NA,NA,facultative,TRUE
california_quail,Scrub,NA,forest; shrub; grasslands; desert; artificial,NA,NA,Aridlands:  Chaparral,NA,NA,NA,NA,shrub,FALSE
california_scrub_jay,NA,NA,forest; shrub; artificial; coastal,NA,NA,Forests:  Temperate Western; Aridlands:  Chaparral,NA,NA,NA,NA,shrub,FALSE
california_thrasher,Scrub,NA,shrub; riparian,NA,NA,Aridlands:  Chaparral,NA,NA,NA,NA,shrub,FALSE
california_towhee,Scrub,NA,shrub; artificial; riparian,NA,NA,Aridlands:  Chaparral,NA,NA,NA,NA,shrub,FALSE
calliope_hummingbird,Open Woodlands,NA,shrub; artificial,NA,NA,Forests:  Temperate Western; Forests:  Mesoamerican Pine-Oak,NA,NA,NA,NA,other,FALSE
canada_goose,Marshes,NA,woodland; shrub; grasslands; plains; artificial; riparian; coastal; wetlands_lakes_marsh,NA,NA,Wetlands:  Generalist; Coasts:  Saltmarsh,NA,NA,facultative grassland,facultative grassland,facultative,TRUE
canada_jay,Forests,NA,forest,NA,NA,Forests:  Boreal; Forests:  Temperate Western,NA,NA,NA,NA,other,FALSE
canada_warbler,Forests,NA,forest; woodland; shrub,NA,NA,Forests:  Boreal; Forests:  Temperate Eastern; Forests:  Tropical Montane Evergreen,NA,NA,NA,NA,other,FALSE
canebrake_wren,NA,NA,shrub,NA,NA,Open Country:  Habitat Mosaic,NA,NA,NA,NA,facultative,TRUE
canvasback,Lakes and Ponds,NA,riparian; coastal; wetlands_lakes_marsh,NA,NA,Wetlands:  Seasonally Wet Grasslands; Wetlands:  Freshwater Marsh; Wetlands:  Lakes and Rivers; Coasts:  Marine Waters,NA,NA,NA,NA,other,FALSE
canyon_towhee,Scrub,NA,shrub; artificial; riparian,NA,NA,Aridlands:  Desert Scrub,NA,NA,NA,facultative grassland,facultative,TRUE
canyon_wren,Deserts,NA,shrub; rocky_areas; desert; artificial,NA,NA,Aridlands:  Desert Scrub,NA,NA,NA,NA,shrub,FALSE
cape_may_warbler,Forests,NA,forest; woodland; shrub; artificial,NA,NA,Forests:  Boreal; Islands:  Terrestrial Habitats,NA,NA,NA,NA,other,FALSE
caribbean_elaenia,NA,NA,forest; woodland; shrub; artificial; coastal,NA,NA,Open Country:  Habitat Mosaic,NA,NA,NA,NA,facultative,TRUE
carnivores,NA,NA,NA,NA,NA,NA,NA,NA,NA,NA,shrub,FALSE
carolina_chickadee,Forests,NA,forest; woodland; shrub; artificial; riparian; wetlands_lakes_marsh,NA,NA,Forests:  Temperate Eastern,NA,NA,NA,NA,other,FALSE
carolina_wren,Open Woodlands,NA,forest; shrub; artificial,NA,NA,Forests:  Temperate Eastern,shrubland,NA,NA,NA,other,FALSE
caspian_tern,Shorelines,NA,rocky_areas; artificial; coastal; wetlands_lakes_marsh,NA,NA,Wetlands:  Lakes and Rivers; Coasts:  Beach and Estuary,NA,NA,NA,NA,other,FALSE
cassins_finch,Forests,NA,forest; woodland; shrub,NA,NA,Forests:  Temperate Western,NA,NA,NA,NA,other,FALSE
cassins_kingbird,Open Woodlands,NA,forest; woodland; shrub; savannah; grasslands; riparian,NA,NA,Open Country:  Habitat Mosaic,NA,NA,NA,facultative grassland,facultative,TRUE
cassins_sparrow,Grasslands,NA,shrub; grasslands; artificial,NA,NA,Grasslands:  Temperate; Grasslands:  Chihuahuan,NA,NA,NA,grassland obligate,obligate,TRUE
cassins_vireo,Forests,NA,forest; woodland,NA,NA,Forests:  Temperate Western; Forests:  Tropical Dry; Forests:  Mesoamerican Pine-Oak,NA,NA,NA,NA,other,FALSE
cattle_egret,Grasslands,NA,NA,NA,NA,Wetlands:  Generalist; Open Country:  Developed/Disturbed; Wetlands:  Seasonally Wet Grasslands,NA,NA,NA,facultative grassland,facultative,TRUE
cattle_tyrant,NA,NA,shrub; savannah; grasslands; artificial; coastal,NA,NA,Open Country:  Developed/Disturbed; Grasslands:  Tropical,NA,NA,NA,NA,facultative,TRUE
cave_swallow,Grasslands,NA,rocky_areas; artificial; riparian; wetlands_lakes_marsh,NA,NA,Aridlands Aerial:  Desert Scrub; Open Country Aerial:  Habitat Mosaic,NA,NA,NA,NA,facultative,TRUE
cedar_waxwing,Open Woodlands,NA,forest; woodland; shrub; artificial; riparian; wetlands_lakes_marsh,NA,NA,Forests:  Temperate Generalist,NA,NA,NA,NA,other,FALSE
cerulean_warbler,Forests,NA,forest; wetlands_lakes_marsh,NA,NA,Forests:  Temperate Eastern; Forests:  Tropical Montane Evergreen,NA,NA,NA,NA,other,FALSE
chestnut_backed_chickadee,Forests,NA,forest; woodland; shrub; artificial; riparian,NA,NA,Forests:  Temperate Western,NA,NA,NA,NA,other,FALSE
chestnut_collared_longspur,Grasslands,NA,grasslands,NA,NA,Grasslands:  Temperate; Grasslands:  Chihuahuan,NA,NA,NA,grassland obligate,obligate,TRUE
chestnut_sided_warbler,Open Woodlands,NA,forest; woodland; shrub; artificial,NA,NA,Forests:  Boreal; Forests:  Temperate Eastern; Forests:  Tropical Lowland Evergreen,shrubland,NA,NA,NA,other,FALSE
chihuahuan_raven,Scrub,NA,shrub; grasslands; desert; artificial,NA,NA,Grasslands:  Chihuahuan; Aridlands:  Desert Scrub; Open Country:  Developed/Disturbed,NA,NA,NA,facultative grassland,facultative,TRUE
chimney_swift,Towns,NA,forest; shrub; artificial; riparian; coastal,NA,NA,Open Country Aerial:  Developed/Disturbed; Open Country Aerial:  Habitat Mosaic; Forest Aerial:  Tropical Lowland Evergreen,NA,NA,facultative grassland,NA,facultative,TRUE
chipping_sparrow,Open Woodlands,NA,forest; woodland; shrub; savannah; artificial,NA,NA,Forests:  Temperate Generalist; Open Country:  Habitat Mosaic,NA,NA,facultative grassland,NA,facultative,TRUE
chuck_wills_widow,Open Woodlands,NA,forest; woodland; shrub; grasslands; artificial,NA,NA,Forests:  Temperate Eastern; Open Country:  Habitat Mosaic,NA,NA,NA,NA,facultative,TRUE
chukar,Scrub,NA,forest; shrub; savannah; rocky_areas; artificial,NA,NA,Aridlands:  Desert Scrub,NA,NA,NA,NA,shrub,FALSE
cinnamon_rumped_seedeater,NA,NA,shrub; grasslands; artificial; wetlands_lakes_marsh,NA,NA,Open Country:  Developed/Disturbed,NA,NA,NA,NA,facultative,TRUE
cinnamon_teal,Marshes,NA,wetlands_lakes_marsh,NA,NA,Wetlands:  Freshwater Marsh; Wetlands:  Lakes and Rivers,NA,NA,NA,NA,other,FALSE
clapper_rail,Marshes,NA,coastal; wetlands_lakes_marsh,NA,NA,Coasts:  Saltmarsh,NA,NA,NA,NA,other,FALSE
clarks_nutcracker,Forests,NA,forest; desert; artificial,NA,NA,Forests:  Temperate Western,NA,NA,NA,NA,other,FALSE
clay_colored_sparrow,Scrub,NA,forest; woodland; shrub; grasslands; riparian; wetlands_lakes_marsh,NA,NA,Grasslands:  Temperate; Open Country:  Habitat Mosaic; Grasslands:  Chihuahuan,NA,NA,NA,facultative grassland,facultative,TRUE
clay_colored_thrush,NA,NA,forest; woodland; shrub; grasslands; plains; artificial,NA,NA,Open Country:  Habitat Mosaic; Open Country:  Developed/Disturbed,NA,NA,NA,NA,facultative,TRUE
cliff_swallow,Lakes and Ponds,NA,grasslands; rocky_areas; artificial,NA,NA,Open Country Aerial:  Habitat Mosaic,NA,NA,NA,NA,facultative,TRUE
common_eider,Oceans,NA,rocky_areas; riparian; coastal; wetlands_lakes_marsh; pelagic,NA,NA,Coasts:  Cliffs and Islands; Coasts:  Marine Waters; Coasts:  Rocky Intertidal,NA,NA,NA,NA,other,FALSE
common_gallinule,Marshes,NA,artificial; wetlands_lakes_marsh,NA,NA,Wetlands:  Freshwater Marsh,NA,NA,NA,NA,other,FALSE
common_goldeneye,Lakes and Ponds,NA,riparian; coastal; wetlands_lakes_marsh,NA,NA,Wetlands:  Forested; Wetlands:  Lakes and Rivers; Coasts:  Marine Waters,NA,NA,NA,NA,other,FALSE
common_grackle,Open Woodlands,NA,forest; woodland; shrub; artificial; riparian; wetlands_lakes_marsh,NA,NA,Open Country:  Habitat Mosaic,NA,NA,NA,NA,facultative,TRUE
common_ground_dove,Scrub,NA,woodland; shrub; savannah; artificial,NA,NA,Aridlands:  Desert Scrub; Forests:  Tropical Dry,NA,NA,NA,facultative grassland,facultative,TRUE
common_loon,Lakes and Ponds,NA,coastal; wetlands_lakes_marsh,NA,NA,Wetlands:  Lakes and Rivers; Coasts:  Marine Waters,NA,NA,NA,NA,other,FALSE
common_merganser,Lakes and Ponds,NA,NA,NA,NA,Wetlands:  Forested; Wetlands:  Lakes and Rivers,NA,NA,NA,NA,other,FALSE
common_myna,NA,NA,shrub; grasslands; desert; artificial; riparian; coastal,NA,NA,Open Country:  Developed/Disturbed,NA,NA,NA,NA,facultative,TRUE
common_nighthawk,Grasslands,NA,forest; woodland; shrub; grasslands; rocky_areas; artificial; wetlands_lakes_marsh,NA,NA,Open Country Aerial:  Habitat Mosaic,NA,NA,facultative grassland,facultative grassland,facultative,TRUE
common_pauraque,Forests,NA,NA,NA,NA,Forests:  Tropical Generalist,NA,NA,NA,NA,other,FALSE
common_poorwill,Scrub,NA,forest; woodland; shrub; grasslands; plains; desert,NA,NA,Aridlands:  Desert Scrub; Aridlands:  Sagebrush,NA,NA,NA,facultative grassland,facultative,TRUE
common_quail,NA,NA,shrub; grasslands; artificial,NA,NA,NA,NA,NA,NA,NA,shrub,FALSE
common_raven,Forests,NA,forest; woodland; shrub; plains; rocky_areas; desert; artificial; coastal,NA,NA,Open Country:  Habitat Mosaic,NA,NA,NA,NA,facultative,TRUE
common_redpoll,Open Woodlands,NA,NA,NA,NA,Tundra:  Arctic; Forests:  Boreal; Open Country:  Habitat Mosaic,NA,NA,NA,NA,facultative,TRUE
common_snipe,NA,NA,grasslands; artificial; riparian; coastal; wetlands_lakes_marsh,NA,NA,NA,NA,NA,NA,facultative grassland,facultative,TRUE
common_tern,Shorelines,NA,grasslands; rocky_areas; artificial; riparian; coastal; wetlands_lakes_marsh,NA,NA,Coasts:  Beach and Estuary; Wetlands:  Lakes and Rivers; Coasts:  Marine Waters,NA,NA,NA,NA,facultative,TRUE
common_tody_flycatcher,NA,NA,woodland; shrub; artificial; riparian,NA,NA,Open Country:  Habitat Mosaic,NA,NA,NA,NA,facultative,TRUE
common_wood_pigeon,NA,NA,NA,NA,NA,NA,NA,deciduous_forest; coniferous_forest; woodland; human_settlements,NA,NA,other,FALSE
common_yellowthroat,Scrub,NA,shrub; wetlands_lakes_marsh,NA,NA,Open Country:  Habitat Mosaic; Wetlands:  Freshwater Marsh,shrubland,NA,facultative grassland,facultative grassland,facultative,TRUE
connecticut_warbler,Forests,NA,forest; woodland; shrub; wetlands_lakes_marsh,NA,NA,Forests:  Boreal; Forests:  Tropical Lowland Evergreen,NA,NA,NA,NA,other,FALSE
coopers_hawk,Forests,NA,forest; artificial; riparian,NA,NA,Forests:  Temperate Generalist; Open Country:  Habitat Mosaic,NA,NA,facultative grassland,NA,facultative,TRUE
corn_bunting,NA,NA,shrub; grasslands; rocky_areas; artificial,NA,NA,NA,NA,grassland,NA,NA,obligate,TRUE
corncrake,NA,NA,forest; savannah; grasslands; artificial; riparian; wetlands_lakes_marsh,NA,NA,NA,NA,grassland,NA,NA,obligate,TRUE
costas_hummingbird,Deserts,NA,shrub; savannah; grasslands; plains; desert; artificial; coastal,NA,NA,Aridlands:  Desert Scrub,NA,NA,NA,NA,facultative,TRUE
couchs_kingbird,Open Woodlands,NA,woodland; shrub; artificial,NA,NA,Open Country:  Habitat Mosaic,NA,NA,NA,NA,facultative,TRUE
crested_bobwhite,NA,NA,woodland; shrub; savannah; artificial,NA,NA,Open Country:  Habitat Mosaic,NA,NA,NA,facultative grassland,facultative,TRUE
crested_caracara,Scrub,NA,shrub; savannah; grasslands; artificial,NA,NA,Open Country:  Habitat Mosaic,NA,NA,NA,facultative grassland,facultative,TRUE
crissal_thrasher,Scrub,NA,woodland; shrub; desert; riparian,NA,NA,Aridlands:  Desert Scrub; Aridlands:  Desert Riparian,NA,NA,NA,NA,shrub,FALSE
curve_billed_thrasher,Scrub,NA,woodland; shrub; desert; artificial,NA,NA,Aridlands:  Desert Scrub,NA,NA,NA,NA,shrub,FALSE
dark_eyed_junco,NA,NA,woodland; shrub; grasslands; artificial,NA,NA,Forests:  Temperate Generalist; Open Country:  Habitat Mosaic,NA,NA,facultative grassland,NA,facultative,TRUE
dickcissel,Grasslands,NA,shrub; savannah; grasslands; artificial,NA,NA,Grasslands:  Temperate; Grasslands:  Tropical,NA,NA,NA,grassland obligate,obligate,TRUE
double_crested_cormorant,Lakes and Ponds,NA,rocky_areas; riparian; coastal; wetlands_lakes_marsh,NA,NA,Wetlands:  Generalist; Coasts:  Beach and Estuary; Coasts:  Marine Waters; Wetlands:  Lakes and Rivers,NA,NA,NA,NA,other,FALSE
double_striped_thick_knee,NA,NA,shrub; savannah; grasslands; artificial,NA,NA,Grasslands:  Tropical,NA,NA,NA,grassland obligate,obligate,TRUE
downy_woodpecker,Forests,NA,forest; woodland; artificial; riparian,NA,NA,Forests:  Temperate Generalist,NA,NA,facultative grassland,NA,facultative,TRUE
dunlin,NA,NA,grasslands; coastal; wetlands_lakes_marsh,NA,NA,Wetlands:  Tundra; Coasts:  Tundra; Coasts:  Beach and Estuary; Wetlands:  Seasonally Wet Grasslands,NA,NA,NA,facultative grassland,facultative,TRUE
dusky_capped_flycatcher,Forests,NA,forest; woodland; artificial; riparian,NA,NA,Forests:  Tropical Generalist,NA,NA,NA,NA,other,FALSE
dusky_flycatcher,Open Woodlands,NA,NA,NA,NA,Forests:  Temperate Western; Forests:  Tropical Dry; Forests:  Mesoamerican Pine-Oak,NA,NA,NA,NA,other,FALSE
dusky_grouse,Forests,NA,forest; shrub; grasslands,NA,NA,Forests:  Temperate Western,NA,NA,NA,NA,facultative,TRUE
dwarf_vireo,NA,NA,woodland; shrub,NA,NA,Aridlands:  Tropical Arid Scrub,NA,NA,NA,NA,shrub,FALSE
eared_grebe,Lakes and Ponds,NA,NA,NA,NA,Wetlands:  Freshwater Marsh; Coasts:  Marine Waters; Wetlands:  Lakes and Rivers,NA,NA,NA,NA,other,FALSE
eastern_bluebird,Grasslands,NA,woodland; shrub; grasslands,NA,NA,Forests:  Temperate Eastern; Forests:  Mesoamerican Pine-Oak,NA,NA,facultative grassland,facultative grassland,facultative,TRUE
eastern_kingbird,Grasslands,NA,forest; woodland; shrub; rocky_areas; artificial,NA,NA,Open Country:  Habitat Mosaic; Grasslands:  Temperate; Forests:  Tropical Lowland Evergreen,NA,NA,facultative grassland,facultative grassland,facultative,TRUE
eastern_meadowlark,Grasslands,NA,shrub; savannah; grasslands; artificial,NA,NA,Grasslands:  Temperate; Grasslands:  Tropical,NA,NA,NA,grassland obligate,obligate,TRUE
eastern_phoebe,Open Woodlands,NA,woodland; artificial,NA,NA,Open Country:  Habitat Mosaic; Forests:  Temperate Eastern,NA,NA,facultative grassland,NA,facultative,TRUE
eastern_screech_owl,Forests,NA,forest; woodland; artificial,NA,NA,Forests:  Temperate Eastern,NA,NA,NA,NA,other,FALSE
eastern_towhee,Scrub,NA,forest; woodland; shrub; artificial; riparian,NA,NA,Forests:  Temperate Eastern,shrubland,NA,facultative grassland,NA,facultative,TRUE
eastern_whip_poor_will,Open Woodlands,NA,forest; woodland; shrub; coastal,NA,NA,Forests:  Temperate Eastern; Forests:  Tropical Lowland Evergreen,NA,NA,NA,NA,other,FALSE
eastern_wood_pewee,Forests,NA,forest; woodland; shrub,NA,NA,Forests:  Temperate Eastern; Forests:  Tropical Lowland Evergreen,NA,NA,NA,NA,other,FALSE
eastern_yellow_wagtail,Tundra,NA,forest; grasslands; artificial; wetlands_lakes_marsh,NA,NA,Tundra:  Arctic; Open Country:  Habitat Mosaic,NA,NA,NA,NA,facultative,TRUE
edge_species,NA,facultative,NA,NA,NA,NA,NA,NA,NA,NA,facultative,TRUE
elegant_quail,NA,NA,forest; shrub,NA,NA,Forests:  Tropical Dry; Aridlands:  Desert Scrub,NA,NA,NA,facultative grassland,facultative,TRUE
elegant_trogon,Forests,NA,forest; woodland; shrub; artificial; riparian,NA,NA,Forests:  Mesoamerican Pine-Oak; Forests:  Tropical Dry,NA,NA,NA,NA,other,FALSE
elf_owl,Deserts,NA,woodland; plains; desert; riparian,NA,NA,Aridlands:  Desert Scrub; Forests:  Tropical Dry,NA,NA,NA,NA,facultative,TRUE
emperor_goose,NA,NA,coastal; wetlands_lakes_marsh,NA,NA,Coasts:  Saltmarsh; Coasts:  Marine Waters; Coasts:  Rocky Intertidal,NA,NA,NA,facultative grassland,facultative,TRUE
eskimo_curlew,NA,NA,shrub; grasslands; coastal,NA,NA,Tundra:  Arctic; Grasslands:  Pampas and Campos,NA,NA,NA,grassland obligate,obligate,TRUE
eurasian_blue_tit,NA,NA,NA,NA,NA,NA,NA,woodland,NA,NA,other,FALSE
eurasian_collared_dove,Towns,NA,shrub; savannah; plains; desert; artificial,NA,NA,Open Country:  Developed/Disturbed,NA,NA,NA,NA,facultative,TRUE
eurasian_skylark,NA,NA,grasslands; plains; artificial; coastal; wetlands_lakes_marsh,NA,NA,Open Country:  Developed/Disturbed,NA,grassland; mountain_meadow,NA,NA,facultative,TRUE
eurasian_tree_sparrow,Towns,NA,woodland; plains; artificial,NA,NA,Open Country:  Developed/Disturbed,NA,NA,NA,NA,facultative,TRUE
eurasian_wryneck,NA,NA,NA,NA,NA,NA,NA,woodland,NA,NA,other,FALSE
european_starling,Towns,NA,NA,NA,NA,Open Country:  Developed/Disturbed,NA,NA,NA,NA,other,FALSE
evening_grosbeak,Forests,NA,forest; woodland; shrub; artificial,NA,NA,Forests:  Boreal; Forests:  Temperate Western; Forests:  Temperate Generalist,NA,NA,NA,NA,other,FALSE
facultative_grassland_species,NA,facultative,NA,NA,NA,NA,NA,NA,NA,NA,facultative,TRUE
farmland_bird_indicator_species,NA,obligate,NA,NA,NA,NA,NA,NA,NA,NA,obligate,TRUE
farmland_specialists,NA,obligate,NA,NA,NA,NA,NA,NA,NA,NA,obligate,TRUE
ferruginous_hawk,Grasslands,NA,savannah; grasslands; rocky_areas; artificial,NA,NA,Grasslands:  Temperate; Open Country:  Habitat Mosaic; Grasslands:  Chihuahuan,NA,NA,NA,grassland obligate,obligate,TRUE
field_sparrow,Scrub,NA,woodland; shrub; grasslands; artificial,NA,NA,Open Country:  Habitat Mosaic; Forests:  Temperate Eastern,shrubland,NA,facultative grassland,NA,facultative,TRUE
fish_crow,Shorelines,NA,woodland; rocky_areas; artificial; riparian; coastal; wetlands_lakes_marsh,NA,NA,Open Country:  Habitat Mosaic; Wetlands:  Generalist,NA,NA,NA,NA,facultative,TRUE
five_striped_sparrow,NA,NA,shrub; rocky_areas; desert,NA,NA,Forests:  Tropical Dry; Aridlands:  Desert Scrub,NA,NA,NA,NA,shrub,FALSE
florida_scrub_jay,Scrub,NA,shrub,NA,NA,Forests:  Temperate Eastern,NA,NA,NA,NA,other,FALSE
fork_tailed_flycatcher,NA,NA,woodland; shrub; savannah; grasslands; coastal,NA,NA,Grasslands:  Tropical,NA,NA,NA,facultative grassland,facultative,TRUE
forsters_tern,Marshes,NA,rocky_areas; coastal; wetlands_lakes_marsh,NA,NA,Wetlands:  Freshwater Marsh; Coasts:  Beach and Estuary,NA,NA,NA,NA,other,FALSE
fox_sparrow,Forests,NA,NA,NA,NA,Forests:  Boreal; Forests:  Temperate Western; Forests:  Temperate Eastern; Aridlands:  Chaparral,NA,NA,facultative grassland,NA,facultative,TRUE
franklins_gull,Lakes and Ponds,NA,grasslands; artificial; coastal; wetlands_lakes_marsh,NA,NA,Wetlands:  Freshwater Marsh; Coasts:  Beach and Estuary; Coasts:  Marine Waters,NA,NA,NA,facultative grassland,facultative,TRUE
frugivores,NA,NA,NA,NA,NA,NA,NA,NA,NA,NA,shrub,FALSE
fulvous_whistling_duck,Marshes,NA,artificial; wetlands_lakes_marsh,NA,NA,Wetlands:  Freshwater Marsh; Coasts:  Saltmarsh,NA,NA,NA,NA,other,FALSE
gadwall,Marshes,NA,grasslands; artificial; riparian; coastal; wetlands_lakes_marsh,NA,NA,Wetlands:  Seasonally Wet Grasslands; Wetlands:  Freshwater Marsh; Wetlands:  Generalist,NA,NA,NA,facultative grassland,facultative,TRUE
gambels_quail,Scrub,NA,shrub; desert; artificial; riparian,NA,NA,Aridlands:  Desert Scrub; Aridlands:  Desert Riparian,NA,NA,NA,NA,shrub,FALSE
generalists,NA,NA,NA,NA,NA,NA,NA,NA,NA,NA,shrub,FALSE
giant_cowbird,NA,NA,shrub; artificial,NA,NA,Open Country:  Habitat Mosaic,NA,NA,NA,NA,facultative,TRUE
gila_woodpecker,Deserts,NA,forest; plains; desert; artificial; riparian,NA,NA,Aridlands:  Desert Scrub; Aridlands:  Desert Riparian,NA,NA,NA,NA,facultative,TRUE
gilded_flicker,Deserts,NA,woodland; shrub; desert; riparian,NA,NA,Aridlands:  Desert Scrub; Aridlands:  Desert Riparian,NA,NA,NA,NA,shrub,FALSE
glaucous_gull,Shorelines,NA,rocky_areas; coastal; wetlands_lakes_marsh,NA,NA,Coasts:  Cliffs and Islands; Wetlands:  Tundra; Coasts:  Beach and Estuary; Coasts:  Marine Waters,NA,NA,NA,NA,other,FALSE
glaucous_winged_gull,Shorelines,NA,rocky_areas; coastal; wetlands_lakes_marsh,NA,NA,Coasts:  Cliffs and Islands; Coasts:  Marine Waters; Coasts:  Beach and Estuary,NA,NA,NA,NA,other,FALSE
glossy_ibis,Marshes,NA,artificial; riparian; coastal; wetlands_lakes_marsh,NA,NA,Coasts:  Saltmarsh; Wetlands:  Freshwater Marsh; Wetlands:  Generalist,NA,NA,NA,NA,other,FALSE
golden_cheeked_warbler,Forests,NA,forest; shrub,NA,NA,Forests:  Temperate Western; Forests:  Mesoamerican Pine-Oak; Forests:  Mesoamerican Highland,NA,NA,NA,NA,other,FALSE
golden_crowned_kinglet,Forests,NA,forest,NA,NA,Forests:  Boreal; Forests:  Temperate Western; Forests:  Temperate Generalist,NA,NA,NA,NA,other,FALSE
golden_crowned_sparrow,Scrub,NA,forest; woodland; shrub; grasslands; artificial; riparian; wetlands_lakes_marsh,NA,NA,Tundra:  Alpine; Forests:  Temperate Western; Open Country:  Habitat Mosaic,NA,NA,NA,NA,facultative,TRUE
golden_eagle,Grasslands,NA,woodland; shrub; grasslands; plains; desert; wetlands_lakes_marsh,NA,NA,Open Country:  Habitat Mosaic,NA,NA,NA,NA,facultative,TRUE
golden_fronted_woodpecker,Open Woodlands,NA,forest; woodland; shrub; plains; artificial; riparian,NA,NA,Forests:  Tropical Dry,NA,NA,NA,NA,facultative,TRUE
golden_winged_warbler,Open Woodlands,NA,forest; woodland; shrub; grasslands; riparian,NA,NA,Forests:  Temperate Eastern; Forests:  Tropical Montane Evergreen,shrubland,NA,NA,NA,facultative,TRUE
graces_warbler,Forests,NA,forest; savannah,NA,NA,Forests:  Mesoamerican Pine-Oak; Forests:  Mesoamerican Highland,NA,NA,NA,NA,facultative,TRUE
granivores,NA,NA,NA,NA,NA,NA,NA,NA,NA,NA,shrub,FALSE
grasshopper_sparrow,Grasslands,NA,shrub; savannah; grasslands,NA,NA,Grasslands:  Temperate; Grasslands:  Chihuahuan,NA,NA,NA,grassland obligate,obligate,TRUE
grasshopper_sparrow_henslows_sparrow,NA,facultative,NA,NA,NA,NA,NA,NA,NA,NA,facultative,TRUE
grassland_facultative_species,NA,facultative,NA,NA,NA,NA,NA,NA,NA,NA,facultative,TRUE
grassland_obligates,NA,obligate,NA,NA,NA,NA,NA,NA,NA,NA,obligate,TRUE
grassland_specialists,NA,obligate,NA,NA,NA,NA,NA,NA,NA,NA,obligate,TRUE
grassland_species,NA,facultative,NA,NA,NA,NA,NA,NA,NA,NA,facultative,TRUE
grassland_yellow_finch,NA,NA,savannah; grasslands; artificial; coastal,NA,NA,Grasslands:  Tropical,NA,NA,NA,grassland obligate,obligate,TRUE
gray_breasted_martin,NA,NA,NA,NA,NA,Open Country Aerial:  Habitat Mosaic; Open Country Aerial:  Developed/Disturbed,NA,NA,NA,NA,facultative,TRUE
gray_capped_flycatcher,NA,NA,NA,NA,NA,Open Country:  Habitat Mosaic,NA,NA,NA,NA,facultative,TRUE
gray_catbird,Open Woodlands,NA,NA,NA,NA,Forests:  Temperate Eastern; Forests:  Temperate Western; Forests:  Tropical Generalist,shrubland,NA,NA,NA,other,FALSE
gray_cheeked_thrush,Forests,NA,NA,NA,NA,Forests:  Boreal; Forests:  Tropical Lowland Evergreen,NA,NA,NA,NA,other,FALSE
gray_crowned_rosy_finch,NA,NA,NA,NA,NA,Tundra:  Alpine; Open Country:  Habitat Mosaic,NA,NA,NA,facultative grassland,facultative,TRUE
gray_crowned_yellowthroat,NA,NA,NA,NA,NA,Open Country:  Habitat Mosaic,NA,NA,NA,NA,facultative,TRUE
gray_flycatcher,Open Woodlands,NA,NA,NA,NA,Forests:  Temperate Western; Aridlands:  Desert Scrub; Forests:  Tropical Dry,NA,NA,NA,NA,shrub,FALSE
gray_hawk,Forests,NA,NA,NA,NA,Forests:  Tropical Dry; Aridlands:  Desert Riparian; Open Country:  Habitat Mosaic,NA,NA,NA,NA,facultative,TRUE
gray_kingbird,Open Woodlands,NA,NA,NA,NA,Coasts:  Mangroves; Islands:  Terrestrial Habitats; Forests:  Tropical Dry,NA,NA,NA,NA,other,FALSE
gray_lined_hawk,NA,NA,NA,NA,NA,Open Country:  Habitat Mosaic,NA,NA,NA,NA,facultative,TRUE
gray_partridge,Grasslands,NA,NA,NA,NA,Open Country:  Developed/Disturbed,NA,NA,NA,facultative grassland,facultative,TRUE
gray_thrasher,NA,NA,NA,NA,NA,Aridlands:  Desert Scrub,NA,NA,NA,NA,shrub,FALSE
gray_vireo,Scrub,NA,NA,NA,NA,Forests:  Temperate Western; Aridlands:  Chaparral; Aridlands:  Desert Scrub,NA,NA,NA,NA,shrub,FALSE
great_black_backed_gull,Shorelines,NA,grasslands; artificial; coastal; wetlands_lakes_marsh; pelagic,NA,NA,Coasts:  Beach and Estuary; Wetlands:  Lakes and Rivers; Coasts:  Marine Waters,NA,NA,NA,NA,facultative,TRUE
great_crested_flycatcher,Open Woodlands,NA,forest; woodland; shrub; artificial; riparian; wetlands_lakes_marsh,NA,NA,Forests:  Temperate Eastern; Forests:  Tropical Lowland Evergreen,NA,NA,NA,NA,other,FALSE
great_egret,Marshes,NA,NA,NA,NA,Wetlands:  Generalist; Coasts:  Saltmarsh,NA,NA,NA,NA,other,FALSE
great_gray_owl,Forests,NA,NA,NA,NA,Forests:  Boreal,NA,NA,NA,NA,other,FALSE
great_horned_owl,Forests,NA,forest; woodland; rocky_areas; desert; artificial; riparian; coastal; wetlands_lakes_marsh,NA,NA,Open Country:  Habitat Mosaic,NA,NA,NA,NA,facultative,TRUE
great_kiskadee,Open Woodlands,NA,forest; woodland; shrub; artificial; riparian; coastal; wetlands_lakes_marsh,NA,NA,Open Country:  Habitat Mosaic; Forests:  Tropical Dry,NA,NA,NA,NA,facultative,TRUE
great_tailed_grackle,Scrub,NA,bamboo; shrub; grasslands; desert; artificial; riparian; coastal; wetlands_lakes_marsh,NA,NA,Open Country:  Developed/Disturbed,NA,NA,NA,NA,facultative,TRUE
great_tit,NA,NA,NA,NA,NA,NA,NA,woodland,NA,NA,other,FALSE
greater_pewee,Open Woodlands,NA,forest; woodland,NA,NA,Forests:  Mesoamerican Pine-Oak,NA,NA,NA,NA,other,FALSE
greater_prairie_chicken,Grasslands,NA,forest; woodland; shrub; savannah; grasslands; artificial; riparian; coastal,NA,NA,Grasslands:  Temperate,NA,NA,NA,grassland obligate,obligate,TRUE
greater_roadrunner,Scrub,NA,shrub; artificial,NA,NA,Aridlands:  Desert Scrub,NA,NA,NA,NA,shrub,FALSE
greater_sage_grouse,Grasslands,NA,NA,NA,NA,Aridlands:  Sagebrush,NA,NA,NA,NA,other,FALSE
greater_scaup,Lakes and Ponds,NA,forest; grasslands; riparian; coastal; wetlands_lakes_marsh,NA,NA,Wetlands:  Tundra; Coasts:  Marine Waters; Wetlands:  Lakes and Rivers,NA,NA,NA,NA,facultative,TRUE
greater_white_fronted_goose,Lakes and Ponds,NA,grasslands; artificial; riparian; coastal; wetlands_lakes_marsh,NA,NA,Wetlands:  Tundra; Wetlands:  Generalist,NA,NA,NA,facultative grassland,facultative,TRUE
greater_yellowlegs,Marshes,NA,forest; shrub; artificial; coastal; wetlands_lakes_marsh,NA,NA,Wetlands:  Boreal; Wetlands:  Generalist,NA,NA,NA,NA,other,FALSE
green_heron,Marshes,NA,forest; artificial; riparian; wetlands_lakes_marsh,NA,NA,Wetlands:  Freshwater Marsh; Wetlands:  Generalist; Coasts:  Saltmarsh,NA,NA,NA,NA,other,FALSE
green_jay,Open Woodlands,NA,forest; woodland; shrub; artificial,NA,NA,Forests:  Tropical Lowland Evergreen,NA,NA,NA,NA,other,FALSE
green_kingfisher,Rivers and Streams,NA,forest; woodland; riparian; coastal; wetlands_lakes_marsh,NA,NA,Wetlands:  Generalist,NA,NA,NA,NA,other,FALSE
green_tailed_towhee,Scrub,NA,shrub; riparian,NA,NA,Aridlands:  Sagebrush; Aridlands:  Desert Scrub; Aridlands:  Desert Riparian,NA,NA,NA,NA,shrub,FALSE
green_winged_teal,Marshes,NA,artificial; riparian; coastal; wetlands_lakes_marsh,NA,NA,Wetlands:  Generalist,NA,NA,NA,facultative grassland,facultative,TRUE
groove_billed_ani,Scrub,NA,shrub; grasslands; wetlands_lakes_marsh,NA,NA,Open Country:  Developed/Disturbed,NA,NA,NA,NA,facultative,TRUE
ground_nesters,NA,NA,NA,NA,NA,NA,NA,NA,NA,NA,shrub,FALSE
gull_billed_tern,Shorelines,NA,NA,NA,NA,Coasts:  Beach and Estuary; Wetlands:  Freshwater Marsh,NA,NA,NA,NA,other,FALSE
gyrfalcon,Tundra,NA,shrub; grasslands; plains; rocky_areas; artificial; riparian; coastal,NA,NA,Tundra:  Arctic; Open Country:  Habitat Mosaic,NA,NA,NA,facultative grassland,facultative,TRUE
hairy_woodpecker,Forests,NA,forest; woodland; artificial; riparian,NA,NA,Forests:  Generalist,NA,NA,NA,NA,other,FALSE
hammonds_flycatcher,Forests,NA,forest; woodland,NA,NA,Forests:  Temperate Western; Forests:  Mesoamerican Pine-Oak; Forests:  Mesoamerican Highland,NA,NA,NA,NA,other,FALSE
harlequin_duck,Rivers and Streams,NA,rocky_areas; riparian; coastal,NA,NA,Wetlands:  Lakes and Rivers; Coasts:  Beach and Estuary; Coasts:  Marine Waters; Coasts:  Rocky Intertidal,NA,NA,NA,NA,other,FALSE
harriss_hawk,Scrub,NA,shrub; savannah; grasslands; artificial; wetlands_lakes_marsh,NA,NA,Aridlands:  Desert Scrub,NA,NA,NA,NA,shrub,FALSE
henslows_sparrow,Grasslands,NA,woodland; shrub; grasslands,NA,NA,Grasslands:  Temperate; Forests:  Temperate Eastern,NA,NA,NA,grassland obligate,obligate,TRUE
hepatic_tanager,Forests,NA,forest; woodland; shrub; savannah,NA,NA,Forests:  Mesoamerican Pine-Oak; Forests:  Tropical Montane Evergreen,NA,NA,NA,NA,facultative,TRUE
hermit_thrush,Open Woodlands,NA,forest; woodland; shrub; grasslands; rocky_areas; artificial,NA,NA,Forests:  Temperate Generalist,NA,NA,NA,NA,facultative,TRUE
hermit_warbler,Forests,NA,forest; woodland,NA,NA,Forests:  Temperate Western; Forests:  Mesoamerican Pine-Oak; Forests:  Mesoamerican Highland,NA,NA,NA,NA,other,FALSE
herring_gull,Shorelines,NA,NA,NA,NA,Coasts:  Beach and Estuary; Wetlands:  Lakes and Rivers; Coasts:  Marine Waters,NA,NA,NA,NA,other,FALSE
hoary_redpoll,Open Woodlands,NA,NA,NA,NA,Tundra:  Arctic; Open Country:  Habitat Mosaic,NA,NA,NA,NA,facultative,TRUE
hooded_merganser,Lakes and Ponds,NA,riparian; coastal; wetlands_lakes_marsh,NA,NA,Wetlands:  Forested; Wetlands:  Lakes and Rivers,NA,NA,NA,NA,other,FALSE
hooded_oriole,Open Woodlands,NA,forest; woodland; desert; artificial,NA,NA,Forests:  Generalist,NA,NA,NA,NA,other,FALSE
hooded_warbler,Forests,NA,woodland; shrub; riparian,NA,NA,Forests:  Temperate Eastern; Forests:  Tropical Lowland Evergreen,NA,NA,NA,NA,other,FALSE
hooded_yellowthroat,NA,NA,shrub,NA,NA,Aridlands:  Tropical Arid Scrub,NA,NA,NA,NA,shrub,FALSE
horned_grebe,Lakes and Ponds,NA,riparian; coastal; wetlands_lakes_marsh,NA,NA,Wetlands:  Freshwater Marsh; Coasts:  Marine Waters; Wetlands:  Lakes and Rivers,NA,NA,NA,NA,other,FALSE
horned_lark,Grasslands,NA,shrub; grasslands; plains; rocky_areas; desert; artificial; coastal,NA,NA,Grasslands:  Temperate; Tundra:  Arctic; Open Country:  Developed/Disturbed; Coasts:  Beach and Estuary,NA,NA,NA,grassland obligate,obligate,TRUE
house_finch,Towns,NA,woodland; shrub; savannah; rocky_areas; desert; artificial; riparian,NA,NA,Open Country:  Habitat Mosaic; Aridlands:  Desert Scrub,NA,NA,facultative grassland,NA,facultative,TRUE
house_sparrow,Towns,NA,forest; woodland; artificial,NA,NA,Open Country:  Developed/Disturbed,NA,NA,NA,NA,other,FALSE
house_wren,Scrub,NA,NA,NA,NA,Forests:  Generalist; Open Country:  Developed/Disturbed; Open Country:  Habitat Mosaic,NA,NA,NA,NA,facultative,TRUE
hudsonian_godwit,NA,NA,grasslands; artificial; riparian; coastal; wetlands_lakes_marsh,NA,NA,Wetlands:  Boreal; Coasts:  Beach and Estuary,NA,NA,NA,facultative grassland,facultative,TRUE
huttons_vireo,Forests,NA,forest; woodland,NA,NA,Forests:  Temperate Western; Forests:  Mesoamerican Highland,NA,NA,NA,NA,other,FALSE
inca_dove,Towns,NA,woodland; riparian,NA,NA,Open Country:  Habitat Mosaic,NA,NA,NA,NA,facultative,TRUE
indigo_bunting,Open Woodlands,NA,woodland; shrub; savannah; artificial; riparian; wetlands_lakes_marsh,NA,NA,Forests:  Temperate Eastern; Open Country:  Habitat Mosaic,shrubland,NA,facultative grassland,NA,facultative,TRUE
indigo_bunting_blue_grosbeak,NA,NA,NA,NA,facultative,NA,NA,NA,NA,NA,facultative,TRUE
insectivores,NA,NA,NA,NA,NA,NA,NA,NA,NA,NA,shrub,FALSE
isthmian_wren,NA,NA,forest; artificial,NA,NA,Open Country:  Habitat Mosaic,NA,NA,NA,NA,facultative,TRUE
jabiru,NA,NA,savannah; artificial; riparian; coastal; wetlands_lakes_marsh,NA,NA,Wetlands:  Freshwater Marsh,NA,NA,NA,facultative grassland,facultative,TRUE
juniper_titmouse,Open Woodlands,NA,forest; woodland; riparian,NA,NA,Forests:  Temperate Western,NA,NA,NA,NA,other,FALSE
kentucky_warbler,Forests,NA,forest; woodland; shrub; riparian,NA,NA,Forests:  Temperate Eastern; Forests:  Tropical Lowland Evergreen,NA,NA,NA,NA,other,FALSE
killdeer,Grasslands,NA,savannah; grasslands; plains; artificial; riparian; coastal; wetlands_lakes_marsh,NA,NA,Open Country:  Habitat Mosaic; Wetlands:  Generalist,NA,NA,facultative grassland,facultative grassland,facultative,TRUE
king_rail,Marshes,NA,shrub; artificial; riparian; coastal; wetlands_lakes_marsh,NA,NA,Wetlands:  Freshwater Marsh; Coasts:  Saltmarsh,NA,NA,NA,NA,other,FALSE
kirtlands_warbler,Scrub,NA,forest; shrub,NA,NA,Forests:  Temperate Eastern; Forests:  Tropical Dry,NA,NA,NA,NA,other,FALSE
ladder_backed_woodpecker,Deserts,NA,forest; woodland; shrub; desert; riparian; coastal,NA,NA,Aridlands:  Desert Scrub; Forests:  Tropical Dry,NA,NA,NA,NA,shrub,FALSE
lapland_longspur,Grasslands,NA,grasslands; coastal; wetlands_lakes_marsh,NA,NA,Tundra:  Arctic; Open Country:  Developed/Disturbed; Coasts:  Beach and Estuary,NA,NA,facultative grassland,grassland obligate,obligate,TRUE
lark_bunting,Grasslands,NA,shrub; grasslands; artificial,NA,NA,Grasslands:  Temperate; Grasslands:  Chihuahuan; Aridlands:  Desert Scrub,NA,NA,NA,grassland obligate,obligate,TRUE
lark_sparrow,Grasslands,NA,forest; woodland; shrub; savannah; grasslands; artificial,NA,NA,Open Country:  Habitat Mosaic,NA,NA,NA,facultative grassland,facultative,TRUE
laughing_gull,Shorelines,NA,coastal,NA,NA,Coasts:  Beach and Estuary; Coasts:  Marine Waters,NA,NA,NA,NA,other,FALSE
lawrences_goldfinch,Open Woodlands,NA,woodland; shrub; artificial; riparian; coastal; wetlands_lakes_marsh,NA,NA,Aridlands:  Chaparral; Aridlands:  Desert Riparian; Aridlands:  Desert Scrub,NA,NA,NA,NA,shrub,FALSE
lazuli_bunting,Open Woodlands,NA,forest; woodland; shrub,NA,NA,Forests:  Temperate Western; Open Country:  Habitat Mosaic,NA,NA,NA,NA,facultative,TRUE
le_contes_sparrow,NA,NA,shrub; grasslands; wetlands_lakes_marsh,NA,NA,Wetlands:  Seasonally Wet Grasslands; Grasslands:  Temperate,NA,NA,NA,grassland obligate,obligate,TRUE
least_bittern,Marshes,NA,coastal; wetlands_lakes_marsh,NA,NA,Wetlands:  Freshwater Marsh,NA,NA,NA,NA,other,FALSE
least_flycatcher,Forests,NA,forest; woodland; shrub,NA,NA,Forests:  Temperate Eastern; Forests:  Temperate Western; Forests:  Tropical Generalist,NA,NA,NA,NA,other,FALSE
least_grebe,Lakes and Ponds,NA,coastal; wetlands_lakes_marsh,NA,NA,Wetlands:  Generalist,NA,NA,NA,NA,other,FALSE
least_sandpiper,Marshes,NA,grasslands; coastal; wetlands_lakes_marsh,NA,NA,Wetlands:  Tundra; Coasts:  Beach and Estuary; Wetlands:  Generalist,NA,NA,NA,facultative grassland,facultative,TRUE
least_tern,Shorelines,NA,artificial; riparian; coastal; wetlands_lakes_marsh,NA,NA,Coasts:  Beach and Estuary; Wetlands:  Lakes and Rivers,NA,NA,NA,NA,other,FALSE
lecontes_sparrow,Grasslands,NA,NA,NA,NA,NA,NA,NA,NA,NA,other,FALSE
lecontes_thrasher,Scrub,NA,NA,NA,NA,NA,NA,NA,NA,NA,shrub,FALSE
lesser_elaenia,NA,NA,forest; woodland; shrub; artificial,NA,NA,Open Country:  Habitat Mosaic,NA,NA,NA,NA,facultative,TRUE
lesser_goldfinch,Open Woodlands,NA,forest; woodland; artificial,NA,NA,Forests:  Temperate Western; Forests:  Mesoamerican Pine-Oak; Open Country:  Habitat Mosaic,NA,NA,NA,NA,facultative,TRUE
lesser_nighthawk,Deserts,NA,shrub; savannah; plains; desert; artificial; coastal,NA,NA,Aridlands Aerial:  Desert Scrub; Open Country Aerial:  Habitat Mosaic,NA,NA,NA,facultative grassland,facultative,TRUE
lesser_prairie_chicken,Grasslands,NA,shrub; grasslands; artificial,NA,NA,Grasslands:  Temperate,NA,NA,NA,grassland obligate,obligate,TRUE
lesser_scaup,Lakes and Ponds,NA,artificial; riparian; coastal; wetlands_lakes_marsh; pelagic,NA,NA,Wetlands:  Lakes and Rivers; Wetlands:  Freshwater Marsh; Coasts:  Marine Waters,NA,NA,NA,NA,other,FALSE
lesser_yellow_headed_vulture,NA,NA,shrub; savannah; grasslands; coastal; wetlands_lakes_marsh,NA,NA,Grasslands:  Tropical; Wetlands:  Freshwater Marsh,NA,NA,NA,facultative grassland,facultative,TRUE
lesser_yellowlegs,Marshes,NA,shrub; grasslands; artificial; coastal; wetlands_lakes_marsh,NA,NA,Wetlands:  Boreal; Wetlands:  Generalist,NA,NA,NA,facultative grassland,facultative,TRUE
lewiss_woodpecker,Open Woodlands,NA,forest; woodland; artificial; riparian,NA,NA,Forests:  Temperate Western,NA,NA,NA,NA,other,FALSE
limpkin,Marshes,NA,forest; shrub; riparian; coastal; wetlands_lakes_marsh,NA,NA,Wetlands:  Lakes and Rivers; Wetlands:  Freshwater Marsh,NA,NA,NA,NA,other,FALSE
lincolns_sparrow,Scrub,NA,woodland; shrub; grasslands; artificial; wetlands_lakes_marsh,NA,NA,Wetlands:  Boreal; Forests:  Temperate Western; Forests:  Generalist,NA,NA,NA,NA,facultative,TRUE
little_blue_heron,Marshes,NA,grasslands; coastal; wetlands_lakes_marsh,NA,NA,Wetlands:  Generalist; Coasts:  Saltmarsh,NA,NA,NA,NA,facultative,TRUE
loggerhead_shrike,Open Woodlands,NA,woodland; shrub; savannah; grasslands; artificial,NA,NA,Grasslands:  Temperate; Aridlands:  Desert Scrub,NA,NA,facultative grassland,facultative grassland,facultative,TRUE
long_billed_curlew,Grasslands,NA,grasslands; artificial; coastal; wetlands_lakes_marsh,NA,NA,Grasslands:  Temperate; Coasts:  Beach and Estuary; Wetlands:  Lakes and Rivers,NA,NA,NA,grassland obligate,obligate,TRUE
long_billed_dowitcher,NA,NA,grasslands; wetlands_lakes_marsh,NA,NA,Wetlands:  Tundra; Wetlands:  Generalist,NA,NA,NA,facultative grassland,facultative,TRUE
long_billed_thrasher,Scrub,NA,woodland; shrub; riparian,NA,NA,Forests:  Tropical Dry,NA,NA,NA,NA,other,FALSE
long_eared_owl,Forests,NA,forest; woodland; shrub; grasslands; artificial; wetlands_lakes_marsh,NA,NA,Forests:  Temperate Generalist,NA,NA,NA,grassland obligate,obligate,TRUE
long_tailed_duck,Lakes and Ponds,NA,riparian; coastal; wetlands_lakes_marsh; pelagic,NA,NA,Wetlands:  Tundra; Coasts:  Marine Waters; Wetlands:  Lakes and Rivers,NA,NA,NA,NA,other,FALSE
long_tailed_jaeger,Tundra,NA,grasslands; pelagic,NA,NA,Tundra:  Arctic; Tundra:  Alpine; Oceans:  Pelagic,NA,NA,NA,grassland obligate,obligate,TRUE
louisiana_waterthrush,Rivers and Streams,NA,forest; woodland; shrub; riparian; wetlands_lakes_marsh,NA,NA,Wetlands:  Lakes and Rivers; Forests:  Temperate Eastern; Forests:  Tropical Montane Evergreen,NA,NA,NA,NA,other,FALSE
lucifer_hummingbird,NA,NA,forest; shrub,NA,NA,Aridlands:  Desert Scrub; Forests:  Tropical Dry,NA,NA,NA,NA,shrub,FALSE
lucys_warbler,Scrub,NA,woodland; shrub; desert,NA,NA,Aridlands:  Desert Riparian; Aridlands:  Desert Scrub; Forests:  Tropical Dry,NA,NA,NA,NA,shrub,FALSE
macgillivrays_warbler,Open Woodlands,NA,NA,NA,NA,NA,NA,NA,NA,NA,other,FALSE
magnificent_frigatebird,Oceans,NA,woodland; shrub; coastal; pelagic,NA,NA,Coasts:  Mangroves; Coasts:  Marine Waters; Oceans:  Pelagic,NA,NA,NA,NA,other,FALSE
magnolia_warbler,Forests,NA,forest; woodland; shrub; artificial,NA,NA,Forests:  Boreal; Forests:  Temperate Eastern; Open Country:  Habitat Mosaic,NA,NA,NA,NA,facultative,TRUE
mallard,NA,NA,artificial; riparian; coastal; wetlands_lakes_marsh,NA,NA,Wetlands:  Generalist; Coasts:  Saltmarsh,NA,NA,NA,facultative grassland,facultative,TRUE
mangrove_cuckoo,Forests,NA,woodland; shrub; coastal,NA,NA,Coasts:  Mangroves; Forests:  Tropical Dry,NA,NA,NA,NA,other,FALSE
marbled_godwit,Grasslands,NA,grasslands; coastal; wetlands_lakes_marsh,NA,NA,Wetlands:  Seasonally Wet Grasslands; Wetlands:  Tundra; Coasts:  Beach and Estuary,NA,NA,NA,grassland obligate,obligate,TRUE
marbled_murrelet,Oceans,NA,forest; grasslands; coastal; pelagic,NA,NA,Forests:  Temperate Western; Coasts:  Marine Waters,NA,NA,NA,NA,facultative,TRUE
marsh_wren,Marshes,NA,wetlands_lakes_marsh,NA,NA,Wetlands:  Freshwater Marsh; Wetlands:  Generalist; Coasts:  Saltmarsh,NA,NA,NA,NA,other,FALSE
mccowns_longspur,Grasslands,NA,NA,NA,NA,NA,NA,NA,NA,grassland obligate,obligate,TRUE
mckays_bunting,NA,NA,NA,NA,NA,NA,NA,NA,NA,grassland obligate,obligate,TRUE
meadow_pipit,NA,NA,forest; shrub; grasslands; artificial; coastal; wetlands_lakes_marsh,NA,NA,NA,NA,grassland; mountain_meadow,NA,NA,facultative,TRUE
meadowlark_spp,NA,NA,NA,NA,obligate,NA,NA,NA,NA,NA,obligate,TRUE
melodious_blackbird,NA,NA,forest; artificial,NA,NA,Open Country:  Habitat Mosaic,NA,NA,NA,NA,facultative,TRUE
merlin,Forests,NA,woodland; shrub; plains; artificial; riparian; coastal; wetlands_lakes_marsh,NA,NA,Forests:  Boreal; Open Country:  Habitat Mosaic,NA,NA,NA,facultative grassland,facultative,TRUE
mew_gull,Shorelines,NA,NA,NA,NA,NA,NA,NA,NA,NA,other,FALSE
mexican_jay,Open Woodlands,NA,forest,NA,NA,Forests:  Mesoamerican Pine-Oak; Forests:  Mesoamerican Highland,NA,NA,NA,NA,other,FALSE
mississippi_kite,Open Woodlands,NA,woodland; savannah; grasslands; artificial,NA,NA,Forests:  Temperate Eastern; Forests:  Tropical Dry; Open Country:  Developed/Disturbed,NA,NA,NA,NA,facultative,TRUE
monk_parakeet,Forests,NA,woodland; artificial; riparian,NA,NA,Open Country:  Developed/Disturbed,NA,NA,NA,NA,other,FALSE
montezuma_quail,Open Woodlands,NA,forest; woodland; grasslands,NA,NA,Forests:  Mesoamerican Pine-Oak; Grasslands:  Tropical,NA,NA,NA,grassland obligate,obligate,TRUE
morelets_seedeater,NA,NA,NA,NA,NA,Open Country:  Developed/Disturbed,NA,NA,NA,NA,other,FALSE
mottled_duck,Marshes,NA,artificial; riparian; coastal; wetlands_lakes_marsh,NA,NA,Wetlands:  Freshwater Marsh; Coasts:  Saltmarsh,NA,NA,NA,NA,other,FALSE
mountain_bluebird,Open Woodlands,NA,woodland; grasslands,NA,NA,Open Country:  Habitat Mosaic; Tundra:  Alpine; Forests:  Temperate Western; Open Country:  Developed/Disturbed,NA,NA,NA,facultative grassland,facultative,TRUE
mountain_chickadee,Forests,NA,forest; woodland; shrub; artificial; riparian,NA,NA,Forests:  Temperate Western,NA,NA,NA,NA,other,FALSE
mountain_plover,Grasslands,NA,grasslands,NA,NA,Grasslands:  Temperate; Grasslands:  Chihuahuan,NA,NA,NA,grassland obligate,obligate,TRUE
mountain_quail,Forests,NA,forest; shrub; artificial,NA,NA,Forests:  Temperate Western; Aridlands:  Chaparral,NA,NA,NA,NA,other,FALSE
mourning_dove,Open Woodlands,NA,woodland; savannah; plains; artificial; riparian,NA,NA,Open Country:  Habitat Mosaic; Open Country:  Developed/Disturbed,NA,NA,facultative grassland,facultative grassland,facultative,TRUE
mourning_warbler,Forests,NA,forest; woodland; shrub,NA,NA,Forests:  Boreal; Forests:  Temperate Eastern; Forests:  Tropical Montane Evergreen; Forests:  Tropical Lowland Evergreen,NA,NA,NA,NA,other,FALSE
mouse_colored_tyrannulet,NA,NA,woodland; shrub; artificial; riparian; coastal,NA,NA,Aridlands:  Tropical Arid Scrub,NA,NA,NA,NA,shrub,FALSE
mute_swan,Lakes and Ponds,NA,artificial; riparian; coastal; wetlands_lakes_marsh,NA,NA,Wetlands:  Generalist,NA,NA,NA,NA,other,FALSE
nashville_warbler,Forests,NA,woodland; shrub,NA,NA,Forests:  Boreal; Forests:  Temperate Western; Forests:  Tropical Generalist,shrubland,NA,NA,NA,other,FALSE
nelsons_sparrow,Marshes,NA,grasslands; coastal; wetlands_lakes_marsh,NA,NA,Wetlands:  Seasonally Wet Grasslands; Coasts:  Saltmarsh,NA,NA,NA,NA,facultative,TRUE
neotropic_cormorant,Lakes and Ponds,NA,NA,NA,NA,Wetlands:  Generalist; Coasts:  Beach and Estuary,NA,NA,NA,NA,other,FALSE
non_grassland_species,NA,NA,NA,NA,NA,NA,NA,NA,NA,NA,shrub,FALSE
non_insectivores,NA,NA,NA,NA,NA,NA,NA,NA,NA,NA,shrub,FALSE
northern_beardless_tyrannulet,Rivers and Streams,NA,forest; shrub; savannah; riparian,NA,NA,Forests:  Tropical Dry; Aridlands:  Desert Riparian; Aridlands:  Desert Scrub,NA,NA,NA,NA,facultative,TRUE
northern_bobwhite,Grasslands,NA,woodland; shrub; artificial,NA,NA,Open Country:  Habitat Mosaic; Forests:  Tropical Dry,shrubland,NA,facultative grassland,facultative grassland,facultative,TRUE
northern_cardinal,Open Woodlands,NA,forest; shrub,NA,NA,Open Country:  Habitat Mosaic; Aridlands:  Desert Scrub,shrubland,NA,facultative grassland,NA,facultative,TRUE
northern_flicker,Open Woodlands,NA,NA,NA,NA,Forests:  Generalist; Forests:  Temperate Generalist,NA,NA,facultative grassland,NA,facultative,TRUE
northern_gannet,Oceans,NA,rocky_areas; coastal; pelagic,NA,NA,Coasts:  Cliffs and Islands; Coasts:  Marine Waters; Oceans:  Pelagic,NA,NA,NA,NA,other,FALSE
northern_goshawk,Forests,NA,NA,NA,NA,Forests:  Boreal; Forests:  Temperate Western; Forests:  Temperate Generalist,NA,NA,NA,NA,other,FALSE
northern_harrier,Grasslands,NA,shrub; grasslands; desert; artificial; wetlands_lakes_marsh,NA,NA,Grasslands:  Temperate; Wetlands:  Freshwater Marsh; Open Country:  Habitat Mosaic; Coasts:  Saltmarsh,NA,NA,NA,grassland obligate,obligate,TRUE
northern_hawk_owl,Forests,NA,woodland; grasslands; artificial,NA,NA,Forests:  Boreal,NA,NA,NA,NA,facultative,TRUE
northern_lapwing,NA,NA,shrub; grasslands; artificial; wetlands_lakes_marsh,NA,NA,NA,NA,grassland,NA,NA,obligate,TRUE
northern_mockingbird,Towns,NA,forest; shrub; artificial; coastal,NA,NA,Open Country:  Habitat Mosaic,shrubland,NA,facultative grassland,NA,facultative,TRUE
northern_parula,Forests,NA,forest,NA,NA,Forests:  Temperate Eastern; Forests:  Boreal; Forests:  Tropical Generalist,NA,NA,NA,NA,other,FALSE
northern_pintail,Marshes,NA,grasslands; artificial; riparian; coastal; wetlands_lakes_marsh,NA,NA,Wetlands:  Seasonally Wet Grasslands; Wetlands:  Tundra; Wetlands:  Generalist,NA,NA,NA,facultative grassland,facultative,TRUE
northern_pygmy_owl,Forests,NA,forest; shrub,NA,NA,Forests:  Temperate Western; Forests:  Mesoamerican Pine-Oak,NA,NA,NA,NA,other,FALSE
northern_rough_winged_swallow,Rivers and Streams,NA,shrub; artificial; wetlands_lakes_marsh,NA,NA,Open Country Aerial:  Habitat Mosaic; Wetlands Aerial:  Lakes and Rivers,NA,NA,NA,NA,facultative,TRUE
northern_saw_whet_owl,Forests,NA,forest; woodland; shrub; wetlands_lakes_marsh,NA,NA,Forests:  Boreal; Forests:  Temperate Western; Forests:  Temperate Generalist,NA,NA,NA,NA,other,FALSE
northern_shoveler,Marshes,NA,grasslands; artificial; coastal; wetlands_lakes_marsh,NA,NA,Wetlands:  Seasonally Wet Grasslands; Wetlands:  Freshwater Marsh; Wetlands:  Generalist,NA,NA,NA,facultative grassland,facultative,TRUE
northern_shrike,Open Woodlands,NA,NA,NA,NA,Forests:  Boreal; Tundra:  Arctic; Open Country:  Habitat Mosaic,NA,NA,NA,facultative grassland,facultative,TRUE
northern_waterthrush,Forests,NA,forest; woodland; shrub; artificial; riparian; coastal; wetlands_lakes_marsh,NA,NA,Forests:  Boreal; Forests:  Temperate Eastern; Coasts:  Mangroves; Wetlands:  Forested,NA,NA,NA,NA,other,FALSE
northern_wheatear,Tundra,NA,shrub; savannah; grasslands; plains; rocky_areas; artificial; riparian,NA,NA,Tundra:  Arctic; Tundra:  Alpine; Open Country:  Habitat Mosaic,NA,NA,NA,NA,facultative,TRUE
nuttalls_woodpecker,Open Woodlands,NA,forest; woodland; shrub; artificial; riparian,NA,NA,Forests:  Temperate Western,NA,NA,NA,NA,other,FALSE
oak_titmouse,Open Woodlands,NA,forest; woodland; riparian,NA,NA,Forests:  Temperate Western,NA,NA,NA,NA,other,FALSE
oaxaca_sparrow,NA,NA,shrub,NA,NA,Forests:  Tropical Dry,NA,NA,NA,facultative grassland,facultative,TRUE
obligate_grassland_species,NA,obligate,NA,NA,NA,NA,NA,NA,NA,NA,obligate,TRUE
ocellated_quail,NA,NA,woodland,NA,NA,Forests:  Mesoamerican Pine-Oak,NA,NA,NA,grassland obligate,obligate,TRUE
ocellated_thrasher,NA,NA,forest; shrub,NA,NA,Aridlands:  Desert Scrub; Forests:  Mesoamerican Pine-Oak,NA,NA,NA,NA,shrub,FALSE
olive_sided_flycatcher,Open Woodlands,NA,forest; shrub,NA,NA,Forests:  Boreal; Forests:  Temperate Western; Forests:  Tropical Montane Evergreen; Forests:  Tropical Lowland Evergreen,NA,NA,NA,NA,other,FALSE
olive_sparrow,Scrub,NA,forest; woodland; shrub,NA,NA,Forests:  Tropical Dry,NA,NA,NA,NA,other,FALSE
olive_warbler,Forests,NA,forest,NA,NA,Forests:  Mesoamerican Highland; Forests:  Mesoamerican Pine-Oak,NA,NA,NA,NA,other,FALSE
omnivores,NA,NA,NA,NA,NA,NA,NA,NA,NA,NA,shrub,FALSE
orange_crowned_warbler,Forests,NA,woodland; shrub,NA,NA,Forests:  Temperate Western; Forests:  Boreal; Forests:  Generalist,NA,NA,NA,NA,other,FALSE
orchard_oriole,Open Woodlands,NA,forest; woodland; shrub; savannah; artificial; riparian; wetlands_lakes_marsh,NA,NA,Forests:  Temperate Eastern; Forests:  Tropical Generalist,NA,NA,facultative grassland,NA,facultative,TRUE
ortolan_bunting,NA,NA,NA,NA,NA,NA,NA,woodland; shrub,NA,NA,shrub,FALSE
osprey,Oceans,NA,artificial; coastal; wetlands_lakes_marsh,NA,NA,Wetlands:  Lakes and Rivers; Coasts:  Saltmarsh; Wetlands:  Generalist,NA,NA,NA,NA,other,FALSE
ovenbird,Forests,NA,forest; shrub,NA,NA,Forests:  Temperate Eastern; Forests:  Boreal; Forests:  Tropical Generalist; Coasts:  Mangroves,NA,NA,NA,NA,other,FALSE
pacific_golden_plover,Grasslands,NA,grasslands; rocky_areas; artificial; coastal; wetlands_lakes_marsh,NA,NA,Wetlands:  Tundra; Coasts:  Beach and Estuary,NA,NA,NA,grassland obligate,obligate,TRUE
pacific_loon,Lakes and Ponds,NA,coastal; wetlands_lakes_marsh,NA,NA,Wetlands:  Tundra; Coasts:  Marine Waters,NA,NA,NA,NA,other,FALSE
pacific_wren,Forests,NA,forest; woodland; riparian; wetlands_lakes_marsh,NA,NA,Forests:  Temperate Western,NA,NA,NA,NA,other,FALSE
painted_bunting,Scrub,NA,shrub; grasslands; riparian,NA,NA,Forests:  Temperate Eastern; Forests:  Tropical Dry; Open Country:  Habitat Mosaic,NA,NA,NA,NA,facultative,TRUE
painted_redstart,Forests,NA,NA,NA,NA,Forests:  Mesoamerican Pine-Oak,NA,NA,NA,NA,other,FALSE
pale_breasted_spinetail,NA,NA,woodland; shrub; grasslands; artificial; wetlands_lakes_marsh,NA,NA,Open Country:  Habitat Mosaic,NA,NA,NA,NA,facultative,TRUE
palm_tanager,NA,NA,forest; woodland; shrub; artificial; riparian,NA,NA,Open Country:  Habitat Mosaic,NA,NA,NA,NA,facultative,TRUE
palm_warbler,Open Woodlands,NA,shrub; grasslands; artificial; wetlands_lakes_marsh,NA,NA,Wetlands:  Boreal; Open Country:  Habitat Mosaic,NA,NA,NA,NA,facultative,TRUE
parasitic_jaeger,Tundra,NA,NA,NA,NA,Wetlands:  Tundra; Tundra:  Arctic; Oceans:  Pelagic; Coasts:  Marine Waters,NA,NA,NA,grassland obligate,obligate,TRUE
passerines,NA,NA,NA,NA,NA,NA,NA,NA,NA,NA,shrub,FALSE
pearl_kite,NA,NA,woodland; shrub; artificial; riparian,NA,NA,Open Country:  Habitat Mosaic,NA,NA,NA,NA,facultative,TRUE
pectoral_sandpiper,NA,NA,grasslands; artificial; coastal; wetlands_lakes_marsh,NA,NA,Wetlands:  Tundra; Grasslands:  Pampas and Campos; Wetlands:  Seasonally Wet Grasslands,NA,NA,NA,facultative grassland,facultative,TRUE
pelagic_cormorant,Shorelines,NA,rocky_areas; coastal; pelagic,NA,NA,Coasts:  Cliffs and Islands; Coasts:  Marine Waters; Coasts:  Rocky Intertidal,NA,NA,NA,NA,other,FALSE
peregrine_falcon,Shorelines,NA,grasslands; plains; rocky_areas; desert; artificial; riparian; coastal; wetlands_lakes_marsh,NA,NA,Open Country:  Habitat Mosaic; Open Country:  Developed/Disturbed,NA,NA,NA,facultative grassland,facultative,TRUE
phainopepla,Scrub,NA,shrub; desert; riparian,NA,NA,Aridlands:  Desert Scrub; Aridlands:  Desert Riparian,NA,NA,NA,NA,shrub,FALSE
philadelphia_vireo,Forests,NA,forest; woodland; shrub; artificial; riparian; wetlands_lakes_marsh,NA,NA,Forests:  Boreal; Forests:  Tropical Generalist,NA,NA,NA,NA,other,FALSE
pied_billed_grebe,Lakes and Ponds,NA,riparian; coastal; wetlands_lakes_marsh,NA,NA,Wetlands:  Freshwater Marsh; Wetlands:  Lakes and Rivers,NA,NA,NA,NA,other,FALSE
pigeon_guillemot,Oceans,NA,rocky_areas; coastal; pelagic,NA,NA,Coasts:  Cliffs and Islands; Coasts:  Marine Waters,NA,NA,NA,NA,other,FALSE
pileated_flycatcher,NA,NA,shrub; savannah,NA,NA,Forests:  Tropical Dry; Aridlands:  Tropical Arid Scrub,NA,NA,NA,NA,shrub,FALSE
pileated_woodpecker,Forests,NA,forest; woodland; artificial; riparian,NA,NA,Forests:  Temperate Generalist,NA,NA,NA,NA,other,FALSE
pine_grosbeak,Open Woodlands,NA,forest; woodland; shrub; artificial; wetlands_lakes_marsh,NA,NA,Forests:  Boreal,NA,NA,NA,NA,other,FALSE
pine_siskin,Open Woodlands,NA,forest; woodland; shrub; artificial,NA,NA,Forests:  Boreal; Forests:  Temperate Western; Forests:  Temperate Generalist,NA,NA,NA,NA,other,FALSE
pine_warbler,Forests,NA,forest; shrub; grasslands; artificial,NA,NA,Forests:  Temperate Eastern,NA,NA,NA,NA,facultative,TRUE
pinyon_jay,Open Woodlands,NA,forest; shrub; grasslands; artificial,NA,NA,Forests:  Temperate Western,NA,NA,NA,NA,facultative,TRUE
piratic_flycatcher,NA,NA,forest; woodland; artificial; riparian,NA,NA,Open Country:  Habitat Mosaic; Forests:  Tropical Lowland Evergreen,NA,NA,NA,NA,facultative,TRUE
plain_breasted_ground_dove,NA,NA,woodland; shrub; savannah; grasslands; artificial,NA,NA,Aridlands:  Tropical Arid Scrub; Grasslands:  Tropical,NA,NA,NA,NA,shrub,FALSE
plain_chachalaca,Forests,NA,forest; shrub; artificial; riparian; coastal,NA,NA,Forests:  Tropical Lowland Evergreen,NA,NA,NA,NA,other,FALSE
plumbeous_vireo,Forests,NA,forest; woodland,NA,NA,Forests:  Temperate Western; Forests:  Mesoamerican Pine-Oak; Forests:  Tropical Dry,NA,NA,NA,NA,other,FALSE
pomarine_jaeger,NA,NA,grasslands; coastal; wetlands_lakes_marsh,NA,NA,Wetlands:  Tundra; Oceans:  Pelagic,NA,NA,NA,grassland obligate,obligate,TRUE
prairie_falcon,Grasslands,NA,shrub; grasslands; plains; rocky_areas; desert; artificial,NA,NA,Open Country:  Habitat Mosaic; Aridlands:  Desert Scrub; Grasslands:  Temperate,NA,NA,NA,facultative grassland,facultative,TRUE
prairie_warbler,Scrub,NA,woodland; shrub; artificial; coastal; wetlands_lakes_marsh,NA,NA,Forests:  Temperate Eastern; Islands:  Terrestrial Habitats; Coasts:  Mangroves,shrubland,NA,facultative grassland,NA,facultative,TRUE
prothonotary_warbler,Forests,NA,forest; woodland; coastal; wetlands_lakes_marsh,NA,NA,Wetlands:  Forested; Forests:  Temperate Eastern; Coasts:  Mangroves; Forests:  Tropical Dry,NA,NA,NA,NA,other,FALSE
purple_finch,Forests,NA,forest; woodland; shrub; artificial; riparian; wetlands_lakes_marsh,NA,NA,Forests:  Boreal; Forests:  Temperate Western; Forests:  Temperate Eastern,NA,NA,NA,NA,other,FALSE
purple_gallinule,Marshes,NA,artificial; wetlands_lakes_marsh,NA,NA,Wetlands:  Freshwater Marsh,NA,NA,NA,NA,other,FALSE
purple_martin,Lakes and Ponds,NA,woodland; shrub; desert; artificial; riparian; wetlands_lakes_marsh,NA,NA,Open Country Aerial:  Habitat Mosaic; Wetlands Aerial:  Lakes and Rivers,NA,NA,facultative grassland,NA,facultative,TRUE
purple_sandpiper,NA,NA,grasslands; riparian; coastal,NA,NA,Wetlands:  Tundra; Tundra:  Arctic; Coasts:  Rocky Intertidal,NA,NA,NA,facultative grassland,facultative,TRUE
pygmy_nuthatch,Forests,NA,forest; woodland; riparian,NA,NA,Forests:  Temperate Western; Forests:  Mesoamerican Highland,NA,NA,NA,NA,other,FALSE
pyrrhuloxia,Scrub,NA,shrub; desert; riparian,NA,NA,Aridlands:  Desert Scrub,NA,NA,NA,NA,shrub,FALSE
red_backed_shrike,NA,NA,NA,NA,NA,NA,NA,shrub,NA,NA,shrub,FALSE
red_bellied_woodpecker,Forests,NA,woodland; artificial; riparian; wetlands_lakes_marsh,NA,NA,Forests:  Temperate Eastern,NA,NA,NA,NA,other,FALSE
red_billed_leiothrix,NA,NA,NA,forest; scrub,NA,NA,NA,NA,NA,NA,shrub,FALSE
red_breasted_meadowlark,NA,NA,shrub; savannah; grasslands; artificial,NA,NA,Open Country:  Developed/Disturbed,NA,NA,NA,NA,facultative,TRUE
red_breasted_merganser,Lakes and Ponds,NA,grasslands; riparian; coastal; wetlands_lakes_marsh,NA,NA,Wetlands:  Tundra; Wetlands:  Boreal; Coasts:  Marine Waters; Coasts:  Beach and Estuary,NA,NA,NA,NA,facultative,TRUE
red_breasted_nuthatch,Forests,NA,forest; woodland; rocky_areas; artificial; riparian,NA,NA,Forests:  Boreal; Forests:  Temperate Western; Forests:  Temperate Generalist,NA,NA,NA,NA,other,FALSE
red_breasted_sapsucker,Forests,NA,forest; woodland,NA,NA,Forests:  Temperate Western,NA,NA,NA,NA,other,FALSE
red_cockaded_woodpecker,Open Woodlands,NA,forest,NA,NA,Forests:  Temperate Eastern,NA,NA,NA,NA,other,FALSE
red_crossbill,Forests,NA,forest; artificial,NA,NA,Forests:  Temperate Generalist,NA,NA,NA,NA,other,FALSE
red_eyed_vireo,Forests,NA,forest; artificial; riparian; wetlands_lakes_marsh,NA,NA,Forests:  Temperate Generalist; Forests:  Tropical Lowland Evergreen,NA,NA,NA,NA,other,FALSE
red_faced_warbler,Forests,NA,forest,NA,NA,Forests:  Mesoamerican Pine-Oak; Forests:  Mesoamerican Highland,NA,NA,NA,NA,other,FALSE
red_headed_woodpecker,Open Woodlands,NA,forest; woodland; shrub; savannah; grasslands; artificial; riparian; wetlands_lakes_marsh,NA,NA,Forests:  Temperate Eastern,NA,NA,NA,NA,facultative,TRUE
red_knot,NA,NA,grasslands; coastal; wetlands_lakes_marsh,NA,NA,Tundra:  Arctic; Coasts:  Beach and Estuary,NA,NA,NA,facultative grassland,facultative,TRUE
red_naped_sapsucker,Forests,NA,forest; woodland,NA,NA,Forests:  Temperate Western; Aridlands:  Desert Riparian,NA,NA,NA,NA,other,FALSE
red_necked_grebe,Lakes and Ponds,NA,riparian; coastal; wetlands_lakes_marsh,NA,NA,Wetlands:  Lakes and Rivers; Coasts:  Marine Waters,NA,NA,NA,NA,other,FALSE
red_necked_phalarope,Oceans,NA,grasslands; coastal; wetlands_lakes_marsh,NA,NA,Wetlands:  Tundra; Oceans:  Pelagic; Coasts:  Marine Waters,NA,NA,NA,NA,facultative,TRUE
red_shouldered_hawk,Forests,NA,woodland; artificial; riparian,NA,NA,Forests:  Temperate Eastern; Forests:  Temperate Western,NA,NA,facultative grassland,NA,facultative,TRUE
red_tailed_hawk,NA,NA,forest; woodland; shrub; savannah; grasslands; plains; desert; artificial; coastal; wetlands_lakes_marsh,NA,NA,Open Country:  Habitat Mosaic; Open Country:  Developed/Disturbed,NA,NA,facultative grassland,NA,facultative,TRUE
red_throated_loon,Lakes and Ponds,NA,forest; coastal; wetlands_lakes_marsh,NA,NA,Wetlands:  Tundra; Wetlands:  Boreal; Coasts:  Marine Waters,NA,NA,NA,NA,other,FALSE
red_winged_blackbird,Marshes,NA,shrub; grasslands; artificial; wetlands_lakes_marsh,NA,NA,Open Country:  Habitat Mosaic; Wetlands:  Freshwater Marsh,NA,NA,facultative grassland,facultative grassland,facultative,TRUE
reddish_egret,Marshes,NA,coastal; wetlands_lakes_marsh,NA,NA,Coasts:  Mangroves; Coasts:  Beach and Estuary,NA,NA,NA,NA,other,FALSE
redhead,Lakes and Ponds,NA,coastal; wetlands_lakes_marsh,NA,NA,Wetlands:  Seasonally Wet Grasslands; Wetlands:  Freshwater Marsh; Coasts:  Marine Waters; Wetlands:  Lakes and Rivers,NA,NA,NA,NA,other,FALSE
resident_species,NA,NA,NA,NA,NA,NA,NA,NA,NA,NA,shrub,FALSE
residents,NA,NA,NA,NA,NA,NA,NA,NA,NA,NA,shrub,FALSE
rhinoceros_auklet,Oceans,NA,coastal; pelagic,NA,NA,Coasts:  Cliffs and Islands; Coasts:  Marine Waters,NA,NA,NA,NA,other,FALSE
ring_billed_gull,Lakes and Ponds,NA,artificial; riparian; coastal; wetlands_lakes_marsh,NA,NA,Wetlands:  Generalist; Wetlands:  Lakes and Rivers; Coasts:  Beach and Estuary,NA,NA,NA,NA,other,FALSE
ring_necked_duck,Lakes and Ponds,NA,forest; artificial; coastal; wetlands_lakes_marsh,NA,NA,Wetlands:  Boreal; Wetlands:  Lakes and Rivers,NA,NA,NA,NA,other,FALSE
ring_necked_pheasant,Grasslands,NA,NA,NA,NA,Grasslands:  Temperate,NA,NA,NA,facultative grassland,facultative,TRUE
rivolis_hummingbird,Forests,NA,NA,NA,NA,Forests:  Mesoamerican Pine-Oak; Forests:  Tropical Montane Evergreen,NA,NA,NA,NA,other,FALSE
roadside_hawk,NA,NA,forest; shrub; savannah; artificial; riparian,NA,NA,Open Country:  Habitat Mosaic; Open Country:  Developed/Disturbed,NA,NA,NA,NA,facultative,TRUE
rock_pigeon,Towns,NA,rocky_areas; artificial; coastal,NA,NA,Open Country:  Developed/Disturbed,NA,NA,NA,NA,other,FALSE
rock_ptarmigan,Tundra,NA,shrub; grasslands,NA,NA,Tundra:  Alpine; Tundra:  Arctic,NA,NA,NA,grassland obligate,obligate,TRUE
rock_sandpiper,NA,NA,grasslands; riparian; coastal,NA,NA,Tundra:  Arctic; Wetlands:  Tundra; Coasts:  Rocky Intertidal,NA,NA,NA,facultative grassland,facultative,TRUE
rock_wren,Deserts,NA,shrub; rocky_areas; artificial,NA,NA,Aridlands:  Desert Scrub,NA,NA,NA,NA,shrub,FALSE
rose_breasted_grosbeak,Forests,NA,forest; woodland; shrub; artificial; riparian,NA,NA,Forests:  Temperate Eastern; Forests:  Tropical Generalist,NA,NA,NA,NA,other,FALSE
roseate_spoonbill,Marshes,NA,forest; artificial; coastal; wetlands_lakes_marsh,NA,NA,Coasts:  Mangroves; Wetlands:  Freshwater Marsh; Wetlands:  Generalist; Coasts:  Saltmarsh,NA,NA,NA,NA,other,FALSE
rosss_goose,NA,NA,shrub; rocky_areas; artificial; wetlands_lakes_marsh,NA,NA,Wetlands:  Tundra; Tundra:  Arctic; Wetlands:  Generalist,NA,NA,NA,facultative grassland,facultative,TRUE
rough_legged_hawk,Grasslands,NA,NA,NA,NA,Tundra:  Arctic; Open Country:  Habitat Mosaic,NA,NA,NA,grassland obligate,obligate,TRUE
royal_tern,Shorelines,NA,rocky_areas; riparian; coastal; wetlands_lakes_marsh,NA,NA,Coasts:  Beach and Estuary; Coasts:  Marine Waters,NA,NA,NA,NA,other,FALSE
ruby_crowned_kinglet,Forests,NA,forest; woodland; shrub; riparian; wetlands_lakes_marsh,NA,NA,Forests:  Boreal; Forests:  Temperate Western; Forests:  Temperate Generalist,NA,NA,NA,NA,other,FALSE
ruby_throated_hummingbird,Open Woodlands,NA,forest; woodland; artificial,NA,NA,Forests:  Temperate Eastern; Forests:  Tropical Dry; Forests:  Tropical Lowland Evergreen,NA,NA,facultative grassland,NA,facultative,TRUE
ruddy_breasted_seedeater,NA,NA,woodland; shrub; grasslands; artificial,NA,NA,Open Country:  Habitat Mosaic; Grasslands:  Tropical,NA,NA,NA,grassland obligate,obligate,TRUE
ruddy_duck,Marshes,NA,coastal; wetlands_lakes_marsh,NA,NA,Wetlands:  Seasonally Wet Grasslands; Wetlands:  Freshwater Marsh; Wetlands:  Lakes and Rivers; Coasts:  Marine Waters,NA,NA,NA,NA,other,FALSE
ruddy_ground_dove,NA,NA,woodland; shrub; artificial; riparian; wetlands_lakes_marsh,NA,NA,Open Country:  Habitat Mosaic; Open Country:  Developed/Disturbed,NA,NA,NA,NA,facultative,TRUE
ruddy_turnstone,Shorelines,NA,grasslands; rocky_areas; coastal; wetlands_lakes_marsh,NA,NA,Coasts:  Tundra; Wetlands:  Tundra; Coasts:  Beach and Estuary; Coasts:  Rocky Intertidal,NA,NA,NA,NA,facultative,TRUE
ruffed_grouse,Forests,NA,forest; shrub,NA,NA,Forests:  Temperate Generalist,NA,NA,NA,NA,other,FALSE
rufous_collared_sparrow,NA,NA,shrub; grasslands; artificial,NA,NA,Open Country:  Developed/Disturbed; Forests:  Tropical Montane Evergreen,NA,NA,NA,NA,facultative,TRUE
rufous_crowned_sparrow,Scrub,NA,woodland; shrub; grasslands; rocky_areas,NA,NA,Aridlands:  Desert Scrub,NA,NA,NA,facultative grassland,facultative,TRUE
rufous_hummingbird,Open Woodlands,NA,forest; shrub,NA,NA,Forests:  Temperate Western; Forests:  Mesoamerican Pine-Oak; Forests:  Mesoamerican Highland,NA,NA,NA,NA,other,FALSE
rufous_winged_sparrow,Scrub,NA,shrub; grasslands,NA,NA,Aridlands:  Desert Scrub,NA,NA,NA,facultative grassland,facultative,TRUE
rusty_blackbird,Forests,NA,forest; woodland; grasslands; artificial; riparian; wetlands_lakes_marsh,NA,NA,Wetlands:  Boreal; Wetlands:  Forested; Forests:  Temperate Eastern,NA,NA,NA,NA,facultative,TRUE
saffron_finch,NA,NA,woodland; shrub; savannah; artificial; riparian,NA,NA,Aridlands:  Tropical Arid Scrub,NA,NA,NA,grassland obligate,obligate,TRUE
sage_thrasher,Scrub,NA,shrub; desert,NA,NA,Aridlands:  Sagebrush; Aridlands:  Desert Scrub; Aridlands:  Desert Riparian,NA,NA,NA,NA,shrub,FALSE
sagebrush_sparrow,NA,NA,shrub; grasslands; desert,NA,NA,Aridlands:  Sagebrush; Aridlands:  Desert Scrub,NA,NA,NA,NA,shrub,FALSE
saltmarsh_sparrow,Marshes,NA,grasslands; coastal; wetlands_lakes_marsh,NA,NA,Coasts:  Saltmarsh,NA,NA,NA,NA,facultative,TRUE
sanderling,NA,NA,grasslands; coastal; wetlands_lakes_marsh,NA,NA,Tundra:  Arctic; Wetlands:  Tundra; Coasts:  Beach and Estuary,NA,NA,NA,facultative grassland,facultative,TRUE
sandhill_crane,Marshes,NA,shrub; artificial; wetlands_lakes_marsh,NA,NA,Wetlands:  Generalist,NA,NA,NA,facultative grassland,facultative,TRUE
sandwich_tern,Shorelines,NA,coastal,NA,NA,Coasts:  Beach and Estuary; Coasts:  Marine Waters,NA,NA,NA,NA,other,FALSE
savannah_sparrow,Grasslands,NA,shrub; grasslands; plains; artificial; wetlands_lakes_marsh,NA,NA,Grasslands:  Temperate; Tundra:  Arctic; Open Country:  Developed/Disturbed; Coasts:  Saltmarsh,NA,NA,NA,grassland obligate,obligate,TRUE
says_phoebe,Grasslands,NA,savannah; grasslands; artificial,NA,NA,Aridlands:  Desert Scrub; Forests:  Temperate Western; Open Country:  Habitat Mosaic,NA,NA,NA,facultative grassland,facultative,TRUE
scaled_quail,Grasslands,NA,shrub; grasslands; desert,NA,NA,Grasslands:  Chihuahuan; Aridlands:  Desert Scrub,NA,NA,NA,facultative grassland,facultative,TRUE
scaly_breasted_munia,NA,NA,woodland; shrub; grasslands; artificial,NA,NA,Open Country:  Developed/Disturbed,NA,NA,NA,NA,facultative,TRUE
scarlet_tanager,Forests,NA,forest; woodland; artificial,NA,NA,Forests:  Temperate Eastern; Forests:  Tropical Lowland Evergreen,NA,NA,NA,NA,other,FALSE
scissor_tailed_flycatcher,Grasslands,NA,shrub; savannah; coastal; wetlands_lakes_marsh,NA,NA,Grasslands:  Temperate; Forests:  Tropical Dry; Open Country:  Developed/Disturbed,NA,NA,NA,facultative grassland,facultative,TRUE
scotts_oriole,Open Woodlands,NA,woodland; shrub; desert,NA,NA,Forests:  Mesoamerican Pine-Oak; Aridlands:  Desert Scrub; Forests:  Tropical Dry,NA,NA,NA,NA,shrub,FALSE
seaside_sparrow,Marshes,NA,coastal; wetlands_lakes_marsh,NA,NA,Coasts:  Saltmarsh,NA,NA,NA,NA,other,FALSE
sedge_wren,Grasslands,NA,grasslands; wetlands_lakes_marsh,NA,NA,Grasslands:  Temperate; Wetlands:  Seasonally Wet Grasslands,NA,NA,NA,grassland obligate,obligate,TRUE
semipalmated_plover,Shorelines,NA,riparian; coastal; wetlands_lakes_marsh,NA,NA,Coasts:  Beach and Estuary; Tundra:  Arctic,NA,NA,NA,NA,other,FALSE
semipalmated_sandpiper,NA,NA,shrub; grasslands; riparian; coastal; wetlands_lakes_marsh,NA,NA,Wetlands:  Tundra; Coasts:  Beach and Estuary,NA,NA,NA,facultative grassland,facultative,TRUE
sharp_shinned_hawk,Forests,NA,forest; woodland; shrub; savannah,NA,NA,Forests:  Temperate Generalist,NA,NA,NA,NA,facultative,TRUE
sharp_tailed_grouse,Grasslands,NA,forest; woodland; grasslands; desert; artificial,NA,NA,Grasslands:  Temperate; Forests:  Boreal,NA,NA,NA,grassland obligate,obligate,TRUE
shiny_cowbird,NA,NA,shrub; grasslands; artificial; riparian; wetlands_lakes_marsh,NA,NA,Open Country:  Habitat Mosaic,NA,NA,NA,facultative grassland,facultative,TRUE
short_billed_dowitcher,Marshes,NA,grasslands; coastal; wetlands_lakes_marsh,NA,NA,Wetlands:  Boreal; Coasts:  Beach and Estuary,NA,NA,NA,facultative grassland,facultative,TRUE
short_eared_owl,Grasslands,NA,forest; savannah; grasslands; plains; artificial; wetlands_lakes_marsh,NA,NA,Tundra:  Arctic; Grasslands:  Temperate; Coasts:  Saltmarsh,NA,NA,facultative grassland,grassland obligate,obligate,TRUE
short_tailed_hawk,Forests,NA,forest; grasslands; wetlands_lakes_marsh,NA,NA,Open Country:  Habitat Mosaic; Forests:  Generalist,NA,NA,NA,NA,facultative,TRUE
shrub_species,NA,shrub,NA,NA,NA,NA,NA,NA,NA,NA,shrub,FALSE
sierra_madre_sparrow,NA,NA,grasslands; artificial,NA,NA,Grasslands:  Tropical,NA,NA,NA,grassland obligate,obligate,TRUE
smiths_longspur,NA,NA,shrub; grasslands; wetlands_lakes_marsh,NA,NA,Tundra:  Arctic; Grasslands:  Temperate,NA,NA,NA,grassland obligate,obligate,TRUE
smooth_billed_ani,Scrub,NA,woodland; shrub; grasslands; riparian,NA,NA,Open Country:  Developed/Disturbed,NA,NA,NA,NA,facultative,TRUE
snow_bunting,NA,NA,plains; rocky_areas; artificial; coastal,NA,NA,Tundra:  Arctic; Open Country:  Developed/Disturbed; Coasts:  Beach and Estuary,NA,NA,NA,grassland obligate,obligate,TRUE
snow_goose,NA,NA,grasslands; artificial; riparian; coastal; wetlands_lakes_marsh,NA,NA,Wetlands:  Tundra; Tundra:  Arctic; Wetlands:  Generalist,NA,NA,NA,facultative grassland,facultative,TRUE
snowy_egret,Marshes,NA,grasslands; artificial; coastal; wetlands_lakes_marsh,NA,NA,Wetlands:  Generalist; Coasts:  Saltmarsh,NA,NA,NA,NA,facultative,TRUE
snowy_owl,NA,NA,shrub; grasslands; rocky_areas; coastal; wetlands_lakes_marsh,NA,NA,Tundra:  Arctic; Open Country:  Habitat Mosaic,NA,NA,NA,grassland obligate,obligate,TRUE
snowy_plover,Shorelines,NA,artificial; riparian; coastal; wetlands_lakes_marsh,NA,NA,Coasts:  Beach and Estuary; Wetlands:  Lakes and Rivers,NA,NA,NA,NA,other,FALSE
social_flycatcher,NA,NA,woodland; shrub; grasslands; artificial; riparian,NA,NA,Open Country:  Habitat Mosaic; Open Country:  Developed/Disturbed,NA,NA,NA,NA,facultative,TRUE
solitary_sandpiper,Marshes,NA,forest; woodland; savannah; artificial; coastal; wetlands_lakes_marsh,NA,NA,Wetlands:  Boreal; Wetlands:  Lakes and Rivers,NA,NA,NA,NA,facultative,TRUE
song_sparrow,Open Woodlands,NA,woodland; shrub; riparian; coastal,NA,NA,Open Country:  Habitat Mosaic,shrubland,NA,facultative grassland,NA,facultative,TRUE
sooty_grouse,Forests,NA,forest,NA,NA,Forests:  Temperate Western,NA,NA,NA,NA,other,FALSE
sora,Marshes,NA,artificial; coastal; wetlands_lakes_marsh,NA,NA,Wetlands:  Freshwater Marsh; Coasts:  Saltmarsh,NA,NA,NA,NA,other,FALSE
southern_lapwing,NA,NA,shrub; grasslands; artificial; riparian; wetlands_lakes_marsh,NA,NA,Open Country:  Developed/Disturbed,NA,NA,NA,NA,facultative,TRUE
southern_rough_winged_swallow,NA,NA,shrub; grasslands; wetlands_lakes_marsh,NA,NA,Open Country Aerial:  Habitat Mosaic,NA,NA,NA,NA,facultative,TRUE
sparrows,NA,NA,NA,NA,NA,NA,NA,NA,NA,NA,shrub,FALSE
specialists,NA,NA,NA,NA,NA,NA,NA,NA,NA,NA,shrub,FALSE
spot_breasted_oriole,Towns,NA,woodland; shrub; artificial,NA,NA,Forests:  Tropical Dry,NA,NA,NA,NA,other,FALSE
spotted_dove,NA,NA,NA,NA,NA,Open Country:  Developed/Disturbed,NA,NA,NA,NA,other,FALSE
spotted_nothura,NA,NA,NA,obligate,NA,NA,NA,NA,NA,NA,obligate,TRUE
spotted_owl,Forests,NA,forest; woodland; rocky_areas,NA,NA,Forests:  Temperate Western; Forests:  Mesoamerican Highland,NA,NA,NA,NA,other,FALSE
spotted_sandpiper,Shorelines,NA,riparian; coastal; wetlands_lakes_marsh,NA,NA,Wetlands:  Generalist; Wetlands:  Lakes and Rivers,NA,NA,NA,NA,other,FALSE
spotted_towhee,Scrub,NA,forest; woodland; shrub; artificial; riparian,NA,NA,Forests:  Temperate Western; Forests:  Mesoamerican Pine-Oak; Forests:  Temperate Generalist,NA,NA,NA,NA,other,FALSE
spragues_pipit,Grasslands,NA,grasslands; plains,NA,NA,Grasslands:  Temperate; Grasslands:  Chihuahuan,NA,NA,NA,grassland obligate,obligate,TRUE
spruce_grouse,Forests,NA,forest; shrub,NA,NA,Forests:  Boreal,NA,NA,NA,NA,other,FALSE
stellers_jay,Forests,NA,forest; woodland; artificial,NA,NA,Forests:  Temperate Western; Forests:  Mesoamerican Highland,NA,NA,NA,NA,other,FALSE
striped_cuckoo,NA,NA,shrub,NA,NA,Open Country:  Habitat Mosaic; Grasslands:  Tropical,NA,NA,NA,NA,facultative,TRUE
striped_owl,NA,NA,woodland; shrub; savannah; artificial; riparian; wetlands_lakes_marsh,NA,NA,Grasslands:  Tropical,NA,NA,NA,facultative grassland,facultative,TRUE
striped_sparrow,NA,NA,woodland; shrub; grasslands,NA,NA,Grasslands:  Tropical,NA,NA,NA,grassland obligate,obligate,TRUE
sulphur_bellied_flycatcher,Forests,NA,forest; woodland,NA,NA,Forests:  Tropical Dry; Forests:  Mesoamerican Pine-Oak; Forests:  Tropical Lowland Evergreen,NA,NA,NA,NA,other,FALSE
summer_tanager,Open Woodlands,NA,forest; woodland; artificial; riparian,NA,NA,Forests:  Temperate Eastern; Forests:  Tropical Generalist,NA,NA,NA,NA,other,FALSE
surf_scoter,Oceans,NA,forest; coastal; wetlands_lakes_marsh; pelagic,NA,NA,Wetlands:  Boreal; Coasts:  Marine Waters,NA,NA,NA,NA,other,FALSE
surfbird,NA,NA,shrub; rocky_areas; coastal,NA,NA,Tundra:  Alpine; Coasts:  Rocky Intertidal,NA,NA,NA,facultative grassland,facultative,TRUE
swainsons_hawk,Grasslands,NA,forest; woodland; grasslands; desert,NA,NA,Grasslands:  Temperate; Grasslands:  Pampas and Campos,NA,NA,NA,grassland obligate,obligate,TRUE
swainsons_thrush,Forests,NA,forest; shrub; artificial; riparian,NA,NA,Forests:  Boreal; Forests:  Temperate Western; Forests:  Tropical Montane Evergreen; Forests:  Tropical Lowland Evergreen,NA,NA,NA,NA,other,FALSE
swainsons_warbler,Forests,NA,forest; shrub; wetlands_lakes_marsh,NA,NA,Forests:  Temperate Eastern; Forests:  Tropical Lowland Evergreen; Forests:  Tropical Dry,NA,NA,NA,NA,other,FALSE
swallow_tailed_kite,Forests,NA,forest; woodland; shrub; riparian; wetlands_lakes_marsh,NA,NA,Forests:  Temperate Eastern; Forests:  Tropical Montane Evergreen; Forests:  Tropical Lowland Evergreen,NA,NA,NA,NA,other,FALSE
swamp_sparrow,Marshes,NA,woodland; shrub; grasslands; riparian; coastal; wetlands_lakes_marsh,NA,NA,Wetlands:  Boreal; Wetlands:  Freshwater Marsh; Wetlands:  Generalist; Coasts:  Saltmarsh,NA,NA,NA,NA,facultative,TRUE
tennessee_warbler,Forests,NA,forest; woodland; shrub; artificial,NA,NA,Forests:  Boreal; Forests:  Tropical Generalist,NA,NA,NA,NA,other,FALSE
thick_billed_kingbird,Open Woodlands,NA,woodland; shrub; savannah; artificial,NA,NA,Forests:  Tropical Dry,NA,NA,NA,NA,facultative,TRUE
tits,NA,NA,NA,NA,NA,NA,NA,NA,NA,NA,shrub,FALSE
townsends_solitaire,Open Woodlands,NA,forest; woodland; shrub; rocky_areas; desert; riparian,NA,NA,Forests:  Temperate Western; Forests:  Mesoamerican Pine-Oak,NA,NA,NA,NA,other,FALSE
townsends_warbler,Forests,NA,forest; woodland,NA,NA,Forests:  Temperate Western; Forests:  Mesoamerican Pine-Oak; Forests:  Mesoamerican Highland,NA,NA,NA,NA,other,FALSE
tree_pipit,NA,NA,NA,NA,NA,NA,NA,deciduous_forest; coniferous_forest; woodland; savanna,NA,NA,other,FALSE
tree_swallow,Lakes and Ponds,NA,woodland; shrub; artificial; riparian; coastal; wetlands_lakes_marsh,NA,NA,Wetlands Aerial:  Generalist; Coasts:  Saltmarsh,NA,NA,facultative grassland,NA,facultative,TRUE
tres_marias_hummingbird,NA,NA,woodland; shrub,NA,NA,Islands:  Terrestrial Habitats; Forests:  Tropical Dry; Aridlands:  Tropical Arid Scrub,NA,NA,NA,NA,shrub,FALSE
tricolored_blackbird,Marshes,NA,artificial; wetlands_lakes_marsh,NA,NA,Wetlands:  Freshwater Marsh; Open Country:  Developed/Disturbed,NA,NA,NA,NA,other,FALSE
tricolored_heron,Marshes,NA,riparian; coastal; wetlands_lakes_marsh,NA,NA,Wetlands:  Generalist; Coasts:  Saltmarsh,NA,NA,NA,NA,other,FALSE
tricolored_munia,NA,NA,NA,NA,NA,Open Country:  Developed/Disturbed,NA,NA,NA,NA,other,FALSE
tropical_kingbird,NA,NA,shrub; artificial; riparian; coastal,NA,NA,Open Country:  Habitat Mosaic; Open Country:  Developed/Disturbed,NA,NA,NA,NA,facultative,TRUE
tropical_mockingbird,NA,NA,shrub; artificial; coastal,NA,NA,Open Country:  Habitat Mosaic; Open Country:  Developed/Disturbed,NA,NA,NA,NA,facultative,TRUE
tropical_pewee,NA,NA,NA,NA,NA,Open Country:  Habitat Mosaic,NA,NA,NA,NA,facultative,TRUE
trumpeter_swan,Lakes and Ponds,NA,riparian; coastal; wetlands_lakes_marsh,NA,NA,Wetlands:  Lakes and Rivers; Wetlands:  Freshwater Marsh; Wetlands:  Generalist,NA,NA,NA,NA,other,FALSE
tufted_titmouse,Forests,NA,forest; woodland; shrub; artificial; riparian; wetlands_lakes_marsh,NA,NA,Forests:  Temperate Eastern,NA,NA,NA,NA,other,FALSE
tundra_swan,Lakes and Ponds,NA,grasslands; artificial; riparian; coastal; wetlands_lakes_marsh,NA,NA,Wetlands:  Tundra; Wetlands:  Generalist,NA,NA,NA,NA,facultative,TRUE
turkey_vulture,Open Woodlands,NA,forest; woodland; shrub; savannah; grasslands; rocky_areas; desert; artificial; coastal; wetlands_lakes_marsh,NA,NA,Open Country:  Habitat Mosaic,NA,NA,NA,facultative grassland,facultative,TRUE
upland_sandpiper,Grasslands,NA,savannah; grasslands; artificial; coastal; wetlands_lakes_marsh,NA,NA,Grasslands:  Temperate; Grasslands:  Pampas and Campos,NA,NA,NA,grassland obligate,obligate,TRUE
variable_seedeater,NA,NA,NA,NA,NA,Open Country:  Habitat Mosaic,NA,NA,NA,NA,facultative,TRUE
varied_bunting,Scrub,NA,woodland; shrub,NA,NA,Forests:  Tropical Dry; Aridlands:  Desert Scrub,NA,NA,NA,NA,shrub,FALSE
varied_thrush,Forests,NA,forest; riparian; wetlands_lakes_marsh,NA,NA,Forests:  Temperate Western,NA,NA,NA,NA,other,FALSE
vauxs_swift,Forests,NA,forest,NA,NA,Forest Aerial:  Temperate Western; Forests Aerial:  Mesoamerican Highland; Forest Aerial:  Tropical Generalist,NA,NA,NA,NA,other,FALSE
veery,Forests,NA,forest; woodland; shrub; riparian; coastal,NA,NA,Forests:  Temperate Eastern; Forests:  Temperate Western; Forests:  Tropical Lowland Evergreen,NA,NA,NA,NA,other,FALSE
veraguan_mango,NA,NA,NA,NA,NA,Open Country:  Habitat Mosaic,NA,NA,NA,NA,facultative,TRUE
verdin,Scrub,NA,shrub; desert; riparian,NA,NA,Aridlands:  Desert Scrub,NA,NA,NA,NA,shrub,FALSE
vermilion_flycatcher,Grasslands,NA,woodland; shrub; savannah; desert; artificial; riparian,NA,NA,Open Country:  Habitat Mosaic; Aridlands:  Desert Scrub,NA,NA,NA,NA,facultative,TRUE
vesper_sparrow,Grasslands,NA,forest; shrub; savannah; grasslands; artificial,NA,NA,Grasslands:  Temperate; Grasslands:  Chihuahuan,NA,NA,NA,grassland obligate,obligate,TRUE
violet_green_swallow,Open Woodlands,NA,forest; woodland; coastal,NA,NA,Forest Aerial:  Temperate Western; Forests Aerial:  Mesoamerican Pine-Oak; Open Country Aerial:  Habitat Mosaic; Open Country Aerial:  Developed/Disturbed,NA,NA,NA,NA,facultative,TRUE
virginia_rail,Marshes,NA,grasslands; artificial; coastal; wetlands_lakes_marsh,NA,NA,Wetlands:  Freshwater Marsh; Coasts:  Saltmarsh,NA,NA,NA,NA,facultative,TRUE
virginias_warbler,Open Woodlands,NA,forest; shrub; riparian,NA,NA,Forests:  Temperate Western; Forests:  Tropical Dry; Forests:  Mesoamerican Pine-Oak,NA,NA,NA,NA,other,FALSE
waders,NA,NA,NA,NA,NA,NA,NA,NA,NA,NA,shrub,FALSE
wandering_tattler,Shorelines,NA,shrub; rocky_areas; riparian; coastal; wetlands_lakes_marsh,NA,NA,Tundra:  Alpine; Wetlands:  Tundra; Coasts:  Beach and Estuary,NA,NA,NA,NA,other,FALSE
warbling_vireo,Open Woodlands,NA,forest; woodland; shrub; artificial,NA,NA,Forests:  Temperate Eastern; Forests:  Temperate Western; Forests:  Tropical Generalist,NA,NA,NA,NA,other,FALSE
west_mexican_euphonia,NA,NA,woodland,NA,NA,Forests:  Tropical Dry; Open Country:  Habitat Mosaic,NA,NA,NA,NA,facultative,TRUE
western_bluebird,Open Woodlands,NA,woodland; shrub; grasslands,NA,NA,Forests:  Temperate Western; Forests:  Mesoamerican Pine-Oak; Aridlands:  Desert Scrub,NA,NA,NA,facultative grassland,facultative,TRUE
western_gull,Oceans,NA,rocky_areas; coastal,NA,NA,Coasts:  Cliffs and Islands; Coasts:  Marine Waters; Coasts:  Beach and Estuary,NA,NA,NA,NA,other,FALSE
western_kingbird,Grasslands,NA,shrub,NA,NA,Grasslands:  Temperate; Aridlands:  Desert Scrub; Open Country:  Habitat Mosaic,NA,NA,NA,facultative grassland,facultative,TRUE
western_meadowlark,Grasslands,NA,savannah; grasslands; desert; artificial,NA,NA,Grasslands:  Temperate; Grasslands:  Chihuahuan,NA,NA,NA,grassland obligate,obligate,TRUE
western_sandpiper,Shorelines,NA,shrub; coastal; wetlands_lakes_marsh,NA,NA,Wetlands:  Tundra; Coasts:  Beach and Estuary; Wetlands:  Seasonally Wet Grasslands,NA,NA,NA,facultative grassland,facultative,TRUE
western_screech_owl,Open Woodlands,NA,forest; woodland; desert; artificial; coastal,NA,NA,Forests:  Temperate Western; Aridlands:  Desert Riparian,NA,NA,NA,NA,other,FALSE
western_tanager,Forests,NA,forest; woodland; shrub; desert; artificial,NA,NA,Forests:  Temperate Western; Forests:  Tropical Dry; Forests:  Mesoamerican Pine-Oak,NA,NA,NA,NA,other,FALSE
western_wood_pewee,Open Woodlands,NA,forest; woodland; shrub,NA,NA,Forests:  Temperate Western; Forests:  Mesoamerican Pine-Oak; Forests:  Tropical Montane Evergreen,NA,NA,NA,NA,other,FALSE
western_yellow_wagtail,NA,NA,NA,NA,NA,NA,NA,grassland; shrub; swamp,NA,NA,shrub,FALSE
wheatear,NA,NA,NA,NA,NA,NA,NA,tundra; grassland; mountain_meadows; rocks,NA,NA,facultative,TRUE
whimbrel,Shorelines,NA,NA,NA,NA,Tundra:  Arctic; Wetlands:  Boreal; Coasts:  Beach and Estuary; Coasts:  Saltmarsh,NA,NA,NA,facultative grassland,facultative,TRUE
whinchat,NA,NA,forest; woodland; shrub; grasslands; artificial; wetlands_lakes_marsh,NA,NA,NA,NA,grassland,NA,NA,obligate,TRUE
white_breasted_nuthatch,Forests,NA,forest; artificial,NA,NA,Forests:  Temperate Eastern; Forests:  Temperate Western,NA,NA,NA,NA,other,FALSE
white_crowned_pigeon,Forests,NA,forest; woodland; artificial; coastal,NA,NA,Coasts:  Mangroves,NA,NA,NA,NA,other,FALSE
white_crowned_sparrow,Scrub,NA,forest; woodland; shrub; grasslands; artificial; riparian; wetlands_lakes_marsh,NA,NA,Tundra:  Arctic; Forests:  Boreal; Open Country:  Habitat Mosaic,NA,NA,facultative grassland,NA,facultative,TRUE
white_eyed_vireo,Scrub,NA,woodland; shrub,NA,NA,Forests:  Temperate Eastern; Forests:  Tropical Dry; Forests:  Generalist,shrubland,NA,NA,NA,other,FALSE
white_faced_ground_sparrow,NA,NA,NA,NA,NA,Open Country:  Habitat Mosaic,NA,NA,NA,NA,facultative,TRUE
white_faced_ibis,Marshes,NA,artificial; coastal; wetlands_lakes_marsh,NA,NA,Wetlands:  Freshwater Marsh; Wetlands:  Generalist; Coasts:  Saltmarsh,NA,NA,NA,NA,other,FALSE
white_headed_woodpecker,Forests,NA,forest,NA,NA,Forests:  Temperate Western,NA,NA,NA,NA,other,FALSE
white_ibis,Marshes,NA,forest; grasslands; artificial; coastal; wetlands_lakes_marsh,NA,NA,Wetlands:  Generalist; Coasts:  Mangroves; Coasts:  Saltmarsh,NA,NA,NA,NA,facultative,TRUE
white_rumped_sandpiper,NA,NA,grasslands; artificial; riparian; coastal; wetlands_lakes_marsh,NA,NA,Wetlands:  Tundra; Coasts:  Beach and Estuary; Wetlands:  Lakes and Rivers,NA,NA,NA,facultative grassland,facultative,TRUE
white_stork,NA,NA,savannah; grasslands; artificial; wetlands_lakes_marsh,NA,NA,NA,NA,NA,NA,NA,facultative,TRUE
white_tailed_hawk,Grasslands,NA,shrub; grasslands; artificial,NA,NA,Forests:  Tropical Dry; Grasslands:  Tropical,NA,NA,NA,NA,facultative,TRUE
white_tailed_kite,Grasslands,NA,woodland; shrub; grasslands; artificial; wetlands_lakes_marsh,NA,NA,Open Country:  Habitat Mosaic,NA,NA,NA,NA,facultative,TRUE
white_tailed_ptarmigan,NA,NA,grasslands; rocky_areas,NA,NA,Tundra:  Alpine,NA,NA,NA,grassland obligate,obligate,TRUE
white_throated_flycatcher,NA,NA,shrub; grasslands; wetlands_lakes_marsh,NA,NA,Open Country:  Habitat Mosaic; Wetlands:  Freshwater Marsh; Wetlands:  Seasonally Wet Grasslands,NA,NA,NA,NA,facultative,TRUE
white_throated_sparrow,Forests,NA,woodland; shrub; artificial,NA,NA,Forests:  Boreal; Forests:  Temperate Eastern,NA,NA,facultative grassland,NA,facultative,TRUE
white_throated_swift,Scrub,NA,woodland; shrub; grasslands; plains; rocky_areas; artificial; coastal; wetlands_lakes_marsh,NA,NA,Open Country Aerial:  Habitat Mosaic,NA,NA,NA,NA,facultative,TRUE
white_throated_towhee,NA,NA,woodland; shrub; artificial,NA,NA,Aridlands:  Desert Scrub,NA,NA,NA,NA,shrub,FALSE
white_tipped_dove,Open Woodlands,NA,forest; woodland; shrub; artificial; riparian,NA,NA,Forests:  Tropical Dry,NA,NA,NA,NA,other,FALSE
white_wagtail,NA,NA,grasslands; rocky_areas; artificial; riparian,NA,NA,Coasts:  Cliffs and Islands; Wetlands:  Lakes and Rivers; Open Country:  Habitat Mosaic,NA,NA,NA,NA,facultative,TRUE
white_winged_crossbill,Forests,NA,NA,NA,NA,Forests:  Boreal; Forests:  Temperate Western,NA,NA,NA,NA,other,FALSE
white_winged_dove,Towns,NA,forest; woodland; shrub; desert; coastal; wetlands_lakes_marsh,NA,NA,Aridlands:  Desert Scrub; Forests:  Tropical Dry,NA,NA,NA,NA,other,FALSE
white_winged_scoter,Lakes and Ponds,NA,forest; rocky_areas; wetlands_lakes_marsh,NA,NA,Wetlands:  Lakes and Rivers; Coasts:  Marine Waters,NA,NA,NA,NA,other,FALSE
whooping_crane,NA,NA,forest; coastal; wetlands_lakes_marsh,NA,NA,Wetlands:  Boreal; Wetlands:  Freshwater Marsh; Coasts:  Saltmarsh,NA,NA,NA,facultative grassland,facultative,TRUE
wild_turkey,Open Woodlands,NA,forest; shrub; grasslands; artificial,NA,NA,Forests:  Temperate Generalist,NA,woodland; grassland,facultative grassland,NA,facultative,TRUE
willet,Shorelines,NA,rocky_areas; coastal; wetlands_lakes_marsh,NA,NA,Wetlands:  Seasonally Wet Grasslands; Coasts:  Saltmarsh; Coasts:  Beach and Estuary,NA,NA,NA,facultative grassland,facultative,TRUE
williamsons_sapsucker,Forests,NA,forest; woodland,NA,NA,Forests:  Temperate Western; Forests:  Mesoamerican Pine-Oak,NA,NA,NA,NA,other,FALSE
willow_flycatcher,NA,NA,woodland; shrub; grasslands,NA,NA,Open Country:  Habitat Mosaic; Forests:  Temperate Western,shrubland,NA,NA,NA,facultative,TRUE
willow_ptarmigan,Tundra,NA,NA,NA,NA,Tundra:  Arctic,NA,NA,NA,facultative grassland,facultative,TRUE
wilsons_phalarope,Lakes and Ponds,NA,grasslands; coastal; wetlands_lakes_marsh,NA,NA,Wetlands:  Seasonally Wet Grasslands; Wetlands:  Freshwater Marsh; Wetlands:  Lakes and Rivers,NA,NA,NA,facultative grassland,facultative,TRUE
wilsons_plover,Shorelines,NA,coastal,NA,NA,Coasts:  Beach and Estuary,NA,NA,NA,NA,other,FALSE
wilsons_snipe,Marshes,NA,grasslands; coastal; wetlands_lakes_marsh,NA,NA,Wetlands:  Generalist,NA,NA,NA,NA,facultative,TRUE
wilsons_warbler,Scrub,NA,woodland; shrub,NA,NA,Forests:  Boreal; Forests:  Temperate Western; Forests:  Tropical Generalist,NA,NA,NA,NA,other,FALSE
winter_wren,Forests,NA,forest; riparian,NA,NA,Forests:  Boreal; Forests:  Temperate Eastern,NA,NA,NA,NA,other,FALSE
wintering_shrub_scrub_species,NA,shrub,NA,NA,NA,NA,NA,NA,NA,NA,shrub,FALSE
wintering_species,NA,NA,NA,NA,NA,NA,NA,NA,NA,NA,shrub,FALSE
wood_duck,Lakes and Ponds,NA,forest; artificial; riparian; wetlands_lakes_marsh,NA,NA,Wetlands:  Forested; Forests:  Temperate Eastern; Wetlands:  Lakes and Rivers,NA,NA,NA,NA,other,FALSE
wood_stork,Marshes,NA,forest; grasslands; coastal; wetlands_lakes_marsh,NA,NA,Wetlands:  Forested; Wetlands:  Freshwater Marsh; Wetlands:  Generalist,NA,NA,NA,NA,facultative,TRUE
wood_thrush,Forests,NA,forest; woodland; shrub,NA,NA,Forests:  Temperate Eastern; Forests:  Tropical Lowland Evergreen; Forests:  Tropical Montane Evergreen,NA,NA,NA,NA,other,FALSE
woodhouses_scrub_jay,NA,NA,woodland; shrub; grasslands; artificial; riparian,NA,NA,Forests:  Temperate Western; Aridlands:  Chaparral,NA,NA,NA,NA,shrub,FALSE
woodland_species,NA,woodland,NA,NA,NA,NA,NA,NA,NA,NA,other,FALSE
worm_eating_warbler,Forests,NA,forest; shrub; riparian,NA,NA,Forests:  Temperate Eastern; Forests:  Tropical Lowland Evergreen; Forests:  Tropical Dry,NA,NA,NA,NA,other,FALSE
worthens_sparrow,NA,NA,shrub; grasslands,NA,NA,Grasslands:  Chihuahuan,NA,NA,NA,facultative grassland,facultative,TRUE
wrentit,Scrub,NA,shrub,NA,NA,Aridlands:  Chaparral,NA,NA,NA,NA,shrub,FALSE
xantuss_hummingbird,NA,NA,forest; shrub; desert,NA,NA,Aridlands:  Desert Scrub,NA,NA,NA,NA,shrub,FALSE
yellow_bellied_elaenia,NA,NA,forest; woodland; shrub; artificial; riparian,NA,NA,Open Country:  Habitat Mosaic,NA,NA,NA,NA,facultative,TRUE
yellow_bellied_flycatcher,Forests,NA,forest; woodland; shrub; riparian; wetlands_lakes_marsh,NA,NA,Forests:  Boreal; Forests:  Tropical Lowland Evergreen; Forests:  Tropical Montane Evergreen,NA,NA,NA,NA,other,FALSE
yellow_bellied_sapsucker,Forests,NA,forest; woodland; grasslands; artificial,NA,NA,Forests:  Boreal; Forests:  Temperate Eastern; Forests:  Temperate Generalist,NA,NA,NA,NA,facultative,TRUE
yellow_bellied_seedeater,NA,NA,shrub; savannah; grasslands; artificial,NA,NA,Open Country:  Developed/Disturbed,NA,NA,NA,facultative grassland,facultative,TRUE
yellow_billed_cuckoo,Open Woodlands,NA,forest; woodland; shrub; riparian,NA,NA,Forests:  Temperate Eastern; Forests:  Tropical Dry; Forests:  Tropical Lowland Evergreen,shrubland,NA,facultative grassland,NA,facultative,TRUE
yellow_billed_magpie,Open Woodlands,NA,woodland; shrub; savannah; artificial,NA,NA,Forests:  Temperate Western,NA,NA,NA,NA,facultative,TRUE
yellow_breasted_chat,Scrub,NA,woodland; shrub,NA,NA,Forests:  Temperate Eastern; Forests:  Temperate Western; Forests:  Tropical Generalist,shrubland,NA,facultative grassland,NA,facultative,TRUE
yellow_crowned_night_heron,Marshes,NA,forest; riparian; coastal; wetlands_lakes_marsh,NA,NA,Wetlands:  Generalist; Coasts:  Mangroves; Coasts:  Saltmarsh,NA,NA,NA,NA,other,FALSE
yellow_eyed_junco,Open Woodlands,NA,forest; woodland; shrub; grasslands; artificial,NA,NA,Forests:  Mesoamerican Highland; Forests:  Mesoamerican Pine-Oak,NA,NA,NA,NA,facultative,TRUE
yellow_faced_grassquit,NA,NA,forest; shrub; grasslands; artificial,NA,NA,Open Country:  Habitat Mosaic,NA,NA,NA,facultative grassland,facultative,TRUE
yellow_headed_blackbird,Marshes,NA,grasslands; artificial; wetlands_lakes_marsh,NA,NA,Wetlands:  Freshwater Marsh; Open Country:  Habitat Mosaic,NA,NA,NA,NA,facultative,TRUE
yellow_headed_caracara,NA,NA,woodland; shrub; savannah; grasslands; artificial; riparian,NA,NA,Open Country:  Habitat Mosaic; Grasslands:  Tropical,NA,NA,NA,NA,facultative,TRUE
yellow_rail,Marshes,NA,artificial; coastal; wetlands_lakes_marsh,NA,NA,Wetlands:  Boreal; Wetlands:  Freshwater Marsh; Coasts:  Saltmarsh,NA,NA,NA,facultative grassland,facultative,TRUE
yellow_rumped_warbler,NA,NA,NA,NA,NA,Forests:  Boreal; Forests:  Temperate Western; Forests:  Generalist; Open Country:  Habitat Mosaic,NA,NA,NA,NA,facultative,TRUE
yellow_throated_vireo,Open Woodlands,NA,forest; woodland; artificial; riparian,NA,NA,Forests:  Temperate Eastern; Forests:  Tropical Lowland Evergreen; Forests:  Tropical Dry,NA,NA,NA,NA,other,FALSE
yellow_throated_warbler,Forests,NA,forest; woodland; shrub; artificial; riparian,NA,NA,Forests:  Temperate Eastern; Forests:  Tropical Generalist,NA,NA,NA,NA,other,FALSE
yellow_tyrannulet,NA,NA,forest; bamboo; woodland; shrub; artificial; riparian; coastal,NA,NA,Open Country:  Habitat Mosaic,NA,NA,NA,NA,facultative,TRUE
yellow_warbler,Open Woodlands,NA,NA,NA,NA,Forests:  Temperate Generalist; Wetlands:  Generalist; Open Country:  Habitat Mosaic,shrubland,NA,NA,NA,facultative,TRUE
yellowhammer,NA,NA,NA,NA,NA,NA,NA,woodland; shrub; grassland,NA,NA,shrub,FALSE
zone_tailed_hawk,Forests,NA,forest; woodland; shrub; savannah; rocky_areas; artificial,NA,NA,Forests:  Tropical Generalist,NA,NA,NA,NA,facultative,TRUE
